# pychap pore pathway mesh, coloured by hydrophobicity (kcal/mol)
# 150 rings x 48 vertices
mtllib pathway.mtl
v 0.0000 7.6090 -20.0000
v -1.0142 7.5411 -20.0000
v -2.0103 7.3386 -20.0000
v -2.9705 7.0052 -20.0000
v -3.8776 6.5468 -20.0000
v -4.7156 5.9715 -20.0000
v -5.4695 5.2897 -20.0000
v -6.1257 4.5135 -20.0000
v -6.6727 3.6567 -20.0000
v -7.1005 2.7347 -20.0000
v -7.4017 1.7639 -20.0000
v -7.5707 0.7616 -20.0000
v -7.6047 -0.2543 -20.0000
v -7.5030 -1.2656 -20.0000
v -7.2673 -2.2543 -20.0000
v -6.9020 -3.2029 -20.0000
v -6.4135 -4.0942 -20.0000
v -5.8106 -4.9126 -20.0000
v -5.1040 -5.6432 -20.0000
v -4.3063 -6.2731 -20.0000
v -3.4317 -6.7911 -20.0000
v -2.4959 -7.1879 -20.0000
v -1.5156 -7.4565 -20.0000
v -0.5082 -7.5920 -20.0000
v 0.5082 -7.5920 -20.0000
v 1.5156 -7.4565 -20.0000
v 2.4959 -7.1879 -20.0000
v 3.4317 -6.7911 -20.0000
v 4.3063 -6.2731 -20.0000
v 5.1040 -5.6432 -20.0000
v 5.8106 -4.9126 -20.0000
v 6.4135 -4.0942 -20.0000
v 6.9020 -3.2029 -20.0000
v 7.2673 -2.2543 -20.0000
v 7.5030 -1.2656 -20.0000
v 7.6047 -0.2543 -20.0000
v 7.5707 0.7616 -20.0000
v 7.4017 1.7639 -20.0000
v 7.1005 2.7347 -20.0000
v 6.6727 3.6567 -20.0000
v 6.1257 4.5135 -20.0000
v 5.4695 5.2897 -20.0000
v 4.7156 5.9715 -20.0000
v 3.8776 6.5468 -20.0000
v 2.9705 7.0052 -20.0000
v 2.0103 7.3386 -20.0000
v 1.0142 7.5411 -20.0000
v 0.0000 7.6090 -20.0000
v 0.0000 7.5191 -19.7315
v -1.0022 7.4520 -19.7315
v -1.9865 7.2519 -19.7315
v -2.9354 6.9225 -19.7315
v -3.8319 6.4695 -19.7315
v -4.6600 5.9010 -19.7315
v -5.4049 5.2272 -19.7315
v -6.0534 4.4602 -19.7315
v -6.5939 3.6135 -19.7315
v -7.0167 2.7024 -19.7315
v -7.3143 1.7431 -19.7315
v -7.4813 0.7526 -19.7315
v -7.5149 -0.2513 -19.7315
v -7.4144 -1.2506 -19.7315
v -7.1815 -2.2277 -19.7315
v -6.8205 -3.1651 -19.7315
v -6.3378 -4.0459 -19.7315
v -5.7420 -4.8545 -19.7315
v -5.0437 -5.5766 -19.7315
v -4.2554 -6.1991 -19.7315
v -3.3912 -6.7109 -19.7315
v -2.4665 -7.1031 -19.7315
v -1.4977 -7.3684 -19.7315
v -0.5022 -7.5023 -19.7315
v 0.5022 -7.5023 -19.7315
v 1.4977 -7.3684 -19.7315
v 2.4665 -7.1031 -19.7315
v 3.3912 -6.7109 -19.7315
v 4.2554 -6.1991 -19.7315
v 5.0437 -5.5766 -19.7315
v 5.7420 -4.8545 -19.7315
v 6.3378 -4.0459 -19.7315
v 6.8205 -3.1651 -19.7315
v 7.1815 -2.2277 -19.7315
v 7.4144 -1.2506 -19.7315
v 7.5149 -0.2513 -19.7315
v 7.4813 0.7526 -19.7315
v 7.3143 1.7431 -19.7315
v 7.0167 2.7024 -19.7315
v 6.5939 3.6135 -19.7315
v 6.0534 4.4602 -19.7315
v 5.4049 5.2272 -19.7315
v 4.6600 5.9010 -19.7315
v 3.8319 6.4695 -19.7315
v 2.9354 6.9225 -19.7315
v 1.9865 7.2519 -19.7315
v 1.0022 7.4520 -19.7315
v 0.0000 7.5191 -19.7315
v 0.0000 7.4369 -19.4631
v -0.9912 7.3705 -19.4631
v -1.9648 7.1726 -19.4631
v -2.9033 6.8467 -19.4631
v -3.7899 6.3987 -19.4631
v -4.6090 5.8364 -19.4631
v -5.3458 5.1700 -19.4631
v -5.9872 4.4114 -19.4631
v -6.5217 3.5740 -19.4631
v -6.9399 2.6729 -19.4631
v -7.2343 1.7240 -19.4631
v -7.3995 0.7444 -19.4631
v -7.4327 -0.2485 -19.4631
v -7.3333 -1.2370 -19.4631
v -7.1030 -2.2034 -19.4631
v -6.7459 -3.1304 -19.4631
v -6.2685 -4.0016 -19.4631
v -5.6792 -4.8014 -19.4631
v -4.9885 -5.5156 -19.4631
v -4.2089 -6.1313 -19.4631
v -3.3541 -6.6375 -19.4631
v -2.4395 -7.0254 -19.4631
v -1.4813 -7.2878 -19.4631
v -0.4967 -7.4202 -19.4631
v 0.4967 -7.4202 -19.4631
v 1.4813 -7.2878 -19.4631
v 2.4395 -7.0254 -19.4631
v 3.3541 -6.6375 -19.4631
v 4.2089 -6.1313 -19.4631
v 4.9885 -5.5156 -19.4631
v 5.6792 -4.8014 -19.4631
v 6.2685 -4.0016 -19.4631
v 6.7459 -3.1304 -19.4631
v 7.1030 -2.2034 -19.4631
v 7.3333 -1.2370 -19.4631
v 7.4327 -0.2485 -19.4631
v 7.3995 0.7444 -19.4631
v 7.2343 1.7240 -19.4631
v 6.9399 2.6729 -19.4631
v 6.5217 3.5740 -19.4631
v 5.9872 4.4114 -19.4631
v 5.3458 5.1700 -19.4631
v 4.6090 5.8364 -19.4631
v 3.7899 6.3987 -19.4631
v 2.9033 6.8467 -19.4631
v 1.9648 7.1726 -19.4631
v 0.9912 7.3705 -19.4631
v 0.0000 7.4369 -19.4631
v 0.0000 7.3624 -19.1946
v -0.9813 7.2967 -19.1946
v -1.9451 7.1008 -19.1946
v -2.8742 6.7782 -19.1946
v -3.7520 6.3346 -19.1946
v -4.5629 5.7780 -19.1946
v -5.2923 5.1183 -19.1946
v -5.9273 4.3672 -19.1946
v -6.4565 3.5382 -19.1946
v -6.8705 2.6461 -19.1946
v -7.1618 1.7068 -19.1946
v -7.3254 0.7369 -19.1946
v -7.3583 -0.2460 -19.1946
v -7.2599 -1.2246 -19.1946
v -7.0319 -2.1813 -19.1946
v -6.6784 -3.0991 -19.1946
v -6.2057 -3.9616 -19.1946
v -5.6223 -4.7534 -19.1946
v -4.9386 -5.4603 -19.1946
v -4.1667 -6.0699 -19.1946
v -3.3205 -6.5711 -19.1946
v -2.4151 -6.9550 -19.1946
v -1.4665 -7.2149 -19.1946
v -0.4918 -7.3460 -19.1946
v 0.4918 -7.3460 -19.1946
v 1.4665 -7.2149 -19.1946
v 2.4151 -6.9550 -19.1946
v 3.3205 -6.5711 -19.1946
v 4.1667 -6.0699 -19.1946
v 4.9386 -5.4603 -19.1946
v 5.6223 -4.7534 -19.1946
v 6.2057 -3.9616 -19.1946
v 6.6784 -3.0991 -19.1946
v 7.0319 -2.1813 -19.1946
v 7.2599 -1.2246 -19.1946
v 7.3583 -0.2460 -19.1946
v 7.3254 0.7369 -19.1946
v 7.1618 1.7068 -19.1946
v 6.8705 2.6461 -19.1946
v 6.4565 3.5382 -19.1946
v 5.9273 4.3672 -19.1946
v 5.2923 5.1183 -19.1946
v 4.5629 5.7780 -19.1946
v 3.7520 6.3346 -19.1946
v 2.8742 6.7782 -19.1946
v 1.9451 7.1008 -19.1946
v 0.9813 7.2967 -19.1946
v 0.0000 7.3624 -19.1946
v 0.0000 7.0463 -18.9262
v -0.9392 6.9835 -18.9262
v -1.8616 6.7960 -18.9262
v -2.7508 6.4872 -18.9262
v -3.5909 6.0627 -18.9262
v -4.3670 5.5300 -18.9262
v -5.0651 4.8986 -18.9262
v -5.6728 4.1797 -18.9262
v -6.1793 3.3863 -18.9262
v -6.5755 2.5325 -18.9262
v -6.8544 1.6335 -18.9262
v -7.0109 0.7053 -18.9262
v -7.0424 -0.2355 -18.9262
v -6.9482 -1.1720 -18.9262
v -6.7300 -2.0877 -18.9262
v -6.3917 -2.9660 -18.9262
v -5.9393 -3.7915 -18.9262
v -5.3809 -4.5493 -18.9262
v -4.7266 -5.2259 -18.9262
v -3.9879 -5.8093 -18.9262
v -3.1780 -6.2890 -18.9262
v -2.3114 -6.6565 -18.9262
v -1.4035 -6.9051 -18.9262
v -0.4706 -7.0306 -18.9262
v 0.4706 -7.0306 -18.9262
v 1.4035 -6.9051 -18.9262
v 2.3114 -6.6565 -18.9262
v 3.1780 -6.2890 -18.9262
v 3.9879 -5.8093 -18.9262
v 4.7266 -5.2259 -18.9262
v 5.3809 -4.5493 -18.9262
v 5.9393 -3.7915 -18.9262
v 6.3917 -2.9660 -18.9262
v 6.7300 -2.0877 -18.9262
v 6.9482 -1.1720 -18.9262
v 7.0424 -0.2355 -18.9262
v 7.0109 0.7053 -18.9262
v 6.8544 1.6335 -18.9262
v 6.5755 2.5325 -18.9262
v 6.1793 3.3863 -18.9262
v 5.6728 4.1797 -18.9262
v 5.0651 4.8986 -18.9262
v 4.3670 5.5300 -18.9262
v 3.5909 6.0627 -18.9262
v 2.7508 6.4872 -18.9262
v 1.8616 6.7960 -18.9262
v 0.9392 6.9835 -18.9262
v 0.0000 7.0463 -18.9262
v 0.0000 6.9526 -18.6577
v -0.9267 6.8906 -18.6577
v -1.8368 6.7056 -18.6577
v -2.7142 6.4009 -18.6577
v -3.5432 5.9820 -18.6577
v -4.3089 5.4564 -18.6577
v -4.9977 4.8334 -18.6577
v -5.5973 4.1242 -18.6577
v -6.0971 3.3413 -18.6577
v -6.4880 2.4988 -18.6577
v -6.7632 1.6118 -18.6577
v -6.9177 0.6959 -18.6577
v -6.9487 -0.2323 -18.6577
v -6.8558 -1.1564 -18.6577
v -6.6405 -2.0599 -18.6577
v -6.3067 -2.9266 -18.6577
v -5.8603 -3.7411 -18.6577
v -5.3094 -4.4888 -18.6577
v -4.6637 -5.1564 -18.6577
v -3.9348 -5.7320 -18.6577
v -3.1357 -6.2053 -18.6577
v -2.2806 -6.5679 -18.6577
v -1.3849 -6.8133 -18.6577
v -0.4644 -6.9371 -18.6577
v 0.4644 -6.9371 -18.6577
v 1.3849 -6.8133 -18.6577
v 2.2806 -6.5679 -18.6577
v 3.1357 -6.2053 -18.6577
v 3.9348 -5.7320 -18.6577
v 4.6637 -5.1564 -18.6577
v 5.3094 -4.4888 -18.6577
v 5.8603 -3.7411 -18.6577
v 6.3067 -2.9266 -18.6577
v 6.6405 -2.0599 -18.6577
v 6.8558 -1.1564 -18.6577
v 6.9487 -0.2323 -18.6577
v 6.9177 0.6959 -18.6577
v 6.7632 1.6118 -18.6577
v 6.4880 2.4988 -18.6577
v 6.0971 3.3413 -18.6577
v 5.5973 4.1242 -18.6577
v 4.9977 4.8334 -18.6577
v 4.3089 5.4564 -18.6577
v 3.5432 5.9820 -18.6577
v 2.7142 6.4009 -18.6577
v 1.8368 6.7056 -18.6577
v 0.9267 6.8906 -18.6577
v 0.0000 6.9526 -18.6577
v 0.0000 6.8669 -18.3893
v -0.9153 6.8057 -18.3893
v -1.8142 6.6230 -18.3893
v -2.6808 6.3221 -18.3893
v -3.4995 5.9083 -18.3893
v -4.2558 5.3892 -18.3893
v -4.9361 4.7739 -18.3893
v -5.5284 4.0733 -18.3893
v -6.0220 3.3001 -18.3893
v -6.4081 2.4680 -18.3893
v -6.6799 1.5919 -18.3893
v -6.8325 0.6874 -18.3893
v -6.8631 -0.2295 -18.3893
v -6.7713 -1.1422 -18.3893
v -6.5586 -2.0345 -18.3893
v -6.2289 -2.8905 -18.3893
v -5.7881 -3.6950 -18.3893
v -5.2440 -4.4335 -18.3893
v -4.6062 -5.0929 -18.3893
v -3.8863 -5.6614 -18.3893
v -3.0971 -6.1289 -18.3893
v -2.2525 -6.4870 -18.3893
v -1.3678 -6.7293 -18.3893
v -0.4587 -6.8516 -18.3893
v 0.4587 -6.8516 -18.3893
v 1.3678 -6.7293 -18.3893
v 2.2525 -6.4870 -18.3893
v 3.0971 -6.1289 -18.3893
v 3.8863 -5.6614 -18.3893
v 4.6062 -5.0929 -18.3893
v 5.2440 -4.4335 -18.3893
v 5.7881 -3.6950 -18.3893
v 6.2289 -2.8905 -18.3893
v 6.5586 -2.0345 -18.3893
v 6.7713 -1.1422 -18.3893
v 6.8631 -0.2295 -18.3893
v 6.8325 0.6874 -18.3893
v 6.6799 1.5919 -18.3893
v 6.4081 2.4680 -18.3893
v 6.0220 3.3001 -18.3893
v 5.5284 4.0733 -18.3893
v 4.9361 4.7739 -18.3893
v 4.2558 5.3892 -18.3893
v 3.4995 5.9083 -18.3893
v 2.6808 6.3221 -18.3893
v 1.8142 6.6230 -18.3893
v 0.9153 6.8057 -18.3893
v 0.0000 6.8669 -18.3893
v 0.0000 6.7896 -18.1208
v -0.9050 6.7290 -18.1208
v -1.7938 6.5484 -18.1208
v -2.6506 6.2508 -18.1208
v -3.4601 5.8418 -18.1208
v -4.2079 5.3285 -18.1208
v -4.8805 4.7201 -18.1208
v -5.4661 4.0275 -18.1208
v -5.9541 3.2630 -18.1208
v -6.3359 2.4402 -18.1208
v -6.6046 1.5740 -18.1208
v -6.7555 0.6796 -18.1208
v -6.7858 -0.2269 -18.1208
v -6.6950 -1.1293 -18.1208
v -6.4848 -2.0116 -18.1208
v -6.1588 -2.8580 -18.1208
v -5.7229 -3.6534 -18.1208
v -5.1849 -4.3836 -18.1208
v -4.5544 -5.0355 -18.1208
v -3.8426 -5.5976 -18.1208
v -3.0622 -6.0598 -18.1208
v -2.2272 -6.4139 -18.1208
v -1.3524 -6.6535 -18.1208
v -0.4535 -6.7744 -18.1208
v 0.4535 -6.7744 -18.1208
v 1.3524 -6.6535 -18.1208
v 2.2272 -6.4139 -18.1208
v 3.0622 -6.0598 -18.1208
v 3.8426 -5.5976 -18.1208
v 4.5544 -5.0355 -18.1208
v 5.1849 -4.3836 -18.1208
v 5.7229 -3.6534 -18.1208
v 6.1588 -2.8580 -18.1208
v 6.4848 -2.0116 -18.1208
v 6.6950 -1.1293 -18.1208
v 6.7858 -0.2269 -18.1208
v 6.7555 0.6796 -18.1208
v 6.6046 1.5740 -18.1208
v 6.3359 2.4402 -18.1208
v 5.9541 3.2630 -18.1208
v 5.4661 4.0275 -18.1208
v 4.8805 4.7201 -18.1208
v 4.2079 5.3285 -18.1208
v 3.4601 5.8418 -18.1208
v 2.6506 6.2508 -18.1208
v 1.7938 6.5484 -18.1208
v 0.9050 6.7290 -18.1208
v 0.0000 6.7896 -18.1208
v 0.0000 6.5184 -17.8523
v -0.8688 6.4602 -17.8523
v -1.7221 6.2868 -17.8523
v -2.5447 6.0011 -17.8523
v -3.3219 5.6084 -17.8523
v -4.0398 5.1156 -17.8523
v -4.6856 4.5315 -17.8523
v -5.2477 3.8666 -17.8523
v -5.7163 3.1326 -17.8523
v -6.0828 2.3428 -17.8523
v -6.3408 1.5111 -17.8523
v -6.4856 0.6525 -17.8523
v -6.5147 -0.2178 -17.8523
v -6.4276 -1.0842 -17.8523
v -6.2257 -1.9312 -17.8523
v -5.9128 -2.7438 -17.8523
v -5.4943 -3.5074 -17.8523
v -4.9778 -4.2084 -17.8523
v -4.3724 -4.8344 -17.8523
v -3.6891 -5.3740 -17.8523
v -2.9399 -5.8178 -17.8523
v -2.1382 -6.1577 -17.8523
v -1.2984 -6.3878 -17.8523
v -0.4354 -6.5038 -17.8523
v 0.4354 -6.5038 -17.8523
v 1.2984 -6.3878 -17.8523
v 2.1382 -6.1577 -17.8523
v 2.9399 -5.8178 -17.8523
v 3.6891 -5.3740 -17.8523
v 4.3724 -4.8344 -17.8523
v 4.9778 -4.2084 -17.8523
v 5.4943 -3.5074 -17.8523
v 5.9128 -2.7438 -17.8523
v 6.2257 -1.9312 -17.8523
v 6.4276 -1.0842 -17.8523
v 6.5147 -0.2178 -17.8523
v 6.4856 0.6525 -17.8523
v 6.3408 1.5111 -17.8523
v 6.0828 2.3428 -17.8523
v 5.7163 3.1326 -17.8523
v 5.2477 3.8666 -17.8523
v 4.6856 4.5315 -17.8523
v 4.0398 5.1156 -17.8523
v 3.3219 5.6084 -17.8523
v 2.5447 6.0011 -17.8523
v 1.7221 6.2868 -17.8523
v 0.8688 6.4602 -17.8523
v 0.0000 6.5184 -17.8523
v 0.0000 6.4206 -17.5839
v -0.8558 6.3634 -17.5839
v -1.6963 6.1925 -17.5839
v -2.5066 5.9112 -17.5839
v -3.2721 5.5243 -17.5839
v -3.9792 5.0389 -17.5839
v -4.6153 4.4636 -17.5839
v -5.1691 3.8086 -17.5839
v -5.6306 3.0856 -17.5839
v -5.9916 2.3076 -17.5839
v -6.2457 1.4884 -17.5839
v -6.3884 0.6427 -17.5839
v -6.4171 -0.2145 -17.5839
v -6.3312 -1.0679 -17.5839
v -6.1324 -1.9023 -17.5839
v -5.8241 -2.7027 -17.5839
v -5.4119 -3.4548 -17.5839
v -4.9031 -4.1453 -17.5839
v -4.3069 -4.7619 -17.5839
v -3.6337 -5.2934 -17.5839
v -2.8958 -5.7305 -17.5839
v -2.1061 -6.0654 -17.5839
v -1.2789 -6.2920 -17.5839
v -0.4289 -6.4063 -17.5839
v 0.4289 -6.4063 -17.5839
v 1.2789 -6.2920 -17.5839
v 2.1061 -6.0654 -17.5839
v 2.8958 -5.7305 -17.5839
v 3.6337 -5.2934 -17.5839
v 4.3069 -4.7619 -17.5839
v 4.9031 -4.1453 -17.5839
v 5.4119 -3.4548 -17.5839
v 5.8241 -2.7027 -17.5839
v 6.1324 -1.9023 -17.5839
v 6.3312 -1.0679 -17.5839
v 6.4171 -0.2145 -17.5839
v 6.3884 0.6427 -17.5839
v 6.2457 1.4884 -17.5839
v 5.9916 2.3076 -17.5839
v 5.6306 3.0856 -17.5839
v 5.1691 3.8086 -17.5839
v 4.6153 4.4636 -17.5839
v 3.9792 5.0389 -17.5839
v 3.2721 5.5243 -17.5839
v 2.5066 5.9112 -17.5839
v 1.6963 6.1925 -17.5839
v 0.8558 6.3634 -17.5839
v 0.0000 6.4206 -17.5839
v 0.0000 6.3314 -17.3154
v -0.8439 6.2750 -17.3154
v -1.6727 6.1065 -17.3154
v -2.4717 5.8290 -17.3154
v -3.2266 5.4476 -17.3154
v -3.9239 4.9689 -17.3154
v -4.5512 4.4016 -17.3154
v -5.0973 3.7557 -17.3154
v -5.5524 3.0428 -17.3154
v -5.9084 2.2756 -17.3154
v -6.1590 1.4678 -17.3154
v -6.2997 0.6338 -17.3154
v -6.3279 -0.2116 -17.3154
v -6.2433 -1.0531 -17.3154
v -6.0472 -1.8759 -17.3154
v -5.7432 -2.6651 -17.3154
v -5.3367 -3.4068 -17.3154
v -4.8350 -4.0878 -17.3154
v -4.2470 -4.6957 -17.3154
v -3.5833 -5.2199 -17.3154
v -2.8555 -5.6509 -17.3154
v -2.0769 -5.9811 -17.3154
v -1.2611 -6.2046 -17.3154
v -0.4229 -6.3173 -17.3154
v 0.4229 -6.3173 -17.3154
v 1.2611 -6.2046 -17.3154
v 2.0769 -5.9811 -17.3154
v 2.8555 -5.6509 -17.3154
v 3.5833 -5.2199 -17.3154
v 4.2470 -4.6957 -17.3154
v 4.8350 -4.0878 -17.3154
v 5.3367 -3.4068 -17.3154
v 5.7432 -2.6651 -17.3154
v 6.0472 -1.8759 -17.3154
v 6.2433 -1.0531 -17.3154
v 6.3279 -0.2116 -17.3154
v 6.2997 0.6338 -17.3154
v 6.1590 1.4678 -17.3154
v 5.9084 2.2756 -17.3154
v 5.5524 3.0428 -17.3154
v 5.0973 3.7557 -17.3154
v 4.5512 4.4016 -17.3154
v 3.9239 4.9689 -17.3154
v 3.2266 5.4476 -17.3154
v 2.4717 5.8290 -17.3154
v 1.6727 6.1065 -17.3154
v 0.8439 6.2750 -17.3154
v 0.0000 6.3314 -17.3154
v 0.0000 6.2511 -17.0470
v -0.8332 6.1953 -17.0470
v -1.6515 6.0290 -17.0470
v -2.4404 5.7551 -17.0470
v -3.1857 5.3785 -17.0470
v -3.8741 4.9059 -17.0470
v -4.4934 4.3457 -17.0470
v -5.0326 3.7080 -17.0470
v -5.4819 3.0042 -17.0470
v -5.8334 2.2467 -17.0470
v -6.0808 1.4491 -17.0470
v -6.2197 0.6257 -17.0470
v -6.2476 -0.2089 -17.0470
v -6.1640 -1.0397 -17.0470
v -5.9704 -1.8520 -17.0470
v -5.6703 -2.6313 -17.0470
v -5.2690 -3.3636 -17.0470
v -4.7737 -4.0359 -17.0470
v -4.1931 -4.6361 -17.0470
v -3.5378 -5.1537 -17.0470
v -2.8193 -5.5792 -17.0470
v -2.0505 -5.9052 -17.0470
v -1.2451 -6.1258 -17.0470
v -0.4175 -6.2371 -17.0470
v 0.4175 -6.2371 -17.0470
v 1.2451 -6.1258 -17.0470
v 2.0505 -5.9052 -17.0470
v 2.8193 -5.5792 -17.0470
v 3.5378 -5.1537 -17.0470
v 4.1931 -4.6361 -17.0470
v 4.7737 -4.0359 -17.0470
v 5.2690 -3.3636 -17.0470
v 5.6703 -2.6313 -17.0470
v 5.9704 -1.8520 -17.0470
v 6.1640 -1.0397 -17.0470
v 6.2476 -0.2089 -17.0470
v 6.2197 0.6257 -17.0470
v 6.0808 1.4491 -17.0470
v 5.8334 2.2467 -17.0470
v 5.4819 3.0042 -17.0470
v 5.0326 3.7080 -17.0470
v 4.4934 4.3457 -17.0470
v 3.8741 4.9059 -17.0470
v 3.1857 5.3785 -17.0470
v 2.4404 5.7551 -17.0470
v 1.6515 6.0290 -17.0470
v 0.8332 6.1953 -17.0470
v 0.0000 6.2511 -17.0470
v 0.0000 6.0249 -16.7785
v -0.8030 5.9711 -16.7785
v -1.5917 5.8108 -16.7785
v -2.3520 5.5468 -16.7785
v -3.0704 5.1838 -16.7785
v -3.7339 4.7283 -16.7785
v -4.3308 4.1884 -16.7785
v -4.8504 3.5738 -16.7785
v -5.2835 2.8954 -16.7785
v -5.6223 2.1654 -16.7785
v -5.8607 1.3967 -16.7785
v -5.9946 0.6031 -16.7785
v -6.0215 -0.2013 -16.7785
v -5.9409 -1.0021 -16.7785
v -5.7544 -1.7850 -16.7785
v -5.4651 -2.5361 -16.7785
v -5.0783 -3.2419 -16.7785
v -4.6009 -3.8898 -16.7785
v -4.0414 -4.4684 -16.7785
v -3.4098 -4.9672 -16.7785
v -2.7173 -5.3773 -16.7785
v -1.9763 -5.6915 -16.7785
v -1.2001 -5.9041 -16.7785
v -0.4024 -6.0114 -16.7785
v 0.4024 -6.0114 -16.7785
v 1.2001 -5.9041 -16.7785
v 1.9763 -5.6915 -16.7785
v 2.7173 -5.3773 -16.7785
v 3.4098 -4.9672 -16.7785
v 4.0414 -4.4684 -16.7785
v 4.6009 -3.8898 -16.7785
v 5.0783 -3.2419 -16.7785
v 5.4651 -2.5361 -16.7785
v 5.7544 -1.7850 -16.7785
v 5.9409 -1.0021 -16.7785
v 6.0215 -0.2013 -16.7785
v 5.9946 0.6031 -16.7785
v 5.8607 1.3967 -16.7785
v 5.6223 2.1654 -16.7785
v 5.2835 2.8954 -16.7785
v 4.8504 3.5738 -16.7785
v 4.3308 4.1884 -16.7785
v 3.7339 4.7283 -16.7785
v 3.0704 5.1838 -16.7785
v 2.3520 5.5468 -16.7785
v 1.5917 5.8108 -16.7785
v 0.8030 5.9711 -16.7785
v 0.0000 6.0249 -16.7785
v 0.0000 5.9230 -16.5101
v -0.7895 5.8702 -16.5101
v -1.5648 5.7126 -16.5101
v -2.3123 5.4530 -16.5101
v -3.0185 5.0962 -16.5101
v -3.6708 4.6484 -16.5101
v -4.2576 4.1176 -16.5101
v -4.7684 3.5134 -16.5101
v -5.1942 2.8465 -16.5101
v -5.5272 2.1288 -16.5101
v -5.7617 1.3731 -16.5101
v -5.8933 0.5929 -16.5101
v -5.9197 -0.1979 -16.5101
v -5.8405 -0.9852 -16.5101
v -5.6571 -1.7548 -16.5101
v -5.3727 -2.4932 -16.5101
v -4.9925 -3.1871 -16.5101
v -4.5231 -3.8241 -16.5101
v -3.9731 -4.3928 -16.5101
v -3.3521 -4.8832 -16.5101
v -2.6713 -5.2864 -16.5101
v -1.9429 -5.5953 -16.5101
v -1.1798 -5.8043 -16.5101
v -0.3956 -5.9098 -16.5101
v 0.3956 -5.9098 -16.5101
v 1.1798 -5.8043 -16.5101
v 1.9429 -5.5953 -16.5101
v 2.6713 -5.2864 -16.5101
v 3.3521 -4.8832 -16.5101
v 3.9731 -4.3928 -16.5101
v 4.5231 -3.8241 -16.5101
v 4.9925 -3.1871 -16.5101
v 5.3727 -2.4932 -16.5101
v 5.6571 -1.7548 -16.5101
v 5.8405 -0.9852 -16.5101
v 5.9197 -0.1979 -16.5101
v 5.8933 0.5929 -16.5101
v 5.7617 1.3731 -16.5101
v 5.5272 2.1288 -16.5101
v 5.1942 2.8465 -16.5101
v 4.7684 3.5134 -16.5101
v 4.2576 4.1176 -16.5101
v 3.6708 4.6484 -16.5101
v 3.0185 5.0962 -16.5101
v 2.3123 5.4530 -16.5101
v 1.5648 5.7126 -16.5101
v 0.7895 5.8702 -16.5101
v 0.0000 5.9230 -16.5101
v 0.0000 5.8302 -16.2416
v -0.7771 5.7782 -16.2416
v -1.5403 5.6231 -16.2416
v -2.2761 5.3676 -16.2416
v -2.9712 5.0163 -16.2416
v -3.6133 4.5755 -16.2416
v -4.1909 4.0531 -16.2416
v -4.6937 3.4584 -16.2416
v -5.1128 2.8019 -16.2416
v -5.4406 2.0954 -16.2416
v -5.6714 1.3516 -16.2416
v -5.8009 0.5836 -16.2416
v -5.8270 -0.1948 -16.2416
v -5.7490 -0.9697 -16.2416
v -5.5684 -1.7273 -16.2416
v -5.2885 -2.4541 -16.2416
v -4.9142 -3.1371 -16.2416
v -4.4523 -3.7641 -16.2416
v -3.9108 -4.3240 -16.2416
v -3.2996 -4.8067 -16.2416
v -2.6295 -5.2036 -16.2416
v -1.9125 -5.5076 -16.2416
v -1.1613 -5.7134 -16.2416
v -0.3894 -5.8172 -16.2416
v 0.3894 -5.8172 -16.2416
v 1.1613 -5.7134 -16.2416
v 1.9125 -5.5076 -16.2416
v 2.6295 -5.2036 -16.2416
v 3.2996 -4.8067 -16.2416
v 3.9108 -4.3240 -16.2416
v 4.4523 -3.7641 -16.2416
v 4.9142 -3.1371 -16.2416
v 5.2885 -2.4541 -16.2416
v 5.5684 -1.7273 -16.2416
v 5.7490 -0.9697 -16.2416
v 5.8270 -0.1948 -16.2416
v 5.8009 0.5836 -16.2416
v 5.6714 1.3516 -16.2416
v 5.4406 2.0954 -16.2416
v 5.1128 2.8019 -16.2416
v 4.6937 3.4584 -16.2416
v 4.1909 4.0531 -16.2416
v 3.6133 4.5755 -16.2416
v 2.9712 5.0163 -16.2416
v 2.2761 5.3676 -16.2416
v 1.5403 5.6231 -16.2416
v 0.7771 5.7782 -16.2416
v 0.0000 5.8302 -16.2416
v 0.0000 5.6808 -15.9732
v -0.7572 5.6301 -15.9732
v -1.5008 5.4789 -15.9732
v -2.2177 5.2300 -15.9732
v -2.8950 4.8877 -15.9732
v -3.5206 4.4583 -15.9732
v -4.0835 3.9492 -15.9732
v -4.5734 3.3697 -15.9732
v -4.9817 2.7301 -15.9732
v -5.3012 2.0417 -15.9732
v -5.5260 1.3169 -15.9732
v -5.6522 0.5686 -15.9732
v -5.6776 -0.1898 -15.9732
v -5.6016 -0.9449 -15.9732
v -5.4257 -1.6831 -15.9732
v -5.1530 -2.3912 -15.9732
v -4.7883 -3.0567 -15.9732
v -4.3381 -3.6677 -15.9732
v -3.8106 -4.2131 -15.9732
v -3.2150 -4.6835 -15.9732
v -2.5621 -5.0702 -15.9732
v -1.8634 -5.3664 -15.9732
v -1.1315 -5.5669 -15.9732
v -0.3794 -5.6681 -15.9732
v 0.3794 -5.6681 -15.9732
v 1.1315 -5.5669 -15.9732
v 1.8634 -5.3664 -15.9732
v 2.5621 -5.0702 -15.9732
v 3.2150 -4.6835 -15.9732
v 3.8106 -4.2131 -15.9732
v 4.3381 -3.6677 -15.9732
v 4.7883 -3.0567 -15.9732
v 5.1530 -2.3912 -15.9732
v 5.4257 -1.6831 -15.9732
v 5.6016 -0.9449 -15.9732
v 5.6776 -0.1898 -15.9732
v 5.6522 0.5686 -15.9732
v 5.5260 1.3169 -15.9732
v 5.3012 2.0417 -15.9732
v 4.9817 2.7301 -15.9732
v 4.5734 3.3697 -15.9732
v 4.0835 3.9492 -15.9732
v 3.5206 4.4583 -15.9732
v 2.8950 4.8877 -15.9732
v 2.2177 5.2300 -15.9732
v 1.5008 5.4789 -15.9732
v 0.7572 5.6301 -15.9732
v 0.0000 5.6808 -15.9732
v 0.0000 5.5656 -15.7047
v -0.7418 5.5159 -15.7047
v -1.4704 5.3678 -15.7047
v -2.1727 5.1240 -15.7047
v -2.8363 4.7886 -15.7047
v -3.4493 4.3679 -15.7047
v -4.0007 3.8692 -15.7047
v -4.4807 3.3014 -15.7047
v -4.8807 2.6747 -15.7047
v -5.1937 2.0003 -15.7047
v -5.4140 1.2902 -15.7047
v -5.5376 0.5571 -15.7047
v -5.5625 -0.1860 -15.7047
v -5.4881 -0.9257 -15.7047
v -5.3157 -1.6489 -15.7047
v -5.0485 -2.3427 -15.7047
v -4.6912 -2.9947 -15.7047
v -4.2502 -3.5933 -15.7047
v -3.7333 -4.1277 -15.7047
v -3.1498 -4.5885 -15.7047
v -2.5101 -4.9674 -15.7047
v -1.8257 -5.2576 -15.7047
v -1.1086 -5.4541 -15.7047
v -0.3717 -5.5532 -15.7047
v 0.3717 -5.5532 -15.7047
v 1.1086 -5.4541 -15.7047
v 1.8257 -5.2576 -15.7047
v 2.5101 -4.9674 -15.7047
v 3.1498 -4.5885 -15.7047
v 3.7333 -4.1277 -15.7047
v 4.2502 -3.5933 -15.7047
v 4.6912 -2.9947 -15.7047
v 5.0485 -2.3427 -15.7047
v 5.3157 -1.6489 -15.7047
v 5.4881 -0.9257 -15.7047
v 5.5625 -0.1860 -15.7047
v 5.5376 0.5571 -15.7047
v 5.4140 1.2902 -15.7047
v 5.1937 2.0003 -15.7047
v 4.8807 2.6747 -15.7047
v 4.4807 3.3014 -15.7047
v 4.0007 3.8692 -15.7047
v 3.4493 4.3679 -15.7047
v 2.8363 4.7886 -15.7047
v 2.1727 5.1240 -15.7047
v 1.4704 5.3678 -15.7047
v 0.7418 5.5159 -15.7047
v 0.0000 5.5656 -15.7047
v 0.0000 5.4595 -15.4362
v -0.7277 5.4108 -15.4362
v -1.4424 5.2656 -15.4362
v -2.1313 5.0263 -15.4362
v -2.7823 4.6974 -15.4362
v -3.3835 4.2846 -15.4362
v -3.9244 3.7954 -15.4362
v -4.3953 3.2385 -15.4362
v -4.7877 2.6238 -15.4362
v -5.0947 1.9622 -15.4362
v -5.3108 1.2656 -15.4362
v -5.4321 0.5465 -15.4362
v -5.4565 -0.1824 -15.4362
v -5.3835 -0.9081 -15.4362
v -5.2144 -1.6175 -15.4362
v -4.9523 -2.2981 -15.4362
v -4.6018 -2.9377 -15.4362
v -4.1692 -3.5248 -15.4362
v -3.6622 -4.0491 -15.4362
v -3.0898 -4.5011 -15.4362
v -2.4623 -4.8727 -15.4362
v -1.7909 -5.1575 -15.4362
v -1.0875 -5.3501 -15.4362
v -0.3647 -5.4473 -15.4362
v 0.3647 -5.4473 -15.4362
v 1.0875 -5.3501 -15.4362
v 1.7909 -5.1575 -15.4362
v 2.4623 -4.8727 -15.4362
v 3.0898 -4.5011 -15.4362
v 3.6622 -4.0491 -15.4362
v 4.1692 -3.5248 -15.4362
v 4.6018 -2.9377 -15.4362
v 4.9523 -2.2981 -15.4362
v 5.2144 -1.6175 -15.4362
v 5.3835 -0.9081 -15.4362
v 5.4565 -0.1824 -15.4362
v 5.4321 0.5465 -15.4362
v 5.3108 1.2656 -15.4362
v 5.0947 1.9622 -15.4362
v 4.7877 2.6238 -15.4362
v 4.3953 3.2385 -15.4362
v 3.9244 3.7954 -15.4362
v 3.3835 4.2846 -15.4362
v 2.7823 4.6974 -15.4362
v 2.1313 5.0263 -15.4362
v 1.4424 5.2656 -15.4362
v 0.7277 5.4108 -15.4362
v 0.0000 5.4595 -15.4362
v 0.0000 5.3630 -15.1678
v -0.7148 5.3152 -15.1678
v -1.4169 5.1725 -15.1678
v -2.0937 4.9375 -15.1678
v -2.7331 4.6144 -15.1678
v -3.3237 4.2089 -15.1678
v -3.8551 3.7284 -15.1678
v -4.3176 3.1813 -15.1678
v -4.7031 2.5774 -15.1678
v -5.0047 1.9275 -15.1678
v -5.2170 1.2433 -15.1678
v -5.3361 0.5368 -15.1678
v -5.3601 -0.1792 -15.1678
v -5.2883 -0.8920 -15.1678
v -5.1223 -1.5889 -15.1678
v -4.8648 -2.2575 -15.1678
v -4.5205 -2.8858 -15.1678
v -4.0955 -3.4625 -15.1678
v -3.5975 -3.9775 -15.1678
v -3.0352 -4.4215 -15.1678
v -2.4188 -4.7866 -15.1678
v -1.7592 -5.0663 -15.1678
v -1.0682 -5.2556 -15.1678
v -0.3582 -5.3511 -15.1678
v 0.3582 -5.3511 -15.1678
v 1.0682 -5.2556 -15.1678
v 1.7592 -5.0663 -15.1678
v 2.4188 -4.7866 -15.1678
v 3.0352 -4.4215 -15.1678
v 3.5975 -3.9775 -15.1678
v 4.0955 -3.4625 -15.1678
v 4.5205 -2.8858 -15.1678
v 4.8648 -2.2575 -15.1678
v 5.1223 -1.5889 -15.1678
v 5.2883 -0.8920 -15.1678
v 5.3601 -0.1792 -15.1678
v 5.3361 0.5368 -15.1678
v 5.2170 1.2433 -15.1678
v 5.0047 1.9275 -15.1678
v 4.7031 2.5774 -15.1678
v 4.3176 3.1813 -15.1678
v 3.8551 3.7284 -15.1678
v 3.3237 4.2089 -15.1678
v 2.7331 4.6144 -15.1678
v 2.0937 4.9375 -15.1678
v 1.4169 5.1725 -15.1678
v 0.7148 5.3152 -15.1678
v 0.0000 5.3630 -15.1678
v 0.0000 5.2601 -14.8993
v -0.7011 5.2131 -14.8993
v -1.3897 5.0732 -14.8993
v -2.0535 4.8427 -14.8993
v -2.6806 4.5258 -14.8993
v -3.2599 4.1281 -14.8993
v -3.7811 3.6568 -14.8993
v -4.2347 3.1202 -14.8993
v -4.6128 2.5279 -14.8993
v -4.9086 1.8905 -14.8993
v -5.1168 1.2194 -14.8993
v -5.2337 0.5265 -14.8993
v -5.2571 -0.1758 -14.8993
v -5.1868 -0.8749 -14.8993
v -5.0239 -1.5584 -14.8993
v -4.7714 -2.2141 -14.8993
v -4.4337 -2.8304 -14.8993
v -4.0169 -3.3961 -14.8993
v -3.5284 -3.9011 -14.8993
v -2.9769 -4.3366 -14.8993
v -2.3723 -4.6947 -14.8993
v -1.7254 -4.9690 -14.8993
v -1.0477 -5.1547 -14.8993
v -0.3513 -5.2483 -14.8993
v 0.3513 -5.2483 -14.8993
v 1.0477 -5.1547 -14.8993
v 1.7254 -4.9690 -14.8993
v 2.3723 -4.6947 -14.8993
v 2.9769 -4.3366 -14.8993
v 3.5284 -3.9011 -14.8993
v 4.0169 -3.3961 -14.8993
v 4.4337 -2.8304 -14.8993
v 4.7714 -2.2141 -14.8993
v 5.0239 -1.5584 -14.8993
v 5.1868 -0.8749 -14.8993
v 5.2571 -0.1758 -14.8993
v 5.2337 0.5265 -14.8993
v 5.1168 1.2194 -14.8993
v 4.9086 1.8905 -14.8993
v 4.6128 2.5279 -14.8993
v 4.2347 3.1202 -14.8993
v 3.7811 3.6568 -14.8993
v 3.2599 4.1281 -14.8993
v 2.6806 4.5258 -14.8993
v 2.0535 4.8427 -14.8993
v 1.3897 5.0732 -14.8993
v 0.7011 5.2131 -14.8993
v 0.0000 5.2601 -14.8993
v 0.0000 5.1402 -14.6309
v -0.6851 5.0943 -14.6309
v -1.3580 4.9576 -14.6309
v -2.0067 4.7323 -14.6309
v -2.6195 4.4226 -14.6309
v -3.1856 4.0340 -14.6309
v -3.6949 3.5734 -14.6309
v -4.1382 3.0491 -14.6309
v -4.5077 2.4703 -14.6309
v -4.7967 1.8474 -14.6309
v -5.0002 1.1916 -14.6309
v -5.1144 0.5145 -14.6309
v -5.1373 -0.1718 -14.6309
v -5.0686 -0.8550 -14.6309
v -4.9094 -1.5229 -14.6309
v -4.6626 -2.1637 -14.6309
v -4.3326 -2.7659 -14.6309
v -3.9253 -3.3187 -14.6309
v -3.4480 -3.8122 -14.6309
v -2.9091 -4.2378 -14.6309
v -2.3183 -4.5877 -14.6309
v -1.6861 -4.8558 -14.6309
v -1.0239 -5.0372 -14.6309
v -0.3433 -5.1287 -14.6309
v 0.3433 -5.1287 -14.6309
v 1.0239 -5.0372 -14.6309
v 1.6861 -4.8558 -14.6309
v 2.3183 -4.5877 -14.6309
v 2.9091 -4.2378 -14.6309
v 3.4480 -3.8122 -14.6309
v 3.9253 -3.3187 -14.6309
v 4.3326 -2.7659 -14.6309
v 4.6626 -2.1637 -14.6309
v 4.9094 -1.5229 -14.6309
v 5.0686 -0.8550 -14.6309
v 5.1373 -0.1718 -14.6309
v 5.1144 0.5145 -14.6309
v 5.0002 1.1916 -14.6309
v 4.7967 1.8474 -14.6309
v 4.5077 2.4703 -14.6309
v 4.1382 3.0491 -14.6309
v 3.6949 3.5734 -14.6309
v 3.1856 4.0340 -14.6309
v 2.6195 4.4226 -14.6309
v 2.0067 4.7323 -14.6309
v 1.3580 4.9576 -14.6309
v 0.6851 5.0943 -14.6309
v 0.0000 5.1402 -14.6309
v 0.0000 5.0299 -14.3624
v -0.6704 4.9850 -14.3624
v -1.3289 4.8512 -14.3624
v -1.9636 4.6308 -14.3624
v -2.5633 4.3278 -14.3624
v -3.1173 3.9475 -14.3624
v -3.6156 3.4968 -14.3624
v -4.0494 2.9837 -14.3624
v -4.4110 2.4173 -14.3624
v -4.6938 1.8078 -14.3624
v -4.8929 1.1660 -14.3624
v -5.0047 0.5035 -14.3624
v -5.0271 -0.1681 -14.3624
v -4.9599 -0.8366 -14.3624
v -4.8041 -1.4902 -14.3624
v -4.5626 -2.1173 -14.3624
v -4.2397 -2.7065 -14.3624
v -3.8411 -3.2475 -14.3624
v -3.3740 -3.7305 -14.3624
v -2.8467 -4.1469 -14.3624
v -2.2685 -4.4893 -14.3624
v -1.6499 -4.7516 -14.3624
v -1.0019 -4.9291 -14.3624
v -0.3360 -5.0187 -14.3624
v 0.3360 -5.0187 -14.3624
v 1.0019 -4.9291 -14.3624
v 1.6499 -4.7516 -14.3624
v 2.2685 -4.4893 -14.3624
v 2.8467 -4.1469 -14.3624
v 3.3740 -3.7305 -14.3624
v 3.8411 -3.2475 -14.3624
v 4.2397 -2.7065 -14.3624
v 4.5626 -2.1173 -14.3624
v 4.8041 -1.4902 -14.3624
v 4.9599 -0.8366 -14.3624
v 5.0271 -0.1681 -14.3624
v 5.0047 0.5035 -14.3624
v 4.8929 1.1660 -14.3624
v 4.6938 1.8078 -14.3624
v 4.4110 2.4173 -14.3624
v 4.0494 2.9837 -14.3624
v 3.6156 3.4968 -14.3624
v 3.1173 3.9475 -14.3624
v 2.5633 4.3278 -14.3624
v 1.9636 4.6308 -14.3624
v 1.3289 4.8512 -14.3624
v 0.6704 4.9850 -14.3624
v 0.0000 5.0299 -14.3624
v 0.0000 4.9298 -14.0940
v -0.6571 4.8858 -14.0940
v -1.3024 4.7546 -14.0940
v -1.9245 4.5386 -14.0940
v -2.5123 4.2416 -14.0940
v -3.0552 3.8689 -14.0940
v -3.5436 3.4271 -14.0940
v -3.9688 2.9242 -14.0940
v -4.3232 2.3692 -14.0940
v -4.6004 1.7718 -14.0940
v -4.7955 1.1428 -14.0940
v -4.9050 0.4934 -14.0940
v -4.9270 -0.1647 -14.0940
v -4.8611 -0.8200 -14.0940
v -4.7084 -1.4606 -14.0940
v -4.4717 -2.0751 -14.0940
v -4.1553 -2.6526 -14.0940
v -3.7646 -3.1828 -14.0940
v -3.3068 -3.6562 -14.0940
v -2.7900 -4.0643 -14.0940
v -2.2234 -4.3999 -14.0940
v -1.6171 -4.6570 -14.0940
v -0.9819 -4.8310 -14.0940
v -0.3293 -4.9187 -14.0940
v 0.3293 -4.9187 -14.0940
v 0.9819 -4.8310 -14.0940
v 1.6171 -4.6570 -14.0940
v 2.2234 -4.3999 -14.0940
v 2.7900 -4.0643 -14.0940
v 3.3068 -3.6562 -14.0940
v 3.7646 -3.1828 -14.0940
v 4.1553 -2.6526 -14.0940
v 4.4717 -2.0751 -14.0940
v 4.7084 -1.4606 -14.0940
v 4.8611 -0.8200 -14.0940
v 4.9270 -0.1647 -14.0940
v 4.9050 0.4934 -14.0940
v 4.7955 1.1428 -14.0940
v 4.6004 1.7718 -14.0940
v 4.3232 2.3692 -14.0940
v 3.9688 2.9242 -14.0940
v 3.5436 3.4271 -14.0940
v 3.0552 3.8689 -14.0940
v 2.5123 4.2416 -14.0940
v 1.9245 4.5386 -14.0940
v 1.3024 4.7546 -14.0940
v 0.6571 4.8858 -14.0940
v 0.0000 4.9298 -14.0940
v 0.0000 4.8402 -13.8255
v -0.6451 4.7970 -13.8255
v -1.2788 4.6683 -13.8255
v -1.8896 4.4562 -13.8255
v -2.4667 4.1645 -13.8255
v -2.9997 3.7986 -13.8255
v -3.4793 3.3649 -13.8255
v -3.8967 2.8711 -13.8255
v -4.2446 2.3261 -13.8255
v -4.5168 1.7396 -13.8255
v -4.7084 1.1221 -13.8255
v -4.8159 0.4845 -13.8255
v -4.8375 -0.1617 -13.8255
v -4.7728 -0.8051 -13.8255
v -4.6229 -1.4340 -13.8255
v -4.3905 -2.0374 -13.8255
v -4.0798 -2.6044 -13.8255
v -3.6963 -3.1250 -13.8255
v -3.2468 -3.5898 -13.8255
v -2.7393 -3.9905 -13.8255
v -2.1830 -4.3200 -13.8255
v -1.5877 -4.5724 -13.8255
v -0.9641 -4.7432 -13.8255
v -0.3233 -4.8294 -13.8255
v 0.3233 -4.8294 -13.8255
v 0.9641 -4.7432 -13.8255
v 1.5877 -4.5724 -13.8255
v 2.1830 -4.3200 -13.8255
v 2.7393 -3.9905 -13.8255
v 3.2468 -3.5898 -13.8255
v 3.6963 -3.1250 -13.8255
v 4.0798 -2.6044 -13.8255
v 4.3905 -2.0374 -13.8255
v 4.6229 -1.4340 -13.8255
v 4.7728 -0.8051 -13.8255
v 4.8375 -0.1617 -13.8255
v 4.8159 0.4845 -13.8255
v 4.7084 1.1221 -13.8255
v 4.5168 1.7396 -13.8255
v 4.2446 2.3261 -13.8255
v 3.8967 2.8711 -13.8255
v 3.4793 3.3649 -13.8255
v 2.9997 3.7986 -13.8255
v 2.4667 4.1645 -13.8255
v 1.8896 4.4562 -13.8255
v 1.2788 4.6683 -13.8255
v 0.6451 4.7970 -13.8255
v 0.0000 4.8402 -13.8255
v 0.0000 4.7484 -13.5570
v -0.6329 4.7060 -13.5570
v -1.2545 4.5797 -13.5570
v -1.8537 4.3716 -13.5570
v -2.4198 4.0855 -13.5570
v -2.9428 3.7265 -13.5570
v -3.4132 3.3010 -13.5570
v -3.8228 2.8166 -13.5570
v -4.1641 2.2820 -13.5570
v -4.4311 1.7066 -13.5570
v -4.6190 1.1008 -13.5570
v -4.7245 0.4753 -13.5570
v -4.7457 -0.1587 -13.5570
v -4.6822 -0.7898 -13.5570
v -4.5352 -1.4068 -13.5570
v -4.3072 -1.9988 -13.5570
v -4.0024 -2.5550 -13.5570
v -3.6261 -3.0657 -13.5570
v -3.1851 -3.5216 -13.5570
v -2.6873 -3.9148 -13.5570
v -2.1416 -4.2380 -13.5570
v -1.5576 -4.4856 -13.5570
v -0.9458 -4.6532 -13.5570
v -0.3172 -4.7378 -13.5570
v 0.3172 -4.7378 -13.5570
v 0.9458 -4.6532 -13.5570
v 1.5576 -4.4856 -13.5570
v 2.1416 -4.2380 -13.5570
v 2.6873 -3.9148 -13.5570
v 3.1851 -3.5216 -13.5570
v 3.6261 -3.0657 -13.5570
v 4.0024 -2.5550 -13.5570
v 4.3072 -1.9988 -13.5570
v 4.5352 -1.4068 -13.5570
v 4.6822 -0.7898 -13.5570
v 4.7457 -0.1587 -13.5570
v 4.7245 0.4753 -13.5570
v 4.6190 1.1008 -13.5570
v 4.4311 1.7066 -13.5570
v 4.1641 2.2820 -13.5570
v 3.8228 2.8166 -13.5570
v 3.4132 3.3010 -13.5570
v 2.9428 3.7265 -13.5570
v 2.4198 4.0855 -13.5570
v 1.8537 4.3716 -13.5570
v 1.2545 4.5797 -13.5570
v 0.6329 4.7060 -13.5570
v 0.0000 4.7484 -13.5570
v 0.0000 4.6339 -13.2886
v -0.6176 4.5925 -13.2886
v -1.2243 4.4692 -13.2886
v -1.8090 4.2662 -13.2886
v -2.3615 3.9870 -13.2886
v -2.8719 3.6367 -13.2886
v -3.3310 3.2214 -13.2886
v -3.7306 2.7487 -13.2886
v -4.0637 2.2270 -13.2886
v -4.3243 1.6655 -13.2886
v -4.5077 1.0742 -13.2886
v -4.6106 0.4638 -13.2886
v -4.6313 -0.1548 -13.2886
v -4.5693 -0.7708 -13.2886
v -4.4258 -1.3729 -13.2886
v -4.2034 -1.9506 -13.2886
v -3.9059 -2.4934 -13.2886
v -3.5387 -2.9918 -13.2886
v -3.1083 -3.4367 -13.2886
v -2.6225 -3.8204 -13.2886
v -2.0899 -4.1358 -13.2886
v -1.5200 -4.3775 -13.2886
v -0.9230 -4.5410 -13.2886
v -0.3095 -4.6235 -13.2886
v 0.3095 -4.6235 -13.2886
v 0.9230 -4.5410 -13.2886
v 1.5200 -4.3775 -13.2886
v 2.0899 -4.1358 -13.2886
v 2.6225 -3.8204 -13.2886
v 3.1083 -3.4367 -13.2886
v 3.5387 -2.9918 -13.2886
v 3.9059 -2.4934 -13.2886
v 4.2034 -1.9506 -13.2886
v 4.4258 -1.3729 -13.2886
v 4.5693 -0.7708 -13.2886
v 4.6313 -0.1548 -13.2886
v 4.6106 0.4638 -13.2886
v 4.5077 1.0742 -13.2886
v 4.3243 1.6655 -13.2886
v 4.0637 2.2270 -13.2886
v 3.7306 2.7487 -13.2886
v 3.3310 3.2214 -13.2886
v 2.8719 3.6367 -13.2886
v 2.3615 3.9870 -13.2886
v 1.8090 4.2662 -13.2886
v 1.2243 4.4692 -13.2886
v 0.6176 4.5925 -13.2886
v 0.0000 4.6339 -13.2886
v 0.0000 4.5301 -13.0201
v -0.6038 4.4897 -13.0201
v -1.1968 4.3691 -13.0201
v -1.7685 4.1706 -13.0201
v -2.3086 3.8977 -13.0201
v -2.8075 3.5552 -13.0201
v -3.2563 3.1493 -13.0201
v -3.6470 2.6872 -13.0201
v -3.9727 2.1771 -13.0201
v -4.2274 1.6281 -13.0201
v -4.4067 1.0502 -13.0201
v -4.5073 0.4534 -13.0201
v -4.5276 -0.1514 -13.0201
v -4.4670 -0.7535 -13.0201
v -4.3267 -1.3422 -13.0201
v -4.1092 -1.9069 -13.0201
v -3.8184 -2.4376 -13.0201
v -3.4594 -2.9248 -13.0201
v -3.0387 -3.3598 -13.0201
v -2.5638 -3.7348 -13.0201
v -2.0431 -4.0432 -13.0201
v -1.4860 -4.2794 -13.0201
v -0.9023 -4.4393 -13.0201
v -0.3026 -4.5200 -13.0201
v 0.3026 -4.5200 -13.0201
v 0.9023 -4.4393 -13.0201
v 1.4860 -4.2794 -13.0201
v 2.0431 -4.0432 -13.0201
v 2.5638 -3.7348 -13.0201
v 3.0387 -3.3598 -13.0201
v 3.4594 -2.9248 -13.0201
v 3.8184 -2.4376 -13.0201
v 4.1092 -1.9069 -13.0201
v 4.3267 -1.3422 -13.0201
v 4.4670 -0.7535 -13.0201
v 4.5276 -0.1514 -13.0201
v 4.5073 0.4534 -13.0201
v 4.4067 1.0502 -13.0201
v 4.2274 1.6281 -13.0201
v 3.9727 2.1771 -13.0201
v 3.6470 2.6872 -13.0201
v 3.2563 3.1493 -13.0201
v 2.8075 3.5552 -13.0201
v 2.3086 3.8977 -13.0201
v 1.7685 4.1706 -13.0201
v 1.1968 4.3691 -13.0201
v 0.6038 4.4897 -13.0201
v 0.0000 4.5301 -13.0201
v 0.0000 4.4376 -12.7517
v -0.5915 4.3980 -12.7517
v -1.1724 4.2799 -12.7517
v -1.7324 4.0855 -12.7517
v -2.2615 3.8181 -12.7517
v -2.7502 3.4826 -12.7517
v -3.1898 3.0850 -12.7517
v -3.5726 2.6323 -12.7517
v -3.8915 2.1326 -12.7517
v -4.1411 1.5949 -12.7517
v -4.3167 1.0287 -12.7517
v -4.4153 0.4442 -12.7517
v -4.4351 -0.1483 -12.7517
v -4.3758 -0.7381 -12.7517
v -4.2383 -1.3147 -12.7517
v -4.0253 -1.8679 -12.7517
v -3.7404 -2.3878 -12.7517
v -3.3888 -2.8650 -12.7517
v -2.9767 -3.2911 -12.7517
v -2.5114 -3.6585 -12.7517
v -2.0014 -3.9606 -12.7517
v -1.4556 -4.1920 -12.7517
v -0.8839 -4.3487 -12.7517
v -0.2964 -4.4277 -12.7517
v 0.2964 -4.4277 -12.7517
v 0.8839 -4.3487 -12.7517
v 1.4556 -4.1920 -12.7517
v 2.0014 -3.9606 -12.7517
v 2.5114 -3.6585 -12.7517
v 2.9767 -3.2911 -12.7517
v 3.3888 -2.8650 -12.7517
v 3.7404 -2.3878 -12.7517
v 4.0253 -1.8679 -12.7517
v 4.2383 -1.3147 -12.7517
v 4.3758 -0.7381 -12.7517
v 4.4351 -0.1483 -12.7517
v 4.4153 0.4442 -12.7517
v 4.3167 1.0287 -12.7517
v 4.1411 1.5949 -12.7517
v 3.8915 2.1326 -12.7517
v 3.5726 2.6323 -12.7517
v 3.1898 3.0850 -12.7517
v 2.7502 3.4826 -12.7517
v 2.2615 3.8181 -12.7517
v 1.7324 4.0855 -12.7517
v 1.1724 4.2799 -12.7517
v 0.5915 4.3980 -12.7517
v 0.0000 4.4376 -12.7517
v 0.0000 4.3570 -12.4832
v -0.5807 4.3181 -12.4832
v -1.1511 4.2022 -12.4832
v -1.7009 4.0112 -12.4832
v -2.2204 3.7487 -12.4832
v -2.7002 3.4193 -12.4832
v -3.1319 3.0289 -12.4832
v -3.5077 2.5845 -12.4832
v -3.8208 2.0939 -12.4832
v -4.0658 1.5659 -12.4832
v -4.2383 1.0100 -12.4832
v -4.3351 0.4361 -12.4832
v -4.3545 -0.1456 -12.4832
v -4.2963 -0.7247 -12.4832
v -4.1613 -1.2909 -12.4832
v -3.9522 -1.8340 -12.4832
v -3.6725 -2.3444 -12.4832
v -3.3272 -2.8130 -12.4832
v -2.9226 -3.2314 -12.4832
v -2.4658 -3.5921 -12.4832
v -1.9650 -3.8887 -12.4832
v -1.4292 -4.1159 -12.4832
v -0.8678 -4.2697 -12.4832
v -0.2910 -4.3472 -12.4832
v 0.2910 -4.3472 -12.4832
v 0.8678 -4.2697 -12.4832
v 1.4292 -4.1159 -12.4832
v 1.9650 -3.8887 -12.4832
v 2.4658 -3.5921 -12.4832
v 2.9226 -3.2314 -12.4832
v 3.3272 -2.8130 -12.4832
v 3.6725 -2.3444 -12.4832
v 3.9522 -1.8340 -12.4832
v 4.1613 -1.2909 -12.4832
v 4.2963 -0.7247 -12.4832
v 4.3545 -0.1456 -12.4832
v 4.3351 0.4361 -12.4832
v 4.2383 1.0100 -12.4832
v 4.0658 1.5659 -12.4832
v 3.8208 2.0939 -12.4832
v 3.5077 2.5845 -12.4832
v 3.1319 3.0289 -12.4832
v 2.7002 3.4193 -12.4832
v 2.2204 3.7487 -12.4832
v 1.7009 4.0112 -12.4832
v 1.1511 4.2022 -12.4832
v 0.5807 4.3181 -12.4832
v 0.0000 4.3570 -12.4832
v 0.0000 4.2711 -12.2148
v -0.5693 4.2330 -12.2148
v -1.1284 4.1193 -12.2148
v -1.6674 3.9322 -12.2148
v -2.1766 3.6748 -12.2148
v -2.6470 3.3519 -12.2148
v -3.0701 2.9692 -12.2148
v -3.4385 2.5335 -12.2148
v -3.7455 2.0526 -12.2148
v -3.9857 1.5351 -12.2148
v -4.1547 0.9901 -12.2148
v -4.2496 0.4275 -12.2148
v -4.2687 -0.1427 -12.2148
v -4.2116 -0.7104 -12.2148
v -4.0793 -1.2654 -12.2148
v -3.8742 -1.7978 -12.2148
v -3.6001 -2.2982 -12.2148
v -3.2616 -2.7575 -12.2148
v -2.8650 -3.1676 -12.2148
v -2.4172 -3.5212 -12.2148
v -1.9263 -3.8120 -12.2148
v -1.4010 -4.0347 -12.2148
v -0.8507 -4.1855 -12.2148
v -0.2853 -4.2615 -12.2148
v 0.2853 -4.2615 -12.2148
v 0.8507 -4.1855 -12.2148
v 1.4010 -4.0347 -12.2148
v 1.9263 -3.8120 -12.2148
v 2.4172 -3.5212 -12.2148
v 2.8650 -3.1676 -12.2148
v 3.2616 -2.7575 -12.2148
v 3.6001 -2.2982 -12.2148
v 3.8742 -1.7978 -12.2148
v 4.0793 -1.2654 -12.2148
v 4.2116 -0.7104 -12.2148
v 4.2687 -0.1427 -12.2148
v 4.2496 0.4275 -12.2148
v 4.1547 0.9901 -12.2148
v 3.9857 1.5351 -12.2148
v 3.7455 2.0526 -12.2148
v 3.4385 2.5335 -12.2148
v 3.0701 2.9692 -12.2148
v 2.6470 3.3519 -12.2148
v 2.1766 3.6748 -12.2148
v 1.6674 3.9322 -12.2148
v 1.1284 4.1193 -12.2148
v 0.5693 4.2330 -12.2148
v 0.0000 4.2711 -12.2148
v 0.0000 4.1638 -11.9463
v -0.5550 4.1266 -11.9463
v -1.1000 4.0158 -11.9463
v -1.6255 3.8334 -11.9463
v -2.1219 3.5825 -11.9463
v -2.5805 3.2677 -11.9463
v -2.9930 2.8946 -11.9463
v -3.3521 2.4699 -11.9463
v -3.6514 2.0010 -11.9463
v -3.8855 1.4965 -11.9463
v -4.0503 0.9652 -11.9463
v -4.1428 0.4168 -11.9463
v -4.1614 -0.1391 -11.9463
v -4.1058 -0.6926 -11.9463
v -3.9768 -1.2336 -11.9463
v -3.7769 -1.7527 -11.9463
v -3.5096 -2.2404 -11.9463
v -3.1797 -2.6882 -11.9463
v -2.7930 -3.0881 -11.9463
v -2.3565 -3.4328 -11.9463
v -1.8779 -3.7162 -11.9463
v -1.3658 -3.9334 -11.9463
v -0.8294 -4.0803 -11.9463
v -0.2781 -4.1545 -11.9463
v 0.2781 -4.1545 -11.9463
v 0.8294 -4.0803 -11.9463
v 1.3658 -3.9334 -11.9463
v 1.8779 -3.7162 -11.9463
v 2.3565 -3.4328 -11.9463
v 2.7930 -3.0881 -11.9463
v 3.1797 -2.6882 -11.9463
v 3.5096 -2.2404 -11.9463
v 3.7769 -1.7527 -11.9463
v 3.9768 -1.2336 -11.9463
v 4.1058 -0.6926 -11.9463
v 4.1614 -0.1391 -11.9463
v 4.1428 0.4168 -11.9463
v 4.0503 0.9652 -11.9463
v 3.8855 1.4965 -11.9463
v 3.6514 2.0010 -11.9463
v 3.3521 2.4699 -11.9463
v 2.9930 2.8946 -11.9463
v 2.5805 3.2677 -11.9463
v 2.1219 3.5825 -11.9463
v 1.6255 3.8334 -11.9463
v 1.1000 4.0158 -11.9463
v 0.5550 4.1266 -11.9463
v 0.0000 4.1638 -11.9463
v 0.0000 4.0684 -11.6779
v -0.5423 4.0321 -11.6779
v -1.0749 3.9239 -11.6779
v -1.5883 3.7456 -11.6779
v -2.0733 3.5005 -11.6779
v -2.5214 3.1929 -11.6779
v -2.9245 2.8283 -11.6779
v -3.2754 2.4133 -11.6779
v -3.5678 1.9552 -11.6779
v -3.7966 1.4622 -11.6779
v -3.9576 0.9431 -11.6779
v -4.0480 0.4072 -11.6779
v -4.0662 -0.1359 -11.6779
v -4.0118 -0.6767 -11.6779
v -3.8858 -1.2054 -11.6779
v -3.6904 -1.7125 -11.6779
v -3.4292 -2.1891 -11.6779
v -3.1069 -2.6267 -11.6779
v -2.7290 -3.0174 -11.6779
v -2.3025 -3.3542 -11.6779
v -1.8349 -3.6311 -11.6779
v -1.3345 -3.8433 -11.6779
v -0.8104 -3.9869 -11.6779
v -0.2717 -4.0593 -11.6779
v 0.2717 -4.0593 -11.6779
v 0.8104 -3.9869 -11.6779
v 1.3345 -3.8433 -11.6779
v 1.8349 -3.6311 -11.6779
v 2.3025 -3.3542 -11.6779
v 2.7290 -3.0174 -11.6779
v 3.1069 -2.6267 -11.6779
v 3.4292 -2.1891 -11.6779
v 3.6904 -1.7125 -11.6779
v 3.8858 -1.2054 -11.6779
v 4.0118 -0.6767 -11.6779
v 4.0662 -0.1359 -11.6779
v 4.0480 0.4072 -11.6779
v 3.9576 0.9431 -11.6779
v 3.7966 1.4622 -11.6779
v 3.5678 1.9552 -11.6779
v 3.2754 2.4133 -11.6779
v 2.9245 2.8283 -11.6779
v 2.5214 3.1929 -11.6779
v 2.0733 3.5005 -11.6779
v 1.5883 3.7456 -11.6779
v 1.0749 3.9239 -11.6779
v 0.5423 4.0321 -11.6779
v 0.0000 4.0684 -11.6779
v 0.0000 3.9858 -11.4094
v -0.5313 3.9502 -11.4094
v -1.0530 3.8441 -11.4094
v -1.5560 3.6695 -11.4094
v -2.0312 3.4294 -11.4094
v -2.4702 3.1280 -11.4094
v -2.8651 2.7709 -11.4094
v -3.2088 2.3643 -11.4094
v -3.4953 1.9155 -11.4094
v -3.7194 1.4325 -11.4094
v -3.8772 0.9240 -11.4094
v -3.9657 0.3990 -11.4094
v -3.9835 -0.1332 -11.4094
v -3.9302 -0.6629 -11.4094
v -3.8068 -1.1809 -11.4094
v -3.6154 -1.6777 -11.4094
v -3.3596 -2.1447 -11.4094
v -3.0437 -2.5733 -11.4094
v -2.6736 -2.9560 -11.4094
v -2.2557 -3.2860 -11.4094
v -1.7976 -3.5574 -11.4094
v -1.3074 -3.7652 -11.4094
v -0.7939 -3.9059 -11.4094
v -0.2662 -3.9769 -11.4094
v 0.2662 -3.9769 -11.4094
v 0.7939 -3.9059 -11.4094
v 1.3074 -3.7652 -11.4094
v 1.7976 -3.5574 -11.4094
v 2.2557 -3.2860 -11.4094
v 2.6736 -2.9560 -11.4094
v 3.0437 -2.5733 -11.4094
v 3.3596 -2.1447 -11.4094
v 3.6154 -1.6777 -11.4094
v 3.8068 -1.1809 -11.4094
v 3.9302 -0.6629 -11.4094
v 3.9835 -0.1332 -11.4094
v 3.9657 0.3990 -11.4094
v 3.8772 0.9240 -11.4094
v 3.7194 1.4325 -11.4094
v 3.4953 1.9155 -11.4094
v 3.2088 2.3643 -11.4094
v 2.8651 2.7709 -11.4094
v 2.4702 3.1280 -11.4094
v 2.0312 3.4294 -11.4094
v 1.5560 3.6695 -11.4094
v 1.0530 3.8441 -11.4094
v 0.5313 3.9502 -11.4094
v 0.0000 3.9858 -11.4094
v 0.0000 3.9164 -11.1409
v -0.5220 3.8815 -11.1409
v -1.0347 3.7773 -11.1409
v -1.5289 3.6056 -11.1409
v -1.9959 3.3697 -11.1409
v -2.4272 3.0736 -11.1409
v -2.8152 2.7227 -11.1409
v -3.1530 2.3231 -11.1409
v -3.4345 1.8822 -11.1409
v -3.6547 1.4076 -11.1409
v -3.8097 0.9079 -11.1409
v -3.8967 0.3920 -11.1409
v -3.9142 -0.1309 -11.1409
v -3.8619 -0.6514 -11.1409
v -3.7406 -1.1603 -11.1409
v -3.5525 -1.6486 -11.1409
v -3.3011 -2.1074 -11.1409
v -2.9908 -2.5285 -11.1409
v -2.6271 -2.9046 -11.1409
v -2.2165 -3.2289 -11.1409
v -1.7663 -3.4955 -11.1409
v -1.2847 -3.6997 -11.1409
v -0.7801 -3.8379 -11.1409
v -0.2616 -3.9077 -11.1409
v 0.2616 -3.9077 -11.1409
v 0.7801 -3.8379 -11.1409
v 1.2847 -3.6997 -11.1409
v 1.7663 -3.4955 -11.1409
v 2.2165 -3.2289 -11.1409
v 2.6271 -2.9046 -11.1409
v 2.9908 -2.5285 -11.1409
v 3.3011 -2.1074 -11.1409
v 3.5525 -1.6486 -11.1409
v 3.7406 -1.1603 -11.1409
v 3.8619 -0.6514 -11.1409
v 3.9142 -0.1309 -11.1409
v 3.8967 0.3920 -11.1409
v 3.8097 0.9079 -11.1409
v 3.6547 1.4076 -11.1409
v 3.4345 1.8822 -11.1409
v 3.1530 2.3231 -11.1409
v 2.8152 2.7227 -11.1409
v 2.4272 3.0736 -11.1409
v 1.9959 3.3697 -11.1409
v 1.5289 3.6056 -11.1409
v 1.0347 3.7773 -11.1409
v 0.5220 3.8815 -11.1409
v 0.0000 3.9164 -11.1409
v 0.0000 3.8305 -10.8725
v -0.5105 3.7963 -10.8725
v -1.0120 3.6944 -10.8725
v -1.4954 3.5265 -10.8725
v -1.9521 3.2957 -10.8725
v -2.3739 3.0061 -10.8725
v -2.7534 2.6629 -10.8725
v -3.0838 2.2721 -10.8725
v -3.3591 1.8408 -10.8725
v -3.5745 1.3767 -10.8725
v -3.7261 0.8880 -10.8725
v -3.8112 0.3834 -10.8725
v -3.8283 -0.1280 -10.8725
v -3.7771 -0.6371 -10.8725
v -3.6585 -1.1349 -10.8725
v -3.4746 -1.6124 -10.8725
v -3.2287 -2.0611 -10.8725
v -2.9251 -2.4730 -10.8725
v -2.5694 -2.8409 -10.8725
v -2.1678 -3.1580 -10.8725
v -1.7276 -3.4188 -10.8725
v -1.2565 -3.6185 -10.8725
v -0.7630 -3.7537 -10.8725
v -0.2558 -3.8219 -10.8725
v 0.2558 -3.8219 -10.8725
v 0.7630 -3.7537 -10.8725
v 1.2565 -3.6185 -10.8725
v 1.7276 -3.4188 -10.8725
v 2.1678 -3.1580 -10.8725
v 2.5694 -2.8409 -10.8725
v 2.9251 -2.4730 -10.8725
v 3.2287 -2.0611 -10.8725
v 3.4746 -1.6124 -10.8725
v 3.6585 -1.1349 -10.8725
v 3.7771 -0.6371 -10.8725
v 3.8283 -0.1280 -10.8725
v 3.8112 0.3834 -10.8725
v 3.7261 0.8880 -10.8725
v 3.5745 1.3767 -10.8725
v 3.3591 1.8408 -10.8725
v 3.0838 2.2721 -10.8725
v 2.7534 2.6629 -10.8725
v 2.3739 3.0061 -10.8725
v 1.9521 3.2957 -10.8725
v 1.4954 3.5265 -10.8725
v 1.0120 3.6944 -10.8725
v 0.5105 3.7963 -10.8725
v 0.0000 3.8305 -10.8725
v 0.0000 3.7325 -10.6040
v -0.4975 3.6992 -10.6040
v -0.9861 3.5999 -10.6040
v -1.4571 3.4364 -10.6040
v -1.9022 3.2115 -10.6040
v -2.3132 2.9293 -10.6040
v -2.6830 2.5948 -10.6040
v -3.0050 2.2141 -10.6040
v -3.2732 1.7938 -10.6040
v -3.4831 1.3415 -10.6040
v -3.6309 0.8653 -10.6040
v -3.7138 0.3736 -10.6040
v -3.7304 -0.1247 -10.6040
v -3.6805 -0.6208 -10.6040
v -3.5650 -1.1059 -10.6040
v -3.3857 -1.5712 -10.6040
v -3.1461 -2.0084 -10.6040
v -2.8504 -2.4098 -10.6040
v -2.5037 -2.7682 -10.6040
v -2.1124 -3.0773 -10.6040
v -1.6834 -3.3314 -10.6040
v -1.2244 -3.5260 -10.6040
v -0.7435 -3.6577 -10.6040
v -0.2493 -3.7242 -10.6040
v 0.2493 -3.7242 -10.6040
v 0.7435 -3.6577 -10.6040
v 1.2244 -3.5260 -10.6040
v 1.6834 -3.3314 -10.6040
v 2.1124 -3.0773 -10.6040
v 2.5037 -2.7682 -10.6040
v 2.8504 -2.4098 -10.6040
v 3.1461 -2.0084 -10.6040
v 3.3857 -1.5712 -10.6040
v 3.5650 -1.1059 -10.6040
v 3.6805 -0.6208 -10.6040
v 3.7304 -0.1247 -10.6040
v 3.7138 0.3736 -10.6040
v 3.6309 0.8653 -10.6040
v 3.4831 1.3415 -10.6040
v 3.2732 1.7938 -10.6040
v 3.0050 2.2141 -10.6040
v 2.6830 2.5948 -10.6040
v 2.3132 2.9293 -10.6040
v 1.9022 3.2115 -10.6040
v 1.4571 3.4364 -10.6040
v 0.9861 3.5999 -10.6040
v 0.4975 3.6992 -10.6040
v 0.0000 3.7325 -10.6040
v 0.0000 3.6481 -10.3356
v -0.4862 3.6156 -10.3356
v -0.9638 3.5185 -10.3356
v -1.4242 3.3586 -10.3356
v -1.8591 3.1388 -10.3356
v -2.2609 2.8630 -10.3356
v -2.6223 2.5361 -10.3356
v -2.9370 2.1640 -10.3356
v -3.1992 1.7532 -10.3356
v -3.4043 1.3112 -10.3356
v -3.5487 0.8457 -10.3356
v -3.6298 0.3652 -10.3356
v -3.6461 -0.1219 -10.3356
v -3.5973 -0.6068 -10.3356
v -3.4843 -1.0808 -10.3356
v -3.3092 -1.5356 -10.3356
v -3.0750 -1.9630 -10.3356
v -2.7859 -2.3553 -10.3356
v -2.4471 -2.7056 -10.3356
v -2.0646 -3.0076 -10.3356
v -1.6453 -3.2560 -10.3356
v -1.1967 -3.4462 -10.3356
v -0.7267 -3.5750 -10.3356
v -0.2437 -3.6400 -10.3356
v 0.2437 -3.6400 -10.3356
v 0.7267 -3.5750 -10.3356
v 1.1967 -3.4462 -10.3356
v 1.6453 -3.2560 -10.3356
v 2.0646 -3.0076 -10.3356
v 2.4471 -2.7056 -10.3356
v 2.7859 -2.3553 -10.3356
v 3.0750 -1.9630 -10.3356
v 3.3092 -1.5356 -10.3356
v 3.4843 -1.0808 -10.3356
v 3.5973 -0.6068 -10.3356
v 3.6461 -0.1219 -10.3356
v 3.6298 0.3652 -10.3356
v 3.5487 0.8457 -10.3356
v 3.4043 1.3112 -10.3356
v 3.1992 1.7532 -10.3356
v 2.9370 2.1640 -10.3356
v 2.6223 2.5361 -10.3356
v 2.2609 2.8630 -10.3356
v 1.8591 3.1388 -10.3356
v 1.4242 3.3586 -10.3356
v 0.9638 3.5185 -10.3356
v 0.4862 3.6156 -10.3356
v 0.0000 3.6481 -10.3356
v 0.0000 3.5779 -10.0671
v -0.4769 3.5460 -10.0671
v -0.9453 3.4508 -10.0671
v -1.3968 3.2940 -10.0671
v -1.8234 3.0784 -10.0671
v -2.2174 2.8079 -10.0671
v -2.5719 2.4873 -10.0671
v -2.8805 2.1223 -10.0671
v -3.1377 1.7195 -10.0671
v -3.3388 1.2859 -10.0671
v -3.4805 0.8294 -10.0671
v -3.5599 0.3581 -10.0671
v -3.5759 -0.1196 -10.0671
v -3.5281 -0.5951 -10.0671
v -3.4173 -1.0600 -10.0671
v -3.2455 -1.5061 -10.0671
v -3.0158 -1.9252 -10.0671
v -2.7323 -2.3100 -10.0671
v -2.4000 -2.6536 -10.0671
v -2.0249 -2.9498 -10.0671
v -1.6137 -3.1934 -10.0671
v -1.1736 -3.3799 -10.0671
v -0.7127 -3.5062 -10.0671
v -0.2390 -3.5699 -10.0671
v 0.2390 -3.5699 -10.0671
v 0.7127 -3.5062 -10.0671
v 1.1736 -3.3799 -10.0671
v 1.6137 -3.1934 -10.0671
v 2.0249 -2.9498 -10.0671
v 2.4000 -2.6536 -10.0671
v 2.7323 -2.3100 -10.0671
v 3.0158 -1.9252 -10.0671
v 3.2455 -1.5061 -10.0671
v 3.4173 -1.0600 -10.0671
v 3.5281 -0.5951 -10.0671
v 3.5759 -0.1196 -10.0671
v 3.5599 0.3581 -10.0671
v 3.4805 0.8294 -10.0671
v 3.3388 1.2859 -10.0671
v 3.1377 1.7195 -10.0671
v 2.8805 2.1223 -10.0671
v 2.5719 2.4873 -10.0671
v 2.2174 2.8079 -10.0671
v 1.8234 3.0784 -10.0671
v 1.3968 3.2940 -10.0671
v 0.9453 3.4508 -10.0671
v 0.4769 3.5460 -10.0671
v 0.0000 3.5779 -10.0671
v 0.0000 3.5227 -9.7987
v -0.4695 3.4912 -9.7987
v -0.9307 3.3975 -9.7987
v -1.3752 3.2431 -9.7987
v -1.7952 3.0309 -9.7987
v -2.1832 2.7646 -9.7987
v -2.5322 2.4489 -9.7987
v -2.8360 2.0896 -9.7987
v -3.0892 1.6929 -9.7987
v -3.2873 1.2661 -9.7987
v -3.4267 0.8166 -9.7987
v -3.5050 0.3526 -9.7987
v -3.5207 -0.1177 -9.7987
v -3.4736 -0.5859 -9.7987
v -3.3645 -1.0437 -9.7987
v -3.1954 -1.4828 -9.7987
v -2.9692 -1.8955 -9.7987
v -2.6901 -2.2743 -9.7987
v -2.3629 -2.6126 -9.7987
v -1.9936 -2.9042 -9.7987
v -1.5888 -3.1440 -9.7987
v -1.1555 -3.3277 -9.7987
v -0.7017 -3.4521 -9.7987
v -0.2353 -3.5148 -9.7987
v 0.2353 -3.5148 -9.7987
v 0.7017 -3.4521 -9.7987
v 1.1555 -3.3277 -9.7987
v 1.5888 -3.1440 -9.7987
v 1.9936 -2.9042 -9.7987
v 2.3629 -2.6126 -9.7987
v 2.6901 -2.2743 -9.7987
v 2.9692 -1.8955 -9.7987
v 3.1954 -1.4828 -9.7987
v 3.3645 -1.0437 -9.7987
v 3.4736 -0.5859 -9.7987
v 3.5207 -0.1177 -9.7987
v 3.5050 0.3526 -9.7987
v 3.4267 0.8166 -9.7987
v 3.2873 1.2661 -9.7987
v 3.0892 1.6929 -9.7987
v 2.8360 2.0896 -9.7987
v 2.5322 2.4489 -9.7987
v 2.1832 2.7646 -9.7987
v 1.7952 3.0309 -9.7987
v 1.3752 3.2431 -9.7987
v 0.9307 3.3975 -9.7987
v 0.4695 3.4912 -9.7987
v 0.0000 3.5227 -9.7987
v 0.0000 3.4297 -9.5302
v -0.4571 3.3991 -9.5302
v -0.9061 3.3078 -9.5302
v -1.3389 3.1575 -9.5302
v -1.7478 2.9509 -9.5302
v -2.1255 2.6916 -9.5302
v -2.4653 2.3843 -9.5302
v -2.7611 2.0344 -9.5302
v -3.0077 1.6482 -9.5302
v -3.2005 1.2327 -9.5302
v -3.3362 0.7951 -9.5302
v -3.4125 0.3433 -9.5302
v -3.4278 -0.1146 -9.5302
v -3.3819 -0.5705 -9.5302
v -3.2757 -1.0161 -9.5302
v -3.1110 -1.4437 -9.5302
v -2.8908 -1.8454 -9.5302
v -2.6191 -2.2143 -9.5302
v -2.3006 -2.5436 -9.5302
v -1.9410 -2.8276 -9.5302
v -1.5468 -3.0611 -9.5302
v -1.1250 -3.2399 -9.5302
v -0.6831 -3.3610 -9.5302
v -0.2291 -3.4220 -9.5302
v 0.2291 -3.4220 -9.5302
v 0.6831 -3.3610 -9.5302
v 1.1250 -3.2399 -9.5302
v 1.5468 -3.0611 -9.5302
v 1.9410 -2.8276 -9.5302
v 2.3006 -2.5436 -9.5302
v 2.6191 -2.2143 -9.5302
v 2.8908 -1.8454 -9.5302
v 3.1110 -1.4437 -9.5302
v 3.2757 -1.0161 -9.5302
v 3.3819 -0.5705 -9.5302
v 3.4278 -0.1146 -9.5302
v 3.4125 0.3433 -9.5302
v 3.3362 0.7951 -9.5302
v 3.2005 1.2327 -9.5302
v 3.0077 1.6482 -9.5302
v 2.7611 2.0344 -9.5302
v 2.4653 2.3843 -9.5302
v 2.1255 2.6916 -9.5302
v 1.7478 2.9509 -9.5302
v 1.3389 3.1575 -9.5302
v 0.9061 3.3078 -9.5302
v 0.4571 3.3991 -9.5302
v 0.0000 3.4297 -9.5302
v 0.0000 3.3439 -9.2617
v -0.4457 3.3140 -9.2617
v -0.8834 3.2250 -9.2617
v -1.3054 3.0785 -9.2617
v -1.7041 2.8771 -9.2617
v -2.0724 2.6243 -9.2617
v -2.4036 2.3246 -9.2617
v -2.6920 1.9835 -9.2617
v -2.9324 1.6070 -9.2617
v -3.1204 1.2018 -9.2617
v -3.2528 0.7752 -9.2617
v -3.3271 0.3347 -9.2617
v -3.3420 -0.1117 -9.2617
v -3.2973 -0.5562 -9.2617
v -3.1937 -0.9907 -9.2617
v -3.0332 -1.4075 -9.2617
v -2.8185 -1.7993 -9.2617
v -2.5535 -2.1589 -9.2617
v -2.2430 -2.4800 -9.2617
v -1.8924 -2.7568 -9.2617
v -1.5081 -2.9845 -9.2617
v -1.0969 -3.1588 -9.2617
v -0.6660 -3.2768 -9.2617
v -0.2233 -3.3364 -9.2617
v 0.2233 -3.3364 -9.2617
v 0.6660 -3.2768 -9.2617
v 1.0969 -3.1588 -9.2617
v 1.5081 -2.9845 -9.2617
v 1.8924 -2.7568 -9.2617
v 2.2430 -2.4800 -9.2617
v 2.5535 -2.1589 -9.2617
v 2.8185 -1.7993 -9.2617
v 3.0332 -1.4075 -9.2617
v 3.1937 -0.9907 -9.2617
v 3.2973 -0.5562 -9.2617
v 3.3420 -0.1117 -9.2617
v 3.3271 0.3347 -9.2617
v 3.2528 0.7752 -9.2617
v 3.1204 1.2018 -9.2617
v 2.9324 1.6070 -9.2617
v 2.6920 1.9835 -9.2617
v 2.4036 2.3246 -9.2617
v 2.0724 2.6243 -9.2617
v 1.7041 2.8771 -9.2617
v 1.3054 3.0785 -9.2617
v 0.8834 3.2250 -9.2617
v 0.4457 3.3140 -9.2617
v 0.0000 3.3439 -9.2617
v 0.0000 3.2733 -8.9933
v -0.4363 3.2440 -8.9933
v -0.8648 3.1570 -8.9933
v -1.2778 3.0135 -8.9933
v -1.6681 2.8163 -8.9933
v -2.0286 2.5688 -8.9933
v -2.3529 2.2755 -8.9933
v -2.6352 1.9416 -8.9933
v -2.8705 1.5731 -8.9933
v -3.0545 1.1764 -8.9933
v -3.1841 0.7588 -8.9933
v -3.2568 0.3276 -8.9933
v -3.2714 -0.1094 -8.9933
v -3.2277 -0.5444 -8.9933
v -3.1263 -0.9698 -8.9933
v -2.9691 -1.3778 -8.9933
v -2.7590 -1.7613 -8.9933
v -2.4996 -2.1133 -8.9933
v -2.1956 -2.4276 -8.9933
v -1.8525 -2.6986 -8.9933
v -1.4763 -2.9214 -8.9933
v -1.0737 -3.0921 -8.9933
v -0.6520 -3.2077 -8.9933
v -0.2186 -3.2659 -8.9933
v 0.2186 -3.2659 -8.9933
v 0.6520 -3.2077 -8.9933
v 1.0737 -3.0921 -8.9933
v 1.4763 -2.9214 -8.9933
v 1.8525 -2.6986 -8.9933
v 2.1956 -2.4276 -8.9933
v 2.4996 -2.1133 -8.9933
v 2.7590 -1.7613 -8.9933
v 2.9691 -1.3778 -8.9933
v 3.1263 -0.9698 -8.9933
v 3.2277 -0.5444 -8.9933
v 3.2714 -0.1094 -8.9933
v 3.2568 0.3276 -8.9933
v 3.1841 0.7588 -8.9933
v 3.0545 1.1764 -8.9933
v 2.8705 1.5731 -8.9933
v 2.6352 1.9416 -8.9933
v 2.3529 2.2755 -8.9933
v 2.0286 2.5688 -8.9933
v 1.6681 2.8163 -8.9933
v 1.2778 3.0135 -8.9933
v 0.8648 3.1570 -8.9933
v 0.4363 3.2440 -8.9933
v 0.0000 3.2733 -8.9933
v 0.0000 3.2187 -8.7248
v -0.4290 3.1899 -8.7248
v -0.8504 3.1043 -8.7248
v -1.2565 2.9633 -8.7248
v -1.6403 2.7693 -8.7248
v -1.9948 2.5260 -8.7248
v -2.3136 2.2376 -8.7248
v -2.5912 1.9092 -8.7248
v -2.8226 1.5468 -8.7248
v -3.0036 1.1568 -8.7248
v -3.1310 0.7461 -8.7248
v -3.2025 0.3222 -8.7248
v -3.2169 -0.1076 -8.7248
v -3.1738 -0.5354 -8.7248
v -3.0741 -0.9536 -8.7248
v -2.9196 -1.3548 -8.7248
v -2.7130 -1.7319 -8.7248
v -2.4579 -2.0781 -8.7248
v -2.1590 -2.3871 -8.7248
v -1.8216 -2.6536 -8.7248
v -1.4516 -2.8727 -8.7248
v -1.0558 -3.0406 -8.7248
v -0.6411 -3.1542 -8.7248
v -0.2150 -3.2115 -8.7248
v 0.2150 -3.2115 -8.7248
v 0.6411 -3.1542 -8.7248
v 1.0558 -3.0406 -8.7248
v 1.4516 -2.8727 -8.7248
v 1.8216 -2.6536 -8.7248
v 2.1590 -2.3871 -8.7248
v 2.4579 -2.0781 -8.7248
v 2.7130 -1.7319 -8.7248
v 2.9196 -1.3548 -8.7248
v 3.0741 -0.9536 -8.7248
v 3.1738 -0.5354 -8.7248
v 3.2169 -0.1076 -8.7248
v 3.2025 0.3222 -8.7248
v 3.1310 0.7461 -8.7248
v 3.0036 1.1568 -8.7248
v 2.8226 1.5468 -8.7248
v 2.5912 1.9092 -8.7248
v 2.3136 2.2376 -8.7248
v 1.9948 2.5260 -8.7248
v 1.6403 2.7693 -8.7248
v 1.2565 2.9633 -8.7248
v 0.8504 3.1043 -8.7248
v 0.4290 3.1899 -8.7248
v 0.0000 3.2187 -8.7248
v 0.0000 3.1596 -8.4564
v -0.4211 3.1314 -8.4564
v -0.8348 3.0474 -8.4564
v -1.2335 2.9089 -8.4564
v -1.6102 2.7186 -8.4564
v -1.9582 2.4797 -8.4564
v -2.2712 2.1966 -8.4564
v -2.5437 1.8742 -8.4564
v -2.7708 1.5185 -8.4564
v -2.9485 1.1356 -8.4564
v -3.0736 0.7325 -8.4564
v -3.1438 0.3163 -8.4564
v -3.1579 -0.1056 -8.4564
v -3.1156 -0.5255 -8.4564
v -3.0178 -0.9361 -8.4564
v -2.8661 -1.3300 -8.4564
v -2.6632 -1.7001 -8.4564
v -2.4129 -2.0400 -8.4564
v -2.1194 -2.3434 -8.4564
v -1.7882 -2.6049 -8.4564
v -1.4250 -2.8200 -8.4564
v -1.0364 -2.9848 -8.4564
v -0.6294 -3.0963 -8.4564
v -0.2110 -3.1526 -8.4564
v 0.2110 -3.1526 -8.4564
v 0.6294 -3.0963 -8.4564
v 1.0364 -2.9848 -8.4564
v 1.4250 -2.8200 -8.4564
v 1.7882 -2.6049 -8.4564
v 2.1194 -2.3434 -8.4564
v 2.4129 -2.0400 -8.4564
v 2.6632 -1.7001 -8.4564
v 2.8661 -1.3300 -8.4564
v 3.0178 -0.9361 -8.4564
v 3.1156 -0.5255 -8.4564
v 3.1579 -0.1056 -8.4564
v 3.1438 0.3163 -8.4564
v 3.0736 0.7325 -8.4564
v 2.9485 1.1356 -8.4564
v 2.7708 1.5185 -8.4564
v 2.5437 1.8742 -8.4564
v 2.2712 2.1966 -8.4564
v 1.9582 2.4797 -8.4564
v 1.6102 2.7186 -8.4564
v 1.2335 2.9089 -8.4564
v 0.8348 3.0474 -8.4564
v 0.4211 3.1314 -8.4564
v 0.0000 3.1596 -8.4564
v 0.0000 3.0729 -8.1879
v -0.4096 3.0455 -8.1879
v -0.8119 2.9637 -8.1879
v -1.1996 2.8291 -8.1879
v -1.5660 2.6439 -8.1879
v -1.9044 2.4116 -8.1879
v -2.2089 2.1363 -8.1879
v -2.4739 1.8228 -8.1879
v -2.6948 1.4768 -8.1879
v -2.8676 1.1044 -8.1879
v -2.9892 0.7124 -8.1879
v -3.0575 0.3076 -8.1879
v -3.0712 -0.1027 -8.1879
v -3.0301 -0.5111 -8.1879
v -2.9350 -0.9104 -8.1879
v -2.7874 -1.2935 -8.1879
v -2.5901 -1.6535 -8.1879
v -2.3466 -1.9840 -8.1879
v -2.0613 -2.2790 -8.1879
v -1.7391 -2.5334 -8.1879
v -1.3859 -2.7426 -8.1879
v -1.0080 -2.9029 -8.1879
v -0.6121 -3.0113 -8.1879
v -0.2052 -3.0661 -8.1879
v 0.2052 -3.0661 -8.1879
v 0.6121 -3.0113 -8.1879
v 1.0080 -2.9029 -8.1879
v 1.3859 -2.7426 -8.1879
v 1.7391 -2.5334 -8.1879
v 2.0613 -2.2790 -8.1879
v 2.3466 -1.9840 -8.1879
v 2.5901 -1.6535 -8.1879
v 2.7874 -1.2935 -8.1879
v 2.9350 -0.9104 -8.1879
v 3.0301 -0.5111 -8.1879
v 3.0712 -0.1027 -8.1879
v 3.0575 0.3076 -8.1879
v 2.9892 0.7124 -8.1879
v 2.8676 1.1044 -8.1879
v 2.6948 1.4768 -8.1879
v 2.4739 1.8228 -8.1879
v 2.2089 2.1363 -8.1879
v 1.9044 2.4116 -8.1879
v 1.5660 2.6439 -8.1879
v 1.1996 2.8291 -8.1879
v 0.8119 2.9637 -8.1879
v 0.4096 3.0455 -8.1879
v 0.0000 3.0729 -8.1879
v 0.0000 3.0024 -7.9195
v -0.4002 2.9756 -7.9195
v -0.7932 2.8958 -7.9195
v -1.1721 2.7642 -7.9195
v -1.5301 2.5833 -7.9195
v -1.8608 2.3563 -7.9195
v -2.1582 2.0873 -7.9195
v -2.4172 1.7810 -7.9195
v -2.6330 1.4429 -7.9195
v -2.8018 1.0791 -7.9195
v -2.9206 0.6960 -7.9195
v -2.9874 0.3005 -7.9195
v -3.0008 -0.1003 -7.9195
v -2.9606 -0.4994 -7.9195
v -2.8676 -0.8895 -7.9195
v -2.7235 -1.2638 -7.9195
v -2.5307 -1.6156 -7.9195
v -2.2928 -1.9385 -7.9195
v -2.0140 -2.2268 -7.9195
v -1.6992 -2.4753 -7.9195
v -1.3541 -2.6797 -7.9195
v -0.9849 -2.8363 -7.9195
v -0.5980 -2.9423 -7.9195
v -0.2005 -2.9957 -7.9195
v 0.2005 -2.9957 -7.9195
v 0.5980 -2.9423 -7.9195
v 0.9849 -2.8363 -7.9195
v 1.3541 -2.6797 -7.9195
v 1.6992 -2.4753 -7.9195
v 2.0140 -2.2268 -7.9195
v 2.2928 -1.9385 -7.9195
v 2.5307 -1.6156 -7.9195
v 2.7235 -1.2638 -7.9195
v 2.8676 -0.8895 -7.9195
v 2.9606 -0.4994 -7.9195
v 3.0008 -0.1003 -7.9195
v 2.9874 0.3005 -7.9195
v 2.9206 0.6960 -7.9195
v 2.8018 1.0791 -7.9195
v 2.6330 1.4429 -7.9195
v 2.4172 1.7810 -7.9195
v 2.1582 2.0873 -7.9195
v 1.8608 2.3563 -7.9195
v 1.5301 2.5833 -7.9195
v 1.1721 2.7642 -7.9195
v 0.7932 2.8958 -7.9195
v 0.4002 2.9756 -7.9195
v 0.0000 3.0024 -7.9195
v 0.0000 2.9491 -7.6510
v -0.3931 2.9227 -7.6510
v -0.7791 2.8443 -7.6510
v -1.1513 2.7151 -7.6510
v -1.5029 2.5374 -7.6510
v -1.8277 2.3144 -7.6510
v -2.1199 2.0502 -7.6510
v -2.3742 1.7493 -7.6510
v -2.5862 1.4173 -7.6510
v -2.7520 1.0599 -7.6510
v -2.8687 0.6837 -7.6510
v -2.9343 0.2952 -7.6510
v -2.9474 -0.0985 -7.6510
v -2.9080 -0.4905 -7.6510
v -2.8167 -0.8737 -7.6510
v -2.6751 -1.2414 -7.6510
v -2.4857 -1.5868 -7.6510
v -2.2521 -1.9040 -7.6510
v -1.9782 -2.1872 -7.6510
v -1.6690 -2.4313 -7.6510
v -1.3301 -2.6321 -7.6510
v -0.9674 -2.7859 -7.6510
v -0.5874 -2.8900 -7.6510
v -0.1970 -2.9425 -7.6510
v 0.1970 -2.9425 -7.6510
v 0.5874 -2.8900 -7.6510
v 0.9674 -2.7859 -7.6510
v 1.3301 -2.6321 -7.6510
v 1.6690 -2.4313 -7.6510
v 1.9782 -2.1872 -7.6510
v 2.2521 -1.9040 -7.6510
v 2.4857 -1.5868 -7.6510
v 2.6751 -1.2414 -7.6510
v 2.8167 -0.8737 -7.6510
v 2.9080 -0.4905 -7.6510
v 2.9474 -0.0985 -7.6510
v 2.9343 0.2952 -7.6510
v 2.8687 0.6837 -7.6510
v 2.7520 1.0599 -7.6510
v 2.5862 1.4173 -7.6510
v 2.3742 1.7493 -7.6510
v 2.1199 2.0502 -7.6510
v 1.8277 2.3144 -7.6510
v 1.5029 2.5374 -7.6510
v 1.1513 2.7151 -7.6510
v 0.7791 2.8443 -7.6510
v 0.3931 2.9227 -7.6510
v 0.0000 2.9491 -7.6510
v 0.0000 2.9133 -7.3826
v -0.3883 2.8873 -7.3826
v -0.7697 2.8098 -7.3826
v -1.1373 2.6821 -7.3826
v -1.4847 2.5066 -7.3826
v -1.8055 2.2863 -7.3826
v -2.0941 2.0253 -7.3826
v -2.3454 1.7281 -7.3826
v -2.5548 1.4001 -7.3826
v -2.7186 1.0471 -7.3826
v -2.8339 0.6754 -7.3826
v -2.8986 0.2916 -7.3826
v -2.9116 -0.0973 -7.3826
v -2.8727 -0.4846 -7.3826
v -2.7825 -0.8631 -7.3826
v -2.6426 -1.2263 -7.3826
v -2.4556 -1.5676 -7.3826
v -2.2247 -1.8809 -7.3826
v -1.9542 -2.1606 -7.3826
v -1.6488 -2.4018 -7.3826
v -1.3139 -2.6002 -7.3826
v -0.9556 -2.7521 -7.3826
v -0.5803 -2.8549 -7.3826
v -0.1946 -2.9068 -7.3826
v 0.1946 -2.9068 -7.3826
v 0.5803 -2.8549 -7.3826
v 0.9556 -2.7521 -7.3826
v 1.3139 -2.6002 -7.3826
v 1.6488 -2.4018 -7.3826
v 1.9542 -2.1606 -7.3826
v 2.2247 -1.8809 -7.3826
v 2.4556 -1.5676 -7.3826
v 2.6426 -1.2263 -7.3826
v 2.7825 -0.8631 -7.3826
v 2.8727 -0.4846 -7.3826
v 2.9116 -0.0973 -7.3826
v 2.8986 0.2916 -7.3826
v 2.8339 0.6754 -7.3826
v 2.7186 1.0471 -7.3826
v 2.5548 1.4001 -7.3826
v 2.3454 1.7281 -7.3826
v 2.0941 2.0253 -7.3826
v 1.8055 2.2863 -7.3826
v 1.4847 2.5066 -7.3826
v 1.1373 2.6821 -7.3826
v 0.7697 2.8098 -7.3826
v 0.3883 2.8873 -7.3826
v 0.0000 2.9133 -7.3826
v 0.0000 2.8353 -7.1141
v -0.3779 2.8100 -7.1141
v -0.7491 2.7345 -7.1141
v -1.1069 2.6103 -7.1141
v -1.4449 2.4395 -7.1141
v -1.7571 2.2251 -7.1141
v -2.0380 1.9710 -7.1141
v -2.2826 1.6818 -7.1141
v -2.4864 1.3626 -7.1141
v -2.6458 1.0190 -7.1141
v -2.7580 0.6573 -7.1141
v -2.8210 0.2838 -7.1141
v -2.8337 -0.0947 -7.1141
v -2.7958 -0.4716 -7.1141
v -2.7080 -0.8400 -7.1141
v -2.5718 -1.1935 -7.1141
v -2.3898 -1.5256 -7.1141
v -2.1651 -1.8305 -7.1141
v -1.9018 -2.1028 -7.1141
v -1.6046 -2.3375 -7.1141
v -1.2787 -2.5305 -7.1141
v -0.9300 -2.6784 -7.1141
v -0.5647 -2.7784 -7.1141
v -0.1894 -2.8289 -7.1141
v 0.1894 -2.8289 -7.1141
v 0.5647 -2.7784 -7.1141
v 0.9300 -2.6784 -7.1141
v 1.2787 -2.5305 -7.1141
v 1.6046 -2.3375 -7.1141
v 1.9018 -2.1028 -7.1141
v 2.1651 -1.8305 -7.1141
v 2.3898 -1.5256 -7.1141
v 2.5718 -1.1935 -7.1141
v 2.7080 -0.8400 -7.1141
v 2.7958 -0.4716 -7.1141
v 2.8337 -0.0947 -7.1141
v 2.8210 0.2838 -7.1141
v 2.7580 0.6573 -7.1141
v 2.6458 1.0190 -7.1141
v 2.4864 1.3626 -7.1141
v 2.2826 1.6818 -7.1141
v 2.0380 1.9710 -7.1141
v 1.7571 2.2251 -7.1141
v 1.4449 2.4395 -7.1141
v 1.1069 2.6103 -7.1141
v 0.7491 2.7345 -7.1141
v 0.3779 2.8100 -7.1141
v 0.0000 2.8353 -7.1141
v 0.0000 2.7655 -6.8456
v -0.3686 2.7408 -6.8456
v -0.7306 2.6673 -6.8456
v -1.0796 2.5461 -6.8456
v -1.4094 2.3795 -6.8456
v -1.7139 2.1704 -6.8456
v -1.9879 1.9226 -6.8456
v -2.2264 1.6404 -6.8456
v -2.4252 1.3291 -6.8456
v -2.5807 0.9939 -6.8456
v -2.6902 0.6411 -6.8456
v -2.7516 0.2768 -6.8456
v -2.7640 -0.0924 -6.8456
v -2.7270 -0.4600 -6.8456
v -2.6414 -0.8194 -6.8456
v -2.5086 -1.1641 -6.8456
v -2.3310 -1.4881 -6.8456
v -2.1119 -1.7855 -6.8456
v -1.8551 -2.0511 -6.8456
v -1.5651 -2.2800 -6.8456
v -1.2473 -2.4683 -6.8456
v -0.9072 -2.6125 -6.8456
v -0.5509 -2.7101 -6.8456
v -0.1847 -2.7593 -6.8456
v 0.1847 -2.7593 -6.8456
v 0.5509 -2.7101 -6.8456
v 0.9072 -2.6125 -6.8456
v 1.2473 -2.4683 -6.8456
v 1.5651 -2.2800 -6.8456
v 1.8551 -2.0511 -6.8456
v 2.1119 -1.7855 -6.8456
v 2.3310 -1.4881 -6.8456
v 2.5086 -1.1641 -6.8456
v 2.6414 -0.8194 -6.8456
v 2.7270 -0.4600 -6.8456
v 2.7640 -0.0924 -6.8456
v 2.7516 0.2768 -6.8456
v 2.6902 0.6411 -6.8456
v 2.5807 0.9939 -6.8456
v 2.4252 1.3291 -6.8456
v 2.2264 1.6404 -6.8456
v 1.9879 1.9226 -6.8456
v 1.7139 2.1704 -6.8456
v 1.4094 2.3795 -6.8456
v 1.0796 2.5461 -6.8456
v 0.7306 2.6673 -6.8456
v 0.3686 2.7408 -6.8456
v 0.0000 2.7655 -6.8456
v 0.0000 2.7140 -6.5772
v -0.3617 2.6898 -6.5772
v -0.7170 2.6176 -6.5772
v -1.0595 2.4987 -6.5772
v -1.3831 2.3352 -6.5772
v -1.6820 2.1300 -6.5772
v -1.9509 1.8868 -6.5772
v -2.1850 1.6099 -6.5772
v -2.3801 1.3043 -6.5772
v -2.5327 0.9754 -6.5772
v -2.6401 0.6292 -6.5772
v -2.7004 0.2717 -6.5772
v -2.7125 -0.0907 -6.5772
v -2.6762 -0.4514 -6.5772
v -2.5922 -0.8041 -6.5772
v -2.4619 -1.1424 -6.5772
v -2.2876 -1.4604 -6.5772
v -2.0726 -1.7523 -6.5772
v -1.8205 -2.0129 -6.5772
v -1.5360 -2.2376 -6.5772
v -1.2241 -2.4223 -6.5772
v -0.8903 -2.5639 -6.5772
v -0.5406 -2.6597 -6.5772
v -0.1813 -2.7080 -6.5772
v 0.1813 -2.7080 -6.5772
v 0.5406 -2.6597 -6.5772
v 0.8903 -2.5639 -6.5772
v 1.2241 -2.4223 -6.5772
v 1.5360 -2.2376 -6.5772
v 1.8205 -2.0129 -6.5772
v 2.0726 -1.7523 -6.5772
v 2.2876 -1.4604 -6.5772
v 2.4619 -1.1424 -6.5772
v 2.5922 -0.8041 -6.5772
v 2.6762 -0.4514 -6.5772
v 2.7125 -0.0907 -6.5772
v 2.7004 0.2717 -6.5772
v 2.6401 0.6292 -6.5772
v 2.5327 0.9754 -6.5772
v 2.3801 1.3043 -6.5772
v 2.1850 1.6099 -6.5772
v 1.9509 1.8868 -6.5772
v 1.6820 2.1300 -6.5772
v 1.3831 2.3352 -6.5772
v 1.0595 2.4987 -6.5772
v 0.7170 2.6176 -6.5772
v 0.3617 2.6898 -6.5772
v 0.0000 2.7140 -6.5772
v 0.0000 2.6816 -6.3087
v -0.3574 2.6577 -6.3087
v -0.7085 2.5863 -6.3087
v -1.0469 2.4688 -6.3087
v -1.3666 2.3073 -6.3087
v -1.6619 2.1045 -6.3087
v -1.9276 1.8642 -6.3087
v -2.1589 1.5907 -6.3087
v -2.3516 1.2887 -6.3087
v -2.5024 0.9638 -6.3087
v -2.6086 0.6217 -6.3087
v -2.6681 0.2684 -6.3087
v -2.6801 -0.0896 -6.3087
v -2.6443 -0.4460 -6.3087
v -2.5612 -0.7945 -6.3087
v -2.4325 -1.1288 -6.3087
v -2.2603 -1.4429 -6.3087
v -2.0478 -1.7313 -6.3087
v -1.7988 -1.9888 -6.3087
v -1.5176 -2.2108 -6.3087
v -1.2094 -2.3934 -6.3087
v -0.8796 -2.5332 -6.3087
v -0.5341 -2.6279 -6.3087
v -0.1791 -2.6756 -6.3087
v 0.1791 -2.6756 -6.3087
v 0.5341 -2.6279 -6.3087
v 0.8796 -2.5332 -6.3087
v 1.2094 -2.3934 -6.3087
v 1.5176 -2.2108 -6.3087
v 1.7988 -1.9888 -6.3087
v 2.0478 -1.7313 -6.3087
v 2.2603 -1.4429 -6.3087
v 2.4325 -1.1288 -6.3087
v 2.5612 -0.7945 -6.3087
v 2.6443 -0.4460 -6.3087
v 2.6801 -0.0896 -6.3087
v 2.6681 0.2684 -6.3087
v 2.6086 0.6217 -6.3087
v 2.5024 0.9638 -6.3087
v 2.3516 1.2887 -6.3087
v 2.1589 1.5907 -6.3087
v 1.9276 1.8642 -6.3087
v 1.6619 2.1045 -6.3087
v 1.3666 2.3073 -6.3087
v 1.0469 2.4688 -6.3087
v 0.7085 2.5863 -6.3087
v 0.3574 2.6577 -6.3087
v 0.0000 2.6816 -6.3087
v 0.0000 2.6309 -6.0403
v -0.3507 2.6074 -6.0403
v -0.6951 2.5374 -6.0403
v -1.0271 2.4221 -6.0403
v -1.3407 2.2636 -6.0403
v -1.6305 2.0647 -6.0403
v -1.8911 1.8290 -6.0403
v -2.1180 1.5606 -6.0403
v -2.3071 1.2644 -6.0403
v -2.4551 0.9456 -6.0403
v -2.5592 0.6099 -6.0403
v -2.6177 0.2633 -6.0403
v -2.6294 -0.0879 -6.0403
v -2.5942 -0.4376 -6.0403
v -2.5128 -0.7795 -6.0403
v -2.3864 -1.1074 -6.0403
v -2.2175 -1.4156 -6.0403
v -2.0091 -1.6986 -6.0403
v -1.7648 -1.9512 -6.0403
v -1.4889 -2.1690 -6.0403
v -1.1866 -2.3481 -6.0403
v -0.8630 -2.4853 -6.0403
v -0.5240 -2.5782 -6.0403
v -0.1757 -2.6250 -6.0403
v 0.1757 -2.6250 -6.0403
v 0.5240 -2.5782 -6.0403
v 0.8630 -2.4853 -6.0403
v 1.1866 -2.3481 -6.0403
v 1.4889 -2.1690 -6.0403
v 1.7648 -1.9512 -6.0403
v 2.0091 -1.6986 -6.0403
v 2.2175 -1.4156 -6.0403
v 2.3864 -1.1074 -6.0403
v 2.5128 -0.7795 -6.0403
v 2.5942 -0.4376 -6.0403
v 2.6294 -0.0879 -6.0403
v 2.6177 0.2633 -6.0403
v 2.5592 0.6099 -6.0403
v 2.4551 0.9456 -6.0403
v 2.3071 1.2644 -6.0403
v 2.1180 1.5606 -6.0403
v 1.8911 1.8290 -6.0403
v 1.6305 2.0647 -6.0403
v 1.3407 2.2636 -6.0403
v 1.0271 2.4221 -6.0403
v 0.6951 2.5374 -6.0403
v 0.3507 2.6074 -6.0403
v 0.0000 2.6309 -6.0403
v 0.0000 2.5626 -5.7718
v -0.3416 2.5398 -5.7718
v -0.6770 2.4716 -5.7718
v -1.0004 2.3593 -5.7718
v -1.3060 2.2049 -5.7718
v -1.5882 2.0112 -5.7718
v -1.8421 1.7815 -5.7718
v -2.0631 1.5201 -5.7718
v -2.2473 1.2316 -5.7718
v -2.3914 0.9210 -5.7718
v -2.4928 0.5941 -5.7718
v -2.5498 0.2565 -5.7718
v -2.5612 -0.0856 -5.7718
v -2.5269 -0.4262 -5.7718
v -2.4476 -0.7592 -5.7718
v -2.3246 -1.0787 -5.7718
v -2.1600 -1.3789 -5.7718
v -1.9570 -1.6545 -5.7718
v -1.7190 -1.9006 -5.7718
v -1.4503 -2.1128 -5.7718
v -1.1558 -2.2872 -5.7718
v -0.8406 -2.4209 -5.7718
v -0.5104 -2.5113 -5.7718
v -0.1712 -2.5569 -5.7718
v 0.1712 -2.5569 -5.7718
v 0.5104 -2.5113 -5.7718
v 0.8406 -2.4209 -5.7718
v 1.1558 -2.2872 -5.7718
v 1.4503 -2.1128 -5.7718
v 1.7190 -1.9006 -5.7718
v 1.9570 -1.6545 -5.7718
v 2.1600 -1.3789 -5.7718
v 2.3246 -1.0787 -5.7718
v 2.4476 -0.7592 -5.7718
v 2.5269 -0.4262 -5.7718
v 2.5612 -0.0856 -5.7718
v 2.5498 0.2565 -5.7718
v 2.4928 0.5941 -5.7718
v 2.3914 0.9210 -5.7718
v 2.2473 1.2316 -5.7718
v 2.0631 1.5201 -5.7718
v 1.8421 1.7815 -5.7718
v 1.5882 2.0112 -5.7718
v 1.3060 2.2049 -5.7718
v 1.0004 2.3593 -5.7718
v 0.6770 2.4716 -5.7718
v 0.3416 2.5398 -5.7718
v 0.0000 2.5626 -5.7718
v 0.0000 2.5138 -5.5034
v -0.3351 2.4914 -5.5034
v -0.6641 2.4245 -5.5034
v -0.9814 2.3143 -5.5034
v -1.2811 2.1629 -5.5034
v -1.5579 1.9728 -5.5034
v -1.8070 1.7476 -5.5034
v -2.0238 1.4911 -5.5034
v -2.2045 1.2081 -5.5034
v -2.3458 0.9035 -5.5034
v -2.4453 0.5828 -5.5034
v -2.5012 0.2516 -5.5034
v -2.5124 -0.0840 -5.5034
v -2.4788 -0.4181 -5.5034
v -2.4009 -0.7448 -5.5034
v -2.2802 -1.0581 -5.5034
v -2.1189 -1.3526 -5.5034
v -1.9197 -1.6230 -5.5034
v -1.6862 -1.8644 -5.5034
v -1.4227 -2.0725 -5.5034
v -1.1338 -2.2436 -5.5034
v -0.8246 -2.3747 -5.5034
v -0.5007 -2.4634 -5.5034
v -0.1679 -2.5082 -5.5034
v 0.1679 -2.5082 -5.5034
v 0.5007 -2.4634 -5.5034
v 0.8246 -2.3747 -5.5034
v 1.1338 -2.2436 -5.5034
v 1.4227 -2.0725 -5.5034
v 1.6862 -1.8644 -5.5034
v 1.9197 -1.6230 -5.5034
v 2.1189 -1.3526 -5.5034
v 2.2802 -1.0581 -5.5034
v 2.4009 -0.7448 -5.5034
v 2.4788 -0.4181 -5.5034
v 2.5124 -0.0840 -5.5034
v 2.5012 0.2516 -5.5034
v 2.4453 0.5828 -5.5034
v 2.3458 0.9035 -5.5034
v 2.2045 1.2081 -5.5034
v 2.0238 1.4911 -5.5034
v 1.8070 1.7476 -5.5034
v 1.5579 1.9728 -5.5034
v 1.2811 2.1629 -5.5034
v 0.9814 2.3143 -5.5034
v 0.6641 2.4245 -5.5034
v 0.3351 2.4914 -5.5034
v 0.0000 2.5138 -5.5034
v 0.0000 2.4852 -5.2349
v -0.3312 2.4630 -5.2349
v -0.6566 2.3969 -5.2349
v -0.9702 2.2880 -5.2349
v -1.2665 2.1383 -5.2349
v -1.5402 1.9504 -5.2349
v -1.7864 1.7277 -5.2349
v -2.0008 1.4742 -5.2349
v -2.1794 1.1943 -5.2349
v -2.3191 0.8932 -5.2349
v -2.4175 0.5761 -5.2349
v -2.4727 0.2488 -5.2349
v -2.4838 -0.0830 -5.2349
v -2.4506 -0.4134 -5.2349
v -2.3736 -0.7363 -5.2349
v -2.2543 -1.0461 -5.2349
v -2.0948 -1.3372 -5.2349
v -1.8978 -1.6045 -5.2349
v -1.6670 -1.8432 -5.2349
v -1.4065 -2.0489 -5.2349
v -1.1209 -2.2181 -5.2349
v -0.8152 -2.3477 -5.2349
v -0.4950 -2.4354 -5.2349
v -0.1660 -2.4797 -5.2349
v 0.1660 -2.4797 -5.2349
v 0.4950 -2.4354 -5.2349
v 0.8152 -2.3477 -5.2349
v 1.1209 -2.2181 -5.2349
v 1.4065 -2.0489 -5.2349
v 1.6670 -1.8432 -5.2349
v 1.8978 -1.6045 -5.2349
v 2.0948 -1.3372 -5.2349
v 2.2543 -1.0461 -5.2349
v 2.3736 -0.7363 -5.2349
v 2.4506 -0.4134 -5.2349
v 2.4838 -0.0830 -5.2349
v 2.4727 0.2488 -5.2349
v 2.4175 0.5761 -5.2349
v 2.3191 0.8932 -5.2349
v 2.1794 1.1943 -5.2349
v 2.0008 1.4742 -5.2349
v 1.7864 1.7277 -5.2349
v 1.5402 1.9504 -5.2349
v 1.2665 2.1383 -5.2349
v 0.9702 2.2880 -5.2349
v 0.6566 2.3969 -5.2349
v 0.3312 2.4630 -5.2349
v 0.0000 2.4852 -5.2349
v 0.0000 2.4599 -4.9664
v -0.3279 2.4380 -4.9664
v -0.6499 2.3725 -4.9664
v -0.9603 2.2647 -4.9664
v -1.2536 2.1165 -4.9664
v -1.5245 1.9305 -4.9664
v -1.7682 1.7101 -4.9664
v -1.9804 1.4592 -4.9664
v -2.1572 1.1822 -4.9664
v -2.2955 0.8841 -4.9664
v -2.3929 0.5703 -4.9664
v -2.4476 0.2462 -4.9664
v -2.4585 -0.0822 -4.9664
v -2.4256 -0.4092 -4.9664
v -2.3495 -0.7288 -4.9664
v -2.2314 -1.0355 -4.9664
v -2.0734 -1.3236 -4.9664
v -1.8785 -1.5882 -4.9664
v -1.6501 -1.8244 -4.9664
v -1.3922 -2.0280 -4.9664
v -1.1094 -2.1955 -4.9664
v -0.8069 -2.3238 -4.9664
v -0.4900 -2.4106 -4.9664
v -0.1643 -2.4544 -4.9664
v 0.1643 -2.4544 -4.9664
v 0.4900 -2.4106 -4.9664
v 0.8069 -2.3238 -4.9664
v 1.1094 -2.1955 -4.9664
v 1.3922 -2.0280 -4.9664
v 1.6501 -1.8244 -4.9664
v 1.8785 -1.5882 -4.9664
v 2.0734 -1.3236 -4.9664
v 2.2314 -1.0355 -4.9664
v 2.3495 -0.7288 -4.9664
v 2.4256 -0.4092 -4.9664
v 2.4585 -0.0822 -4.9664
v 2.4476 0.2462 -4.9664
v 2.3929 0.5703 -4.9664
v 2.2955 0.8841 -4.9664
v 2.1572 1.1822 -4.9664
v 1.9804 1.4592 -4.9664
v 1.7682 1.7101 -4.9664
v 1.5245 1.9305 -4.9664
v 1.2536 2.1165 -4.9664
v 0.9603 2.2647 -4.9664
v 0.6499 2.3725 -4.9664
v 0.3279 2.4380 -4.9664
v 0.0000 2.4599 -4.9664
v 0.0000 2.3940 -4.6980
v -0.3191 2.3727 -4.6980
v -0.6325 2.3090 -4.6980
v -0.9346 2.2041 -4.6980
v -1.2200 2.0598 -4.6980
v -1.4837 1.8788 -4.6980
v -1.7209 1.6643 -4.6980
v -1.9274 1.4201 -4.6980
v -2.0994 1.1505 -4.6980
v -2.2341 0.8604 -4.6980
v -2.3288 0.5550 -4.6980
v -2.3820 0.2396 -4.6980
v -2.3927 -0.0800 -4.6980
v -2.3607 -0.3982 -4.6980
v -2.2865 -0.7093 -4.6980
v -2.1716 -1.0077 -4.6980
v -2.0179 -1.2882 -4.6980
v -1.8282 -1.5457 -4.6980
v -1.6059 -1.7755 -4.6980
v -1.3549 -1.9737 -4.6980
v -1.0797 -2.1367 -4.6980
v -0.7853 -2.2616 -4.6980
v -0.4769 -2.3461 -4.6980
v -0.1599 -2.3887 -4.6980
v 0.1599 -2.3887 -4.6980
v 0.4769 -2.3461 -4.6980
v 0.7853 -2.2616 -4.6980
v 1.0797 -2.1367 -4.6980
v 1.3549 -1.9737 -4.6980
v 1.6059 -1.7755 -4.6980
v 1.8282 -1.5457 -4.6980
v 2.0179 -1.2882 -4.6980
v 2.1716 -1.0077 -4.6980
v 2.2865 -0.7093 -4.6980
v 2.3607 -0.3982 -4.6980
v 2.3927 -0.0800 -4.6980
v 2.3820 0.2396 -4.6980
v 2.3288 0.5550 -4.6980
v 2.2341 0.8604 -4.6980
v 2.0994 1.1505 -4.6980
v 1.9274 1.4201 -4.6980
v 1.7209 1.6643 -4.6980
v 1.4837 1.8788 -4.6980
v 1.2200 2.0598 -4.6980
v 0.9346 2.2041 -4.6980
v 0.6325 2.3090 -4.6980
v 0.3191 2.3727 -4.6980
v 0.0000 2.3940 -4.6980
v 0.0000 2.3486 -4.4295
v -0.3130 2.3277 -4.4295
v -0.6205 2.2652 -4.4295
v -0.9169 2.1623 -4.4295
v -1.1969 2.0208 -4.4295
v -1.4556 1.8432 -4.4295
v -1.6883 1.6328 -4.4295
v -1.8908 1.3932 -4.4295
v -2.0596 1.1287 -4.4295
v -2.1917 0.8441 -4.4295
v -2.2847 0.5445 -4.4295
v -2.3368 0.2351 -4.4295
v -2.3473 -0.0785 -4.4295
v -2.3159 -0.3906 -4.4295
v -2.2432 -0.6958 -4.4295
v -2.1304 -0.9886 -4.4295
v -1.9796 -1.2638 -4.4295
v -1.7935 -1.5163 -4.4295
v -1.5754 -1.7419 -4.4295
v -1.3292 -1.9363 -4.4295
v -1.0593 -2.0962 -4.4295
v -0.7704 -2.2187 -4.4295
v -0.4678 -2.3016 -4.4295
v -0.1569 -2.3434 -4.4295
v 0.1569 -2.3434 -4.4295
v 0.4678 -2.3016 -4.4295
v 0.7704 -2.2187 -4.4295
v 1.0593 -2.0962 -4.4295
v 1.3292 -1.9363 -4.4295
v 1.5754 -1.7419 -4.4295
v 1.7935 -1.5163 -4.4295
v 1.9796 -1.2638 -4.4295
v 2.1304 -0.9886 -4.4295
v 2.2432 -0.6958 -4.4295
v 2.3159 -0.3906 -4.4295
v 2.3473 -0.0785 -4.4295
v 2.3368 0.2351 -4.4295
v 2.2847 0.5445 -4.4295
v 2.1917 0.8441 -4.4295
v 2.0596 1.1287 -4.4295
v 1.8908 1.3932 -4.4295
v 1.6883 1.6328 -4.4295
v 1.4556 1.8432 -4.4295
v 1.1969 2.0208 -4.4295
v 0.9169 2.1623 -4.4295
v 0.6205 2.2652 -4.4295
v 0.3130 2.3277 -4.4295
v 0.0000 2.3486 -4.4295
v 0.0000 2.3246 -4.1611
v -0.3098 2.3039 -4.1611
v -0.6141 2.2420 -4.1611
v -0.9075 2.1401 -4.1611
v -1.1847 2.0001 -4.1611
v -1.4407 1.8243 -4.1611
v -1.6710 1.6160 -4.1611
v -1.8715 1.3789 -4.1611
v -2.0386 1.1172 -4.1611
v -2.1693 0.8355 -4.1611
v -2.2613 0.5389 -4.1611
v -2.3129 0.2327 -4.1611
v -2.3233 -0.0777 -4.1611
v -2.2922 -0.3866 -4.1611
v -2.2202 -0.6887 -4.1611
v -2.1086 -0.9785 -4.1611
v -1.9594 -1.2508 -4.1611
v -1.7752 -1.5008 -4.1611
v -1.5593 -1.7240 -4.1611
v -1.3156 -1.9165 -4.1611
v -1.0484 -2.0747 -4.1611
v -0.7625 -2.1960 -4.1611
v -0.4630 -2.2780 -4.1611
v -0.1553 -2.3194 -4.1611
v 0.1553 -2.3194 -4.1611
v 0.4630 -2.2780 -4.1611
v 0.7625 -2.1960 -4.1611
v 1.0484 -2.0747 -4.1611
v 1.3156 -1.9165 -4.1611
v 1.5593 -1.7240 -4.1611
v 1.7752 -1.5008 -4.1611
v 1.9594 -1.2508 -4.1611
v 2.1086 -0.9785 -4.1611
v 2.2202 -0.6887 -4.1611
v 2.2922 -0.3866 -4.1611
v 2.3233 -0.0777 -4.1611
v 2.3129 0.2327 -4.1611
v 2.2613 0.5389 -4.1611
v 2.1693 0.8355 -4.1611
v 2.0386 1.1172 -4.1611
v 1.8715 1.3789 -4.1611
v 1.6710 1.6160 -4.1611
v 1.4407 1.8243 -4.1611
v 1.1847 2.0001 -4.1611
v 0.9075 2.1401 -4.1611
v 0.6141 2.2420 -4.1611
v 0.3098 2.3039 -4.1611
v 0.0000 2.3246 -4.1611
v 0.0000 2.3195 -3.8926
v -0.3092 2.2988 -3.8926
v -0.6128 2.2371 -3.8926
v -0.9055 2.1355 -3.8926
v -1.1821 1.9957 -3.8926
v -1.4375 1.8204 -3.8926
v -1.6673 1.6125 -3.8926
v -1.8674 1.3759 -3.8926
v -2.0341 1.1147 -3.8926
v -2.1646 0.8337 -3.8926
v -2.2564 0.5377 -3.8926
v -2.3079 0.2322 -3.8926
v -2.3182 -0.0775 -3.8926
v -2.2872 -0.3858 -3.8926
v -2.2154 -0.6872 -3.8926
v -2.1040 -0.9764 -3.8926
v -1.9551 -1.2481 -3.8926
v -1.7713 -1.4976 -3.8926
v -1.5559 -1.7203 -3.8926
v -1.3127 -1.9123 -3.8926
v -1.0461 -2.0702 -3.8926
v -0.7609 -2.1912 -3.8926
v -0.4620 -2.2731 -3.8926
v -0.1549 -2.3144 -3.8926
v 0.1549 -2.3144 -3.8926
v 0.4620 -2.2731 -3.8926
v 0.7609 -2.1912 -3.8926
v 1.0461 -2.0702 -3.8926
v 1.3127 -1.9123 -3.8926
v 1.5559 -1.7203 -3.8926
v 1.7713 -1.4976 -3.8926
v 1.9551 -1.2481 -3.8926
v 2.1040 -0.9764 -3.8926
v 2.2154 -0.6872 -3.8926
v 2.2872 -0.3858 -3.8926
v 2.3182 -0.0775 -3.8926
v 2.3079 0.2322 -3.8926
v 2.2564 0.5377 -3.8926
v 2.1646 0.8337 -3.8926
v 2.0341 1.1147 -3.8926
v 1.8674 1.3759 -3.8926
v 1.6673 1.6125 -3.8926
v 1.4375 1.8204 -3.8926
v 1.1821 1.9957 -3.8926
v 0.9055 2.1355 -3.8926
v 0.6128 2.2371 -3.8926
v 0.3092 2.2988 -3.8926
v 0.0000 2.3195 -3.8926
v 0.0000 2.2600 -3.6242
v -0.3012 2.2398 -3.6242
v -0.5971 2.1797 -3.6242
v -0.8823 2.0807 -3.6242
v -1.1517 1.9445 -3.6242
v -1.4006 1.7736 -3.6242
v -1.6245 1.5711 -3.6242
v -1.8194 1.3406 -3.6242
v -1.9819 1.0861 -3.6242
v -2.1090 0.8123 -3.6242
v -2.1984 0.5239 -3.6242
v -2.2486 0.2262 -3.6242
v -2.2587 -0.0755 -3.6242
v -2.2285 -0.3759 -3.6242
v -2.1585 -0.6696 -3.6242
v -2.0500 -0.9513 -3.6242
v -1.9049 -1.2161 -3.6242
v -1.7258 -1.4591 -3.6242
v -1.5160 -1.6761 -3.6242
v -1.2790 -1.8632 -3.6242
v -1.0193 -2.0171 -3.6242
v -0.7413 -2.1349 -3.6242
v -0.4502 -2.2147 -3.6242
v -0.1510 -2.2549 -3.6242
v 0.1510 -2.2549 -3.6242
v 0.4502 -2.2147 -3.6242
v 0.7413 -2.1349 -3.6242
v 1.0193 -2.0171 -3.6242
v 1.2790 -1.8632 -3.6242
v 1.5160 -1.6761 -3.6242
v 1.7258 -1.4591 -3.6242
v 1.9049 -1.2161 -3.6242
v 2.0500 -0.9513 -3.6242
v 2.1585 -0.6696 -3.6242
v 2.2285 -0.3759 -3.6242
v 2.2587 -0.0755 -3.6242
v 2.2486 0.2262 -3.6242
v 2.1984 0.5239 -3.6242
v 2.1090 0.8123 -3.6242
v 1.9819 1.0861 -3.6242
v 1.8194 1.3406 -3.6242
v 1.6245 1.5711 -3.6242
v 1.4006 1.7736 -3.6242
v 1.1517 1.9445 -3.6242
v 0.8823 2.0807 -3.6242
v 0.5971 2.1797 -3.6242
v 0.3012 2.2398 -3.6242
v 0.0000 2.2600 -3.6242
v 0.0000 2.2189 -3.3557
v -0.2957 2.1991 -3.3557
v -0.5862 2.1400 -3.3557
v -0.8662 2.0428 -3.3557
v -1.1308 1.9091 -3.3557
v -1.3751 1.7414 -3.3557
v -1.5950 1.5425 -3.3557
v -1.7863 1.3162 -3.3557
v -1.9458 1.0663 -3.3557
v -2.0706 0.7975 -3.3557
v -2.1584 0.5144 -3.3557
v -2.2077 0.2221 -3.3557
v -2.2176 -0.0741 -3.3557
v -2.1880 -0.3691 -3.3557
v -2.1192 -0.6574 -3.3557
v -2.0127 -0.9340 -3.3557
v -1.8703 -1.1939 -3.3557
v -1.6944 -1.4326 -3.3557
v -1.4884 -1.6456 -3.3557
v -1.2558 -1.8293 -3.3557
v -1.0007 -1.9804 -3.3557
v -0.7278 -2.0961 -3.3557
v -0.4420 -2.1744 -3.3557
v -0.1482 -2.2139 -3.3557
v 0.1482 -2.2139 -3.3557
v 0.4420 -2.1744 -3.3557
v 0.7278 -2.0961 -3.3557
v 1.0007 -1.9804 -3.3557
v 1.2558 -1.8293 -3.3557
v 1.4884 -1.6456 -3.3557
v 1.6944 -1.4326 -3.3557
v 1.8703 -1.1939 -3.3557
v 2.0127 -0.9340 -3.3557
v 2.1192 -0.6574 -3.3557
v 2.1880 -0.3691 -3.3557
v 2.2176 -0.0741 -3.3557
v 2.2077 0.2221 -3.3557
v 2.1584 0.5144 -3.3557
v 2.0706 0.7975 -3.3557
v 1.9458 1.0663 -3.3557
v 1.7863 1.3162 -3.3557
v 1.5950 1.5425 -3.3557
v 1.3751 1.7414 -3.3557
v 1.1308 1.9091 -3.3557
v 0.8662 2.0428 -3.3557
v 0.5862 2.1400 -3.3557
v 0.2957 2.1991 -3.3557
v 0.0000 2.2189 -3.3557
v 0.0000 2.2001 -3.0872
v -0.2932 2.1805 -3.0872
v -0.5813 2.1219 -3.0872
v -0.8589 2.0255 -3.0872
v -1.1212 1.8930 -3.0872
v -1.3635 1.7266 -3.0872
v -1.5815 1.5295 -3.0872
v -1.7712 1.3051 -3.0872
v -1.9294 1.0573 -3.0872
v -2.0531 0.7907 -3.0872
v -2.1402 0.5100 -3.0872
v -2.1890 0.2202 -3.0872
v -2.1989 -0.0735 -3.0872
v -2.1694 -0.3659 -3.0872
v -2.1013 -0.6518 -3.0872
v -1.9957 -0.9261 -3.0872
v -1.8544 -1.1838 -3.0872
v -1.6801 -1.4204 -3.0872
v -1.4758 -1.6317 -3.0872
v -1.2451 -1.8138 -3.0872
v -0.9923 -1.9636 -3.0872
v -0.7217 -2.0784 -3.0872
v -0.4382 -2.1560 -3.0872
v -0.1469 -2.1952 -3.0872
v 0.1469 -2.1952 -3.0872
v 0.4382 -2.1560 -3.0872
v 0.7217 -2.0784 -3.0872
v 0.9923 -1.9636 -3.0872
v 1.2451 -1.8138 -3.0872
v 1.4758 -1.6317 -3.0872
v 1.6801 -1.4204 -3.0872
v 1.8544 -1.1838 -3.0872
v 1.9957 -0.9261 -3.0872
v 2.1013 -0.6518 -3.0872
v 2.1694 -0.3659 -3.0872
v 2.1989 -0.0735 -3.0872
v 2.1890 0.2202 -3.0872
v 2.1402 0.5100 -3.0872
v 2.0531 0.7907 -3.0872
v 1.9294 1.0573 -3.0872
v 1.7712 1.3051 -3.0872
v 1.5815 1.5295 -3.0872
v 1.3635 1.7266 -3.0872
v 1.1212 1.8930 -3.0872
v 0.8589 2.0255 -3.0872
v 0.5813 2.1219 -3.0872
v 0.2932 2.1805 -3.0872
v 0.0000 2.2001 -3.0872
v 0.0000 2.2041 -2.8188
v -0.2938 2.1844 -2.8188
v -0.5823 2.1258 -2.8188
v -0.8605 2.0292 -2.8188
v -1.1232 1.8964 -2.8188
v -1.3660 1.7298 -2.8188
v -1.5843 1.5323 -2.8188
v -1.7744 1.3074 -2.8188
v -1.9329 1.0592 -2.8188
v -2.0568 0.7922 -2.8188
v -2.1440 0.5110 -2.8188
v -2.1930 0.2206 -2.8188
v -2.2029 -0.0736 -2.8188
v -2.1734 -0.3666 -2.8188
v -2.1051 -0.6530 -2.8188
v -1.9993 -0.9278 -2.8188
v -1.8578 -1.1860 -2.8188
v -1.6832 -1.4230 -2.8188
v -1.4785 -1.6347 -2.8188
v -1.2474 -1.8171 -2.8188
v -0.9941 -1.9672 -2.8188
v -0.7230 -2.0821 -2.8188
v -0.4390 -2.1599 -2.8188
v -0.1472 -2.1992 -2.8188
v 0.1472 -2.1992 -2.8188
v 0.4390 -2.1599 -2.8188
v 0.7230 -2.0821 -2.8188
v 0.9941 -1.9672 -2.8188
v 1.2474 -1.8171 -2.8188
v 1.4785 -1.6347 -2.8188
v 1.6832 -1.4230 -2.8188
v 1.8578 -1.1860 -2.8188
v 1.9993 -0.9278 -2.8188
v 2.1051 -0.6530 -2.8188
v 2.1734 -0.3666 -2.8188
v 2.2029 -0.0736 -2.8188
v 2.1930 0.2206 -2.8188
v 2.1440 0.5110 -2.8188
v 2.0568 0.7922 -2.8188
v 1.9329 1.0592 -2.8188
v 1.7744 1.3074 -2.8188
v 1.5843 1.5323 -2.8188
v 1.3660 1.7298 -2.8188
v 1.1232 1.8964 -2.8188
v 0.8605 2.0292 -2.8188
v 0.5823 2.1258 -2.8188
v 0.2938 2.1844 -2.8188
v 0.0000 2.2041 -2.8188
v 0.0000 2.1609 -2.5503
v -0.2880 2.1416 -2.5503
v -0.5709 2.0841 -2.5503
v -0.8436 1.9894 -2.5503
v -1.1012 1.8592 -2.5503
v -1.3392 1.6959 -2.5503
v -1.5533 1.5022 -2.5503
v -1.7397 1.2818 -2.5503
v -1.8950 1.0385 -2.5503
v -2.0165 0.7766 -2.5503
v -2.1020 0.5009 -2.5503
v -2.1500 0.2163 -2.5503
v -2.1597 -0.0722 -2.5503
v -2.1308 -0.3594 -2.5503
v -2.0639 -0.6402 -2.5503
v -1.9601 -0.9096 -2.5503
v -1.8214 -1.1627 -2.5503
v -1.6502 -1.3951 -2.5503
v -1.4495 -1.6026 -2.5503
v -1.2229 -1.7815 -2.5503
v -0.9746 -1.9286 -2.5503
v -0.7088 -2.0413 -2.5503
v -0.4304 -2.1176 -2.5503
v -0.1443 -2.1561 -2.5503
v 0.1443 -2.1561 -2.5503
v 0.4304 -2.1176 -2.5503
v 0.7088 -2.0413 -2.5503
v 0.9746 -1.9286 -2.5503
v 1.2229 -1.7815 -2.5503
v 1.4495 -1.6026 -2.5503
v 1.6502 -1.3951 -2.5503
v 1.8214 -1.1627 -2.5503
v 1.9601 -0.9096 -2.5503
v 2.0639 -0.6402 -2.5503
v 2.1308 -0.3594 -2.5503
v 2.1597 -0.0722 -2.5503
v 2.1500 0.2163 -2.5503
v 2.1020 0.5009 -2.5503
v 2.0165 0.7766 -2.5503
v 1.8950 1.0385 -2.5503
v 1.7397 1.2818 -2.5503
v 1.5533 1.5022 -2.5503
v 1.3392 1.6959 -2.5503
v 1.1012 1.8592 -2.5503
v 0.8436 1.9894 -2.5503
v 0.5709 2.0841 -2.5503
v 0.2880 2.1416 -2.5503
v 0.0000 2.1609 -2.5503
v 0.0000 2.1248 -2.2819
v -0.2832 2.1059 -2.2819
v -0.5614 2.0493 -2.2819
v -0.8295 1.9562 -2.2819
v -1.0829 1.8282 -2.2819
v -1.3169 1.6676 -2.2819
v -1.5274 1.4772 -2.2819
v -1.7106 1.2604 -2.2819
v -1.8634 1.0212 -2.2819
v -1.9829 0.7637 -2.2819
v -2.0670 0.4926 -2.2819
v -2.1142 0.2127 -2.2819
v -2.1237 -0.0710 -2.2819
v -2.0952 -0.3534 -2.2819
v -2.0294 -0.6295 -2.2819
v -1.9274 -0.8944 -2.2819
v -1.7910 -1.1433 -2.2819
v -1.6226 -1.3719 -2.2819
v -1.4253 -1.5759 -2.2819
v -1.2025 -1.7518 -2.2819
v -0.9583 -1.8965 -2.2819
v -0.6970 -2.0073 -2.2819
v -0.4232 -2.0823 -2.2819
v -0.1419 -2.1201 -2.2819
v 0.1419 -2.1201 -2.2819
v 0.4232 -2.0823 -2.2819
v 0.6970 -2.0073 -2.2819
v 0.9583 -1.8965 -2.2819
v 1.2025 -1.7518 -2.2819
v 1.4253 -1.5759 -2.2819
v 1.6226 -1.3719 -2.2819
v 1.7910 -1.1433 -2.2819
v 1.9274 -0.8944 -2.2819
v 2.0294 -0.6295 -2.2819
v 2.0952 -0.3534 -2.2819
v 2.1237 -0.0710 -2.2819
v 2.1142 0.2127 -2.2819
v 2.0670 0.4926 -2.2819
v 1.9829 0.7637 -2.2819
v 1.8634 1.0212 -2.2819
v 1.7106 1.2604 -2.2819
v 1.5274 1.4772 -2.2819
v 1.3169 1.6676 -2.2819
v 1.0829 1.8282 -2.2819
v 0.8295 1.9562 -2.2819
v 0.5614 2.0493 -2.2819
v 0.2832 2.1059 -2.2819
v 0.0000 2.1248 -2.2819
v 0.0000 2.1119 -2.0134
v -0.2815 2.0931 -2.0134
v -0.5580 2.0369 -2.0134
v -0.8245 1.9444 -2.0134
v -1.0763 1.8171 -2.0134
v -1.3089 1.6575 -2.0134
v -1.5181 1.4682 -2.0134
v -1.7003 1.2528 -2.0134
v -1.8521 1.0150 -2.0134
v -1.9708 0.7590 -2.0134
v -2.0544 0.4896 -2.0134
v -2.1013 0.2114 -2.0134
v -2.1108 -0.0706 -2.0134
v -2.0825 -0.3513 -2.0134
v -2.0171 -0.6257 -2.0134
v -1.9157 -0.8890 -2.0134
v -1.7801 -1.1364 -2.0134
v -1.6128 -1.3635 -2.0134
v -1.4167 -1.5663 -2.0134
v -1.1952 -1.7412 -2.0134
v -0.9525 -1.8850 -2.0134
v -0.6928 -1.9951 -2.0134
v -0.4207 -2.0696 -2.0134
v -0.1411 -2.1072 -2.0134
v 0.1411 -2.1072 -2.0134
v 0.4207 -2.0696 -2.0134
v 0.6928 -1.9951 -2.0134
v 0.9525 -1.8850 -2.0134
v 1.1952 -1.7412 -2.0134
v 1.4167 -1.5663 -2.0134
v 1.6128 -1.3635 -2.0134
v 1.7801 -1.1364 -2.0134
v 1.9157 -0.8890 -2.0134
v 2.0171 -0.6257 -2.0134
v 2.0825 -0.3513 -2.0134
v 2.1108 -0.0706 -2.0134
v 2.1013 0.2114 -2.0134
v 2.0544 0.4896 -2.0134
v 1.9708 0.7590 -2.0134
v 1.8521 1.0150 -2.0134
v 1.7003 1.2528 -2.0134
v 1.5181 1.4682 -2.0134
v 1.3089 1.6575 -2.0134
v 1.0763 1.8171 -2.0134
v 0.8245 1.9444 -2.0134
v 0.5580 2.0369 -2.0134
v 0.2815 2.0931 -2.0134
v 0.0000 2.1119 -2.0134
v 0.0000 2.1225 -1.7450
v -0.2829 2.1036 -1.7450
v -0.5608 2.0471 -1.7450
v -0.8286 1.9541 -1.7450
v -1.0817 1.8262 -1.7450
v -1.3154 1.6657 -1.7450
v -1.5257 1.4755 -1.7450
v -1.7088 1.2590 -1.7450
v -1.8613 1.0200 -1.7450
v -1.9807 0.7628 -1.7450
v -2.0647 0.4920 -1.7450
v -2.1118 0.2125 -1.7450
v -2.1213 -0.0709 -1.7450
v -2.0929 -0.3530 -1.7450
v -2.0272 -0.6288 -1.7450
v -1.9253 -0.8934 -1.7450
v -1.7890 -1.1421 -1.7450
v -1.6209 -1.3703 -1.7450
v -1.4237 -1.5742 -1.7450
v -1.2012 -1.7499 -1.7450
v -0.9573 -1.8944 -1.7450
v -0.6962 -2.0051 -1.7450
v -0.4228 -2.0800 -1.7450
v -0.1418 -2.1178 -1.7450
v 0.1418 -2.1178 -1.7450
v 0.4228 -2.0800 -1.7450
v 0.6962 -2.0051 -1.7450
v 0.9573 -1.8944 -1.7450
v 1.2012 -1.7499 -1.7450
v 1.4237 -1.5742 -1.7450
v 1.6209 -1.3703 -1.7450
v 1.7890 -1.1421 -1.7450
v 1.9253 -0.8934 -1.7450
v 2.0272 -0.6288 -1.7450
v 2.0929 -0.3530 -1.7450
v 2.1213 -0.0709 -1.7450
v 2.1118 0.2125 -1.7450
v 2.0647 0.4920 -1.7450
v 1.9807 0.7628 -1.7450
v 1.8613 1.0200 -1.7450
v 1.7088 1.2590 -1.7450
v 1.5257 1.4755 -1.7450
v 1.3154 1.6657 -1.7450
v 1.0817 1.8262 -1.7450
v 0.8286 1.9541 -1.7450
v 0.5608 2.0471 -1.7450
v 0.2829 2.1036 -1.7450
v 0.0000 2.1225 -1.7450
v 0.0000 2.0972 -1.4765
v -0.2795 2.0785 -1.4765
v -0.5541 2.0227 -1.4765
v -0.8187 1.9308 -1.4765
v -1.0688 1.8044 -1.4765
v -1.2997 1.6459 -1.4765
v -1.5075 1.4579 -1.4765
v -1.6884 1.2440 -1.4765
v -1.8391 1.0079 -1.4765
v -1.9570 0.7537 -1.4765
v -2.0400 0.4862 -1.4765
v -2.0866 0.2099 -1.4765
v -2.0960 -0.0701 -1.4765
v -2.0680 -0.3488 -1.4765
v -2.0030 -0.6213 -1.4765
v -1.9023 -0.8828 -1.4765
v -1.7677 -1.1284 -1.4765
v -1.6015 -1.3540 -1.4765
v -1.4067 -1.5554 -1.4765
v -1.1869 -1.7290 -1.4765
v -0.9458 -1.8718 -1.4765
v -0.6879 -1.9811 -1.4765
v -0.4177 -2.0551 -1.4765
v -0.1401 -2.0925 -1.4765
v 0.1401 -2.0925 -1.4765
v 0.4177 -2.0551 -1.4765
v 0.6879 -1.9811 -1.4765
v 0.9458 -1.8718 -1.4765
v 1.1869 -1.7290 -1.4765
v 1.4067 -1.5554 -1.4765
v 1.6015 -1.3540 -1.4765
v 1.7677 -1.1284 -1.4765
v 1.9023 -0.8828 -1.4765
v 2.0030 -0.6213 -1.4765
v 2.0680 -0.3488 -1.4765
v 2.0960 -0.0701 -1.4765
v 2.0866 0.2099 -1.4765
v 2.0400 0.4862 -1.4765
v 1.9570 0.7537 -1.4765
v 1.8391 1.0079 -1.4765
v 1.6884 1.2440 -1.4765
v 1.5075 1.4579 -1.4765
v 1.2997 1.6459 -1.4765
v 1.0688 1.8044 -1.4765
v 0.8187 1.9308 -1.4765
v 0.5541 2.0227 -1.4765
v 0.2795 2.0785 -1.4765
v 0.0000 2.0972 -1.4765
v 0.0000 2.0669 -1.2081
v -0.2755 2.0485 -1.2081
v -0.5461 1.9935 -1.2081
v -0.8069 1.9029 -1.2081
v -1.0533 1.7784 -1.2081
v -1.2810 1.6221 -1.2081
v -1.4857 1.4369 -1.2081
v -1.6640 1.2260 -1.2081
v -1.8126 0.9933 -1.2081
v -1.9288 0.7429 -1.2081
v -2.0106 0.4792 -1.2081
v -2.0565 0.2069 -1.2081
v -2.0658 -0.0691 -1.2081
v -2.0381 -0.3438 -1.2081
v -1.9741 -0.6124 -1.2081
v -1.8749 -0.8700 -1.2081
v -1.7422 -1.1122 -1.2081
v -1.5784 -1.3345 -1.2081
v -1.3864 -1.5329 -1.2081
v -1.1698 -1.7040 -1.2081
v -0.9322 -1.8448 -1.2081
v -0.6780 -1.9525 -1.2081
v -0.4117 -2.0255 -1.2081
v -0.1381 -2.0623 -1.2081
v 0.1381 -2.0623 -1.2081
v 0.4117 -2.0255 -1.2081
v 0.6780 -1.9525 -1.2081
v 0.9322 -1.8448 -1.2081
v 1.1698 -1.7040 -1.2081
v 1.3864 -1.5329 -1.2081
v 1.5784 -1.3345 -1.2081
v 1.7422 -1.1122 -1.2081
v 1.8749 -0.8700 -1.2081
v 1.9741 -0.6124 -1.2081
v 2.0381 -0.3438 -1.2081
v 2.0658 -0.0691 -1.2081
v 2.0565 0.2069 -1.2081
v 2.0106 0.4792 -1.2081
v 1.9288 0.7429 -1.2081
v 1.8126 0.9933 -1.2081
v 1.6640 1.2260 -1.2081
v 1.4857 1.4369 -1.2081
v 1.2810 1.6221 -1.2081
v 1.0533 1.7784 -1.2081
v 0.8069 1.9029 -1.2081
v 0.5461 1.9935 -1.2081
v 0.2755 2.0485 -1.2081
v 0.0000 2.0669 -1.2081
v 0.0000 2.0603 -0.9396
v -0.2746 2.0420 -0.9396
v -0.5443 1.9871 -0.9396
v -0.8043 1.8969 -0.9396
v -1.0500 1.7727 -0.9396
v -1.2769 1.6170 -0.9396
v -1.4810 1.4323 -0.9396
v -1.6587 1.2222 -0.9396
v -1.8068 0.9902 -0.9396
v -1.9227 0.7405 -0.9396
v -2.0042 0.4776 -0.9396
v -2.0500 0.2062 -0.9396
v -2.0592 -0.0688 -0.9396
v -2.0316 -0.3427 -0.9396
v -1.9678 -0.6104 -0.9396
v -1.8689 -0.8673 -0.9396
v -1.7366 -1.1086 -0.9396
v -1.5734 -1.3302 -0.9396
v -1.3820 -1.5281 -0.9396
v -1.1660 -1.6986 -0.9396
v -0.9292 -1.8389 -0.9396
v -0.6758 -1.9463 -0.9396
v -0.4104 -2.0191 -0.9396
v -0.1376 -2.0557 -0.9396
v 0.1376 -2.0557 -0.9396
v 0.4104 -2.0191 -0.9396
v 0.6758 -1.9463 -0.9396
v 0.9292 -1.8389 -0.9396
v 1.1660 -1.6986 -0.9396
v 1.3820 -1.5281 -0.9396
v 1.5734 -1.3302 -0.9396
v 1.7366 -1.1086 -0.9396
v 1.8689 -0.8673 -0.9396
v 1.9678 -0.6104 -0.9396
v 2.0316 -0.3427 -0.9396
v 2.0592 -0.0688 -0.9396
v 2.0500 0.2062 -0.9396
v 2.0042 0.4776 -0.9396
v 1.9227 0.7405 -0.9396
v 1.8068 0.9902 -0.9396
v 1.6587 1.2222 -0.9396
v 1.4810 1.4323 -0.9396
v 1.2769 1.6170 -0.9396
v 1.0500 1.7727 -0.9396
v 0.8043 1.8969 -0.9396
v 0.5443 1.9871 -0.9396
v 0.2746 2.0420 -0.9396
v 0.0000 2.0603 -0.9396
v 0.0000 2.0776 -0.6711
v -0.2769 2.0591 -0.6711
v -0.5489 2.0038 -0.6711
v -0.8111 1.9128 -0.6711
v -1.0588 1.7876 -0.6711
v -1.2876 1.6305 -0.6711
v -1.4934 1.4443 -0.6711
v -1.6726 1.2324 -0.6711
v -1.8220 0.9985 -0.6711
v -1.9388 0.7467 -0.6711
v -2.0210 0.4816 -0.6711
v -2.0672 0.2080 -0.6711
v -2.0765 -0.0694 -0.6711
v -2.0487 -0.3456 -0.6711
v -1.9843 -0.6155 -0.6711
v -1.8846 -0.8745 -0.6711
v -1.7512 -1.1179 -0.6711
v -1.5866 -1.3414 -0.6711
v -1.3936 -1.5409 -0.6711
v -1.1758 -1.7129 -0.6711
v -0.9370 -1.8543 -0.6711
v -0.6815 -1.9627 -0.6711
v -0.4138 -2.0360 -0.6711
v -0.1388 -2.0730 -0.6711
v 0.1388 -2.0730 -0.6711
v 0.4138 -2.0360 -0.6711
v 0.6815 -1.9627 -0.6711
v 0.9370 -1.8543 -0.6711
v 1.1758 -1.7129 -0.6711
v 1.3936 -1.5409 -0.6711
v 1.5866 -1.3414 -0.6711
v 1.7512 -1.1179 -0.6711
v 1.8846 -0.8745 -0.6711
v 1.9843 -0.6155 -0.6711
v 2.0487 -0.3456 -0.6711
v 2.0765 -0.0694 -0.6711
v 2.0672 0.2080 -0.6711
v 2.0210 0.4816 -0.6711
v 1.9388 0.7467 -0.6711
v 1.8220 0.9985 -0.6711
v 1.6726 1.2324 -0.6711
v 1.4934 1.4443 -0.6711
v 1.2876 1.6305 -0.6711
v 1.0588 1.7876 -0.6711
v 0.8111 1.9128 -0.6711
v 0.5489 2.0038 -0.6711
v 0.2769 2.0591 -0.6711
v 0.0000 2.0776 -0.6711
v 0.0000 2.0693 -0.4027
v -0.2758 2.0508 -0.4027
v -0.5467 1.9958 -0.4027
v -0.8078 1.9051 -0.4027
v -1.0545 1.7804 -0.4027
v -1.2824 1.6240 -0.4027
v -1.4874 1.4385 -0.4027
v -1.6659 1.2275 -0.4027
v -1.8147 0.9945 -0.4027
v -1.9310 0.7437 -0.4027
v -2.0129 0.4797 -0.4027
v -2.0589 0.2071 -0.4027
v -2.0681 -0.0691 -0.4027
v -2.0405 -0.3442 -0.4027
v -1.9764 -0.6131 -0.4027
v -1.8770 -0.8710 -0.4027
v -1.7442 -1.1134 -0.4027
v -1.5802 -1.3360 -0.4027
v -1.3880 -1.5347 -0.4027
v -1.1711 -1.7060 -0.4027
v -0.9333 -1.8469 -0.4027
v -0.6788 -1.9548 -0.4027
v -0.4122 -2.0278 -0.4027
v -0.1382 -2.0647 -0.4027
v 0.1382 -2.0647 -0.4027
v 0.4122 -2.0278 -0.4027
v 0.6788 -1.9548 -0.4027
v 0.9333 -1.8469 -0.4027
v 1.1711 -1.7060 -0.4027
v 1.3880 -1.5347 -0.4027
v 1.5802 -1.3360 -0.4027
v 1.7442 -1.1134 -0.4027
v 1.8770 -0.8710 -0.4027
v 1.9764 -0.6131 -0.4027
v 2.0405 -0.3442 -0.4027
v 2.0681 -0.0691 -0.4027
v 2.0589 0.2071 -0.4027
v 2.0129 0.4797 -0.4027
v 1.9310 0.7437 -0.4027
v 1.8147 0.9945 -0.4027
v 1.6659 1.2275 -0.4027
v 1.4874 1.4385 -0.4027
v 1.2824 1.6240 -0.4027
v 1.0545 1.7804 -0.4027
v 0.8078 1.9051 -0.4027
v 0.5467 1.9958 -0.4027
v 0.2758 2.0508 -0.4027
v 0.0000 2.0693 -0.4027
v 0.0000 2.0453 -0.1342
v -0.2726 2.0271 -0.1342
v -0.5404 1.9727 -0.1342
v -0.7985 1.8830 -0.1342
v -1.0423 1.7598 -0.1342
v -1.2676 1.6052 -0.1342
v -1.4702 1.4219 -0.1342
v -1.6466 1.2133 -0.1342
v -1.7937 0.9830 -0.1342
v -1.9087 0.7351 -0.1342
v -1.9896 0.4742 -0.1342
v -2.0351 0.2047 -0.1342
v -2.0442 -0.0683 -0.1342
v -2.0169 -0.3402 -0.1342
v -1.9535 -0.6060 -0.1342
v -1.8553 -0.8610 -0.1342
v -1.7240 -1.1006 -0.1342
v -1.5619 -1.3205 -0.1342
v -1.3720 -1.5169 -0.1342
v -1.1576 -1.6863 -0.1342
v -0.9225 -1.8255 -0.1342
v -0.6709 -1.9322 -0.1342
v -0.4074 -2.0044 -0.1342
v -0.1366 -2.0408 -0.1342
v 0.1366 -2.0408 -0.1342
v 0.4074 -2.0044 -0.1342
v 0.6709 -1.9322 -0.1342
v 0.9225 -1.8255 -0.1342
v 1.1576 -1.6863 -0.1342
v 1.3720 -1.5169 -0.1342
v 1.5619 -1.3205 -0.1342
v 1.7240 -1.1006 -0.1342
v 1.8553 -0.8610 -0.1342
v 1.9535 -0.6060 -0.1342
v 2.0169 -0.3402 -0.1342
v 2.0442 -0.0683 -0.1342
v 2.0351 0.2047 -0.1342
v 1.9896 0.4742 -0.1342
v 1.9087 0.7351 -0.1342
v 1.7937 0.9830 -0.1342
v 1.6466 1.2133 -0.1342
v 1.4702 1.4219 -0.1342
v 1.2676 1.6052 -0.1342
v 1.0423 1.7598 -0.1342
v 0.7985 1.8830 -0.1342
v 0.5404 1.9727 -0.1342
v 0.2726 2.0271 -0.1342
v 0.0000 2.0453 -0.1342
v 0.0000 2.0453 0.1342
v -0.2726 2.0271 0.1342
v -0.5404 1.9727 0.1342
v -0.7985 1.8830 0.1342
v -1.0423 1.7598 0.1342
v -1.2676 1.6052 0.1342
v -1.4702 1.4219 0.1342
v -1.6466 1.2133 0.1342
v -1.7937 0.9830 0.1342
v -1.9087 0.7351 0.1342
v -1.9896 0.4742 0.1342
v -2.0351 0.2047 0.1342
v -2.0442 -0.0683 0.1342
v -2.0169 -0.3402 0.1342
v -1.9535 -0.6060 0.1342
v -1.8553 -0.8610 0.1342
v -1.7240 -1.1006 0.1342
v -1.5619 -1.3205 0.1342
v -1.3720 -1.5169 0.1342
v -1.1576 -1.6863 0.1342
v -0.9225 -1.8255 0.1342
v -0.6709 -1.9322 0.1342
v -0.4074 -2.0044 0.1342
v -0.1366 -2.0408 0.1342
v 0.1366 -2.0408 0.1342
v 0.4074 -2.0044 0.1342
v 0.6709 -1.9322 0.1342
v 0.9225 -1.8255 0.1342
v 1.1576 -1.6863 0.1342
v 1.3720 -1.5169 0.1342
v 1.5619 -1.3205 0.1342
v 1.7240 -1.1006 0.1342
v 1.8553 -0.8610 0.1342
v 1.9535 -0.6060 0.1342
v 2.0169 -0.3402 0.1342
v 2.0442 -0.0683 0.1342
v 2.0351 0.2047 0.1342
v 1.9896 0.4742 0.1342
v 1.9087 0.7351 0.1342
v 1.7937 0.9830 0.1342
v 1.6466 1.2133 0.1342
v 1.4702 1.4219 0.1342
v 1.2676 1.6052 0.1342
v 1.0423 1.7598 0.1342
v 0.7985 1.8830 0.1342
v 0.5404 1.9727 0.1342
v 0.2726 2.0271 0.1342
v 0.0000 2.0453 0.1342
v 0.0000 2.0693 0.4027
v -0.2758 2.0508 0.4027
v -0.5467 1.9958 0.4027
v -0.8078 1.9051 0.4027
v -1.0545 1.7804 0.4027
v -1.2824 1.6240 0.4027
v -1.4874 1.4385 0.4027
v -1.6659 1.2275 0.4027
v -1.8147 0.9945 0.4027
v -1.9310 0.7437 0.4027
v -2.0129 0.4797 0.4027
v -2.0589 0.2071 0.4027
v -2.0681 -0.0691 0.4027
v -2.0405 -0.3442 0.4027
v -1.9764 -0.6131 0.4027
v -1.8770 -0.8710 0.4027
v -1.7442 -1.1134 0.4027
v -1.5802 -1.3360 0.4027
v -1.3880 -1.5347 0.4027
v -1.1711 -1.7060 0.4027
v -0.9333 -1.8469 0.4027
v -0.6788 -1.9548 0.4027
v -0.4122 -2.0278 0.4027
v -0.1382 -2.0647 0.4027
v 0.1382 -2.0647 0.4027
v 0.4122 -2.0278 0.4027
v 0.6788 -1.9548 0.4027
v 0.9333 -1.8469 0.4027
v 1.1711 -1.7060 0.4027
v 1.3880 -1.5347 0.4027
v 1.5802 -1.3360 0.4027
v 1.7442 -1.1134 0.4027
v 1.8770 -0.8710 0.4027
v 1.9764 -0.6131 0.4027
v 2.0405 -0.3442 0.4027
v 2.0681 -0.0691 0.4027
v 2.0589 0.2071 0.4027
v 2.0129 0.4797 0.4027
v 1.9310 0.7437 0.4027
v 1.8147 0.9945 0.4027
v 1.6659 1.2275 0.4027
v 1.4874 1.4385 0.4027
v 1.2824 1.6240 0.4027
v 1.0545 1.7804 0.4027
v 0.8078 1.9051 0.4027
v 0.5467 1.9958 0.4027
v 0.2758 2.0508 0.4027
v 0.0000 2.0693 0.4027
v 0.0000 2.0776 0.6711
v -0.2769 2.0591 0.6711
v -0.5489 2.0038 0.6711
v -0.8111 1.9128 0.6711
v -1.0588 1.7876 0.6711
v -1.2876 1.6305 0.6711
v -1.4934 1.4443 0.6711
v -1.6726 1.2324 0.6711
v -1.8220 0.9985 0.6711
v -1.9388 0.7467 0.6711
v -2.0210 0.4816 0.6711
v -2.0672 0.2080 0.6711
v -2.0765 -0.0694 0.6711
v -2.0487 -0.3456 0.6711
v -1.9843 -0.6155 0.6711
v -1.8846 -0.8745 0.6711
v -1.7512 -1.1179 0.6711
v -1.5866 -1.3414 0.6711
v -1.3936 -1.5409 0.6711
v -1.1758 -1.7129 0.6711
v -0.9370 -1.8543 0.6711
v -0.6815 -1.9627 0.6711
v -0.4138 -2.0360 0.6711
v -0.1388 -2.0730 0.6711
v 0.1388 -2.0730 0.6711
v 0.4138 -2.0360 0.6711
v 0.6815 -1.9627 0.6711
v 0.9370 -1.8543 0.6711
v 1.1758 -1.7129 0.6711
v 1.3936 -1.5409 0.6711
v 1.5866 -1.3414 0.6711
v 1.7512 -1.1179 0.6711
v 1.8846 -0.8745 0.6711
v 1.9843 -0.6155 0.6711
v 2.0487 -0.3456 0.6711
v 2.0765 -0.0694 0.6711
v 2.0672 0.2080 0.6711
v 2.0210 0.4816 0.6711
v 1.9388 0.7467 0.6711
v 1.8220 0.9985 0.6711
v 1.6726 1.2324 0.6711
v 1.4934 1.4443 0.6711
v 1.2876 1.6305 0.6711
v 1.0588 1.7876 0.6711
v 0.8111 1.9128 0.6711
v 0.5489 2.0038 0.6711
v 0.2769 2.0591 0.6711
v 0.0000 2.0776 0.6711
v 0.0000 2.0603 0.9396
v -0.2746 2.0420 0.9396
v -0.5443 1.9871 0.9396
v -0.8043 1.8969 0.9396
v -1.0500 1.7727 0.9396
v -1.2769 1.6170 0.9396
v -1.4810 1.4323 0.9396
v -1.6587 1.2222 0.9396
v -1.8068 0.9902 0.9396
v -1.9227 0.7405 0.9396
v -2.0042 0.4776 0.9396
v -2.0500 0.2062 0.9396
v -2.0592 -0.0688 0.9396
v -2.0316 -0.3427 0.9396
v -1.9678 -0.6104 0.9396
v -1.8689 -0.8673 0.9396
v -1.7366 -1.1086 0.9396
v -1.5734 -1.3302 0.9396
v -1.3820 -1.5281 0.9396
v -1.1660 -1.6986 0.9396
v -0.9292 -1.8389 0.9396
v -0.6758 -1.9463 0.9396
v -0.4104 -2.0191 0.9396
v -0.1376 -2.0557 0.9396
v 0.1376 -2.0557 0.9396
v 0.4104 -2.0191 0.9396
v 0.6758 -1.9463 0.9396
v 0.9292 -1.8389 0.9396
v 1.1660 -1.6986 0.9396
v 1.3820 -1.5281 0.9396
v 1.5734 -1.3302 0.9396
v 1.7366 -1.1086 0.9396
v 1.8689 -0.8673 0.9396
v 1.9678 -0.6104 0.9396
v 2.0316 -0.3427 0.9396
v 2.0592 -0.0688 0.9396
v 2.0500 0.2062 0.9396
v 2.0042 0.4776 0.9396
v 1.9227 0.7405 0.9396
v 1.8068 0.9902 0.9396
v 1.6587 1.2222 0.9396
v 1.4810 1.4323 0.9396
v 1.2769 1.6170 0.9396
v 1.0500 1.7727 0.9396
v 0.8043 1.8969 0.9396
v 0.5443 1.9871 0.9396
v 0.2746 2.0420 0.9396
v 0.0000 2.0603 0.9396
v 0.0000 2.0669 1.2081
v -0.2755 2.0485 1.2081
v -0.5461 1.9935 1.2081
v -0.8069 1.9029 1.2081
v -1.0533 1.7784 1.2081
v -1.2810 1.6221 1.2081
v -1.4857 1.4369 1.2081
v -1.6640 1.2260 1.2081
v -1.8126 0.9933 1.2081
v -1.9288 0.7429 1.2081
v -2.0106 0.4792 1.2081
v -2.0565 0.2069 1.2081
v -2.0658 -0.0691 1.2081
v -2.0381 -0.3438 1.2081
v -1.9741 -0.6124 1.2081
v -1.8749 -0.8700 1.2081
v -1.7422 -1.1122 1.2081
v -1.5784 -1.3345 1.2081
v -1.3864 -1.5329 1.2081
v -1.1698 -1.7040 1.2081
v -0.9322 -1.8448 1.2081
v -0.6780 -1.9525 1.2081
v -0.4117 -2.0255 1.2081
v -0.1381 -2.0623 1.2081
v 0.1381 -2.0623 1.2081
v 0.4117 -2.0255 1.2081
v 0.6780 -1.9525 1.2081
v 0.9322 -1.8448 1.2081
v 1.1698 -1.7040 1.2081
v 1.3864 -1.5329 1.2081
v 1.5784 -1.3345 1.2081
v 1.7422 -1.1122 1.2081
v 1.8749 -0.8700 1.2081
v 1.9741 -0.6124 1.2081
v 2.0381 -0.3438 1.2081
v 2.0658 -0.0691 1.2081
v 2.0565 0.2069 1.2081
v 2.0106 0.4792 1.2081
v 1.9288 0.7429 1.2081
v 1.8126 0.9933 1.2081
v 1.6640 1.2260 1.2081
v 1.4857 1.4369 1.2081
v 1.2810 1.6221 1.2081
v 1.0533 1.7784 1.2081
v 0.8069 1.9029 1.2081
v 0.5461 1.9935 1.2081
v 0.2755 2.0485 1.2081
v 0.0000 2.0669 1.2081
v 0.0000 2.0972 1.4765
v -0.2795 2.0785 1.4765
v -0.5541 2.0227 1.4765
v -0.8187 1.9308 1.4765
v -1.0688 1.8044 1.4765
v -1.2997 1.6459 1.4765
v -1.5075 1.4579 1.4765
v -1.6884 1.2440 1.4765
v -1.8391 1.0079 1.4765
v -1.9570 0.7537 1.4765
v -2.0400 0.4862 1.4765
v -2.0866 0.2099 1.4765
v -2.0960 -0.0701 1.4765
v -2.0680 -0.3488 1.4765
v -2.0030 -0.6213 1.4765
v -1.9023 -0.8828 1.4765
v -1.7677 -1.1284 1.4765
v -1.6015 -1.3540 1.4765
v -1.4067 -1.5554 1.4765
v -1.1869 -1.7290 1.4765
v -0.9458 -1.8718 1.4765
v -0.6879 -1.9811 1.4765
v -0.4177 -2.0551 1.4765
v -0.1401 -2.0925 1.4765
v 0.1401 -2.0925 1.4765
v 0.4177 -2.0551 1.4765
v 0.6879 -1.9811 1.4765
v 0.9458 -1.8718 1.4765
v 1.1869 -1.7290 1.4765
v 1.4067 -1.5554 1.4765
v 1.6015 -1.3540 1.4765
v 1.7677 -1.1284 1.4765
v 1.9023 -0.8828 1.4765
v 2.0030 -0.6213 1.4765
v 2.0680 -0.3488 1.4765
v 2.0960 -0.0701 1.4765
v 2.0866 0.2099 1.4765
v 2.0400 0.4862 1.4765
v 1.9570 0.7537 1.4765
v 1.8391 1.0079 1.4765
v 1.6884 1.2440 1.4765
v 1.5075 1.4579 1.4765
v 1.2997 1.6459 1.4765
v 1.0688 1.8044 1.4765
v 0.8187 1.9308 1.4765
v 0.5541 2.0227 1.4765
v 0.2795 2.0785 1.4765
v 0.0000 2.0972 1.4765
v 0.0000 2.1225 1.7450
v -0.2829 2.1036 1.7450
v -0.5608 2.0471 1.7450
v -0.8286 1.9541 1.7450
v -1.0817 1.8262 1.7450
v -1.3154 1.6657 1.7450
v -1.5257 1.4755 1.7450
v -1.7088 1.2590 1.7450
v -1.8613 1.0200 1.7450
v -1.9807 0.7628 1.7450
v -2.0647 0.4920 1.7450
v -2.1118 0.2125 1.7450
v -2.1213 -0.0709 1.7450
v -2.0929 -0.3530 1.7450
v -2.0272 -0.6288 1.7450
v -1.9253 -0.8934 1.7450
v -1.7890 -1.1421 1.7450
v -1.6209 -1.3703 1.7450
v -1.4237 -1.5742 1.7450
v -1.2012 -1.7499 1.7450
v -0.9573 -1.8944 1.7450
v -0.6962 -2.0051 1.7450
v -0.4228 -2.0800 1.7450
v -0.1418 -2.1178 1.7450
v 0.1418 -2.1178 1.7450
v 0.4228 -2.0800 1.7450
v 0.6962 -2.0051 1.7450
v 0.9573 -1.8944 1.7450
v 1.2012 -1.7499 1.7450
v 1.4237 -1.5742 1.7450
v 1.6209 -1.3703 1.7450
v 1.7890 -1.1421 1.7450
v 1.9253 -0.8934 1.7450
v 2.0272 -0.6288 1.7450
v 2.0929 -0.3530 1.7450
v 2.1213 -0.0709 1.7450
v 2.1118 0.2125 1.7450
v 2.0647 0.4920 1.7450
v 1.9807 0.7628 1.7450
v 1.8613 1.0200 1.7450
v 1.7088 1.2590 1.7450
v 1.5257 1.4755 1.7450
v 1.3154 1.6657 1.7450
v 1.0817 1.8262 1.7450
v 0.8286 1.9541 1.7450
v 0.5608 2.0471 1.7450
v 0.2829 2.1036 1.7450
v 0.0000 2.1225 1.7450
v 0.0000 2.1119 2.0134
v -0.2815 2.0931 2.0134
v -0.5580 2.0369 2.0134
v -0.8245 1.9444 2.0134
v -1.0763 1.8171 2.0134
v -1.3089 1.6575 2.0134
v -1.5181 1.4682 2.0134
v -1.7003 1.2528 2.0134
v -1.8521 1.0150 2.0134
v -1.9708 0.7590 2.0134
v -2.0544 0.4896 2.0134
v -2.1013 0.2114 2.0134
v -2.1108 -0.0706 2.0134
v -2.0825 -0.3513 2.0134
v -2.0171 -0.6257 2.0134
v -1.9157 -0.8890 2.0134
v -1.7801 -1.1364 2.0134
v -1.6128 -1.3635 2.0134
v -1.4167 -1.5663 2.0134
v -1.1952 -1.7412 2.0134
v -0.9525 -1.8850 2.0134
v -0.6928 -1.9951 2.0134
v -0.4207 -2.0696 2.0134
v -0.1411 -2.1072 2.0134
v 0.1411 -2.1072 2.0134
v 0.4207 -2.0696 2.0134
v 0.6928 -1.9951 2.0134
v 0.9525 -1.8850 2.0134
v 1.1952 -1.7412 2.0134
v 1.4167 -1.5663 2.0134
v 1.6128 -1.3635 2.0134
v 1.7801 -1.1364 2.0134
v 1.9157 -0.8890 2.0134
v 2.0171 -0.6257 2.0134
v 2.0825 -0.3513 2.0134
v 2.1108 -0.0706 2.0134
v 2.1013 0.2114 2.0134
v 2.0544 0.4896 2.0134
v 1.9708 0.7590 2.0134
v 1.8521 1.0150 2.0134
v 1.7003 1.2528 2.0134
v 1.5181 1.4682 2.0134
v 1.3089 1.6575 2.0134
v 1.0763 1.8171 2.0134
v 0.8245 1.9444 2.0134
v 0.5580 2.0369 2.0134
v 0.2815 2.0931 2.0134
v 0.0000 2.1119 2.0134
v 0.0000 2.1248 2.2819
v -0.2832 2.1059 2.2819
v -0.5614 2.0493 2.2819
v -0.8295 1.9562 2.2819
v -1.0829 1.8282 2.2819
v -1.3169 1.6676 2.2819
v -1.5274 1.4772 2.2819
v -1.7106 1.2604 2.2819
v -1.8634 1.0212 2.2819
v -1.9829 0.7637 2.2819
v -2.0670 0.4926 2.2819
v -2.1142 0.2127 2.2819
v -2.1237 -0.0710 2.2819
v -2.0952 -0.3534 2.2819
v -2.0294 -0.6295 2.2819
v -1.9274 -0.8944 2.2819
v -1.7910 -1.1433 2.2819
v -1.6226 -1.3719 2.2819
v -1.4253 -1.5759 2.2819
v -1.2025 -1.7518 2.2819
v -0.9583 -1.8965 2.2819
v -0.6970 -2.0073 2.2819
v -0.4232 -2.0823 2.2819
v -0.1419 -2.1201 2.2819
v 0.1419 -2.1201 2.2819
v 0.4232 -2.0823 2.2819
v 0.6970 -2.0073 2.2819
v 0.9583 -1.8965 2.2819
v 1.2025 -1.7518 2.2819
v 1.4253 -1.5759 2.2819
v 1.6226 -1.3719 2.2819
v 1.7910 -1.1433 2.2819
v 1.9274 -0.8944 2.2819
v 2.0294 -0.6295 2.2819
v 2.0952 -0.3534 2.2819
v 2.1237 -0.0710 2.2819
v 2.1142 0.2127 2.2819
v 2.0670 0.4926 2.2819
v 1.9829 0.7637 2.2819
v 1.8634 1.0212 2.2819
v 1.7106 1.2604 2.2819
v 1.5274 1.4772 2.2819
v 1.3169 1.6676 2.2819
v 1.0829 1.8282 2.2819
v 0.8295 1.9562 2.2819
v 0.5614 2.0493 2.2819
v 0.2832 2.1059 2.2819
v 0.0000 2.1248 2.2819
v 0.0000 2.1609 2.5503
v -0.2880 2.1416 2.5503
v -0.5709 2.0841 2.5503
v -0.8436 1.9894 2.5503
v -1.1012 1.8592 2.5503
v -1.3392 1.6959 2.5503
v -1.5533 1.5022 2.5503
v -1.7397 1.2818 2.5503
v -1.8950 1.0385 2.5503
v -2.0165 0.7766 2.5503
v -2.1020 0.5009 2.5503
v -2.1500 0.2163 2.5503
v -2.1597 -0.0722 2.5503
v -2.1308 -0.3594 2.5503
v -2.0639 -0.6402 2.5503
v -1.9601 -0.9096 2.5503
v -1.8214 -1.1627 2.5503
v -1.6502 -1.3951 2.5503
v -1.4495 -1.6026 2.5503
v -1.2229 -1.7815 2.5503
v -0.9746 -1.9286 2.5503
v -0.7088 -2.0413 2.5503
v -0.4304 -2.1176 2.5503
v -0.1443 -2.1561 2.5503
v 0.1443 -2.1561 2.5503
v 0.4304 -2.1176 2.5503
v 0.7088 -2.0413 2.5503
v 0.9746 -1.9286 2.5503
v 1.2229 -1.7815 2.5503
v 1.4495 -1.6026 2.5503
v 1.6502 -1.3951 2.5503
v 1.8214 -1.1627 2.5503
v 1.9601 -0.9096 2.5503
v 2.0639 -0.6402 2.5503
v 2.1308 -0.3594 2.5503
v 2.1597 -0.0722 2.5503
v 2.1500 0.2163 2.5503
v 2.1020 0.5009 2.5503
v 2.0165 0.7766 2.5503
v 1.8950 1.0385 2.5503
v 1.7397 1.2818 2.5503
v 1.5533 1.5022 2.5503
v 1.3392 1.6959 2.5503
v 1.1012 1.8592 2.5503
v 0.8436 1.9894 2.5503
v 0.5709 2.0841 2.5503
v 0.2880 2.1416 2.5503
v 0.0000 2.1609 2.5503
v 0.0000 2.2041 2.8188
v -0.2938 2.1844 2.8188
v -0.5823 2.1258 2.8188
v -0.8605 2.0292 2.8188
v -1.1232 1.8964 2.8188
v -1.3660 1.7298 2.8188
v -1.5843 1.5323 2.8188
v -1.7744 1.3074 2.8188
v -1.9329 1.0592 2.8188
v -2.0568 0.7922 2.8188
v -2.1440 0.5110 2.8188
v -2.1930 0.2206 2.8188
v -2.2029 -0.0736 2.8188
v -2.1734 -0.3666 2.8188
v -2.1051 -0.6530 2.8188
v -1.9993 -0.9278 2.8188
v -1.8578 -1.1860 2.8188
v -1.6832 -1.4230 2.8188
v -1.4785 -1.6347 2.8188
v -1.2474 -1.8171 2.8188
v -0.9941 -1.9672 2.8188
v -0.7230 -2.0821 2.8188
v -0.4390 -2.1599 2.8188
v -0.1472 -2.1992 2.8188
v 0.1472 -2.1992 2.8188
v 0.4390 -2.1599 2.8188
v 0.7230 -2.0821 2.8188
v 0.9941 -1.9672 2.8188
v 1.2474 -1.8171 2.8188
v 1.4785 -1.6347 2.8188
v 1.6832 -1.4230 2.8188
v 1.8578 -1.1860 2.8188
v 1.9993 -0.9278 2.8188
v 2.1051 -0.6530 2.8188
v 2.1734 -0.3666 2.8188
v 2.2029 -0.0736 2.8188
v 2.1930 0.2206 2.8188
v 2.1440 0.5110 2.8188
v 2.0568 0.7922 2.8188
v 1.9329 1.0592 2.8188
v 1.7744 1.3074 2.8188
v 1.5843 1.5323 2.8188
v 1.3660 1.7298 2.8188
v 1.1232 1.8964 2.8188
v 0.8605 2.0292 2.8188
v 0.5823 2.1258 2.8188
v 0.2938 2.1844 2.8188
v 0.0000 2.2041 2.8188
v 0.0000 2.2001 3.0872
v -0.2932 2.1805 3.0872
v -0.5813 2.1219 3.0872
v -0.8589 2.0255 3.0872
v -1.1212 1.8930 3.0872
v -1.3635 1.7266 3.0872
v -1.5815 1.5295 3.0872
v -1.7712 1.3051 3.0872
v -1.9294 1.0573 3.0872
v -2.0531 0.7907 3.0872
v -2.1402 0.5100 3.0872
v -2.1890 0.2202 3.0872
v -2.1989 -0.0735 3.0872
v -2.1694 -0.3659 3.0872
v -2.1013 -0.6518 3.0872
v -1.9957 -0.9261 3.0872
v -1.8544 -1.1838 3.0872
v -1.6801 -1.4204 3.0872
v -1.4758 -1.6317 3.0872
v -1.2451 -1.8138 3.0872
v -0.9923 -1.9636 3.0872
v -0.7217 -2.0784 3.0872
v -0.4382 -2.1560 3.0872
v -0.1469 -2.1952 3.0872
v 0.1469 -2.1952 3.0872
v 0.4382 -2.1560 3.0872
v 0.7217 -2.0784 3.0872
v 0.9923 -1.9636 3.0872
v 1.2451 -1.8138 3.0872
v 1.4758 -1.6317 3.0872
v 1.6801 -1.4204 3.0872
v 1.8544 -1.1838 3.0872
v 1.9957 -0.9261 3.0872
v 2.1013 -0.6518 3.0872
v 2.1694 -0.3659 3.0872
v 2.1989 -0.0735 3.0872
v 2.1890 0.2202 3.0872
v 2.1402 0.5100 3.0872
v 2.0531 0.7907 3.0872
v 1.9294 1.0573 3.0872
v 1.7712 1.3051 3.0872
v 1.5815 1.5295 3.0872
v 1.3635 1.7266 3.0872
v 1.1212 1.8930 3.0872
v 0.8589 2.0255 3.0872
v 0.5813 2.1219 3.0872
v 0.2932 2.1805 3.0872
v 0.0000 2.2001 3.0872
v 0.0000 2.2189 3.3557
v -0.2957 2.1991 3.3557
v -0.5862 2.1400 3.3557
v -0.8662 2.0428 3.3557
v -1.1308 1.9091 3.3557
v -1.3751 1.7414 3.3557
v -1.5950 1.5425 3.3557
v -1.7863 1.3162 3.3557
v -1.9458 1.0663 3.3557
v -2.0706 0.7975 3.3557
v -2.1584 0.5144 3.3557
v -2.2077 0.2221 3.3557
v -2.2176 -0.0741 3.3557
v -2.1880 -0.3691 3.3557
v -2.1192 -0.6574 3.3557
v -2.0127 -0.9340 3.3557
v -1.8703 -1.1939 3.3557
v -1.6944 -1.4326 3.3557
v -1.4884 -1.6456 3.3557
v -1.2558 -1.8293 3.3557
v -1.0007 -1.9804 3.3557
v -0.7278 -2.0961 3.3557
v -0.4420 -2.1744 3.3557
v -0.1482 -2.2139 3.3557
v 0.1482 -2.2139 3.3557
v 0.4420 -2.1744 3.3557
v 0.7278 -2.0961 3.3557
v 1.0007 -1.9804 3.3557
v 1.2558 -1.8293 3.3557
v 1.4884 -1.6456 3.3557
v 1.6944 -1.4326 3.3557
v 1.8703 -1.1939 3.3557
v 2.0127 -0.9340 3.3557
v 2.1192 -0.6574 3.3557
v 2.1880 -0.3691 3.3557
v 2.2176 -0.0741 3.3557
v 2.2077 0.2221 3.3557
v 2.1584 0.5144 3.3557
v 2.0706 0.7975 3.3557
v 1.9458 1.0663 3.3557
v 1.7863 1.3162 3.3557
v 1.5950 1.5425 3.3557
v 1.3751 1.7414 3.3557
v 1.1308 1.9091 3.3557
v 0.8662 2.0428 3.3557
v 0.5862 2.1400 3.3557
v 0.2957 2.1991 3.3557
v 0.0000 2.2189 3.3557
v 0.0000 2.2600 3.6242
v -0.3012 2.2398 3.6242
v -0.5971 2.1797 3.6242
v -0.8823 2.0807 3.6242
v -1.1517 1.9445 3.6242
v -1.4006 1.7736 3.6242
v -1.6245 1.5711 3.6242
v -1.8194 1.3406 3.6242
v -1.9819 1.0861 3.6242
v -2.1090 0.8123 3.6242
v -2.1984 0.5239 3.6242
v -2.2486 0.2262 3.6242
v -2.2587 -0.0755 3.6242
v -2.2285 -0.3759 3.6242
v -2.1585 -0.6696 3.6242
v -2.0500 -0.9513 3.6242
v -1.9049 -1.2161 3.6242
v -1.7258 -1.4591 3.6242
v -1.5160 -1.6761 3.6242
v -1.2790 -1.8632 3.6242
v -1.0193 -2.0171 3.6242
v -0.7413 -2.1349 3.6242
v -0.4502 -2.2147 3.6242
v -0.1510 -2.2549 3.6242
v 0.1510 -2.2549 3.6242
v 0.4502 -2.2147 3.6242
v 0.7413 -2.1349 3.6242
v 1.0193 -2.0171 3.6242
v 1.2790 -1.8632 3.6242
v 1.5160 -1.6761 3.6242
v 1.7258 -1.4591 3.6242
v 1.9049 -1.2161 3.6242
v 2.0500 -0.9513 3.6242
v 2.1585 -0.6696 3.6242
v 2.2285 -0.3759 3.6242
v 2.2587 -0.0755 3.6242
v 2.2486 0.2262 3.6242
v 2.1984 0.5239 3.6242
v 2.1090 0.8123 3.6242
v 1.9819 1.0861 3.6242
v 1.8194 1.3406 3.6242
v 1.6245 1.5711 3.6242
v 1.4006 1.7736 3.6242
v 1.1517 1.9445 3.6242
v 0.8823 2.0807 3.6242
v 0.5971 2.1797 3.6242
v 0.3012 2.2398 3.6242
v 0.0000 2.2600 3.6242
v 0.0000 2.3195 3.8926
v -0.3092 2.2988 3.8926
v -0.6128 2.2371 3.8926
v -0.9055 2.1355 3.8926
v -1.1821 1.9957 3.8926
v -1.4375 1.8204 3.8926
v -1.6673 1.6125 3.8926
v -1.8674 1.3759 3.8926
v -2.0341 1.1147 3.8926
v -2.1646 0.8337 3.8926
v -2.2564 0.5377 3.8926
v -2.3079 0.2322 3.8926
v -2.3182 -0.0775 3.8926
v -2.2872 -0.3858 3.8926
v -2.2154 -0.6872 3.8926
v -2.1040 -0.9764 3.8926
v -1.9551 -1.2481 3.8926
v -1.7713 -1.4976 3.8926
v -1.5559 -1.7203 3.8926
v -1.3127 -1.9123 3.8926
v -1.0461 -2.0702 3.8926
v -0.7609 -2.1912 3.8926
v -0.4620 -2.2731 3.8926
v -0.1549 -2.3144 3.8926
v 0.1549 -2.3144 3.8926
v 0.4620 -2.2731 3.8926
v 0.7609 -2.1912 3.8926
v 1.0461 -2.0702 3.8926
v 1.3127 -1.9123 3.8926
v 1.5559 -1.7203 3.8926
v 1.7713 -1.4976 3.8926
v 1.9551 -1.2481 3.8926
v 2.1040 -0.9764 3.8926
v 2.2154 -0.6872 3.8926
v 2.2872 -0.3858 3.8926
v 2.3182 -0.0775 3.8926
v 2.3079 0.2322 3.8926
v 2.2564 0.5377 3.8926
v 2.1646 0.8337 3.8926
v 2.0341 1.1147 3.8926
v 1.8674 1.3759 3.8926
v 1.6673 1.6125 3.8926
v 1.4375 1.8204 3.8926
v 1.1821 1.9957 3.8926
v 0.9055 2.1355 3.8926
v 0.6128 2.2371 3.8926
v 0.3092 2.2988 3.8926
v 0.0000 2.3195 3.8926
v 0.0000 2.3246 4.1611
v -0.3098 2.3039 4.1611
v -0.6141 2.2420 4.1611
v -0.9075 2.1401 4.1611
v -1.1847 2.0001 4.1611
v -1.4407 1.8243 4.1611
v -1.6710 1.6160 4.1611
v -1.8715 1.3789 4.1611
v -2.0386 1.1172 4.1611
v -2.1693 0.8355 4.1611
v -2.2613 0.5389 4.1611
v -2.3129 0.2327 4.1611
v -2.3233 -0.0777 4.1611
v -2.2922 -0.3866 4.1611
v -2.2202 -0.6887 4.1611
v -2.1086 -0.9785 4.1611
v -1.9594 -1.2508 4.1611
v -1.7752 -1.5008 4.1611
v -1.5593 -1.7240 4.1611
v -1.3156 -1.9165 4.1611
v -1.0484 -2.0747 4.1611
v -0.7625 -2.1960 4.1611
v -0.4630 -2.2780 4.1611
v -0.1553 -2.3194 4.1611
v 0.1553 -2.3194 4.1611
v 0.4630 -2.2780 4.1611
v 0.7625 -2.1960 4.1611
v 1.0484 -2.0747 4.1611
v 1.3156 -1.9165 4.1611
v 1.5593 -1.7240 4.1611
v 1.7752 -1.5008 4.1611
v 1.9594 -1.2508 4.1611
v 2.1086 -0.9785 4.1611
v 2.2202 -0.6887 4.1611
v 2.2922 -0.3866 4.1611
v 2.3233 -0.0777 4.1611
v 2.3129 0.2327 4.1611
v 2.2613 0.5389 4.1611
v 2.1693 0.8355 4.1611
v 2.0386 1.1172 4.1611
v 1.8715 1.3789 4.1611
v 1.6710 1.6160 4.1611
v 1.4407 1.8243 4.1611
v 1.1847 2.0001 4.1611
v 0.9075 2.1401 4.1611
v 0.6141 2.2420 4.1611
v 0.3098 2.3039 4.1611
v 0.0000 2.3246 4.1611
v 0.0000 2.3486 4.4295
v -0.3130 2.3277 4.4295
v -0.6205 2.2652 4.4295
v -0.9169 2.1623 4.4295
v -1.1969 2.0208 4.4295
v -1.4556 1.8432 4.4295
v -1.6883 1.6328 4.4295
v -1.8908 1.3932 4.4295
v -2.0596 1.1287 4.4295
v -2.1917 0.8441 4.4295
v -2.2847 0.5445 4.4295
v -2.3368 0.2351 4.4295
v -2.3473 -0.0785 4.4295
v -2.3159 -0.3906 4.4295
v -2.2432 -0.6958 4.4295
v -2.1304 -0.9886 4.4295
v -1.9796 -1.2638 4.4295
v -1.7935 -1.5163 4.4295
v -1.5754 -1.7419 4.4295
v -1.3292 -1.9363 4.4295
v -1.0593 -2.0962 4.4295
v -0.7704 -2.2187 4.4295
v -0.4678 -2.3016 4.4295
v -0.1569 -2.3434 4.4295
v 0.1569 -2.3434 4.4295
v 0.4678 -2.3016 4.4295
v 0.7704 -2.2187 4.4295
v 1.0593 -2.0962 4.4295
v 1.3292 -1.9363 4.4295
v 1.5754 -1.7419 4.4295
v 1.7935 -1.5163 4.4295
v 1.9796 -1.2638 4.4295
v 2.1304 -0.9886 4.4295
v 2.2432 -0.6958 4.4295
v 2.3159 -0.3906 4.4295
v 2.3473 -0.0785 4.4295
v 2.3368 0.2351 4.4295
v 2.2847 0.5445 4.4295
v 2.1917 0.8441 4.4295
v 2.0596 1.1287 4.4295
v 1.8908 1.3932 4.4295
v 1.6883 1.6328 4.4295
v 1.4556 1.8432 4.4295
v 1.1969 2.0208 4.4295
v 0.9169 2.1623 4.4295
v 0.6205 2.2652 4.4295
v 0.3130 2.3277 4.4295
v 0.0000 2.3486 4.4295
v 0.0000 2.3940 4.6980
v -0.3191 2.3727 4.6980
v -0.6325 2.3090 4.6980
v -0.9346 2.2041 4.6980
v -1.2200 2.0598 4.6980
v -1.4837 1.8788 4.6980
v -1.7209 1.6643 4.6980
v -1.9274 1.4201 4.6980
v -2.0994 1.1505 4.6980
v -2.2341 0.8604 4.6980
v -2.3288 0.5550 4.6980
v -2.3820 0.2396 4.6980
v -2.3927 -0.0800 4.6980
v -2.3607 -0.3982 4.6980
v -2.2865 -0.7093 4.6980
v -2.1716 -1.0077 4.6980
v -2.0179 -1.2882 4.6980
v -1.8282 -1.5457 4.6980
v -1.6059 -1.7755 4.6980
v -1.3549 -1.9737 4.6980
v -1.0797 -2.1367 4.6980
v -0.7853 -2.2616 4.6980
v -0.4769 -2.3461 4.6980
v -0.1599 -2.3887 4.6980
v 0.1599 -2.3887 4.6980
v 0.4769 -2.3461 4.6980
v 0.7853 -2.2616 4.6980
v 1.0797 -2.1367 4.6980
v 1.3549 -1.9737 4.6980
v 1.6059 -1.7755 4.6980
v 1.8282 -1.5457 4.6980
v 2.0179 -1.2882 4.6980
v 2.1716 -1.0077 4.6980
v 2.2865 -0.7093 4.6980
v 2.3607 -0.3982 4.6980
v 2.3927 -0.0800 4.6980
v 2.3820 0.2396 4.6980
v 2.3288 0.5550 4.6980
v 2.2341 0.8604 4.6980
v 2.0994 1.1505 4.6980
v 1.9274 1.4201 4.6980
v 1.7209 1.6643 4.6980
v 1.4837 1.8788 4.6980
v 1.2200 2.0598 4.6980
v 0.9346 2.2041 4.6980
v 0.6325 2.3090 4.6980
v 0.3191 2.3727 4.6980
v 0.0000 2.3940 4.6980
v 0.0000 2.4599 4.9664
v -0.3279 2.4380 4.9664
v -0.6499 2.3725 4.9664
v -0.9603 2.2647 4.9664
v -1.2536 2.1165 4.9664
v -1.5245 1.9305 4.9664
v -1.7682 1.7101 4.9664
v -1.9804 1.4592 4.9664
v -2.1572 1.1822 4.9664
v -2.2955 0.8841 4.9664
v -2.3929 0.5703 4.9664
v -2.4476 0.2462 4.9664
v -2.4585 -0.0822 4.9664
v -2.4256 -0.4092 4.9664
v -2.3495 -0.7288 4.9664
v -2.2314 -1.0355 4.9664
v -2.0734 -1.3236 4.9664
v -1.8785 -1.5882 4.9664
v -1.6501 -1.8244 4.9664
v -1.3922 -2.0280 4.9664
v -1.1094 -2.1955 4.9664
v -0.8069 -2.3238 4.9664
v -0.4900 -2.4106 4.9664
v -0.1643 -2.4544 4.9664
v 0.1643 -2.4544 4.9664
v 0.4900 -2.4106 4.9664
v 0.8069 -2.3238 4.9664
v 1.1094 -2.1955 4.9664
v 1.3922 -2.0280 4.9664
v 1.6501 -1.8244 4.9664
v 1.8785 -1.5882 4.9664
v 2.0734 -1.3236 4.9664
v 2.2314 -1.0355 4.9664
v 2.3495 -0.7288 4.9664
v 2.4256 -0.4092 4.9664
v 2.4585 -0.0822 4.9664
v 2.4476 0.2462 4.9664
v 2.3929 0.5703 4.9664
v 2.2955 0.8841 4.9664
v 2.1572 1.1822 4.9664
v 1.9804 1.4592 4.9664
v 1.7682 1.7101 4.9664
v 1.5245 1.9305 4.9664
v 1.2536 2.1165 4.9664
v 0.9603 2.2647 4.9664
v 0.6499 2.3725 4.9664
v 0.3279 2.4380 4.9664
v 0.0000 2.4599 4.9664
v 0.0000 2.4852 5.2349
v -0.3312 2.4630 5.2349
v -0.6566 2.3969 5.2349
v -0.9702 2.2880 5.2349
v -1.2665 2.1383 5.2349
v -1.5402 1.9504 5.2349
v -1.7864 1.7277 5.2349
v -2.0008 1.4742 5.2349
v -2.1794 1.1943 5.2349
v -2.3191 0.8932 5.2349
v -2.4175 0.5761 5.2349
v -2.4727 0.2488 5.2349
v -2.4838 -0.0830 5.2349
v -2.4506 -0.4134 5.2349
v -2.3736 -0.7363 5.2349
v -2.2543 -1.0461 5.2349
v -2.0948 -1.3372 5.2349
v -1.8978 -1.6045 5.2349
v -1.6670 -1.8432 5.2349
v -1.4065 -2.0489 5.2349
v -1.1209 -2.2181 5.2349
v -0.8152 -2.3477 5.2349
v -0.4950 -2.4354 5.2349
v -0.1660 -2.4797 5.2349
v 0.1660 -2.4797 5.2349
v 0.4950 -2.4354 5.2349
v 0.8152 -2.3477 5.2349
v 1.1209 -2.2181 5.2349
v 1.4065 -2.0489 5.2349
v 1.6670 -1.8432 5.2349
v 1.8978 -1.6045 5.2349
v 2.0948 -1.3372 5.2349
v 2.2543 -1.0461 5.2349
v 2.3736 -0.7363 5.2349
v 2.4506 -0.4134 5.2349
v 2.4838 -0.0830 5.2349
v 2.4727 0.2488 5.2349
v 2.4175 0.5761 5.2349
v 2.3191 0.8932 5.2349
v 2.1794 1.1943 5.2349
v 2.0008 1.4742 5.2349
v 1.7864 1.7277 5.2349
v 1.5402 1.9504 5.2349
v 1.2665 2.1383 5.2349
v 0.9702 2.2880 5.2349
v 0.6566 2.3969 5.2349
v 0.3312 2.4630 5.2349
v 0.0000 2.4852 5.2349
v 0.0000 2.5138 5.5034
v -0.3351 2.4914 5.5034
v -0.6641 2.4245 5.5034
v -0.9814 2.3143 5.5034
v -1.2811 2.1629 5.5034
v -1.5579 1.9728 5.5034
v -1.8070 1.7476 5.5034
v -2.0238 1.4911 5.5034
v -2.2045 1.2081 5.5034
v -2.3458 0.9035 5.5034
v -2.4453 0.5828 5.5034
v -2.5012 0.2516 5.5034
v -2.5124 -0.0840 5.5034
v -2.4788 -0.4181 5.5034
v -2.4009 -0.7448 5.5034
v -2.2802 -1.0581 5.5034
v -2.1189 -1.3526 5.5034
v -1.9197 -1.6230 5.5034
v -1.6862 -1.8644 5.5034
v -1.4227 -2.0725 5.5034
v -1.1338 -2.2436 5.5034
v -0.8246 -2.3747 5.5034
v -0.5007 -2.4634 5.5034
v -0.1679 -2.5082 5.5034
v 0.1679 -2.5082 5.5034
v 0.5007 -2.4634 5.5034
v 0.8246 -2.3747 5.5034
v 1.1338 -2.2436 5.5034
v 1.4227 -2.0725 5.5034
v 1.6862 -1.8644 5.5034
v 1.9197 -1.6230 5.5034
v 2.1189 -1.3526 5.5034
v 2.2802 -1.0581 5.5034
v 2.4009 -0.7448 5.5034
v 2.4788 -0.4181 5.5034
v 2.5124 -0.0840 5.5034
v 2.5012 0.2516 5.5034
v 2.4453 0.5828 5.5034
v 2.3458 0.9035 5.5034
v 2.2045 1.2081 5.5034
v 2.0238 1.4911 5.5034
v 1.8070 1.7476 5.5034
v 1.5579 1.9728 5.5034
v 1.2811 2.1629 5.5034
v 0.9814 2.3143 5.5034
v 0.6641 2.4245 5.5034
v 0.3351 2.4914 5.5034
v 0.0000 2.5138 5.5034
v 0.0000 2.5626 5.7718
v -0.3416 2.5398 5.7718
v -0.6770 2.4716 5.7718
v -1.0004 2.3593 5.7718
v -1.3060 2.2049 5.7718
v -1.5882 2.0112 5.7718
v -1.8421 1.7815 5.7718
v -2.0631 1.5201 5.7718
v -2.2473 1.2316 5.7718
v -2.3914 0.9210 5.7718
v -2.4928 0.5941 5.7718
v -2.5498 0.2565 5.7718
v -2.5612 -0.0856 5.7718
v -2.5269 -0.4262 5.7718
v -2.4476 -0.7592 5.7718
v -2.3246 -1.0787 5.7718
v -2.1600 -1.3789 5.7718
v -1.9570 -1.6545 5.7718
v -1.7190 -1.9006 5.7718
v -1.4503 -2.1128 5.7718
v -1.1558 -2.2872 5.7718
v -0.8406 -2.4209 5.7718
v -0.5104 -2.5113 5.7718
v -0.1712 -2.5569 5.7718
v 0.1712 -2.5569 5.7718
v 0.5104 -2.5113 5.7718
v 0.8406 -2.4209 5.7718
v 1.1558 -2.2872 5.7718
v 1.4503 -2.1128 5.7718
v 1.7190 -1.9006 5.7718
v 1.9570 -1.6545 5.7718
v 2.1600 -1.3789 5.7718
v 2.3246 -1.0787 5.7718
v 2.4476 -0.7592 5.7718
v 2.5269 -0.4262 5.7718
v 2.5612 -0.0856 5.7718
v 2.5498 0.2565 5.7718
v 2.4928 0.5941 5.7718
v 2.3914 0.9210 5.7718
v 2.2473 1.2316 5.7718
v 2.0631 1.5201 5.7718
v 1.8421 1.7815 5.7718
v 1.5882 2.0112 5.7718
v 1.3060 2.2049 5.7718
v 1.0004 2.3593 5.7718
v 0.6770 2.4716 5.7718
v 0.3416 2.5398 5.7718
v 0.0000 2.5626 5.7718
v 0.0000 2.6309 6.0403
v -0.3507 2.6074 6.0403
v -0.6951 2.5374 6.0403
v -1.0271 2.4221 6.0403
v -1.3407 2.2636 6.0403
v -1.6305 2.0647 6.0403
v -1.8911 1.8290 6.0403
v -2.1180 1.5606 6.0403
v -2.3071 1.2644 6.0403
v -2.4551 0.9456 6.0403
v -2.5592 0.6099 6.0403
v -2.6177 0.2633 6.0403
v -2.6294 -0.0879 6.0403
v -2.5942 -0.4376 6.0403
v -2.5128 -0.7795 6.0403
v -2.3864 -1.1074 6.0403
v -2.2175 -1.4156 6.0403
v -2.0091 -1.6986 6.0403
v -1.7648 -1.9512 6.0403
v -1.4889 -2.1690 6.0403
v -1.1866 -2.3481 6.0403
v -0.8630 -2.4853 6.0403
v -0.5240 -2.5782 6.0403
v -0.1757 -2.6250 6.0403
v 0.1757 -2.6250 6.0403
v 0.5240 -2.5782 6.0403
v 0.8630 -2.4853 6.0403
v 1.1866 -2.3481 6.0403
v 1.4889 -2.1690 6.0403
v 1.7648 -1.9512 6.0403
v 2.0091 -1.6986 6.0403
v 2.2175 -1.4156 6.0403
v 2.3864 -1.1074 6.0403
v 2.5128 -0.7795 6.0403
v 2.5942 -0.4376 6.0403
v 2.6294 -0.0879 6.0403
v 2.6177 0.2633 6.0403
v 2.5592 0.6099 6.0403
v 2.4551 0.9456 6.0403
v 2.3071 1.2644 6.0403
v 2.1180 1.5606 6.0403
v 1.8911 1.8290 6.0403
v 1.6305 2.0647 6.0403
v 1.3407 2.2636 6.0403
v 1.0271 2.4221 6.0403
v 0.6951 2.5374 6.0403
v 0.3507 2.6074 6.0403
v 0.0000 2.6309 6.0403
v 0.0000 2.6816 6.3087
v -0.3574 2.6577 6.3087
v -0.7085 2.5863 6.3087
v -1.0469 2.4688 6.3087
v -1.3666 2.3073 6.3087
v -1.6619 2.1045 6.3087
v -1.9276 1.8642 6.3087
v -2.1589 1.5907 6.3087
v -2.3516 1.2887 6.3087
v -2.5024 0.9638 6.3087
v -2.6086 0.6217 6.3087
v -2.6681 0.2684 6.3087
v -2.6801 -0.0896 6.3087
v -2.6443 -0.4460 6.3087
v -2.5612 -0.7945 6.3087
v -2.4325 -1.1288 6.3087
v -2.2603 -1.4429 6.3087
v -2.0478 -1.7313 6.3087
v -1.7988 -1.9888 6.3087
v -1.5176 -2.2108 6.3087
v -1.2094 -2.3934 6.3087
v -0.8796 -2.5332 6.3087
v -0.5341 -2.6279 6.3087
v -0.1791 -2.6756 6.3087
v 0.1791 -2.6756 6.3087
v 0.5341 -2.6279 6.3087
v 0.8796 -2.5332 6.3087
v 1.2094 -2.3934 6.3087
v 1.5176 -2.2108 6.3087
v 1.7988 -1.9888 6.3087
v 2.0478 -1.7313 6.3087
v 2.2603 -1.4429 6.3087
v 2.4325 -1.1288 6.3087
v 2.5612 -0.7945 6.3087
v 2.6443 -0.4460 6.3087
v 2.6801 -0.0896 6.3087
v 2.6681 0.2684 6.3087
v 2.6086 0.6217 6.3087
v 2.5024 0.9638 6.3087
v 2.3516 1.2887 6.3087
v 2.1589 1.5907 6.3087
v 1.9276 1.8642 6.3087
v 1.6619 2.1045 6.3087
v 1.3666 2.3073 6.3087
v 1.0469 2.4688 6.3087
v 0.7085 2.5863 6.3087
v 0.3574 2.6577 6.3087
v 0.0000 2.6816 6.3087
v 0.0000 2.7140 6.5772
v -0.3617 2.6898 6.5772
v -0.7170 2.6176 6.5772
v -1.0595 2.4987 6.5772
v -1.3831 2.3352 6.5772
v -1.6820 2.1300 6.5772
v -1.9509 1.8868 6.5772
v -2.1850 1.6099 6.5772
v -2.3801 1.3043 6.5772
v -2.5327 0.9754 6.5772
v -2.6401 0.6292 6.5772
v -2.7004 0.2717 6.5772
v -2.7125 -0.0907 6.5772
v -2.6762 -0.4514 6.5772
v -2.5922 -0.8041 6.5772
v -2.4619 -1.1424 6.5772
v -2.2876 -1.4604 6.5772
v -2.0726 -1.7523 6.5772
v -1.8205 -2.0129 6.5772
v -1.5360 -2.2376 6.5772
v -1.2241 -2.4223 6.5772
v -0.8903 -2.5639 6.5772
v -0.5406 -2.6597 6.5772
v -0.1813 -2.7080 6.5772
v 0.1813 -2.7080 6.5772
v 0.5406 -2.6597 6.5772
v 0.8903 -2.5639 6.5772
v 1.2241 -2.4223 6.5772
v 1.5360 -2.2376 6.5772
v 1.8205 -2.0129 6.5772
v 2.0726 -1.7523 6.5772
v 2.2876 -1.4604 6.5772
v 2.4619 -1.1424 6.5772
v 2.5922 -0.8041 6.5772
v 2.6762 -0.4514 6.5772
v 2.7125 -0.0907 6.5772
v 2.7004 0.2717 6.5772
v 2.6401 0.6292 6.5772
v 2.5327 0.9754 6.5772
v 2.3801 1.3043 6.5772
v 2.1850 1.6099 6.5772
v 1.9509 1.8868 6.5772
v 1.6820 2.1300 6.5772
v 1.3831 2.3352 6.5772
v 1.0595 2.4987 6.5772
v 0.7170 2.6176 6.5772
v 0.3617 2.6898 6.5772
v 0.0000 2.7140 6.5772
v 0.0000 2.7655 6.8456
v -0.3686 2.7408 6.8456
v -0.7306 2.6673 6.8456
v -1.0796 2.5461 6.8456
v -1.4094 2.3795 6.8456
v -1.7139 2.1704 6.8456
v -1.9879 1.9226 6.8456
v -2.2264 1.6404 6.8456
v -2.4252 1.3291 6.8456
v -2.5807 0.9939 6.8456
v -2.6902 0.6411 6.8456
v -2.7516 0.2768 6.8456
v -2.7640 -0.0924 6.8456
v -2.7270 -0.4600 6.8456
v -2.6414 -0.8194 6.8456
v -2.5086 -1.1641 6.8456
v -2.3310 -1.4881 6.8456
v -2.1119 -1.7855 6.8456
v -1.8551 -2.0511 6.8456
v -1.5651 -2.2800 6.8456
v -1.2473 -2.4683 6.8456
v -0.9072 -2.6125 6.8456
v -0.5509 -2.7101 6.8456
v -0.1847 -2.7593 6.8456
v 0.1847 -2.7593 6.8456
v 0.5509 -2.7101 6.8456
v 0.9072 -2.6125 6.8456
v 1.2473 -2.4683 6.8456
v 1.5651 -2.2800 6.8456
v 1.8551 -2.0511 6.8456
v 2.1119 -1.7855 6.8456
v 2.3310 -1.4881 6.8456
v 2.5086 -1.1641 6.8456
v 2.6414 -0.8194 6.8456
v 2.7270 -0.4600 6.8456
v 2.7640 -0.0924 6.8456
v 2.7516 0.2768 6.8456
v 2.6902 0.6411 6.8456
v 2.5807 0.9939 6.8456
v 2.4252 1.3291 6.8456
v 2.2264 1.6404 6.8456
v 1.9879 1.9226 6.8456
v 1.7139 2.1704 6.8456
v 1.4094 2.3795 6.8456
v 1.0796 2.5461 6.8456
v 0.7306 2.6673 6.8456
v 0.3686 2.7408 6.8456
v 0.0000 2.7655 6.8456
v 0.0000 2.8353 7.1141
v -0.3779 2.8100 7.1141
v -0.7491 2.7345 7.1141
v -1.1069 2.6103 7.1141
v -1.4449 2.4395 7.1141
v -1.7571 2.2251 7.1141
v -2.0380 1.9710 7.1141
v -2.2826 1.6818 7.1141
v -2.4864 1.3626 7.1141
v -2.6458 1.0190 7.1141
v -2.7580 0.6573 7.1141
v -2.8210 0.2838 7.1141
v -2.8337 -0.0947 7.1141
v -2.7958 -0.4716 7.1141
v -2.7080 -0.8400 7.1141
v -2.5718 -1.1935 7.1141
v -2.3898 -1.5256 7.1141
v -2.1651 -1.8305 7.1141
v -1.9018 -2.1028 7.1141
v -1.6046 -2.3375 7.1141
v -1.2787 -2.5305 7.1141
v -0.9300 -2.6784 7.1141
v -0.5647 -2.7784 7.1141
v -0.1894 -2.8289 7.1141
v 0.1894 -2.8289 7.1141
v 0.5647 -2.7784 7.1141
v 0.9300 -2.6784 7.1141
v 1.2787 -2.5305 7.1141
v 1.6046 -2.3375 7.1141
v 1.9018 -2.1028 7.1141
v 2.1651 -1.8305 7.1141
v 2.3898 -1.5256 7.1141
v 2.5718 -1.1935 7.1141
v 2.7080 -0.8400 7.1141
v 2.7958 -0.4716 7.1141
v 2.8337 -0.0947 7.1141
v 2.8210 0.2838 7.1141
v 2.7580 0.6573 7.1141
v 2.6458 1.0190 7.1141
v 2.4864 1.3626 7.1141
v 2.2826 1.6818 7.1141
v 2.0380 1.9710 7.1141
v 1.7571 2.2251 7.1141
v 1.4449 2.4395 7.1141
v 1.1069 2.6103 7.1141
v 0.7491 2.7345 7.1141
v 0.3779 2.8100 7.1141
v 0.0000 2.8353 7.1141
v 0.0000 2.9133 7.3826
v -0.3883 2.8873 7.3826
v -0.7697 2.8098 7.3826
v -1.1373 2.6821 7.3826
v -1.4847 2.5066 7.3826
v -1.8055 2.2863 7.3826
v -2.0941 2.0253 7.3826
v -2.3454 1.7281 7.3826
v -2.5548 1.4001 7.3826
v -2.7186 1.0471 7.3826
v -2.8339 0.6754 7.3826
v -2.8986 0.2916 7.3826
v -2.9116 -0.0973 7.3826
v -2.8727 -0.4846 7.3826
v -2.7825 -0.8631 7.3826
v -2.6426 -1.2263 7.3826
v -2.4556 -1.5676 7.3826
v -2.2247 -1.8809 7.3826
v -1.9542 -2.1606 7.3826
v -1.6488 -2.4018 7.3826
v -1.3139 -2.6002 7.3826
v -0.9556 -2.7521 7.3826
v -0.5803 -2.8549 7.3826
v -0.1946 -2.9068 7.3826
v 0.1946 -2.9068 7.3826
v 0.5803 -2.8549 7.3826
v 0.9556 -2.7521 7.3826
v 1.3139 -2.6002 7.3826
v 1.6488 -2.4018 7.3826
v 1.9542 -2.1606 7.3826
v 2.2247 -1.8809 7.3826
v 2.4556 -1.5676 7.3826
v 2.6426 -1.2263 7.3826
v 2.7825 -0.8631 7.3826
v 2.8727 -0.4846 7.3826
v 2.9116 -0.0973 7.3826
v 2.8986 0.2916 7.3826
v 2.8339 0.6754 7.3826
v 2.7186 1.0471 7.3826
v 2.5548 1.4001 7.3826
v 2.3454 1.7281 7.3826
v 2.0941 2.0253 7.3826
v 1.8055 2.2863 7.3826
v 1.4847 2.5066 7.3826
v 1.1373 2.6821 7.3826
v 0.7697 2.8098 7.3826
v 0.3883 2.8873 7.3826
v 0.0000 2.9133 7.3826
v 0.0000 2.9491 7.6510
v -0.3931 2.9227 7.6510
v -0.7791 2.8443 7.6510
v -1.1513 2.7151 7.6510
v -1.5029 2.5374 7.6510
v -1.8277 2.3144 7.6510
v -2.1199 2.0502 7.6510
v -2.3742 1.7493 7.6510
v -2.5862 1.4173 7.6510
v -2.7520 1.0599 7.6510
v -2.8687 0.6837 7.6510
v -2.9343 0.2952 7.6510
v -2.9474 -0.0985 7.6510
v -2.9080 -0.4905 7.6510
v -2.8167 -0.8737 7.6510
v -2.6751 -1.2414 7.6510
v -2.4857 -1.5868 7.6510
v -2.2521 -1.9040 7.6510
v -1.9782 -2.1872 7.6510
v -1.6690 -2.4313 7.6510
v -1.3301 -2.6321 7.6510
v -0.9674 -2.7859 7.6510
v -0.5874 -2.8900 7.6510
v -0.1970 -2.9425 7.6510
v 0.1970 -2.9425 7.6510
v 0.5874 -2.8900 7.6510
v 0.9674 -2.7859 7.6510
v 1.3301 -2.6321 7.6510
v 1.6690 -2.4313 7.6510
v 1.9782 -2.1872 7.6510
v 2.2521 -1.9040 7.6510
v 2.4857 -1.5868 7.6510
v 2.6751 -1.2414 7.6510
v 2.8167 -0.8737 7.6510
v 2.9080 -0.4905 7.6510
v 2.9474 -0.0985 7.6510
v 2.9343 0.2952 7.6510
v 2.8687 0.6837 7.6510
v 2.7520 1.0599 7.6510
v 2.5862 1.4173 7.6510
v 2.3742 1.7493 7.6510
v 2.1199 2.0502 7.6510
v 1.8277 2.3144 7.6510
v 1.5029 2.5374 7.6510
v 1.1513 2.7151 7.6510
v 0.7791 2.8443 7.6510
v 0.3931 2.9227 7.6510
v 0.0000 2.9491 7.6510
v 0.0000 3.0024 7.9195
v -0.4002 2.9756 7.9195
v -0.7932 2.8958 7.9195
v -1.1721 2.7642 7.9195
v -1.5301 2.5833 7.9195
v -1.8608 2.3563 7.9195
v -2.1582 2.0873 7.9195
v -2.4172 1.7810 7.9195
v -2.6330 1.4429 7.9195
v -2.8018 1.0791 7.9195
v -2.9206 0.6960 7.9195
v -2.9874 0.3005 7.9195
v -3.0008 -0.1003 7.9195
v -2.9606 -0.4994 7.9195
v -2.8676 -0.8895 7.9195
v -2.7235 -1.2638 7.9195
v -2.5307 -1.6156 7.9195
v -2.2928 -1.9385 7.9195
v -2.0140 -2.2268 7.9195
v -1.6992 -2.4753 7.9195
v -1.3541 -2.6797 7.9195
v -0.9849 -2.8363 7.9195
v -0.5980 -2.9423 7.9195
v -0.2005 -2.9957 7.9195
v 0.2005 -2.9957 7.9195
v 0.5980 -2.9423 7.9195
v 0.9849 -2.8363 7.9195
v 1.3541 -2.6797 7.9195
v 1.6992 -2.4753 7.9195
v 2.0140 -2.2268 7.9195
v 2.2928 -1.9385 7.9195
v 2.5307 -1.6156 7.9195
v 2.7235 -1.2638 7.9195
v 2.8676 -0.8895 7.9195
v 2.9606 -0.4994 7.9195
v 3.0008 -0.1003 7.9195
v 2.9874 0.3005 7.9195
v 2.9206 0.6960 7.9195
v 2.8018 1.0791 7.9195
v 2.6330 1.4429 7.9195
v 2.4172 1.7810 7.9195
v 2.1582 2.0873 7.9195
v 1.8608 2.3563 7.9195
v 1.5301 2.5833 7.9195
v 1.1721 2.7642 7.9195
v 0.7932 2.8958 7.9195
v 0.4002 2.9756 7.9195
v 0.0000 3.0024 7.9195
v 0.0000 3.0729 8.1879
v -0.4096 3.0455 8.1879
v -0.8119 2.9637 8.1879
v -1.1996 2.8291 8.1879
v -1.5660 2.6439 8.1879
v -1.9044 2.4116 8.1879
v -2.2089 2.1363 8.1879
v -2.4739 1.8228 8.1879
v -2.6948 1.4768 8.1879
v -2.8676 1.1044 8.1879
v -2.9892 0.7124 8.1879
v -3.0575 0.3076 8.1879
v -3.0712 -0.1027 8.1879
v -3.0301 -0.5111 8.1879
v -2.9350 -0.9104 8.1879
v -2.7874 -1.2935 8.1879
v -2.5901 -1.6535 8.1879
v -2.3466 -1.9840 8.1879
v -2.0613 -2.2790 8.1879
v -1.7391 -2.5334 8.1879
v -1.3859 -2.7426 8.1879
v -1.0080 -2.9029 8.1879
v -0.6121 -3.0113 8.1879
v -0.2052 -3.0661 8.1879
v 0.2052 -3.0661 8.1879
v 0.6121 -3.0113 8.1879
v 1.0080 -2.9029 8.1879
v 1.3859 -2.7426 8.1879
v 1.7391 -2.5334 8.1879
v 2.0613 -2.2790 8.1879
v 2.3466 -1.9840 8.1879
v 2.5901 -1.6535 8.1879
v 2.7874 -1.2935 8.1879
v 2.9350 -0.9104 8.1879
v 3.0301 -0.5111 8.1879
v 3.0712 -0.1027 8.1879
v 3.0575 0.3076 8.1879
v 2.9892 0.7124 8.1879
v 2.8676 1.1044 8.1879
v 2.6948 1.4768 8.1879
v 2.4739 1.8228 8.1879
v 2.2089 2.1363 8.1879
v 1.9044 2.4116 8.1879
v 1.5660 2.6439 8.1879
v 1.1996 2.8291 8.1879
v 0.8119 2.9637 8.1879
v 0.4096 3.0455 8.1879
v 0.0000 3.0729 8.1879
v 0.0000 3.1596 8.4564
v -0.4211 3.1314 8.4564
v -0.8348 3.0474 8.4564
v -1.2335 2.9089 8.4564
v -1.6102 2.7186 8.4564
v -1.9582 2.4797 8.4564
v -2.2712 2.1966 8.4564
v -2.5437 1.8742 8.4564
v -2.7708 1.5185 8.4564
v -2.9485 1.1356 8.4564
v -3.0736 0.7325 8.4564
v -3.1438 0.3163 8.4564
v -3.1579 -0.1056 8.4564
v -3.1156 -0.5255 8.4564
v -3.0178 -0.9361 8.4564
v -2.8661 -1.3300 8.4564
v -2.6632 -1.7001 8.4564
v -2.4129 -2.0400 8.4564
v -2.1194 -2.3434 8.4564
v -1.7882 -2.6049 8.4564
v -1.4250 -2.8200 8.4564
v -1.0364 -2.9848 8.4564
v -0.6294 -3.0963 8.4564
v -0.2110 -3.1526 8.4564
v 0.2110 -3.1526 8.4564
v 0.6294 -3.0963 8.4564
v 1.0364 -2.9848 8.4564
v 1.4250 -2.8200 8.4564
v 1.7882 -2.6049 8.4564
v 2.1194 -2.3434 8.4564
v 2.4129 -2.0400 8.4564
v 2.6632 -1.7001 8.4564
v 2.8661 -1.3300 8.4564
v 3.0178 -0.9361 8.4564
v 3.1156 -0.5255 8.4564
v 3.1579 -0.1056 8.4564
v 3.1438 0.3163 8.4564
v 3.0736 0.7325 8.4564
v 2.9485 1.1356 8.4564
v 2.7708 1.5185 8.4564
v 2.5437 1.8742 8.4564
v 2.2712 2.1966 8.4564
v 1.9582 2.4797 8.4564
v 1.6102 2.7186 8.4564
v 1.2335 2.9089 8.4564
v 0.8348 3.0474 8.4564
v 0.4211 3.1314 8.4564
v 0.0000 3.1596 8.4564
v 0.0000 3.2187 8.7248
v -0.4290 3.1899 8.7248
v -0.8504 3.1043 8.7248
v -1.2565 2.9633 8.7248
v -1.6403 2.7693 8.7248
v -1.9948 2.5260 8.7248
v -2.3136 2.2376 8.7248
v -2.5912 1.9092 8.7248
v -2.8226 1.5468 8.7248
v -3.0036 1.1568 8.7248
v -3.1310 0.7461 8.7248
v -3.2025 0.3222 8.7248
v -3.2169 -0.1076 8.7248
v -3.1738 -0.5354 8.7248
v -3.0741 -0.9536 8.7248
v -2.9196 -1.3548 8.7248
v -2.7130 -1.7319 8.7248
v -2.4579 -2.0781 8.7248
v -2.1590 -2.3871 8.7248
v -1.8216 -2.6536 8.7248
v -1.4516 -2.8727 8.7248
v -1.0558 -3.0406 8.7248
v -0.6411 -3.1542 8.7248
v -0.2150 -3.2115 8.7248
v 0.2150 -3.2115 8.7248
v 0.6411 -3.1542 8.7248
v 1.0558 -3.0406 8.7248
v 1.4516 -2.8727 8.7248
v 1.8216 -2.6536 8.7248
v 2.1590 -2.3871 8.7248
v 2.4579 -2.0781 8.7248
v 2.7130 -1.7319 8.7248
v 2.9196 -1.3548 8.7248
v 3.0741 -0.9536 8.7248
v 3.1738 -0.5354 8.7248
v 3.2169 -0.1076 8.7248
v 3.2025 0.3222 8.7248
v 3.1310 0.7461 8.7248
v 3.0036 1.1568 8.7248
v 2.8226 1.5468 8.7248
v 2.5912 1.9092 8.7248
v 2.3136 2.2376 8.7248
v 1.9948 2.5260 8.7248
v 1.6403 2.7693 8.7248
v 1.2565 2.9633 8.7248
v 0.8504 3.1043 8.7248
v 0.4290 3.1899 8.7248
v 0.0000 3.2187 8.7248
v 0.0000 3.2733 8.9933
v -0.4363 3.2440 8.9933
v -0.8648 3.1570 8.9933
v -1.2778 3.0135 8.9933
v -1.6681 2.8163 8.9933
v -2.0286 2.5688 8.9933
v -2.3529 2.2755 8.9933
v -2.6352 1.9416 8.9933
v -2.8705 1.5731 8.9933
v -3.0545 1.1764 8.9933
v -3.1841 0.7588 8.9933
v -3.2568 0.3276 8.9933
v -3.2714 -0.1094 8.9933
v -3.2277 -0.5444 8.9933
v -3.1263 -0.9698 8.9933
v -2.9691 -1.3778 8.9933
v -2.7590 -1.7613 8.9933
v -2.4996 -2.1133 8.9933
v -2.1956 -2.4276 8.9933
v -1.8525 -2.6986 8.9933
v -1.4763 -2.9214 8.9933
v -1.0737 -3.0921 8.9933
v -0.6520 -3.2077 8.9933
v -0.2186 -3.2659 8.9933
v 0.2186 -3.2659 8.9933
v 0.6520 -3.2077 8.9933
v 1.0737 -3.0921 8.9933
v 1.4763 -2.9214 8.9933
v 1.8525 -2.6986 8.9933
v 2.1956 -2.4276 8.9933
v 2.4996 -2.1133 8.9933
v 2.7590 -1.7613 8.9933
v 2.9691 -1.3778 8.9933
v 3.1263 -0.9698 8.9933
v 3.2277 -0.5444 8.9933
v 3.2714 -0.1094 8.9933
v 3.2568 0.3276 8.9933
v 3.1841 0.7588 8.9933
v 3.0545 1.1764 8.9933
v 2.8705 1.5731 8.9933
v 2.6352 1.9416 8.9933
v 2.3529 2.2755 8.9933
v 2.0286 2.5688 8.9933
v 1.6681 2.8163 8.9933
v 1.2778 3.0135 8.9933
v 0.8648 3.1570 8.9933
v 0.4363 3.2440 8.9933
v 0.0000 3.2733 8.9933
v 0.0000 3.3439 9.2617
v -0.4457 3.3140 9.2617
v -0.8834 3.2250 9.2617
v -1.3054 3.0785 9.2617
v -1.7041 2.8771 9.2617
v -2.0724 2.6243 9.2617
v -2.4036 2.3246 9.2617
v -2.6920 1.9835 9.2617
v -2.9324 1.6070 9.2617
v -3.1204 1.2018 9.2617
v -3.2528 0.7752 9.2617
v -3.3271 0.3347 9.2617
v -3.3420 -0.1117 9.2617
v -3.2973 -0.5562 9.2617
v -3.1937 -0.9907 9.2617
v -3.0332 -1.4075 9.2617
v -2.8185 -1.7993 9.2617
v -2.5535 -2.1589 9.2617
v -2.2430 -2.4800 9.2617
v -1.8924 -2.7568 9.2617
v -1.5081 -2.9845 9.2617
v -1.0969 -3.1588 9.2617
v -0.6660 -3.2768 9.2617
v -0.2233 -3.3364 9.2617
v 0.2233 -3.3364 9.2617
v 0.6660 -3.2768 9.2617
v 1.0969 -3.1588 9.2617
v 1.5081 -2.9845 9.2617
v 1.8924 -2.7568 9.2617
v 2.2430 -2.4800 9.2617
v 2.5535 -2.1589 9.2617
v 2.8185 -1.7993 9.2617
v 3.0332 -1.4075 9.2617
v 3.1937 -0.9907 9.2617
v 3.2973 -0.5562 9.2617
v 3.3420 -0.1117 9.2617
v 3.3271 0.3347 9.2617
v 3.2528 0.7752 9.2617
v 3.1204 1.2018 9.2617
v 2.9324 1.6070 9.2617
v 2.6920 1.9835 9.2617
v 2.4036 2.3246 9.2617
v 2.0724 2.6243 9.2617
v 1.7041 2.8771 9.2617
v 1.3054 3.0785 9.2617
v 0.8834 3.2250 9.2617
v 0.4457 3.3140 9.2617
v 0.0000 3.3439 9.2617
v 0.0000 3.4297 9.5302
v -0.4571 3.3991 9.5302
v -0.9061 3.3078 9.5302
v -1.3389 3.1575 9.5302
v -1.7478 2.9509 9.5302
v -2.1255 2.6916 9.5302
v -2.4653 2.3843 9.5302
v -2.7611 2.0344 9.5302
v -3.0077 1.6482 9.5302
v -3.2005 1.2327 9.5302
v -3.3362 0.7951 9.5302
v -3.4125 0.3433 9.5302
v -3.4278 -0.1146 9.5302
v -3.3819 -0.5705 9.5302
v -3.2757 -1.0161 9.5302
v -3.1110 -1.4437 9.5302
v -2.8908 -1.8454 9.5302
v -2.6191 -2.2143 9.5302
v -2.3006 -2.5436 9.5302
v -1.9410 -2.8276 9.5302
v -1.5468 -3.0611 9.5302
v -1.1250 -3.2399 9.5302
v -0.6831 -3.3610 9.5302
v -0.2291 -3.4220 9.5302
v 0.2291 -3.4220 9.5302
v 0.6831 -3.3610 9.5302
v 1.1250 -3.2399 9.5302
v 1.5468 -3.0611 9.5302
v 1.9410 -2.8276 9.5302
v 2.3006 -2.5436 9.5302
v 2.6191 -2.2143 9.5302
v 2.8908 -1.8454 9.5302
v 3.1110 -1.4437 9.5302
v 3.2757 -1.0161 9.5302
v 3.3819 -0.5705 9.5302
v 3.4278 -0.1146 9.5302
v 3.4125 0.3433 9.5302
v 3.3362 0.7951 9.5302
v 3.2005 1.2327 9.5302
v 3.0077 1.6482 9.5302
v 2.7611 2.0344 9.5302
v 2.4653 2.3843 9.5302
v 2.1255 2.6916 9.5302
v 1.7478 2.9509 9.5302
v 1.3389 3.1575 9.5302
v 0.9061 3.3078 9.5302
v 0.4571 3.3991 9.5302
v 0.0000 3.4297 9.5302
v 0.0000 3.5227 9.7987
v -0.4695 3.4912 9.7987
v -0.9307 3.3975 9.7987
v -1.3752 3.2431 9.7987
v -1.7952 3.0309 9.7987
v -2.1832 2.7646 9.7987
v -2.5322 2.4489 9.7987
v -2.8360 2.0896 9.7987
v -3.0892 1.6929 9.7987
v -3.2873 1.2661 9.7987
v -3.4267 0.8166 9.7987
v -3.5050 0.3526 9.7987
v -3.5207 -0.1177 9.7987
v -3.4736 -0.5859 9.7987
v -3.3645 -1.0437 9.7987
v -3.1954 -1.4828 9.7987
v -2.9692 -1.8955 9.7987
v -2.6901 -2.2743 9.7987
v -2.3629 -2.6126 9.7987
v -1.9936 -2.9042 9.7987
v -1.5888 -3.1440 9.7987
v -1.1555 -3.3277 9.7987
v -0.7017 -3.4521 9.7987
v -0.2353 -3.5148 9.7987
v 0.2353 -3.5148 9.7987
v 0.7017 -3.4521 9.7987
v 1.1555 -3.3277 9.7987
v 1.5888 -3.1440 9.7987
v 1.9936 -2.9042 9.7987
v 2.3629 -2.6126 9.7987
v 2.6901 -2.2743 9.7987
v 2.9692 -1.8955 9.7987
v 3.1954 -1.4828 9.7987
v 3.3645 -1.0437 9.7987
v 3.4736 -0.5859 9.7987
v 3.5207 -0.1177 9.7987
v 3.5050 0.3526 9.7987
v 3.4267 0.8166 9.7987
v 3.2873 1.2661 9.7987
v 3.0892 1.6929 9.7987
v 2.8360 2.0896 9.7987
v 2.5322 2.4489 9.7987
v 2.1832 2.7646 9.7987
v 1.7952 3.0309 9.7987
v 1.3752 3.2431 9.7987
v 0.9307 3.3975 9.7987
v 0.4695 3.4912 9.7987
v 0.0000 3.5227 9.7987
v 0.0000 3.5779 10.0671
v -0.4769 3.5460 10.0671
v -0.9453 3.4508 10.0671
v -1.3968 3.2940 10.0671
v -1.8234 3.0784 10.0671
v -2.2174 2.8079 10.0671
v -2.5719 2.4873 10.0671
v -2.8805 2.1223 10.0671
v -3.1377 1.7195 10.0671
v -3.3388 1.2859 10.0671
v -3.4805 0.8294 10.0671
v -3.5599 0.3581 10.0671
v -3.5759 -0.1196 10.0671
v -3.5281 -0.5951 10.0671
v -3.4173 -1.0600 10.0671
v -3.2455 -1.5061 10.0671
v -3.0158 -1.9252 10.0671
v -2.7323 -2.3100 10.0671
v -2.4000 -2.6536 10.0671
v -2.0249 -2.9498 10.0671
v -1.6137 -3.1934 10.0671
v -1.1736 -3.3799 10.0671
v -0.7127 -3.5062 10.0671
v -0.2390 -3.5699 10.0671
v 0.2390 -3.5699 10.0671
v 0.7127 -3.5062 10.0671
v 1.1736 -3.3799 10.0671
v 1.6137 -3.1934 10.0671
v 2.0249 -2.9498 10.0671
v 2.4000 -2.6536 10.0671
v 2.7323 -2.3100 10.0671
v 3.0158 -1.9252 10.0671
v 3.2455 -1.5061 10.0671
v 3.4173 -1.0600 10.0671
v 3.5281 -0.5951 10.0671
v 3.5759 -0.1196 10.0671
v 3.5599 0.3581 10.0671
v 3.4805 0.8294 10.0671
v 3.3388 1.2859 10.0671
v 3.1377 1.7195 10.0671
v 2.8805 2.1223 10.0671
v 2.5719 2.4873 10.0671
v 2.2174 2.8079 10.0671
v 1.8234 3.0784 10.0671
v 1.3968 3.2940 10.0671
v 0.9453 3.4508 10.0671
v 0.4769 3.5460 10.0671
v 0.0000 3.5779 10.0671
v 0.0000 3.6481 10.3356
v -0.4862 3.6156 10.3356
v -0.9638 3.5185 10.3356
v -1.4242 3.3586 10.3356
v -1.8591 3.1388 10.3356
v -2.2609 2.8630 10.3356
v -2.6223 2.5361 10.3356
v -2.9370 2.1640 10.3356
v -3.1992 1.7532 10.3356
v -3.4043 1.3112 10.3356
v -3.5487 0.8457 10.3356
v -3.6298 0.3652 10.3356
v -3.6461 -0.1219 10.3356
v -3.5973 -0.6068 10.3356
v -3.4843 -1.0808 10.3356
v -3.3092 -1.5356 10.3356
v -3.0750 -1.9630 10.3356
v -2.7859 -2.3553 10.3356
v -2.4471 -2.7056 10.3356
v -2.0646 -3.0076 10.3356
v -1.6453 -3.2560 10.3356
v -1.1967 -3.4462 10.3356
v -0.7267 -3.5750 10.3356
v -0.2437 -3.6400 10.3356
v 0.2437 -3.6400 10.3356
v 0.7267 -3.5750 10.3356
v 1.1967 -3.4462 10.3356
v 1.6453 -3.2560 10.3356
v 2.0646 -3.0076 10.3356
v 2.4471 -2.7056 10.3356
v 2.7859 -2.3553 10.3356
v 3.0750 -1.9630 10.3356
v 3.3092 -1.5356 10.3356
v 3.4843 -1.0808 10.3356
v 3.5973 -0.6068 10.3356
v 3.6461 -0.1219 10.3356
v 3.6298 0.3652 10.3356
v 3.5487 0.8457 10.3356
v 3.4043 1.3112 10.3356
v 3.1992 1.7532 10.3356
v 2.9370 2.1640 10.3356
v 2.6223 2.5361 10.3356
v 2.2609 2.8630 10.3356
v 1.8591 3.1388 10.3356
v 1.4242 3.3586 10.3356
v 0.9638 3.5185 10.3356
v 0.4862 3.6156 10.3356
v 0.0000 3.6481 10.3356
v 0.0000 3.7325 10.6040
v -0.4975 3.6992 10.6040
v -0.9861 3.5999 10.6040
v -1.4571 3.4364 10.6040
v -1.9022 3.2115 10.6040
v -2.3132 2.9293 10.6040
v -2.6830 2.5948 10.6040
v -3.0050 2.2141 10.6040
v -3.2732 1.7938 10.6040
v -3.4831 1.3415 10.6040
v -3.6309 0.8653 10.6040
v -3.7138 0.3736 10.6040
v -3.7304 -0.1247 10.6040
v -3.6805 -0.6208 10.6040
v -3.5650 -1.1059 10.6040
v -3.3857 -1.5712 10.6040
v -3.1461 -2.0084 10.6040
v -2.8504 -2.4098 10.6040
v -2.5037 -2.7682 10.6040
v -2.1124 -3.0773 10.6040
v -1.6834 -3.3314 10.6040
v -1.2244 -3.5260 10.6040
v -0.7435 -3.6577 10.6040
v -0.2493 -3.7242 10.6040
v 0.2493 -3.7242 10.6040
v 0.7435 -3.6577 10.6040
v 1.2244 -3.5260 10.6040
v 1.6834 -3.3314 10.6040
v 2.1124 -3.0773 10.6040
v 2.5037 -2.7682 10.6040
v 2.8504 -2.4098 10.6040
v 3.1461 -2.0084 10.6040
v 3.3857 -1.5712 10.6040
v 3.5650 -1.1059 10.6040
v 3.6805 -0.6208 10.6040
v 3.7304 -0.1247 10.6040
v 3.7138 0.3736 10.6040
v 3.6309 0.8653 10.6040
v 3.4831 1.3415 10.6040
v 3.2732 1.7938 10.6040
v 3.0050 2.2141 10.6040
v 2.6830 2.5948 10.6040
v 2.3132 2.9293 10.6040
v 1.9022 3.2115 10.6040
v 1.4571 3.4364 10.6040
v 0.9861 3.5999 10.6040
v 0.4975 3.6992 10.6040
v 0.0000 3.7325 10.6040
v 0.0000 3.8305 10.8725
v -0.5105 3.7963 10.8725
v -1.0120 3.6944 10.8725
v -1.4954 3.5265 10.8725
v -1.9521 3.2957 10.8725
v -2.3739 3.0061 10.8725
v -2.7534 2.6629 10.8725
v -3.0838 2.2721 10.8725
v -3.3591 1.8408 10.8725
v -3.5745 1.3767 10.8725
v -3.7261 0.8880 10.8725
v -3.8112 0.3834 10.8725
v -3.8283 -0.1280 10.8725
v -3.7771 -0.6371 10.8725
v -3.6585 -1.1349 10.8725
v -3.4746 -1.6124 10.8725
v -3.2287 -2.0611 10.8725
v -2.9251 -2.4730 10.8725
v -2.5694 -2.8409 10.8725
v -2.1678 -3.1580 10.8725
v -1.7276 -3.4188 10.8725
v -1.2565 -3.6185 10.8725
v -0.7630 -3.7537 10.8725
v -0.2558 -3.8219 10.8725
v 0.2558 -3.8219 10.8725
v 0.7630 -3.7537 10.8725
v 1.2565 -3.6185 10.8725
v 1.7276 -3.4188 10.8725
v 2.1678 -3.1580 10.8725
v 2.5694 -2.8409 10.8725
v 2.9251 -2.4730 10.8725
v 3.2287 -2.0611 10.8725
v 3.4746 -1.6124 10.8725
v 3.6585 -1.1349 10.8725
v 3.7771 -0.6371 10.8725
v 3.8283 -0.1280 10.8725
v 3.8112 0.3834 10.8725
v 3.7261 0.8880 10.8725
v 3.5745 1.3767 10.8725
v 3.3591 1.8408 10.8725
v 3.0838 2.2721 10.8725
v 2.7534 2.6629 10.8725
v 2.3739 3.0061 10.8725
v 1.9521 3.2957 10.8725
v 1.4954 3.5265 10.8725
v 1.0120 3.6944 10.8725
v 0.5105 3.7963 10.8725
v 0.0000 3.8305 10.8725
v 0.0000 3.9164 11.1409
v -0.5220 3.8815 11.1409
v -1.0347 3.7773 11.1409
v -1.5289 3.6056 11.1409
v -1.9959 3.3697 11.1409
v -2.4272 3.0736 11.1409
v -2.8152 2.7227 11.1409
v -3.1530 2.3231 11.1409
v -3.4345 1.8822 11.1409
v -3.6547 1.4076 11.1409
v -3.8097 0.9079 11.1409
v -3.8967 0.3920 11.1409
v -3.9142 -0.1309 11.1409
v -3.8619 -0.6514 11.1409
v -3.7406 -1.1603 11.1409
v -3.5525 -1.6486 11.1409
v -3.3011 -2.1074 11.1409
v -2.9908 -2.5285 11.1409
v -2.6271 -2.9046 11.1409
v -2.2165 -3.2289 11.1409
v -1.7663 -3.4955 11.1409
v -1.2847 -3.6997 11.1409
v -0.7801 -3.8379 11.1409
v -0.2616 -3.9077 11.1409
v 0.2616 -3.9077 11.1409
v 0.7801 -3.8379 11.1409
v 1.2847 -3.6997 11.1409
v 1.7663 -3.4955 11.1409
v 2.2165 -3.2289 11.1409
v 2.6271 -2.9046 11.1409
v 2.9908 -2.5285 11.1409
v 3.3011 -2.1074 11.1409
v 3.5525 -1.6486 11.1409
v 3.7406 -1.1603 11.1409
v 3.8619 -0.6514 11.1409
v 3.9142 -0.1309 11.1409
v 3.8967 0.3920 11.1409
v 3.8097 0.9079 11.1409
v 3.6547 1.4076 11.1409
v 3.4345 1.8822 11.1409
v 3.1530 2.3231 11.1409
v 2.8152 2.7227 11.1409
v 2.4272 3.0736 11.1409
v 1.9959 3.3697 11.1409
v 1.5289 3.6056 11.1409
v 1.0347 3.7773 11.1409
v 0.5220 3.8815 11.1409
v 0.0000 3.9164 11.1409
v 0.0000 3.9858 11.4094
v -0.5313 3.9502 11.4094
v -1.0530 3.8441 11.4094
v -1.5560 3.6695 11.4094
v -2.0312 3.4294 11.4094
v -2.4702 3.1280 11.4094
v -2.8651 2.7709 11.4094
v -3.2088 2.3643 11.4094
v -3.4953 1.9155 11.4094
v -3.7194 1.4325 11.4094
v -3.8772 0.9240 11.4094
v -3.9657 0.3990 11.4094
v -3.9835 -0.1332 11.4094
v -3.9302 -0.6629 11.4094
v -3.8068 -1.1809 11.4094
v -3.6154 -1.6777 11.4094
v -3.3596 -2.1447 11.4094
v -3.0437 -2.5733 11.4094
v -2.6736 -2.9560 11.4094
v -2.2557 -3.2860 11.4094
v -1.7976 -3.5574 11.4094
v -1.3074 -3.7652 11.4094
v -0.7939 -3.9059 11.4094
v -0.2662 -3.9769 11.4094
v 0.2662 -3.9769 11.4094
v 0.7939 -3.9059 11.4094
v 1.3074 -3.7652 11.4094
v 1.7976 -3.5574 11.4094
v 2.2557 -3.2860 11.4094
v 2.6736 -2.9560 11.4094
v 3.0437 -2.5733 11.4094
v 3.3596 -2.1447 11.4094
v 3.6154 -1.6777 11.4094
v 3.8068 -1.1809 11.4094
v 3.9302 -0.6629 11.4094
v 3.9835 -0.1332 11.4094
v 3.9657 0.3990 11.4094
v 3.8772 0.9240 11.4094
v 3.7194 1.4325 11.4094
v 3.4953 1.9155 11.4094
v 3.2088 2.3643 11.4094
v 2.8651 2.7709 11.4094
v 2.4702 3.1280 11.4094
v 2.0312 3.4294 11.4094
v 1.5560 3.6695 11.4094
v 1.0530 3.8441 11.4094
v 0.5313 3.9502 11.4094
v 0.0000 3.9858 11.4094
v 0.0000 4.0684 11.6779
v -0.5423 4.0321 11.6779
v -1.0749 3.9239 11.6779
v -1.5883 3.7456 11.6779
v -2.0733 3.5005 11.6779
v -2.5214 3.1929 11.6779
v -2.9245 2.8283 11.6779
v -3.2754 2.4133 11.6779
v -3.5678 1.9552 11.6779
v -3.7966 1.4622 11.6779
v -3.9576 0.9431 11.6779
v -4.0480 0.4072 11.6779
v -4.0662 -0.1359 11.6779
v -4.0118 -0.6767 11.6779
v -3.8858 -1.2054 11.6779
v -3.6904 -1.7125 11.6779
v -3.4292 -2.1891 11.6779
v -3.1069 -2.6267 11.6779
v -2.7290 -3.0174 11.6779
v -2.3025 -3.3542 11.6779
v -1.8349 -3.6311 11.6779
v -1.3345 -3.8433 11.6779
v -0.8104 -3.9869 11.6779
v -0.2717 -4.0593 11.6779
v 0.2717 -4.0593 11.6779
v 0.8104 -3.9869 11.6779
v 1.3345 -3.8433 11.6779
v 1.8349 -3.6311 11.6779
v 2.3025 -3.3542 11.6779
v 2.7290 -3.0174 11.6779
v 3.1069 -2.6267 11.6779
v 3.4292 -2.1891 11.6779
v 3.6904 -1.7125 11.6779
v 3.8858 -1.2054 11.6779
v 4.0118 -0.6767 11.6779
v 4.0662 -0.1359 11.6779
v 4.0480 0.4072 11.6779
v 3.9576 0.9431 11.6779
v 3.7966 1.4622 11.6779
v 3.5678 1.9552 11.6779
v 3.2754 2.4133 11.6779
v 2.9245 2.8283 11.6779
v 2.5214 3.1929 11.6779
v 2.0733 3.5005 11.6779
v 1.5883 3.7456 11.6779
v 1.0749 3.9239 11.6779
v 0.5423 4.0321 11.6779
v 0.0000 4.0684 11.6779
v 0.0000 4.1638 11.9463
v -0.5550 4.1266 11.9463
v -1.1000 4.0158 11.9463
v -1.6255 3.8334 11.9463
v -2.1219 3.5825 11.9463
v -2.5805 3.2677 11.9463
v -2.9930 2.8946 11.9463
v -3.3521 2.4699 11.9463
v -3.6514 2.0010 11.9463
v -3.8855 1.4965 11.9463
v -4.0503 0.9652 11.9463
v -4.1428 0.4168 11.9463
v -4.1614 -0.1391 11.9463
v -4.1058 -0.6926 11.9463
v -3.9768 -1.2336 11.9463
v -3.7769 -1.7527 11.9463
v -3.5096 -2.2404 11.9463
v -3.1797 -2.6882 11.9463
v -2.7930 -3.0881 11.9463
v -2.3565 -3.4328 11.9463
v -1.8779 -3.7162 11.9463
v -1.3658 -3.9334 11.9463
v -0.8294 -4.0803 11.9463
v -0.2781 -4.1545 11.9463
v 0.2781 -4.1545 11.9463
v 0.8294 -4.0803 11.9463
v 1.3658 -3.9334 11.9463
v 1.8779 -3.7162 11.9463
v 2.3565 -3.4328 11.9463
v 2.7930 -3.0881 11.9463
v 3.1797 -2.6882 11.9463
v 3.5096 -2.2404 11.9463
v 3.7769 -1.7527 11.9463
v 3.9768 -1.2336 11.9463
v 4.1058 -0.6926 11.9463
v 4.1614 -0.1391 11.9463
v 4.1428 0.4168 11.9463
v 4.0503 0.9652 11.9463
v 3.8855 1.4965 11.9463
v 3.6514 2.0010 11.9463
v 3.3521 2.4699 11.9463
v 2.9930 2.8946 11.9463
v 2.5805 3.2677 11.9463
v 2.1219 3.5825 11.9463
v 1.6255 3.8334 11.9463
v 1.1000 4.0158 11.9463
v 0.5550 4.1266 11.9463
v 0.0000 4.1638 11.9463
v 0.0000 4.2711 12.2148
v -0.5693 4.2330 12.2148
v -1.1284 4.1193 12.2148
v -1.6674 3.9322 12.2148
v -2.1766 3.6748 12.2148
v -2.6470 3.3519 12.2148
v -3.0701 2.9692 12.2148
v -3.4385 2.5335 12.2148
v -3.7455 2.0526 12.2148
v -3.9857 1.5351 12.2148
v -4.1547 0.9901 12.2148
v -4.2496 0.4275 12.2148
v -4.2687 -0.1427 12.2148
v -4.2116 -0.7104 12.2148
v -4.0793 -1.2654 12.2148
v -3.8742 -1.7978 12.2148
v -3.6001 -2.2982 12.2148
v -3.2616 -2.7575 12.2148
v -2.8650 -3.1676 12.2148
v -2.4172 -3.5212 12.2148
v -1.9263 -3.8120 12.2148
v -1.4010 -4.0347 12.2148
v -0.8507 -4.1855 12.2148
v -0.2853 -4.2615 12.2148
v 0.2853 -4.2615 12.2148
v 0.8507 -4.1855 12.2148
v 1.4010 -4.0347 12.2148
v 1.9263 -3.8120 12.2148
v 2.4172 -3.5212 12.2148
v 2.8650 -3.1676 12.2148
v 3.2616 -2.7575 12.2148
v 3.6001 -2.2982 12.2148
v 3.8742 -1.7978 12.2148
v 4.0793 -1.2654 12.2148
v 4.2116 -0.7104 12.2148
v 4.2687 -0.1427 12.2148
v 4.2496 0.4275 12.2148
v 4.1547 0.9901 12.2148
v 3.9857 1.5351 12.2148
v 3.7455 2.0526 12.2148
v 3.4385 2.5335 12.2148
v 3.0701 2.9692 12.2148
v 2.6470 3.3519 12.2148
v 2.1766 3.6748 12.2148
v 1.6674 3.9322 12.2148
v 1.1284 4.1193 12.2148
v 0.5693 4.2330 12.2148
v 0.0000 4.2711 12.2148
v 0.0000 4.3570 12.4832
v -0.5807 4.3181 12.4832
v -1.1511 4.2022 12.4832
v -1.7009 4.0112 12.4832
v -2.2204 3.7487 12.4832
v -2.7002 3.4193 12.4832
v -3.1319 3.0289 12.4832
v -3.5077 2.5845 12.4832
v -3.8208 2.0939 12.4832
v -4.0658 1.5659 12.4832
v -4.2383 1.0100 12.4832
v -4.3351 0.4361 12.4832
v -4.3545 -0.1456 12.4832
v -4.2963 -0.7247 12.4832
v -4.1613 -1.2909 12.4832
v -3.9522 -1.8340 12.4832
v -3.6725 -2.3444 12.4832
v -3.3272 -2.8130 12.4832
v -2.9226 -3.2314 12.4832
v -2.4658 -3.5921 12.4832
v -1.9650 -3.8887 12.4832
v -1.4292 -4.1159 12.4832
v -0.8678 -4.2697 12.4832
v -0.2910 -4.3472 12.4832
v 0.2910 -4.3472 12.4832
v 0.8678 -4.2697 12.4832
v 1.4292 -4.1159 12.4832
v 1.9650 -3.8887 12.4832
v 2.4658 -3.5921 12.4832
v 2.9226 -3.2314 12.4832
v 3.3272 -2.8130 12.4832
v 3.6725 -2.3444 12.4832
v 3.9522 -1.8340 12.4832
v 4.1613 -1.2909 12.4832
v 4.2963 -0.7247 12.4832
v 4.3545 -0.1456 12.4832
v 4.3351 0.4361 12.4832
v 4.2383 1.0100 12.4832
v 4.0658 1.5659 12.4832
v 3.8208 2.0939 12.4832
v 3.5077 2.5845 12.4832
v 3.1319 3.0289 12.4832
v 2.7002 3.4193 12.4832
v 2.2204 3.7487 12.4832
v 1.7009 4.0112 12.4832
v 1.1511 4.2022 12.4832
v 0.5807 4.3181 12.4832
v 0.0000 4.3570 12.4832
v 0.0000 4.4376 12.7517
v -0.5915 4.3980 12.7517
v -1.1724 4.2799 12.7517
v -1.7324 4.0855 12.7517
v -2.2615 3.8181 12.7517
v -2.7502 3.4826 12.7517
v -3.1898 3.0850 12.7517
v -3.5726 2.6323 12.7517
v -3.8915 2.1326 12.7517
v -4.1411 1.5949 12.7517
v -4.3167 1.0287 12.7517
v -4.4153 0.4442 12.7517
v -4.4351 -0.1483 12.7517
v -4.3758 -0.7381 12.7517
v -4.2383 -1.3147 12.7517
v -4.0253 -1.8679 12.7517
v -3.7404 -2.3878 12.7517
v -3.3888 -2.8650 12.7517
v -2.9767 -3.2911 12.7517
v -2.5114 -3.6585 12.7517
v -2.0014 -3.9606 12.7517
v -1.4556 -4.1920 12.7517
v -0.8839 -4.3487 12.7517
v -0.2964 -4.4277 12.7517
v 0.2964 -4.4277 12.7517
v 0.8839 -4.3487 12.7517
v 1.4556 -4.1920 12.7517
v 2.0014 -3.9606 12.7517
v 2.5114 -3.6585 12.7517
v 2.9767 -3.2911 12.7517
v 3.3888 -2.8650 12.7517
v 3.7404 -2.3878 12.7517
v 4.0253 -1.8679 12.7517
v 4.2383 -1.3147 12.7517
v 4.3758 -0.7381 12.7517
v 4.4351 -0.1483 12.7517
v 4.4153 0.4442 12.7517
v 4.3167 1.0287 12.7517
v 4.1411 1.5949 12.7517
v 3.8915 2.1326 12.7517
v 3.5726 2.6323 12.7517
v 3.1898 3.0850 12.7517
v 2.7502 3.4826 12.7517
v 2.2615 3.8181 12.7517
v 1.7324 4.0855 12.7517
v 1.1724 4.2799 12.7517
v 0.5915 4.3980 12.7517
v 0.0000 4.4376 12.7517
v 0.0000 4.5301 13.0201
v -0.6038 4.4897 13.0201
v -1.1968 4.3691 13.0201
v -1.7685 4.1706 13.0201
v -2.3086 3.8977 13.0201
v -2.8075 3.5552 13.0201
v -3.2563 3.1493 13.0201
v -3.6470 2.6872 13.0201
v -3.9727 2.1771 13.0201
v -4.2274 1.6281 13.0201
v -4.4067 1.0502 13.0201
v -4.5073 0.4534 13.0201
v -4.5276 -0.1514 13.0201
v -4.4670 -0.7535 13.0201
v -4.3267 -1.3422 13.0201
v -4.1092 -1.9069 13.0201
v -3.8184 -2.4376 13.0201
v -3.4594 -2.9248 13.0201
v -3.0387 -3.3598 13.0201
v -2.5638 -3.7348 13.0201
v -2.0431 -4.0432 13.0201
v -1.4860 -4.2794 13.0201
v -0.9023 -4.4393 13.0201
v -0.3026 -4.5200 13.0201
v 0.3026 -4.5200 13.0201
v 0.9023 -4.4393 13.0201
v 1.4860 -4.2794 13.0201
v 2.0431 -4.0432 13.0201
v 2.5638 -3.7348 13.0201
v 3.0387 -3.3598 13.0201
v 3.4594 -2.9248 13.0201
v 3.8184 -2.4376 13.0201
v 4.1092 -1.9069 13.0201
v 4.3267 -1.3422 13.0201
v 4.4670 -0.7535 13.0201
v 4.5276 -0.1514 13.0201
v 4.5073 0.4534 13.0201
v 4.4067 1.0502 13.0201
v 4.2274 1.6281 13.0201
v 3.9727 2.1771 13.0201
v 3.6470 2.6872 13.0201
v 3.2563 3.1493 13.0201
v 2.8075 3.5552 13.0201
v 2.3086 3.8977 13.0201
v 1.7685 4.1706 13.0201
v 1.1968 4.3691 13.0201
v 0.6038 4.4897 13.0201
v 0.0000 4.5301 13.0201
v 0.0000 4.6339 13.2886
v -0.6176 4.5925 13.2886
v -1.2243 4.4692 13.2886
v -1.8090 4.2662 13.2886
v -2.3615 3.9870 13.2886
v -2.8719 3.6367 13.2886
v -3.3310 3.2214 13.2886
v -3.7306 2.7487 13.2886
v -4.0637 2.2270 13.2886
v -4.3243 1.6655 13.2886
v -4.5077 1.0742 13.2886
v -4.6106 0.4638 13.2886
v -4.6313 -0.1548 13.2886
v -4.5693 -0.7708 13.2886
v -4.4258 -1.3729 13.2886
v -4.2034 -1.9506 13.2886
v -3.9059 -2.4934 13.2886
v -3.5387 -2.9918 13.2886
v -3.1083 -3.4367 13.2886
v -2.6225 -3.8204 13.2886
v -2.0899 -4.1358 13.2886
v -1.5200 -4.3775 13.2886
v -0.9230 -4.5410 13.2886
v -0.3095 -4.6235 13.2886
v 0.3095 -4.6235 13.2886
v 0.9230 -4.5410 13.2886
v 1.5200 -4.3775 13.2886
v 2.0899 -4.1358 13.2886
v 2.6225 -3.8204 13.2886
v 3.1083 -3.4367 13.2886
v 3.5387 -2.9918 13.2886
v 3.9059 -2.4934 13.2886
v 4.2034 -1.9506 13.2886
v 4.4258 -1.3729 13.2886
v 4.5693 -0.7708 13.2886
v 4.6313 -0.1548 13.2886
v 4.6106 0.4638 13.2886
v 4.5077 1.0742 13.2886
v 4.3243 1.6655 13.2886
v 4.0637 2.2270 13.2886
v 3.7306 2.7487 13.2886
v 3.3310 3.2214 13.2886
v 2.8719 3.6367 13.2886
v 2.3615 3.9870 13.2886
v 1.8090 4.2662 13.2886
v 1.2243 4.4692 13.2886
v 0.6176 4.5925 13.2886
v 0.0000 4.6339 13.2886
v 0.0000 4.7484 13.5570
v -0.6329 4.7060 13.5570
v -1.2545 4.5797 13.5570
v -1.8537 4.3716 13.5570
v -2.4198 4.0855 13.5570
v -2.9428 3.7265 13.5570
v -3.4132 3.3010 13.5570
v -3.8228 2.8166 13.5570
v -4.1641 2.2820 13.5570
v -4.4311 1.7066 13.5570
v -4.6190 1.1008 13.5570
v -4.7245 0.4753 13.5570
v -4.7457 -0.1587 13.5570
v -4.6822 -0.7898 13.5570
v -4.5352 -1.4068 13.5570
v -4.3072 -1.9988 13.5570
v -4.0024 -2.5550 13.5570
v -3.6261 -3.0657 13.5570
v -3.1851 -3.5216 13.5570
v -2.6873 -3.9148 13.5570
v -2.1416 -4.2380 13.5570
v -1.5576 -4.4856 13.5570
v -0.9458 -4.6532 13.5570
v -0.3172 -4.7378 13.5570
v 0.3172 -4.7378 13.5570
v 0.9458 -4.6532 13.5570
v 1.5576 -4.4856 13.5570
v 2.1416 -4.2380 13.5570
v 2.6873 -3.9148 13.5570
v 3.1851 -3.5216 13.5570
v 3.6261 -3.0657 13.5570
v 4.0024 -2.5550 13.5570
v 4.3072 -1.9988 13.5570
v 4.5352 -1.4068 13.5570
v 4.6822 -0.7898 13.5570
v 4.7457 -0.1587 13.5570
v 4.7245 0.4753 13.5570
v 4.6190 1.1008 13.5570
v 4.4311 1.7066 13.5570
v 4.1641 2.2820 13.5570
v 3.8228 2.8166 13.5570
v 3.4132 3.3010 13.5570
v 2.9428 3.7265 13.5570
v 2.4198 4.0855 13.5570
v 1.8537 4.3716 13.5570
v 1.2545 4.5797 13.5570
v 0.6329 4.7060 13.5570
v 0.0000 4.7484 13.5570
v 0.0000 4.8402 13.8255
v -0.6451 4.7970 13.8255
v -1.2788 4.6683 13.8255
v -1.8896 4.4562 13.8255
v -2.4667 4.1645 13.8255
v -2.9997 3.7986 13.8255
v -3.4793 3.3649 13.8255
v -3.8967 2.8711 13.8255
v -4.2446 2.3261 13.8255
v -4.5168 1.7396 13.8255
v -4.7084 1.1221 13.8255
v -4.8159 0.4845 13.8255
v -4.8375 -0.1617 13.8255
v -4.7728 -0.8051 13.8255
v -4.6229 -1.4340 13.8255
v -4.3905 -2.0374 13.8255
v -4.0798 -2.6044 13.8255
v -3.6963 -3.1250 13.8255
v -3.2468 -3.5898 13.8255
v -2.7393 -3.9905 13.8255
v -2.1830 -4.3200 13.8255
v -1.5877 -4.5724 13.8255
v -0.9641 -4.7432 13.8255
v -0.3233 -4.8294 13.8255
v 0.3233 -4.8294 13.8255
v 0.9641 -4.7432 13.8255
v 1.5877 -4.5724 13.8255
v 2.1830 -4.3200 13.8255
v 2.7393 -3.9905 13.8255
v 3.2468 -3.5898 13.8255
v 3.6963 -3.1250 13.8255
v 4.0798 -2.6044 13.8255
v 4.3905 -2.0374 13.8255
v 4.6229 -1.4340 13.8255
v 4.7728 -0.8051 13.8255
v 4.8375 -0.1617 13.8255
v 4.8159 0.4845 13.8255
v 4.7084 1.1221 13.8255
v 4.5168 1.7396 13.8255
v 4.2446 2.3261 13.8255
v 3.8967 2.8711 13.8255
v 3.4793 3.3649 13.8255
v 2.9997 3.7986 13.8255
v 2.4667 4.1645 13.8255
v 1.8896 4.4562 13.8255
v 1.2788 4.6683 13.8255
v 0.6451 4.7970 13.8255
v 0.0000 4.8402 13.8255
v 0.0000 4.9298 14.0940
v -0.6571 4.8858 14.0940
v -1.3024 4.7546 14.0940
v -1.9245 4.5386 14.0940
v -2.5123 4.2416 14.0940
v -3.0552 3.8689 14.0940
v -3.5436 3.4271 14.0940
v -3.9688 2.9242 14.0940
v -4.3232 2.3692 14.0940
v -4.6004 1.7718 14.0940
v -4.7955 1.1428 14.0940
v -4.9050 0.4934 14.0940
v -4.9270 -0.1647 14.0940
v -4.8611 -0.8200 14.0940
v -4.7084 -1.4606 14.0940
v -4.4717 -2.0751 14.0940
v -4.1553 -2.6526 14.0940
v -3.7646 -3.1828 14.0940
v -3.3068 -3.6562 14.0940
v -2.7900 -4.0643 14.0940
v -2.2234 -4.3999 14.0940
v -1.6171 -4.6570 14.0940
v -0.9819 -4.8310 14.0940
v -0.3293 -4.9187 14.0940
v 0.3293 -4.9187 14.0940
v 0.9819 -4.8310 14.0940
v 1.6171 -4.6570 14.0940
v 2.2234 -4.3999 14.0940
v 2.7900 -4.0643 14.0940
v 3.3068 -3.6562 14.0940
v 3.7646 -3.1828 14.0940
v 4.1553 -2.6526 14.0940
v 4.4717 -2.0751 14.0940
v 4.7084 -1.4606 14.0940
v 4.8611 -0.8200 14.0940
v 4.9270 -0.1647 14.0940
v 4.9050 0.4934 14.0940
v 4.7955 1.1428 14.0940
v 4.6004 1.7718 14.0940
v 4.3232 2.3692 14.0940
v 3.9688 2.9242 14.0940
v 3.5436 3.4271 14.0940
v 3.0552 3.8689 14.0940
v 2.5123 4.2416 14.0940
v 1.9245 4.5386 14.0940
v 1.3024 4.7546 14.0940
v 0.6571 4.8858 14.0940
v 0.0000 4.9298 14.0940
v 0.0000 5.0299 14.3624
v -0.6704 4.9850 14.3624
v -1.3289 4.8512 14.3624
v -1.9636 4.6308 14.3624
v -2.5633 4.3278 14.3624
v -3.1173 3.9475 14.3624
v -3.6156 3.4968 14.3624
v -4.0494 2.9837 14.3624
v -4.4110 2.4173 14.3624
v -4.6938 1.8078 14.3624
v -4.8929 1.1660 14.3624
v -5.0047 0.5035 14.3624
v -5.0271 -0.1681 14.3624
v -4.9599 -0.8366 14.3624
v -4.8041 -1.4902 14.3624
v -4.5626 -2.1173 14.3624
v -4.2397 -2.7065 14.3624
v -3.8411 -3.2475 14.3624
v -3.3740 -3.7305 14.3624
v -2.8467 -4.1469 14.3624
v -2.2685 -4.4893 14.3624
v -1.6499 -4.7516 14.3624
v -1.0019 -4.9291 14.3624
v -0.3360 -5.0187 14.3624
v 0.3360 -5.0187 14.3624
v 1.0019 -4.9291 14.3624
v 1.6499 -4.7516 14.3624
v 2.2685 -4.4893 14.3624
v 2.8467 -4.1469 14.3624
v 3.3740 -3.7305 14.3624
v 3.8411 -3.2475 14.3624
v 4.2397 -2.7065 14.3624
v 4.5626 -2.1173 14.3624
v 4.8041 -1.4902 14.3624
v 4.9599 -0.8366 14.3624
v 5.0271 -0.1681 14.3624
v 5.0047 0.5035 14.3624
v 4.8929 1.1660 14.3624
v 4.6938 1.8078 14.3624
v 4.4110 2.4173 14.3624
v 4.0494 2.9837 14.3624
v 3.6156 3.4968 14.3624
v 3.1173 3.9475 14.3624
v 2.5633 4.3278 14.3624
v 1.9636 4.6308 14.3624
v 1.3289 4.8512 14.3624
v 0.6704 4.9850 14.3624
v 0.0000 5.0299 14.3624
v 0.0000 5.1402 14.6309
v -0.6851 5.0943 14.6309
v -1.3580 4.9576 14.6309
v -2.0067 4.7323 14.6309
v -2.6195 4.4226 14.6309
v -3.1856 4.0340 14.6309
v -3.6949 3.5734 14.6309
v -4.1382 3.0491 14.6309
v -4.5077 2.4703 14.6309
v -4.7967 1.8474 14.6309
v -5.0002 1.1916 14.6309
v -5.1144 0.5145 14.6309
v -5.1373 -0.1718 14.6309
v -5.0686 -0.8550 14.6309
v -4.9094 -1.5229 14.6309
v -4.6626 -2.1637 14.6309
v -4.3326 -2.7659 14.6309
v -3.9253 -3.3187 14.6309
v -3.4480 -3.8122 14.6309
v -2.9091 -4.2378 14.6309
v -2.3183 -4.5877 14.6309
v -1.6861 -4.8558 14.6309
v -1.0239 -5.0372 14.6309
v -0.3433 -5.1287 14.6309
v 0.3433 -5.1287 14.6309
v 1.0239 -5.0372 14.6309
v 1.6861 -4.8558 14.6309
v 2.3183 -4.5877 14.6309
v 2.9091 -4.2378 14.6309
v 3.4480 -3.8122 14.6309
v 3.9253 -3.3187 14.6309
v 4.3326 -2.7659 14.6309
v 4.6626 -2.1637 14.6309
v 4.9094 -1.5229 14.6309
v 5.0686 -0.8550 14.6309
v 5.1373 -0.1718 14.6309
v 5.1144 0.5145 14.6309
v 5.0002 1.1916 14.6309
v 4.7967 1.8474 14.6309
v 4.5077 2.4703 14.6309
v 4.1382 3.0491 14.6309
v 3.6949 3.5734 14.6309
v 3.1856 4.0340 14.6309
v 2.6195 4.4226 14.6309
v 2.0067 4.7323 14.6309
v 1.3580 4.9576 14.6309
v 0.6851 5.0943 14.6309
v 0.0000 5.1402 14.6309
v 0.0000 5.2601 14.8993
v -0.7011 5.2131 14.8993
v -1.3897 5.0732 14.8993
v -2.0535 4.8427 14.8993
v -2.6806 4.5258 14.8993
v -3.2599 4.1281 14.8993
v -3.7811 3.6568 14.8993
v -4.2347 3.1202 14.8993
v -4.6128 2.5279 14.8993
v -4.9086 1.8905 14.8993
v -5.1168 1.2194 14.8993
v -5.2337 0.5265 14.8993
v -5.2571 -0.1758 14.8993
v -5.1868 -0.8749 14.8993
v -5.0239 -1.5584 14.8993
v -4.7714 -2.2141 14.8993
v -4.4337 -2.8304 14.8993
v -4.0169 -3.3961 14.8993
v -3.5284 -3.9011 14.8993
v -2.9769 -4.3366 14.8993
v -2.3723 -4.6947 14.8993
v -1.7254 -4.9690 14.8993
v -1.0477 -5.1547 14.8993
v -0.3513 -5.2483 14.8993
v 0.3513 -5.2483 14.8993
v 1.0477 -5.1547 14.8993
v 1.7254 -4.9690 14.8993
v 2.3723 -4.6947 14.8993
v 2.9769 -4.3366 14.8993
v 3.5284 -3.9011 14.8993
v 4.0169 -3.3961 14.8993
v 4.4337 -2.8304 14.8993
v 4.7714 -2.2141 14.8993
v 5.0239 -1.5584 14.8993
v 5.1868 -0.8749 14.8993
v 5.2571 -0.1758 14.8993
v 5.2337 0.5265 14.8993
v 5.1168 1.2194 14.8993
v 4.9086 1.8905 14.8993
v 4.6128 2.5279 14.8993
v 4.2347 3.1202 14.8993
v 3.7811 3.6568 14.8993
v 3.2599 4.1281 14.8993
v 2.6806 4.5258 14.8993
v 2.0535 4.8427 14.8993
v 1.3897 5.0732 14.8993
v 0.7011 5.2131 14.8993
v 0.0000 5.2601 14.8993
v 0.0000 5.3630 15.1678
v -0.7148 5.3152 15.1678
v -1.4169 5.1725 15.1678
v -2.0937 4.9375 15.1678
v -2.7331 4.6144 15.1678
v -3.3237 4.2089 15.1678
v -3.8551 3.7284 15.1678
v -4.3176 3.1813 15.1678
v -4.7031 2.5774 15.1678
v -5.0047 1.9275 15.1678
v -5.2170 1.2433 15.1678
v -5.3361 0.5368 15.1678
v -5.3601 -0.1792 15.1678
v -5.2883 -0.8920 15.1678
v -5.1223 -1.5889 15.1678
v -4.8648 -2.2575 15.1678
v -4.5205 -2.8858 15.1678
v -4.0955 -3.4625 15.1678
v -3.5975 -3.9775 15.1678
v -3.0352 -4.4215 15.1678
v -2.4188 -4.7866 15.1678
v -1.7592 -5.0663 15.1678
v -1.0682 -5.2556 15.1678
v -0.3582 -5.3511 15.1678
v 0.3582 -5.3511 15.1678
v 1.0682 -5.2556 15.1678
v 1.7592 -5.0663 15.1678
v 2.4188 -4.7866 15.1678
v 3.0352 -4.4215 15.1678
v 3.5975 -3.9775 15.1678
v 4.0955 -3.4625 15.1678
v 4.5205 -2.8858 15.1678
v 4.8648 -2.2575 15.1678
v 5.1223 -1.5889 15.1678
v 5.2883 -0.8920 15.1678
v 5.3601 -0.1792 15.1678
v 5.3361 0.5368 15.1678
v 5.2170 1.2433 15.1678
v 5.0047 1.9275 15.1678
v 4.7031 2.5774 15.1678
v 4.3176 3.1813 15.1678
v 3.8551 3.7284 15.1678
v 3.3237 4.2089 15.1678
v 2.7331 4.6144 15.1678
v 2.0937 4.9375 15.1678
v 1.4169 5.1725 15.1678
v 0.7148 5.3152 15.1678
v 0.0000 5.3630 15.1678
v 0.0000 5.4595 15.4362
v -0.7277 5.4108 15.4362
v -1.4424 5.2656 15.4362
v -2.1313 5.0263 15.4362
v -2.7823 4.6974 15.4362
v -3.3835 4.2846 15.4362
v -3.9244 3.7954 15.4362
v -4.3953 3.2385 15.4362
v -4.7877 2.6238 15.4362
v -5.0947 1.9622 15.4362
v -5.3108 1.2656 15.4362
v -5.4321 0.5465 15.4362
v -5.4565 -0.1824 15.4362
v -5.3835 -0.9081 15.4362
v -5.2144 -1.6175 15.4362
v -4.9523 -2.2981 15.4362
v -4.6018 -2.9377 15.4362
v -4.1692 -3.5248 15.4362
v -3.6622 -4.0491 15.4362
v -3.0898 -4.5011 15.4362
v -2.4623 -4.8727 15.4362
v -1.7909 -5.1575 15.4362
v -1.0875 -5.3501 15.4362
v -0.3647 -5.4473 15.4362
v 0.3647 -5.4473 15.4362
v 1.0875 -5.3501 15.4362
v 1.7909 -5.1575 15.4362
v 2.4623 -4.8727 15.4362
v 3.0898 -4.5011 15.4362
v 3.6622 -4.0491 15.4362
v 4.1692 -3.5248 15.4362
v 4.6018 -2.9377 15.4362
v 4.9523 -2.2981 15.4362
v 5.2144 -1.6175 15.4362
v 5.3835 -0.9081 15.4362
v 5.4565 -0.1824 15.4362
v 5.4321 0.5465 15.4362
v 5.3108 1.2656 15.4362
v 5.0947 1.9622 15.4362
v 4.7877 2.6238 15.4362
v 4.3953 3.2385 15.4362
v 3.9244 3.7954 15.4362
v 3.3835 4.2846 15.4362
v 2.7823 4.6974 15.4362
v 2.1313 5.0263 15.4362
v 1.4424 5.2656 15.4362
v 0.7277 5.4108 15.4362
v 0.0000 5.4595 15.4362
v 0.0000 5.5656 15.7047
v -0.7418 5.5159 15.7047
v -1.4704 5.3678 15.7047
v -2.1727 5.1240 15.7047
v -2.8363 4.7886 15.7047
v -3.4493 4.3679 15.7047
v -4.0007 3.8692 15.7047
v -4.4807 3.3014 15.7047
v -4.8807 2.6747 15.7047
v -5.1937 2.0003 15.7047
v -5.4140 1.2902 15.7047
v -5.5376 0.5571 15.7047
v -5.5625 -0.1860 15.7047
v -5.4881 -0.9257 15.7047
v -5.3157 -1.6489 15.7047
v -5.0485 -2.3427 15.7047
v -4.6912 -2.9947 15.7047
v -4.2502 -3.5933 15.7047
v -3.7333 -4.1277 15.7047
v -3.1498 -4.5885 15.7047
v -2.5101 -4.9674 15.7047
v -1.8257 -5.2576 15.7047
v -1.1086 -5.4541 15.7047
v -0.3717 -5.5532 15.7047
v 0.3717 -5.5532 15.7047
v 1.1086 -5.4541 15.7047
v 1.8257 -5.2576 15.7047
v 2.5101 -4.9674 15.7047
v 3.1498 -4.5885 15.7047
v 3.7333 -4.1277 15.7047
v 4.2502 -3.5933 15.7047
v 4.6912 -2.9947 15.7047
v 5.0485 -2.3427 15.7047
v 5.3157 -1.6489 15.7047
v 5.4881 -0.9257 15.7047
v 5.5625 -0.1860 15.7047
v 5.5376 0.5571 15.7047
v 5.4140 1.2902 15.7047
v 5.1937 2.0003 15.7047
v 4.8807 2.6747 15.7047
v 4.4807 3.3014 15.7047
v 4.0007 3.8692 15.7047
v 3.4493 4.3679 15.7047
v 2.8363 4.7886 15.7047
v 2.1727 5.1240 15.7047
v 1.4704 5.3678 15.7047
v 0.7418 5.5159 15.7047
v 0.0000 5.5656 15.7047
v 0.0000 5.6808 15.9732
v -0.7572 5.6301 15.9732
v -1.5008 5.4789 15.9732
v -2.2177 5.2300 15.9732
v -2.8950 4.8877 15.9732
v -3.5206 4.4583 15.9732
v -4.0835 3.9492 15.9732
v -4.5734 3.3697 15.9732
v -4.9817 2.7301 15.9732
v -5.3012 2.0417 15.9732
v -5.5260 1.3169 15.9732
v -5.6522 0.5686 15.9732
v -5.6776 -0.1898 15.9732
v -5.6016 -0.9449 15.9732
v -5.4257 -1.6831 15.9732
v -5.1530 -2.3912 15.9732
v -4.7883 -3.0567 15.9732
v -4.3381 -3.6677 15.9732
v -3.8106 -4.2131 15.9732
v -3.2150 -4.6835 15.9732
v -2.5621 -5.0702 15.9732
v -1.8634 -5.3664 15.9732
v -1.1315 -5.5669 15.9732
v -0.3794 -5.6681 15.9732
v 0.3794 -5.6681 15.9732
v 1.1315 -5.5669 15.9732
v 1.8634 -5.3664 15.9732
v 2.5621 -5.0702 15.9732
v 3.2150 -4.6835 15.9732
v 3.8106 -4.2131 15.9732
v 4.3381 -3.6677 15.9732
v 4.7883 -3.0567 15.9732
v 5.1530 -2.3912 15.9732
v 5.4257 -1.6831 15.9732
v 5.6016 -0.9449 15.9732
v 5.6776 -0.1898 15.9732
v 5.6522 0.5686 15.9732
v 5.5260 1.3169 15.9732
v 5.3012 2.0417 15.9732
v 4.9817 2.7301 15.9732
v 4.5734 3.3697 15.9732
v 4.0835 3.9492 15.9732
v 3.5206 4.4583 15.9732
v 2.8950 4.8877 15.9732
v 2.2177 5.2300 15.9732
v 1.5008 5.4789 15.9732
v 0.7572 5.6301 15.9732
v 0.0000 5.6808 15.9732
v 0.0000 5.8302 16.2416
v -0.7771 5.7782 16.2416
v -1.5403 5.6231 16.2416
v -2.2761 5.3676 16.2416
v -2.9712 5.0163 16.2416
v -3.6133 4.5755 16.2416
v -4.1909 4.0531 16.2416
v -4.6937 3.4584 16.2416
v -5.1128 2.8019 16.2416
v -5.4406 2.0954 16.2416
v -5.6714 1.3516 16.2416
v -5.8009 0.5836 16.2416
v -5.8270 -0.1948 16.2416
v -5.7490 -0.9697 16.2416
v -5.5684 -1.7273 16.2416
v -5.2885 -2.4541 16.2416
v -4.9142 -3.1371 16.2416
v -4.4523 -3.7641 16.2416
v -3.9108 -4.3240 16.2416
v -3.2996 -4.8067 16.2416
v -2.6295 -5.2036 16.2416
v -1.9125 -5.5076 16.2416
v -1.1613 -5.7134 16.2416
v -0.3894 -5.8172 16.2416
v 0.3894 -5.8172 16.2416
v 1.1613 -5.7134 16.2416
v 1.9125 -5.5076 16.2416
v 2.6295 -5.2036 16.2416
v 3.2996 -4.8067 16.2416
v 3.9108 -4.3240 16.2416
v 4.4523 -3.7641 16.2416
v 4.9142 -3.1371 16.2416
v 5.2885 -2.4541 16.2416
v 5.5684 -1.7273 16.2416
v 5.7490 -0.9697 16.2416
v 5.8270 -0.1948 16.2416
v 5.8009 0.5836 16.2416
v 5.6714 1.3516 16.2416
v 5.4406 2.0954 16.2416
v 5.1128 2.8019 16.2416
v 4.6937 3.4584 16.2416
v 4.1909 4.0531 16.2416
v 3.6133 4.5755 16.2416
v 2.9712 5.0163 16.2416
v 2.2761 5.3676 16.2416
v 1.5403 5.6231 16.2416
v 0.7771 5.7782 16.2416
v 0.0000 5.8302 16.2416
v 0.0000 5.9230 16.5101
v -0.7895 5.8702 16.5101
v -1.5648 5.7126 16.5101
v -2.3123 5.4530 16.5101
v -3.0185 5.0962 16.5101
v -3.6708 4.6484 16.5101
v -4.2576 4.1176 16.5101
v -4.7684 3.5134 16.5101
v -5.1942 2.8465 16.5101
v -5.5272 2.1288 16.5101
v -5.7617 1.3731 16.5101
v -5.8933 0.5929 16.5101
v -5.9197 -0.1979 16.5101
v -5.8405 -0.9852 16.5101
v -5.6571 -1.7548 16.5101
v -5.3727 -2.4932 16.5101
v -4.9925 -3.1871 16.5101
v -4.5231 -3.8241 16.5101
v -3.9731 -4.3928 16.5101
v -3.3521 -4.8832 16.5101
v -2.6713 -5.2864 16.5101
v -1.9429 -5.5953 16.5101
v -1.1798 -5.8043 16.5101
v -0.3956 -5.9098 16.5101
v 0.3956 -5.9098 16.5101
v 1.1798 -5.8043 16.5101
v 1.9429 -5.5953 16.5101
v 2.6713 -5.2864 16.5101
v 3.3521 -4.8832 16.5101
v 3.9731 -4.3928 16.5101
v 4.5231 -3.8241 16.5101
v 4.9925 -3.1871 16.5101
v 5.3727 -2.4932 16.5101
v 5.6571 -1.7548 16.5101
v 5.8405 -0.9852 16.5101
v 5.9197 -0.1979 16.5101
v 5.8933 0.5929 16.5101
v 5.7617 1.3731 16.5101
v 5.5272 2.1288 16.5101
v 5.1942 2.8465 16.5101
v 4.7684 3.5134 16.5101
v 4.2576 4.1176 16.5101
v 3.6708 4.6484 16.5101
v 3.0185 5.0962 16.5101
v 2.3123 5.4530 16.5101
v 1.5648 5.7126 16.5101
v 0.7895 5.8702 16.5101
v 0.0000 5.9230 16.5101
v 0.0000 6.0249 16.7785
v -0.8030 5.9711 16.7785
v -1.5917 5.8108 16.7785
v -2.3520 5.5468 16.7785
v -3.0704 5.1838 16.7785
v -3.7339 4.7283 16.7785
v -4.3308 4.1884 16.7785
v -4.8504 3.5738 16.7785
v -5.2835 2.8954 16.7785
v -5.6223 2.1654 16.7785
v -5.8607 1.3967 16.7785
v -5.9946 0.6031 16.7785
v -6.0215 -0.2013 16.7785
v -5.9409 -1.0021 16.7785
v -5.7544 -1.7850 16.7785
v -5.4651 -2.5361 16.7785
v -5.0783 -3.2419 16.7785
v -4.6009 -3.8898 16.7785
v -4.0414 -4.4684 16.7785
v -3.4098 -4.9672 16.7785
v -2.7173 -5.3773 16.7785
v -1.9763 -5.6915 16.7785
v -1.2001 -5.9041 16.7785
v -0.4024 -6.0114 16.7785
v 0.4024 -6.0114 16.7785
v 1.2001 -5.9041 16.7785
v 1.9763 -5.6915 16.7785
v 2.7173 -5.3773 16.7785
v 3.4098 -4.9672 16.7785
v 4.0414 -4.4684 16.7785
v 4.6009 -3.8898 16.7785
v 5.0783 -3.2419 16.7785
v 5.4651 -2.5361 16.7785
v 5.7544 -1.7850 16.7785
v 5.9409 -1.0021 16.7785
v 6.0215 -0.2013 16.7785
v 5.9946 0.6031 16.7785
v 5.8607 1.3967 16.7785
v 5.6223 2.1654 16.7785
v 5.2835 2.8954 16.7785
v 4.8504 3.5738 16.7785
v 4.3308 4.1884 16.7785
v 3.7339 4.7283 16.7785
v 3.0704 5.1838 16.7785
v 2.3520 5.5468 16.7785
v 1.5917 5.8108 16.7785
v 0.8030 5.9711 16.7785
v 0.0000 6.0249 16.7785
v 0.0000 6.2511 17.0470
v -0.8332 6.1953 17.0470
v -1.6515 6.0290 17.0470
v -2.4404 5.7551 17.0470
v -3.1857 5.3785 17.0470
v -3.8741 4.9059 17.0470
v -4.4934 4.3457 17.0470
v -5.0326 3.7080 17.0470
v -5.4819 3.0042 17.0470
v -5.8334 2.2467 17.0470
v -6.0808 1.4491 17.0470
v -6.2197 0.6257 17.0470
v -6.2476 -0.2089 17.0470
v -6.1640 -1.0397 17.0470
v -5.9704 -1.8520 17.0470
v -5.6703 -2.6313 17.0470
v -5.2690 -3.3636 17.0470
v -4.7737 -4.0359 17.0470
v -4.1931 -4.6361 17.0470
v -3.5378 -5.1537 17.0470
v -2.8193 -5.5792 17.0470
v -2.0505 -5.9052 17.0470
v -1.2451 -6.1258 17.0470
v -0.4175 -6.2371 17.0470
v 0.4175 -6.2371 17.0470
v 1.2451 -6.1258 17.0470
v 2.0505 -5.9052 17.0470
v 2.8193 -5.5792 17.0470
v 3.5378 -5.1537 17.0470
v 4.1931 -4.6361 17.0470
v 4.7737 -4.0359 17.0470
v 5.2690 -3.3636 17.0470
v 5.6703 -2.6313 17.0470
v 5.9704 -1.8520 17.0470
v 6.1640 -1.0397 17.0470
v 6.2476 -0.2089 17.0470
v 6.2197 0.6257 17.0470
v 6.0808 1.4491 17.0470
v 5.8334 2.2467 17.0470
v 5.4819 3.0042 17.0470
v 5.0326 3.7080 17.0470
v 4.4934 4.3457 17.0470
v 3.8741 4.9059 17.0470
v 3.1857 5.3785 17.0470
v 2.4404 5.7551 17.0470
v 1.6515 6.0290 17.0470
v 0.8332 6.1953 17.0470
v 0.0000 6.2511 17.0470
v 0.0000 6.3314 17.3154
v -0.8439 6.2750 17.3154
v -1.6727 6.1065 17.3154
v -2.4717 5.8290 17.3154
v -3.2266 5.4476 17.3154
v -3.9239 4.9689 17.3154
v -4.5512 4.4016 17.3154
v -5.0973 3.7557 17.3154
v -5.5524 3.0428 17.3154
v -5.9084 2.2756 17.3154
v -6.1590 1.4678 17.3154
v -6.2997 0.6338 17.3154
v -6.3279 -0.2116 17.3154
v -6.2433 -1.0531 17.3154
v -6.0472 -1.8759 17.3154
v -5.7432 -2.6651 17.3154
v -5.3367 -3.4068 17.3154
v -4.8350 -4.0878 17.3154
v -4.2470 -4.6957 17.3154
v -3.5833 -5.2199 17.3154
v -2.8555 -5.6509 17.3154
v -2.0769 -5.9811 17.3154
v -1.2611 -6.2046 17.3154
v -0.4229 -6.3173 17.3154
v 0.4229 -6.3173 17.3154
v 1.2611 -6.2046 17.3154
v 2.0769 -5.9811 17.3154
v 2.8555 -5.6509 17.3154
v 3.5833 -5.2199 17.3154
v 4.2470 -4.6957 17.3154
v 4.8350 -4.0878 17.3154
v 5.3367 -3.4068 17.3154
v 5.7432 -2.6651 17.3154
v 6.0472 -1.8759 17.3154
v 6.2433 -1.0531 17.3154
v 6.3279 -0.2116 17.3154
v 6.2997 0.6338 17.3154
v 6.1590 1.4678 17.3154
v 5.9084 2.2756 17.3154
v 5.5524 3.0428 17.3154
v 5.0973 3.7557 17.3154
v 4.5512 4.4016 17.3154
v 3.9239 4.9689 17.3154
v 3.2266 5.4476 17.3154
v 2.4717 5.8290 17.3154
v 1.6727 6.1065 17.3154
v 0.8439 6.2750 17.3154
v 0.0000 6.3314 17.3154
v 0.0000 6.4206 17.5839
v -0.8558 6.3634 17.5839
v -1.6963 6.1925 17.5839
v -2.5066 5.9112 17.5839
v -3.2721 5.5243 17.5839
v -3.9792 5.0389 17.5839
v -4.6153 4.4636 17.5839
v -5.1691 3.8086 17.5839
v -5.6306 3.0856 17.5839
v -5.9916 2.3076 17.5839
v -6.2457 1.4884 17.5839
v -6.3884 0.6427 17.5839
v -6.4171 -0.2145 17.5839
v -6.3312 -1.0679 17.5839
v -6.1324 -1.9023 17.5839
v -5.8241 -2.7027 17.5839
v -5.4119 -3.4548 17.5839
v -4.9031 -4.1453 17.5839
v -4.3069 -4.7619 17.5839
v -3.6337 -5.2934 17.5839
v -2.8958 -5.7305 17.5839
v -2.1061 -6.0654 17.5839
v -1.2789 -6.2920 17.5839
v -0.4289 -6.4063 17.5839
v 0.4289 -6.4063 17.5839
v 1.2789 -6.2920 17.5839
v 2.1061 -6.0654 17.5839
v 2.8958 -5.7305 17.5839
v 3.6337 -5.2934 17.5839
v 4.3069 -4.7619 17.5839
v 4.9031 -4.1453 17.5839
v 5.4119 -3.4548 17.5839
v 5.8241 -2.7027 17.5839
v 6.1324 -1.9023 17.5839
v 6.3312 -1.0679 17.5839
v 6.4171 -0.2145 17.5839
v 6.3884 0.6427 17.5839
v 6.2457 1.4884 17.5839
v 5.9916 2.3076 17.5839
v 5.6306 3.0856 17.5839
v 5.1691 3.8086 17.5839
v 4.6153 4.4636 17.5839
v 3.9792 5.0389 17.5839
v 3.2721 5.5243 17.5839
v 2.5066 5.9112 17.5839
v 1.6963 6.1925 17.5839
v 0.8558 6.3634 17.5839
v 0.0000 6.4206 17.5839
v 0.0000 6.5184 17.8523
v -0.8688 6.4602 17.8523
v -1.7221 6.2868 17.8523
v -2.5447 6.0011 17.8523
v -3.3219 5.6084 17.8523
v -4.0398 5.1156 17.8523
v -4.6856 4.5315 17.8523
v -5.2477 3.8666 17.8523
v -5.7163 3.1326 17.8523
v -6.0828 2.3428 17.8523
v -6.3408 1.5111 17.8523
v -6.4856 0.6525 17.8523
v -6.5147 -0.2178 17.8523
v -6.4276 -1.0842 17.8523
v -6.2257 -1.9312 17.8523
v -5.9128 -2.7438 17.8523
v -5.4943 -3.5074 17.8523
v -4.9778 -4.2084 17.8523
v -4.3724 -4.8344 17.8523
v -3.6891 -5.3740 17.8523
v -2.9399 -5.8178 17.8523
v -2.1382 -6.1577 17.8523
v -1.2984 -6.3878 17.8523
v -0.4354 -6.5038 17.8523
v 0.4354 -6.5038 17.8523
v 1.2984 -6.3878 17.8523
v 2.1382 -6.1577 17.8523
v 2.9399 -5.8178 17.8523
v 3.6891 -5.3740 17.8523
v 4.3724 -4.8344 17.8523
v 4.9778 -4.2084 17.8523
v 5.4943 -3.5074 17.8523
v 5.9128 -2.7438 17.8523
v 6.2257 -1.9312 17.8523
v 6.4276 -1.0842 17.8523
v 6.5147 -0.2178 17.8523
v 6.4856 0.6525 17.8523
v 6.3408 1.5111 17.8523
v 6.0828 2.3428 17.8523
v 5.7163 3.1326 17.8523
v 5.2477 3.8666 17.8523
v 4.6856 4.5315 17.8523
v 4.0398 5.1156 17.8523
v 3.3219 5.6084 17.8523
v 2.5447 6.0011 17.8523
v 1.7221 6.2868 17.8523
v 0.8688 6.4602 17.8523
v 0.0000 6.5184 17.8523
v 0.0000 6.7896 18.1208
v -0.9050 6.7290 18.1208
v -1.7938 6.5484 18.1208
v -2.6506 6.2508 18.1208
v -3.4601 5.8418 18.1208
v -4.2079 5.3285 18.1208
v -4.8805 4.7201 18.1208
v -5.4661 4.0275 18.1208
v -5.9541 3.2630 18.1208
v -6.3359 2.4402 18.1208
v -6.6046 1.5740 18.1208
v -6.7555 0.6796 18.1208
v -6.7858 -0.2269 18.1208
v -6.6950 -1.1293 18.1208
v -6.4848 -2.0116 18.1208
v -6.1588 -2.8580 18.1208
v -5.7229 -3.6534 18.1208
v -5.1849 -4.3836 18.1208
v -4.5544 -5.0355 18.1208
v -3.8426 -5.5976 18.1208
v -3.0622 -6.0598 18.1208
v -2.2272 -6.4139 18.1208
v -1.3524 -6.6535 18.1208
v -0.4535 -6.7744 18.1208
v 0.4535 -6.7744 18.1208
v 1.3524 -6.6535 18.1208
v 2.2272 -6.4139 18.1208
v 3.0622 -6.0598 18.1208
v 3.8426 -5.5976 18.1208
v 4.5544 -5.0355 18.1208
v 5.1849 -4.3836 18.1208
v 5.7229 -3.6534 18.1208
v 6.1588 -2.8580 18.1208
v 6.4848 -2.0116 18.1208
v 6.6950 -1.1293 18.1208
v 6.7858 -0.2269 18.1208
v 6.7555 0.6796 18.1208
v 6.6046 1.5740 18.1208
v 6.3359 2.4402 18.1208
v 5.9541 3.2630 18.1208
v 5.4661 4.0275 18.1208
v 4.8805 4.7201 18.1208
v 4.2079 5.3285 18.1208
v 3.4601 5.8418 18.1208
v 2.6506 6.2508 18.1208
v 1.7938 6.5484 18.1208
v 0.9050 6.7290 18.1208
v 0.0000 6.7896 18.1208
v 0.0000 6.8669 18.3893
v -0.9153 6.8057 18.3893
v -1.8142 6.6230 18.3893
v -2.6808 6.3221 18.3893
v -3.4995 5.9083 18.3893
v -4.2558 5.3892 18.3893
v -4.9361 4.7739 18.3893
v -5.5284 4.0733 18.3893
v -6.0220 3.3001 18.3893
v -6.4081 2.4680 18.3893
v -6.6799 1.5919 18.3893
v -6.8325 0.6874 18.3893
v -6.8631 -0.2295 18.3893
v -6.7713 -1.1422 18.3893
v -6.5586 -2.0345 18.3893
v -6.2289 -2.8905 18.3893
v -5.7881 -3.6950 18.3893
v -5.2440 -4.4335 18.3893
v -4.6062 -5.0929 18.3893
v -3.8863 -5.6614 18.3893
v -3.0971 -6.1289 18.3893
v -2.2525 -6.4870 18.3893
v -1.3678 -6.7293 18.3893
v -0.4587 -6.8516 18.3893
v 0.4587 -6.8516 18.3893
v 1.3678 -6.7293 18.3893
v 2.2525 -6.4870 18.3893
v 3.0971 -6.1289 18.3893
v 3.8863 -5.6614 18.3893
v 4.6062 -5.0929 18.3893
v 5.2440 -4.4335 18.3893
v 5.7881 -3.6950 18.3893
v 6.2289 -2.8905 18.3893
v 6.5586 -2.0345 18.3893
v 6.7713 -1.1422 18.3893
v 6.8631 -0.2295 18.3893
v 6.8325 0.6874 18.3893
v 6.6799 1.5919 18.3893
v 6.4081 2.4680 18.3893
v 6.0220 3.3001 18.3893
v 5.5284 4.0733 18.3893
v 4.9361 4.7739 18.3893
v 4.2558 5.3892 18.3893
v 3.4995 5.9083 18.3893
v 2.6808 6.3221 18.3893
v 1.8142 6.6230 18.3893
v 0.9153 6.8057 18.3893
v 0.0000 6.8669 18.3893
v 0.0000 6.9526 18.6577
v -0.9267 6.8906 18.6577
v -1.8368 6.7056 18.6577
v -2.7142 6.4009 18.6577
v -3.5432 5.9820 18.6577
v -4.3089 5.4564 18.6577
v -4.9977 4.8334 18.6577
v -5.5973 4.1242 18.6577
v -6.0971 3.3413 18.6577
v -6.4880 2.4988 18.6577
v -6.7632 1.6118 18.6577
v -6.9177 0.6959 18.6577
v -6.9487 -0.2323 18.6577
v -6.8558 -1.1564 18.6577
v -6.6405 -2.0599 18.6577
v -6.3067 -2.9266 18.6577
v -5.8603 -3.7411 18.6577
v -5.3094 -4.4888 18.6577
v -4.6637 -5.1564 18.6577
v -3.9348 -5.7320 18.6577
v -3.1357 -6.2053 18.6577
v -2.2806 -6.5679 18.6577
v -1.3849 -6.8133 18.6577
v -0.4644 -6.9371 18.6577
v 0.4644 -6.9371 18.6577
v 1.3849 -6.8133 18.6577
v 2.2806 -6.5679 18.6577
v 3.1357 -6.2053 18.6577
v 3.9348 -5.7320 18.6577
v 4.6637 -5.1564 18.6577
v 5.3094 -4.4888 18.6577
v 5.8603 -3.7411 18.6577
v 6.3067 -2.9266 18.6577
v 6.6405 -2.0599 18.6577
v 6.8558 -1.1564 18.6577
v 6.9487 -0.2323 18.6577
v 6.9177 0.6959 18.6577
v 6.7632 1.6118 18.6577
v 6.4880 2.4988 18.6577
v 6.0971 3.3413 18.6577
v 5.5973 4.1242 18.6577
v 4.9977 4.8334 18.6577
v 4.3089 5.4564 18.6577
v 3.5432 5.9820 18.6577
v 2.7142 6.4009 18.6577
v 1.8368 6.7056 18.6577
v 0.9267 6.8906 18.6577
v 0.0000 6.9526 18.6577
v 0.0000 7.0463 18.9262
v -0.9392 6.9835 18.9262
v -1.8616 6.7960 18.9262
v -2.7508 6.4872 18.9262
v -3.5909 6.0627 18.9262
v -4.3670 5.5300 18.9262
v -5.0651 4.8986 18.9262
v -5.6728 4.1797 18.9262
v -6.1793 3.3863 18.9262
v -6.5755 2.5325 18.9262
v -6.8544 1.6335 18.9262
v -7.0109 0.7053 18.9262
v -7.0424 -0.2355 18.9262
v -6.9482 -1.1720 18.9262
v -6.7300 -2.0877 18.9262
v -6.3917 -2.9660 18.9262
v -5.9393 -3.7915 18.9262
v -5.3809 -4.5493 18.9262
v -4.7266 -5.2259 18.9262
v -3.9879 -5.8093 18.9262
v -3.1780 -6.2890 18.9262
v -2.3114 -6.6565 18.9262
v -1.4035 -6.9051 18.9262
v -0.4706 -7.0306 18.9262
v 0.4706 -7.0306 18.9262
v 1.4035 -6.9051 18.9262
v 2.3114 -6.6565 18.9262
v 3.1780 -6.2890 18.9262
v 3.9879 -5.8093 18.9262
v 4.7266 -5.2259 18.9262
v 5.3809 -4.5493 18.9262
v 5.9393 -3.7915 18.9262
v 6.3917 -2.9660 18.9262
v 6.7300 -2.0877 18.9262
v 6.9482 -1.1720 18.9262
v 7.0424 -0.2355 18.9262
v 7.0109 0.7053 18.9262
v 6.8544 1.6335 18.9262
v 6.5755 2.5325 18.9262
v 6.1793 3.3863 18.9262
v 5.6728 4.1797 18.9262
v 5.0651 4.8986 18.9262
v 4.3670 5.5300 18.9262
v 3.5909 6.0627 18.9262
v 2.7508 6.4872 18.9262
v 1.8616 6.7960 18.9262
v 0.9392 6.9835 18.9262
v 0.0000 7.0463 18.9262
v 0.0000 7.3624 19.1946
v -0.9813 7.2967 19.1946
v -1.9451 7.1008 19.1946
v -2.8742 6.7782 19.1946
v -3.7520 6.3346 19.1946
v -4.5629 5.7780 19.1946
v -5.2923 5.1183 19.1946
v -5.9273 4.3672 19.1946
v -6.4565 3.5382 19.1946
v -6.8705 2.6461 19.1946
v -7.1618 1.7068 19.1946
v -7.3254 0.7369 19.1946
v -7.3583 -0.2460 19.1946
v -7.2599 -1.2246 19.1946
v -7.0319 -2.1813 19.1946
v -6.6784 -3.0991 19.1946
v -6.2057 -3.9616 19.1946
v -5.6223 -4.7534 19.1946
v -4.9386 -5.4603 19.1946
v -4.1667 -6.0699 19.1946
v -3.3205 -6.5711 19.1946
v -2.4151 -6.9550 19.1946
v -1.4665 -7.2149 19.1946
v -0.4918 -7.3460 19.1946
v 0.4918 -7.3460 19.1946
v 1.4665 -7.2149 19.1946
v 2.4151 -6.9550 19.1946
v 3.3205 -6.5711 19.1946
v 4.1667 -6.0699 19.1946
v 4.9386 -5.4603 19.1946
v 5.6223 -4.7534 19.1946
v 6.2057 -3.9616 19.1946
v 6.6784 -3.0991 19.1946
v 7.0319 -2.1813 19.1946
v 7.2599 -1.2246 19.1946
v 7.3583 -0.2460 19.1946
v 7.3254 0.7369 19.1946
v 7.1618 1.7068 19.1946
v 6.8705 2.6461 19.1946
v 6.4565 3.5382 19.1946
v 5.9273 4.3672 19.1946
v 5.2923 5.1183 19.1946
v 4.5629 5.7780 19.1946
v 3.7520 6.3346 19.1946
v 2.8742 6.7782 19.1946
v 1.9451 7.1008 19.1946
v 0.9813 7.2967 19.1946
v 0.0000 7.3624 19.1946
v 0.0000 7.4369 19.4631
v -0.9912 7.3705 19.4631
v -1.9648 7.1726 19.4631
v -2.9033 6.8467 19.4631
v -3.7899 6.3987 19.4631
v -4.6090 5.8364 19.4631
v -5.3458 5.1700 19.4631
v -5.9872 4.4114 19.4631
v -6.5217 3.5740 19.4631
v -6.9399 2.6729 19.4631
v -7.2343 1.7240 19.4631
v -7.3995 0.7444 19.4631
v -7.4327 -0.2485 19.4631
v -7.3333 -1.2370 19.4631
v -7.1030 -2.2034 19.4631
v -6.7459 -3.1304 19.4631
v -6.2685 -4.0016 19.4631
v -5.6792 -4.8014 19.4631
v -4.9885 -5.5156 19.4631
v -4.2089 -6.1313 19.4631
v -3.3541 -6.6375 19.4631
v -2.4395 -7.0254 19.4631
v -1.4813 -7.2878 19.4631
v -0.4967 -7.4202 19.4631
v 0.4967 -7.4202 19.4631
v 1.4813 -7.2878 19.4631
v 2.4395 -7.0254 19.4631
v 3.3541 -6.6375 19.4631
v 4.2089 -6.1313 19.4631
v 4.9885 -5.5156 19.4631
v 5.6792 -4.8014 19.4631
v 6.2685 -4.0016 19.4631
v 6.7459 -3.1304 19.4631
v 7.1030 -2.2034 19.4631
v 7.3333 -1.2370 19.4631
v 7.4327 -0.2485 19.4631
v 7.3995 0.7444 19.4631
v 7.2343 1.7240 19.4631
v 6.9399 2.6729 19.4631
v 6.5217 3.5740 19.4631
v 5.9872 4.4114 19.4631
v 5.3458 5.1700 19.4631
v 4.6090 5.8364 19.4631
v 3.7899 6.3987 19.4631
v 2.9033 6.8467 19.4631
v 1.9648 7.1726 19.4631
v 0.9912 7.3705 19.4631
v 0.0000 7.4369 19.4631
v 0.0000 7.5191 19.7315
v -1.0022 7.4520 19.7315
v -1.9865 7.2519 19.7315
v -2.9354 6.9225 19.7315
v -3.8319 6.4695 19.7315
v -4.6600 5.9010 19.7315
v -5.4049 5.2272 19.7315
v -6.0534 4.4602 19.7315
v -6.5939 3.6135 19.7315
v -7.0167 2.7024 19.7315
v -7.3143 1.7431 19.7315
v -7.4813 0.7526 19.7315
v -7.5149 -0.2513 19.7315
v -7.4144 -1.2506 19.7315
v -7.1815 -2.2277 19.7315
v -6.8205 -3.1651 19.7315
v -6.3378 -4.0459 19.7315
v -5.7420 -4.8545 19.7315
v -5.0437 -5.5766 19.7315
v -4.2554 -6.1991 19.7315
v -3.3912 -6.7109 19.7315
v -2.4665 -7.1031 19.7315
v -1.4977 -7.3684 19.7315
v -0.5022 -7.5023 19.7315
v 0.5022 -7.5023 19.7315
v 1.4977 -7.3684 19.7315
v 2.4665 -7.1031 19.7315
v 3.3912 -6.7109 19.7315
v 4.2554 -6.1991 19.7315
v 5.0437 -5.5766 19.7315
v 5.7420 -4.8545 19.7315
v 6.3378 -4.0459 19.7315
v 6.8205 -3.1651 19.7315
v 7.1815 -2.2277 19.7315
v 7.4144 -1.2506 19.7315
v 7.5149 -0.2513 19.7315
v 7.4813 0.7526 19.7315
v 7.3143 1.7431 19.7315
v 7.0167 2.7024 19.7315
v 6.5939 3.6135 19.7315
v 6.0534 4.4602 19.7315
v 5.4049 5.2272 19.7315
v 4.6600 5.9010 19.7315
v 3.8319 6.4695 19.7315
v 2.9354 6.9225 19.7315
v 1.9865 7.2519 19.7315
v 1.0022 7.4520 19.7315
v 0.0000 7.5191 19.7315
v 0.0000 7.6090 20.0000
v -1.0142 7.5411 20.0000
v -2.0103 7.3386 20.0000
v -2.9705 7.0052 20.0000
v -3.8776 6.5468 20.0000
v -4.7156 5.9715 20.0000
v -5.4695 5.2897 20.0000
v -6.1257 4.5135 20.0000
v -6.6727 3.6567 20.0000
v -7.1005 2.7347 20.0000
v -7.4017 1.7639 20.0000
v -7.5707 0.7616 20.0000
v -7.6047 -0.2543 20.0000
v -7.5030 -1.2656 20.0000
v -7.2673 -2.2543 20.0000
v -6.9020 -3.2029 20.0000
v -6.4135 -4.0942 20.0000
v -5.8106 -4.9126 20.0000
v -5.1040 -5.6432 20.0000
v -4.3063 -6.2731 20.0000
v -3.4317 -6.7911 20.0000
v -2.4959 -7.1879 20.0000
v -1.5156 -7.4565 20.0000
v -0.5082 -7.5920 20.0000
v 0.5082 -7.5920 20.0000
v 1.5156 -7.4565 20.0000
v 2.4959 -7.1879 20.0000
v 3.4317 -6.7911 20.0000
v 4.3063 -6.2731 20.0000
v 5.1040 -5.6432 20.0000
v 5.8106 -4.9126 20.0000
v 6.4135 -4.0942 20.0000
v 6.9020 -3.2029 20.0000
v 7.2673 -2.2543 20.0000
v 7.5030 -1.2656 20.0000
v 7.6047 -0.2543 20.0000
v 7.5707 0.7616 20.0000
v 7.4017 1.7639 20.0000
v 7.1005 2.7347 20.0000
v 6.6727 3.6567 20.0000
v 6.1257 4.5135 20.0000
v 5.4695 5.2897 20.0000
v 4.7156 5.9715 20.0000
v 3.8776 6.5468 20.0000
v 2.9705 7.0052 20.0000
v 2.0103 7.3386 20.0000
v 1.0142 7.5411 20.0000
v 0.0000 7.6090 20.0000
vn 0.0000 1.0000 0.0000
vn -0.1333 0.9911 0.0000
vn -0.2642 0.9645 0.0000
vn -0.3904 0.9206 0.0000
vn -0.5096 0.8604 0.0000
vn -0.6197 0.7848 0.0000
vn -0.7188 0.6952 0.0000
vn -0.8051 0.5932 0.0000
vn -0.8769 0.4806 0.0000
vn -0.9332 0.3594 0.0000
vn -0.9728 0.2318 0.0000
vn -0.9950 0.1001 0.0000
vn -0.9994 -0.0334 0.0000
vn -0.9861 -0.1663 0.0000
vn -0.9551 -0.2963 0.0000
vn -0.9071 -0.4209 0.0000
vn -0.8429 -0.5381 0.0000
vn -0.7637 -0.6456 0.0000
vn -0.6708 -0.7417 0.0000
vn -0.5659 -0.8244 0.0000
vn -0.4510 -0.8925 0.0000
vn -0.3280 -0.9447 0.0000
vn -0.1992 -0.9800 0.0000
vn -0.0668 -0.9978 0.0000
vn 0.0668 -0.9978 0.0000
vn 0.1992 -0.9800 0.0000
vn 0.3280 -0.9447 0.0000
vn 0.4510 -0.8925 0.0000
vn 0.5659 -0.8244 0.0000
vn 0.6708 -0.7417 0.0000
vn 0.7637 -0.6456 0.0000
vn 0.8429 -0.5381 0.0000
vn 0.9071 -0.4209 0.0000
vn 0.9551 -0.2963 0.0000
vn 0.9861 -0.1663 0.0000
vn 0.9994 -0.0334 0.0000
vn 0.9950 0.1001 0.0000
vn 0.9728 0.2318 0.0000
vn 0.9332 0.3594 0.0000
vn 0.8769 0.4806 0.0000
vn 0.8051 0.5932 0.0000
vn 0.7188 0.6952 0.0000
vn 0.6197 0.7848 0.0000
vn 0.5096 0.8604 0.0000
vn 0.3904 0.9206 0.0000
vn 0.2642 0.9645 0.0000
vn 0.1333 0.9911 0.0000
vn 0.0000 1.0000 0.0000
vn 0.0000 1.0000 0.0000
vn -0.1333 0.9911 0.0000
vn -0.2642 0.9645 0.0000
vn -0.3904 0.9206 0.0000
vn -0.5096 0.8604 0.0000
vn -0.6197 0.7848 0.0000
vn -0.7188 0.6952 0.0000
vn -0.8051 0.5932 0.0000
vn -0.8769 0.4806 0.0000
vn -0.9332 0.3594 0.0000
vn -0.9728 0.2318 0.0000
vn -0.9950 0.1001 0.0000
vn -0.9994 -0.0334 0.0000
vn -0.9861 -0.1663 0.0000
vn -0.9551 -0.2963 0.0000
vn -0.9071 -0.4209 0.0000
vn -0.8429 -0.5381 0.0000
vn -0.7637 -0.6456 0.0000
vn -0.6708 -0.7417 0.0000
vn -0.5659 -0.8244 0.0000
vn -0.4510 -0.8925 0.0000
vn -0.3280 -0.9447 0.0000
vn -0.1992 -0.9800 0.0000
vn -0.0668 -0.9978 0.0000
vn 0.0668 -0.9978 0.0000
vn 0.1992 -0.9800 0.0000
vn 0.3280 -0.9447 0.0000
vn 0.4510 -0.8925 0.0000
vn 0.5659 -0.8244 0.0000
vn 0.6708 -0.7417 0.0000
vn 0.7637 -0.6456 0.0000
vn 0.8429 -0.5381 0.0000
vn 0.9071 -0.4209 0.0000
vn 0.9551 -0.2963 0.0000
vn 0.9861 -0.1663 0.0000
vn 0.9994 -0.0334 0.0000
vn 0.9950 0.1001 0.0000
vn 0.9728 0.2318 0.0000
vn 0.9332 0.3594 0.0000
vn 0.8769 0.4806 0.0000
vn 0.8051 0.5932 0.0000
vn 0.7188 0.6952 0.0000
vn 0.6197 0.7848 0.0000
vn 0.5096 0.8604 0.0000
vn 0.3904 0.9206 0.0000
vn 0.2642 0.9645 0.0000
vn 0.1333 0.9911 0.0000
vn 0.0000 1.0000 0.0000
vn 0.0000 1.0000 0.0000
vn -0.1333 0.9911 0.0000
vn -0.2642 0.9645 0.0000
vn -0.3904 0.9206 0.0000
vn -0.5096 0.8604 0.0000
vn -0.6197 0.7848 0.0000
vn -0.7188 0.6952 0.0000
vn -0.8051 0.5932 0.0000
vn -0.8769 0.4806 0.0000
vn -0.9332 0.3594 0.0000
vn -0.9728 0.2318 0.0000
vn -0.9950 0.1001 0.0000
vn -0.9994 -0.0334 0.0000
vn -0.9861 -0.1663 0.0000
vn -0.9551 -0.2963 0.0000
vn -0.9071 -0.4209 0.0000
vn -0.8429 -0.5381 0.0000
vn -0.7637 -0.6456 0.0000
vn -0.6708 -0.7417 0.0000
vn -0.5659 -0.8244 0.0000
vn -0.4510 -0.8925 0.0000
vn -0.3280 -0.9447 0.0000
vn -0.1992 -0.9800 0.0000
vn -0.0668 -0.9978 0.0000
vn 0.0668 -0.9978 0.0000
vn 0.1992 -0.9800 0.0000
vn 0.3280 -0.9447 0.0000
vn 0.4510 -0.8925 0.0000
vn 0.5659 -0.8244 0.0000
vn 0.6708 -0.7417 0.0000
vn 0.7637 -0.6456 0.0000
vn 0.8429 -0.5381 0.0000
vn 0.9071 -0.4209 0.0000
vn 0.9551 -0.2963 0.0000
vn 0.9861 -0.1663 0.0000
vn 0.9994 -0.0334 0.0000
vn 0.9950 0.1001 0.0000
vn 0.9728 0.2318 0.0000
vn 0.9332 0.3594 0.0000
vn 0.8769 0.4806 0.0000
vn 0.8051 0.5932 0.0000
vn 0.7188 0.6952 0.0000
vn 0.6197 0.7848 0.0000
vn 0.5096 0.8604 0.0000
vn 0.3904 0.9206 0.0000
vn 0.2642 0.9645 0.0000
vn 0.1333 0.9911 0.0000
vn 0.0000 1.0000 0.0000
vn 0.0000 1.0000 0.0000
vn -0.1333 0.9911 0.0000
vn -0.2642 0.9645 0.0000
vn -0.3904 0.9206 0.0000
vn -0.5096 0.8604 0.0000
vn -0.6197 0.7848 0.0000
vn -0.7188 0.6952 0.0000
vn -0.8051 0.5932 0.0000
vn -0.8769 0.4806 0.0000
vn -0.9332 0.3594 0.0000
vn -0.9728 0.2318 0.0000
vn -0.9950 0.1001 0.0000
vn -0.9994 -0.0334 0.0000
vn -0.9861 -0.1663 0.0000
vn -0.9551 -0.2963 0.0000
vn -0.9071 -0.4209 0.0000
vn -0.8429 -0.5381 0.0000
vn -0.7637 -0.6456 0.0000
vn -0.6708 -0.7417 0.0000
vn -0.5659 -0.8244 0.0000
vn -0.4510 -0.8925 0.0000
vn -0.3280 -0.9447 0.0000
vn -0.1992 -0.9800 0.0000
vn -0.0668 -0.9978 0.0000
vn 0.0668 -0.9978 0.0000
vn 0.1992 -0.9800 0.0000
vn 0.3280 -0.9447 0.0000
vn 0.4510 -0.8925 0.0000
vn 0.5659 -0.8244 0.0000
vn 0.6708 -0.7417 0.0000
vn 0.7637 -0.6456 0.0000
vn 0.8429 -0.5381 0.0000
vn 0.9071 -0.4209 0.0000
vn 0.9551 -0.2963 0.0000
vn 0.9861 -0.1663 0.0000
vn 0.9994 -0.0334 0.0000
vn 0.9950 0.1001 0.0000
vn 0.9728 0.2318 0.0000
vn 0.9332 0.3594 0.0000
vn 0.8769 0.4806 0.0000
vn 0.8051 0.5932 0.0000
vn 0.7188 0.6952 0.0000
vn 0.6197 0.7848 0.0000
vn 0.5096 0.8604 0.0000
vn 0.3904 0.9206 0.0000
vn 0.2642 0.9645 0.0000
vn 0.1333 0.9911 0.0000
vn 0.0000 1.0000 0.0000
vn 0.0000 1.0000 0.0000
vn -0.1333 0.9911 0.0000
vn -0.2642 0.9645 0.0000
vn -0.3904 0.9206 0.0000
vn -0.5096 0.8604 0.0000
vn -0.6197 0.7848 0.0000
vn -0.7188 0.6952 0.0000
vn -0.8051 0.5932 0.0000
vn -0.8769 0.4806 0.0000
vn -0.9332 0.3594 0.0000
vn -0.9728 0.2318 0.0000
vn -0.9950 0.1001 0.0000
vn -0.9994 -0.0334 0.0000
vn -0.9861 -0.1663 0.0000
vn -0.9551 -0.2963 0.0000
vn -0.9071 -0.4209 0.0000
vn -0.8429 -0.5381 0.0000
vn -0.7637 -0.6456 0.0000
vn -0.6708 -0.7417 0.0000
vn -0.5659 -0.8244 0.0000
vn -0.4510 -0.8925 0.0000
vn -0.3280 -0.9447 0.0000
vn -0.1992 -0.9800 0.0000
vn -0.0668 -0.9978 0.0000
vn 0.0668 -0.9978 0.0000
vn 0.1992 -0.9800 0.0000
vn 0.3280 -0.9447 0.0000
vn 0.4510 -0.8925 0.0000
vn 0.5659 -0.8244 0.0000
vn 0.6708 -0.7417 0.0000
vn 0.7637 -0.6456 0.0000
vn 0.8429 -0.5381 0.0000
vn 0.9071 -0.4209 0.0000
vn 0.9551 -0.2963 0.0000
vn 0.9861 -0.1663 0.0000
vn 0.9994 -0.0334 0.0000
vn 0.9950 0.1001 0.0000
vn 0.9728 0.2318 0.0000
vn 0.9332 0.3594 0.0000
vn 0.8769 0.4806 0.0000
vn 0.8051 0.5932 0.0000
vn 0.7188 0.6952 0.0000
vn 0.6197 0.7848 0.0000
vn 0.5096 0.8604 0.0000
vn 0.3904 0.9206 0.0000
vn 0.2642 0.9645 0.0000
vn 0.1333 0.9911 0.0000
vn 0.0000 1.0000 0.0000
vn 0.0000 1.0000 0.0000
vn -0.1333 0.9911 0.0000
vn -0.2642 0.9645 0.0000
vn -0.3904 0.9206 0.0000
vn -0.5096 0.8604 0.0000
vn -0.6197 0.7848 0.0000
vn -0.7188 0.6952 0.0000
vn -0.8051 0.5932 0.0000
vn -0.8769 0.4806 0.0000
vn -0.9332 0.3594 0.0000
vn -0.9728 0.2318 0.0000
vn -0.9950 0.1001 0.0000
vn -0.9994 -0.0334 0.0000
vn -0.9861 -0.1663 0.0000
vn -0.9551 -0.2963 0.0000
vn -0.9071 -0.4209 0.0000
vn -0.8429 -0.5381 0.0000
vn -0.7637 -0.6456 0.0000
vn -0.6708 -0.7417 0.0000
vn -0.5659 -0.8244 0.0000
vn -0.4510 -0.8925 0.0000
vn -0.3280 -0.9447 0.0000
vn -0.1992 -0.9800 0.0000
vn -0.0668 -0.9978 0.0000
vn 0.0668 -0.9978 0.0000
vn 0.1992 -0.9800 0.0000
vn 0.3280 -0.9447 0.0000
vn 0.4510 -0.8925 0.0000
vn 0.5659 -0.8244 0.0000
vn 0.6708 -0.7417 0.0000
vn 0.7637 -0.6456 0.0000
vn 0.8429 -0.5381 0.0000
vn 0.9071 -0.4209 0.0000
vn 0.9551 -0.2963 0.0000
vn 0.9861 -0.1663 0.0000
vn 0.9994 -0.0334 0.0000
vn 0.9950 0.1001 0.0000
vn 0.9728 0.2318 0.0000
vn 0.9332 0.3594 0.0000
vn 0.8769 0.4806 0.0000
vn 0.8051 0.5932 0.0000
vn 0.7188 0.6952 0.0000
vn 0.6197 0.7848 0.0000
vn 0.5096 0.8604 0.0000
vn 0.3904 0.9206 0.0000
vn 0.2642 0.9645 0.0000
vn 0.1333 0.9911 0.0000
vn 0.0000 1.0000 0.0000
vn 0.0000 1.0000 0.0000
vn -0.1333 0.9911 0.0000
vn -0.2642 0.9645 0.0000
vn -0.3904 0.9206 0.0000
vn -0.5096 0.8604 0.0000
vn -0.6197 0.7848 0.0000
vn -0.7188 0.6952 0.0000
vn -0.8051 0.5932 0.0000
vn -0.8769 0.4806 0.0000
vn -0.9332 0.3594 0.0000
vn -0.9728 0.2318 0.0000
vn -0.9950 0.1001 0.0000
vn -0.9994 -0.0334 0.0000
vn -0.9861 -0.1663 0.0000
vn -0.9551 -0.2963 0.0000
vn -0.9071 -0.4209 0.0000
vn -0.8429 -0.5381 0.0000
vn -0.7637 -0.6456 0.0000
vn -0.6708 -0.7417 0.0000
vn -0.5659 -0.8244 0.0000
vn -0.4510 -0.8925 0.0000
vn -0.3280 -0.9447 0.0000
vn -0.1992 -0.9800 0.0000
vn -0.0668 -0.9978 0.0000
vn 0.0668 -0.9978 0.0000
vn 0.1992 -0.9800 0.0000
vn 0.3280 -0.9447 0.0000
vn 0.4510 -0.8925 0.0000
vn 0.5659 -0.8244 0.0000
vn 0.6708 -0.7417 0.0000
vn 0.7637 -0.6456 0.0000
vn 0.8429 -0.5381 0.0000
vn 0.9071 -0.4209 0.0000
vn 0.9551 -0.2963 0.0000
vn 0.9861 -0.1663 0.0000
vn 0.9994 -0.0334 0.0000
vn 0.9950 0.1001 0.0000
vn 0.9728 0.2318 0.0000
vn 0.9332 0.3594 0.0000
vn 0.8769 0.4806 0.0000
vn 0.8051 0.5932 0.0000
vn 0.7188 0.6952 0.0000
vn 0.6197 0.7848 0.0000
vn 0.5096 0.8604 0.0000
vn 0.3904 0.9206 0.0000
vn 0.2642 0.9645 0.0000
vn 0.1333 0.9911 0.0000
vn 0.0000 1.0000 0.0000
vn 0.0000 1.0000 0.0000
vn -0.1333 0.9911 0.0000
vn -0.2642 0.9645 0.0000
vn -0.3904 0.9206 0.0000
vn -0.5096 0.8604 0.0000
vn -0.6197 0.7848 0.0000
vn -0.7188 0.6952 0.0000
vn -0.8051 0.5932 0.0000
vn -0.8769 0.4806 0.0000
vn -0.9332 0.3594 0.0000
vn -0.9728 0.2318 0.0000
vn -0.9950 0.1001 0.0000
vn -0.9994 -0.0334 0.0000
vn -0.9861 -0.1663 0.0000
vn -0.9551 -0.2963 0.0000
vn -0.9071 -0.4209 0.0000
vn -0.8429 -0.5381 0.0000
vn -0.7637 -0.6456 0.0000
vn -0.6708 -0.7417 0.0000
vn -0.5659 -0.8244 0.0000
vn -0.4510 -0.8925 0.0000
vn -0.3280 -0.9447 0.0000
vn -0.1992 -0.9800 0.0000
vn -0.0668 -0.9978 0.0000
vn 0.0668 -0.9978 0.0000
vn 0.1992 -0.9800 0.0000
vn 0.3280 -0.9447 0.0000
vn 0.4510 -0.8925 0.0000
vn 0.5659 -0.8244 0.0000
vn 0.6708 -0.7417 0.0000
vn 0.7637 -0.6456 0.0000
vn 0.8429 -0.5381 0.0000
vn 0.9071 -0.4209 0.0000
vn 0.9551 -0.2963 0.0000
vn 0.9861 -0.1663 0.0000
vn 0.9994 -0.0334 0.0000
vn 0.9950 0.1001 0.0000
vn 0.9728 0.2318 0.0000
vn 0.9332 0.3594 0.0000
vn 0.8769 0.4806 0.0000
vn 0.8051 0.5932 0.0000
vn 0.7188 0.6952 0.0000
vn 0.6197 0.7848 0.0000
vn 0.5096 0.8604 0.0000
vn 0.3904 0.9206 0.0000
vn 0.2642 0.9645 0.0000
vn 0.1333 0.9911 0.0000
vn 0.0000 1.0000 0.0000
vn 0.0000 1.0000 0.0000
vn -0.1333 0.9911 0.0000
vn -0.2642 0.9645 0.0000
vn -0.3904 0.9206 0.0000
vn -0.5096 0.8604 0.0000
vn -0.6197 0.7848 0.0000
vn -0.7188 0.6952 0.0000
vn -0.8051 0.5932 0.0000
vn -0.8769 0.4806 0.0000
vn -0.9332 0.3594 0.0000
vn -0.9728 0.2318 0.0000
vn -0.9950 0.1001 0.0000
vn -0.9994 -0.0334 0.0000
vn -0.9861 -0.1663 0.0000
vn -0.9551 -0.2963 0.0000
vn -0.9071 -0.4209 0.0000
vn -0.8429 -0.5381 0.0000
vn -0.7637 -0.6456 0.0000
vn -0.6708 -0.7417 0.0000
vn -0.5659 -0.8244 0.0000
vn -0.4510 -0.8925 0.0000
vn -0.3280 -0.9447 0.0000
vn -0.1992 -0.9800 0.0000
vn -0.0668 -0.9978 0.0000
vn 0.0668 -0.9978 0.0000
vn 0.1992 -0.9800 0.0000
vn 0.3280 -0.9447 0.0000
vn 0.4510 -0.8925 0.0000
vn 0.5659 -0.8244 0.0000
vn 0.6708 -0.7417 0.0000
vn 0.7637 -0.6456 0.0000
vn 0.8429 -0.5381 0.0000
vn 0.9071 -0.4209 0.0000
vn 0.9551 -0.2963 0.0000
vn 0.9861 -0.1663 0.0000
vn 0.9994 -0.0334 0.0000
vn 0.9950 0.1001 0.0000
vn 0.9728 0.2318 0.0000
vn 0.9332 0.3594 0.0000
vn 0.8769 0.4806 0.0000
vn 0.8051 0.5932 0.0000
vn 0.7188 0.6952 0.0000
vn 0.6197 0.7848 0.0000
vn 0.5096 0.8604 0.0000
vn 0.3904 0.9206 0.0000
vn 0.2642 0.9645 0.0000
vn 0.1333 0.9911 0.0000
vn 0.0000 1.0000 0.0000
vn 0.0000 1.0000 0.0000
vn -0.1333 0.9911 0.0000
vn -0.2642 0.9645 0.0000
vn -0.3904 0.9206 0.0000
vn -0.5096 0.8604 0.0000
vn -0.6197 0.7848 0.0000
vn -0.7188 0.6952 0.0000
vn -0.8051 0.5932 0.0000
vn -0.8769 0.4806 0.0000
vn -0.9332 0.3594 0.0000
vn -0.9728 0.2318 0.0000
vn -0.9950 0.1001 0.0000
vn -0.9994 -0.0334 0.0000
vn -0.9861 -0.1663 0.0000
vn -0.9551 -0.2963 0.0000
vn -0.9071 -0.4209 0.0000
vn -0.8429 -0.5381 0.0000
vn -0.7637 -0.6456 0.0000
vn -0.6708 -0.7417 0.0000
vn -0.5659 -0.8244 0.0000
vn -0.4510 -0.8925 0.0000
vn -0.3280 -0.9447 0.0000
vn -0.1992 -0.9800 0.0000
vn -0.0668 -0.9978 0.0000
vn 0.0668 -0.9978 0.0000
vn 0.1992 -0.9800 0.0000
vn 0.3280 -0.9447 0.0000
vn 0.4510 -0.8925 0.0000
vn 0.5659 -0.8244 0.0000
vn 0.6708 -0.7417 0.0000
vn 0.7637 -0.6456 0.0000
vn 0.8429 -0.5381 0.0000
vn 0.9071 -0.4209 0.0000
vn 0.9551 -0.2963 0.0000
vn 0.9861 -0.1663 0.0000
vn 0.9994 -0.0334 0.0000
vn 0.9950 0.1001 0.0000
vn 0.9728 0.2318 0.0000
vn 0.9332 0.3594 0.0000
vn 0.8769 0.4806 0.0000
vn 0.8051 0.5932 0.0000
vn 0.7188 0.6952 0.0000
vn 0.6197 0.7848 0.0000
vn 0.5096 0.8604 0.0000
vn 0.3904 0.9206 0.0000
vn 0.2642 0.9645 0.0000
vn 0.1333 0.9911 0.0000
vn 0.0000 1.0000 0.0000
vn 0.0000 1.0000 0.0000
vn -0.1333 0.9911 0.0000
vn -0.2642 0.9645 0.0000
vn -0.3904 0.9206 0.0000
vn -0.5096 0.8604 0.0000
vn -0.6197 0.7848 0.0000
vn -0.7188 0.6952 0.0000
vn -0.8051 0.5932 0.0000
vn -0.8769 0.4806 0.0000
vn -0.9332 0.3594 0.0000
vn -0.9728 0.2318 0.0000
vn -0.9950 0.1001 0.0000
vn -0.9994 -0.0334 0.0000
vn -0.9861 -0.1663 0.0000
vn -0.9551 -0.2963 0.0000
vn -0.9071 -0.4209 0.0000
vn -0.8429 -0.5381 0.0000
vn -0.7637 -0.6456 0.0000
vn -0.6708 -0.7417 0.0000
vn -0.5659 -0.8244 0.0000
vn -0.4510 -0.8925 0.0000
vn -0.3280 -0.9447 0.0000
vn -0.1992 -0.9800 0.0000
vn -0.0668 -0.9978 0.0000
vn 0.0668 -0.9978 0.0000
vn 0.1992 -0.9800 0.0000
vn 0.3280 -0.9447 0.0000
vn 0.4510 -0.8925 0.0000
vn 0.5659 -0.8244 0.0000
vn 0.6708 -0.7417 0.0000
vn 0.7637 -0.6456 0.0000
vn 0.8429 -0.5381 0.0000
vn 0.9071 -0.4209 0.0000
vn 0.9551 -0.2963 0.0000
vn 0.9861 -0.1663 0.0000
vn 0.9994 -0.0334 0.0000
vn 0.9950 0.1001 0.0000
vn 0.9728 0.2318 0.0000
vn 0.9332 0.3594 0.0000
vn 0.8769 0.4806 0.0000
vn 0.8051 0.5932 0.0000
vn 0.7188 0.6952 0.0000
vn 0.6197 0.7848 0.0000
vn 0.5096 0.8604 0.0000
vn 0.3904 0.9206 0.0000
vn 0.2642 0.9645 0.0000
vn 0.1333 0.9911 0.0000
vn 0.0000 1.0000 0.0000
vn 0.0000 1.0000 0.0000
vn -0.1333 0.9911 0.0000
vn -0.2642 0.9645 0.0000
vn -0.3904 0.9206 0.0000
vn -0.5096 0.8604 0.0000
vn -0.6197 0.7848 0.0000
vn -0.7188 0.6952 0.0000
vn -0.8051 0.5932 0.0000
vn -0.8769 0.4806 0.0000
vn -0.9332 0.3594 0.0000
vn -0.9728 0.2318 0.0000
vn -0.9950 0.1001 0.0000
vn -0.9994 -0.0334 0.0000
vn -0.9861 -0.1663 0.0000
vn -0.9551 -0.2963 0.0000
vn -0.9071 -0.4209 0.0000
vn -0.8429 -0.5381 0.0000
vn -0.7637 -0.6456 0.0000
vn -0.6708 -0.7417 0.0000
vn -0.5659 -0.8244 0.0000
vn -0.4510 -0.8925 0.0000
vn -0.3280 -0.9447 0.0000
vn -0.1992 -0.9800 0.0000
vn -0.0668 -0.9978 0.0000
vn 0.0668 -0.9978 0.0000
vn 0.1992 -0.9800 0.0000
vn 0.3280 -0.9447 0.0000
vn 0.4510 -0.8925 0.0000
vn 0.5659 -0.8244 0.0000
vn 0.6708 -0.7417 0.0000
vn 0.7637 -0.6456 0.0000
vn 0.8429 -0.5381 0.0000
vn 0.9071 -0.4209 0.0000
vn 0.9551 -0.2963 0.0000
vn 0.9861 -0.1663 0.0000
vn 0.9994 -0.0334 0.0000
vn 0.9950 0.1001 0.0000
vn 0.9728 0.2318 0.0000
vn 0.9332 0.3594 0.0000
vn 0.8769 0.4806 0.0000
vn 0.8051 0.5932 0.0000
vn 0.7188 0.6952 0.0000
vn 0.6197 0.7848 0.0000
vn 0.5096 0.8604 0.0000
vn 0.3904 0.9206 0.0000
vn 0.2642 0.9645 0.0000
vn 0.1333 0.9911 0.0000
vn 0.0000 1.0000 0.0000
vn 0.0000 1.0000 0.0000
vn -0.1333 0.9911 0.0000
vn -0.2642 0.9645 0.0000
vn -0.3904 0.9206 0.0000
vn -0.5096 0.8604 0.0000
vn -0.6197 0.7848 0.0000
vn -0.7188 0.6952 0.0000
vn -0.8051 0.5932 0.0000
vn -0.8769 0.4806 0.0000
vn -0.9332 0.3594 0.0000
vn -0.9728 0.2318 0.0000
vn -0.9950 0.1001 0.0000
vn -0.9994 -0.0334 0.0000
vn -0.9861 -0.1663 0.0000
vn -0.9551 -0.2963 0.0000
vn -0.9071 -0.4209 0.0000
vn -0.8429 -0.5381 0.0000
vn -0.7637 -0.6456 0.0000
vn -0.6708 -0.7417 0.0000
vn -0.5659 -0.8244 0.0000
vn -0.4510 -0.8925 0.0000
vn -0.3280 -0.9447 0.0000
vn -0.1992 -0.9800 0.0000
vn -0.0668 -0.9978 0.0000
vn 0.0668 -0.9978 0.0000
vn 0.1992 -0.9800 0.0000
vn 0.3280 -0.9447 0.0000
vn 0.4510 -0.8925 0.0000
vn 0.5659 -0.8244 0.0000
vn 0.6708 -0.7417 0.0000
vn 0.7637 -0.6456 0.0000
vn 0.8429 -0.5381 0.0000
vn 0.9071 -0.4209 0.0000
vn 0.9551 -0.2963 0.0000
vn 0.9861 -0.1663 0.0000
vn 0.9994 -0.0334 0.0000
vn 0.9950 0.1001 0.0000
vn 0.9728 0.2318 0.0000
vn 0.9332 0.3594 0.0000
vn 0.8769 0.4806 0.0000
vn 0.8051 0.5932 0.0000
vn 0.7188 0.6952 0.0000
vn 0.6197 0.7848 0.0000
vn 0.5096 0.8604 0.0000
vn 0.3904 0.9206 0.0000
vn 0.2642 0.9645 0.0000
vn 0.1333 0.9911 0.0000
vn 0.0000 1.0000 0.0000
vn 0.0000 1.0000 0.0000
vn -0.1333 0.9911 0.0000
vn -0.2642 0.9645 0.0000
vn -0.3904 0.9206 0.0000
vn -0.5096 0.8604 0.0000
vn -0.6197 0.7848 0.0000
vn -0.7188 0.6952 0.0000
vn -0.8051 0.5932 0.0000
vn -0.8769 0.4806 0.0000
vn -0.9332 0.3594 0.0000
vn -0.9728 0.2318 0.0000
vn -0.9950 0.1001 0.0000
vn -0.9994 -0.0334 0.0000
vn -0.9861 -0.1663 0.0000
vn -0.9551 -0.2963 0.0000
vn -0.9071 -0.4209 0.0000
vn -0.8429 -0.5381 0.0000
vn -0.7637 -0.6456 0.0000
vn -0.6708 -0.7417 0.0000
vn -0.5659 -0.8244 0.0000
vn -0.4510 -0.8925 0.0000
vn -0.3280 -0.9447 0.0000
vn -0.1992 -0.9800 0.0000
vn -0.0668 -0.9978 0.0000
vn 0.0668 -0.9978 0.0000
vn 0.1992 -0.9800 0.0000
vn 0.3280 -0.9447 0.0000
vn 0.4510 -0.8925 0.0000
vn 0.5659 -0.8244 0.0000
vn 0.6708 -0.7417 0.0000
vn 0.7637 -0.6456 0.0000
vn 0.8429 -0.5381 0.0000
vn 0.9071 -0.4209 0.0000
vn 0.9551 -0.2963 0.0000
vn 0.9861 -0.1663 0.0000
vn 0.9994 -0.0334 0.0000
vn 0.9950 0.1001 0.0000
vn 0.9728 0.2318 0.0000
vn 0.9332 0.3594 0.0000
vn 0.8769 0.4806 0.0000
vn 0.8051 0.5932 0.0000
vn 0.7188 0.6952 0.0000
vn 0.6197 0.7848 0.0000
vn 0.5096 0.8604 0.0000
vn 0.3904 0.9206 0.0000
vn 0.2642 0.9645 0.0000
vn 0.1333 0.9911 0.0000
vn 0.0000 1.0000 0.0000
vn 0.0000 1.0000 0.0000
vn -0.1333 0.9911 0.0000
vn -0.2642 0.9645 0.0000
vn -0.3904 0.9206 0.0000
vn -0.5096 0.8604 0.0000
vn -0.6197 0.7848 0.0000
vn -0.7188 0.6952 0.0000
vn -0.8051 0.5932 0.0000
vn -0.8769 0.4806 0.0000
vn -0.9332 0.3594 0.0000
vn -0.9728 0.2318 0.0000
vn -0.9950 0.1001 0.0000
vn -0.9994 -0.0334 0.0000
vn -0.9861 -0.1663 0.0000
vn -0.9551 -0.2963 0.0000
vn -0.9071 -0.4209 0.0000
vn -0.8429 -0.5381 0.0000
vn -0.7637 -0.6456 0.0000
vn -0.6708 -0.7417 0.0000
vn -0.5659 -0.8244 0.0000
vn -0.4510 -0.8925 0.0000
vn -0.3280 -0.9447 0.0000
vn -0.1992 -0.9800 0.0000
vn -0.0668 -0.9978 0.0000
vn 0.0668 -0.9978 0.0000
vn 0.1992 -0.9800 0.0000
vn 0.3280 -0.9447 0.0000
vn 0.4510 -0.8925 0.0000
vn 0.5659 -0.8244 0.0000
vn 0.6708 -0.7417 0.0000
vn 0.7637 -0.6456 0.0000
vn 0.8429 -0.5381 0.0000
vn 0.9071 -0.4209 0.0000
vn 0.9551 -0.2963 0.0000
vn 0.9861 -0.1663 0.0000
vn 0.9994 -0.0334 0.0000
vn 0.9950 0.1001 0.0000
vn 0.9728 0.2318 0.0000
vn 0.9332 0.3594 0.0000
vn 0.8769 0.4806 0.0000
vn 0.8051 0.5932 0.0000
vn 0.7188 0.6952 0.0000
vn 0.6197 0.7848 0.0000
vn 0.5096 0.8604 0.0000
vn 0.3904 0.9206 0.0000
vn 0.2642 0.9645 0.0000
vn 0.1333 0.9911 0.0000
vn 0.0000 1.0000 0.0000
vn 0.0000 1.0000 0.0000
vn -0.1333 0.9911 0.0000
vn -0.2642 0.9645 0.0000
vn -0.3904 0.9206 0.0000
vn -0.5096 0.8604 0.0000
vn -0.6197 0.7848 0.0000
vn -0.7188 0.6952 0.0000
vn -0.8051 0.5932 0.0000
vn -0.8769 0.4806 0.0000
vn -0.9332 0.3594 0.0000
vn -0.9728 0.2318 0.0000
vn -0.9950 0.1001 0.0000
vn -0.9994 -0.0334 0.0000
vn -0.9861 -0.1663 0.0000
vn -0.9551 -0.2963 0.0000
vn -0.9071 -0.4209 0.0000
vn -0.8429 -0.5381 0.0000
vn -0.7637 -0.6456 0.0000
vn -0.6708 -0.7417 0.0000
vn -0.5659 -0.8244 0.0000
vn -0.4510 -0.8925 0.0000
vn -0.3280 -0.9447 0.0000
vn -0.1992 -0.9800 0.0000
vn -0.0668 -0.9978 0.0000
vn 0.0668 -0.9978 0.0000
vn 0.1992 -0.9800 0.0000
vn 0.3280 -0.9447 0.0000
vn 0.4510 -0.8925 0.0000
vn 0.5659 -0.8244 0.0000
vn 0.6708 -0.7417 0.0000
vn 0.7637 -0.6456 0.0000
vn 0.8429 -0.5381 0.0000
vn 0.9071 -0.4209 0.0000
vn 0.9551 -0.2963 0.0000
vn 0.9861 -0.1663 0.0000
vn 0.9994 -0.0334 0.0000
vn 0.9950 0.1001 0.0000
vn 0.9728 0.2318 0.0000
vn 0.9332 0.3594 0.0000
vn 0.8769 0.4806 0.0000
vn 0.8051 0.5932 0.0000
vn 0.7188 0.6952 0.0000
vn 0.6197 0.7848 0.0000
vn 0.5096 0.8604 0.0000
vn 0.3904 0.9206 0.0000
vn 0.2642 0.9645 0.0000
vn 0.1333 0.9911 0.0000
vn 0.0000 1.0000 0.0000
vn 0.0000 1.0000 0.0000
vn -0.1333 0.9911 0.0000
vn -0.2642 0.9645 0.0000
vn -0.3904 0.9206 0.0000
vn -0.5096 0.8604 0.0000
vn -0.6197 0.7848 0.0000
vn -0.7188 0.6952 0.0000
vn -0.8051 0.5932 0.0000
vn -0.8769 0.4806 0.0000
vn -0.9332 0.3594 0.0000
vn -0.9728 0.2318 0.0000
vn -0.9950 0.1001 0.0000
vn -0.9994 -0.0334 0.0000
vn -0.9861 -0.1663 0.0000
vn -0.9551 -0.2963 0.0000
vn -0.9071 -0.4209 0.0000
vn -0.8429 -0.5381 0.0000
vn -0.7637 -0.6456 0.0000
vn -0.6708 -0.7417 0.0000
vn -0.5659 -0.8244 0.0000
vn -0.4510 -0.8925 0.0000
vn -0.3280 -0.9447 0.0000
vn -0.1992 -0.9800 0.0000
vn -0.0668 -0.9978 0.0000
vn 0.0668 -0.9978 0.0000
vn 0.1992 -0.9800 0.0000
vn 0.3280 -0.9447 0.0000
vn 0.4510 -0.8925 0.0000
vn 0.5659 -0.8244 0.0000
vn 0.6708 -0.7417 0.0000
vn 0.7637 -0.6456 0.0000
vn 0.8429 -0.5381 0.0000
vn 0.9071 -0.4209 0.0000
vn 0.9551 -0.2963 0.0000
vn 0.9861 -0.1663 0.0000
vn 0.9994 -0.0334 0.0000
vn 0.9950 0.1001 0.0000
vn 0.9728 0.2318 0.0000
vn 0.9332 0.3594 0.0000
vn 0.8769 0.4806 0.0000
vn 0.8051 0.5932 0.0000
vn 0.7188 0.6952 0.0000
vn 0.6197 0.7848 0.0000
vn 0.5096 0.8604 0.0000
vn 0.3904 0.9206 0.0000
vn 0.2642 0.9645 0.0000
vn 0.1333 0.9911 0.0000
vn 0.0000 1.0000 0.0000
vn 0.0000 1.0000 0.0000
vn -0.1333 0.9911 0.0000
vn -0.2642 0.9645 0.0000
vn -0.3904 0.9206 0.0000
vn -0.5096 0.8604 0.0000
vn -0.6197 0.7848 0.0000
vn -0.7188 0.6952 0.0000
vn -0.8051 0.5932 0.0000
vn -0.8769 0.4806 0.0000
vn -0.9332 0.3594 0.0000
vn -0.9728 0.2318 0.0000
vn -0.9950 0.1001 0.0000
vn -0.9994 -0.0334 0.0000
vn -0.9861 -0.1663 0.0000
vn -0.9551 -0.2963 0.0000
vn -0.9071 -0.4209 0.0000
vn -0.8429 -0.5381 0.0000
vn -0.7637 -0.6456 0.0000
vn -0.6708 -0.7417 0.0000
vn -0.5659 -0.8244 0.0000
vn -0.4510 -0.8925 0.0000
vn -0.3280 -0.9447 0.0000
vn -0.1992 -0.9800 0.0000
vn -0.0668 -0.9978 0.0000
vn 0.0668 -0.9978 0.0000
vn 0.1992 -0.9800 0.0000
vn 0.3280 -0.9447 0.0000
vn 0.4510 -0.8925 0.0000
vn 0.5659 -0.8244 0.0000
vn 0.6708 -0.7417 0.0000
vn 0.7637 -0.6456 0.0000
vn 0.8429 -0.5381 0.0000
vn 0.9071 -0.4209 0.0000
vn 0.9551 -0.2963 0.0000
vn 0.9861 -0.1663 0.0000
vn 0.9994 -0.0334 0.0000
vn 0.9950 0.1001 0.0000
vn 0.9728 0.2318 0.0000
vn 0.9332 0.3594 0.0000
vn 0.8769 0.4806 0.0000
vn 0.8051 0.5932 0.0000
vn 0.7188 0.6952 0.0000
vn 0.6197 0.7848 0.0000
vn 0.5096 0.8604 0.0000
vn 0.3904 0.9206 0.0000
vn 0.2642 0.9645 0.0000
vn 0.1333 0.9911 0.0000
vn 0.0000 1.0000 0.0000
vn 0.0000 1.0000 0.0000
vn -0.1333 0.9911 0.0000
vn -0.2642 0.9645 0.0000
vn -0.3904 0.9206 0.0000
vn -0.5096 0.8604 0.0000
vn -0.6197 0.7848 0.0000
vn -0.7188 0.6952 0.0000
vn -0.8051 0.5932 0.0000
vn -0.8769 0.4806 0.0000
vn -0.9332 0.3594 0.0000
vn -0.9728 0.2318 0.0000
vn -0.9950 0.1001 0.0000
vn -0.9994 -0.0334 0.0000
vn -0.9861 -0.1663 0.0000
vn -0.9551 -0.2963 0.0000
vn -0.9071 -0.4209 0.0000
vn -0.8429 -0.5381 0.0000
vn -0.7637 -0.6456 0.0000
vn -0.6708 -0.7417 0.0000
vn -0.5659 -0.8244 0.0000
vn -0.4510 -0.8925 0.0000
vn -0.3280 -0.9447 0.0000
vn -0.1992 -0.9800 0.0000
vn -0.0668 -0.9978 0.0000
vn 0.0668 -0.9978 0.0000
vn 0.1992 -0.9800 0.0000
vn 0.3280 -0.9447 0.0000
vn 0.4510 -0.8925 0.0000
vn 0.5659 -0.8244 0.0000
vn 0.6708 -0.7417 0.0000
vn 0.7637 -0.6456 0.0000
vn 0.8429 -0.5381 0.0000
vn 0.9071 -0.4209 0.0000
vn 0.9551 -0.2963 0.0000
vn 0.9861 -0.1663 0.0000
vn 0.9994 -0.0334 0.0000
vn 0.9950 0.1001 0.0000
vn 0.9728 0.2318 0.0000
vn 0.9332 0.3594 0.0000
vn 0.8769 0.4806 0.0000
vn 0.8051 0.5932 0.0000
vn 0.7188 0.6952 0.0000
vn 0.6197 0.7848 0.0000
vn 0.5096 0.8604 0.0000
vn 0.3904 0.9206 0.0000
vn 0.2642 0.9645 0.0000
vn 0.1333 0.9911 0.0000
vn 0.0000 1.0000 0.0000
vn 0.0000 1.0000 0.0000
vn -0.1333 0.9911 0.0000
vn -0.2642 0.9645 0.0000
vn -0.3904 0.9206 0.0000
vn -0.5096 0.8604 0.0000
vn -0.6197 0.7848 0.0000
vn -0.7188 0.6952 0.0000
vn -0.8051 0.5932 0.0000
vn -0.8769 0.4806 0.0000
vn -0.9332 0.3594 0.0000
vn -0.9728 0.2318 0.0000
vn -0.9950 0.1001 0.0000
vn -0.9994 -0.0334 0.0000
vn -0.9861 -0.1663 0.0000
vn -0.9551 -0.2963 0.0000
vn -0.9071 -0.4209 0.0000
vn -0.8429 -0.5381 0.0000
vn -0.7637 -0.6456 0.0000
vn -0.6708 -0.7417 0.0000
vn -0.5659 -0.8244 0.0000
vn -0.4510 -0.8925 0.0000
vn -0.3280 -0.9447 0.0000
vn -0.1992 -0.9800 0.0000
vn -0.0668 -0.9978 0.0000
vn 0.0668 -0.9978 0.0000
vn 0.1992 -0.9800 0.0000
vn 0.3280 -0.9447 0.0000
vn 0.4510 -0.8925 0.0000
vn 0.5659 -0.8244 0.0000
vn 0.6708 -0.7417 0.0000
vn 0.7637 -0.6456 0.0000
vn 0.8429 -0.5381 0.0000
vn 0.9071 -0.4209 0.0000
vn 0.9551 -0.2963 0.0000
vn 0.9861 -0.1663 0.0000
vn 0.9994 -0.0334 0.0000
vn 0.9950 0.1001 0.0000
vn 0.9728 0.2318 0.0000
vn 0.9332 0.3594 0.0000
vn 0.8769 0.4806 0.0000
vn 0.8051 0.5932 0.0000
vn 0.7188 0.6952 0.0000
vn 0.6197 0.7848 0.0000
vn 0.5096 0.8604 0.0000
vn 0.3904 0.9206 0.0000
vn 0.2642 0.9645 0.0000
vn 0.1333 0.9911 0.0000
vn 0.0000 1.0000 0.0000
vn 0.0000 1.0000 0.0000
vn -0.1333 0.9911 0.0000
vn -0.2642 0.9645 0.0000
vn -0.3904 0.9206 0.0000
vn -0.5096 0.8604 0.0000
vn -0.6197 0.7848 0.0000
vn -0.7188 0.6952 0.0000
vn -0.8051 0.5932 0.0000
vn -0.8769 0.4806 0.0000
vn -0.9332 0.3594 0.0000
vn -0.9728 0.2318 0.0000
vn -0.9950 0.1001 0.0000
vn -0.9994 -0.0334 0.0000
vn -0.9861 -0.1663 0.0000
vn -0.9551 -0.2963 0.0000
vn -0.9071 -0.4209 0.0000
vn -0.8429 -0.5381 0.0000
vn -0.7637 -0.6456 0.0000
vn -0.6708 -0.7417 0.0000
vn -0.5659 -0.8244 0.0000
vn -0.4510 -0.8925 0.0000
vn -0.3280 -0.9447 0.0000
vn -0.1992 -0.9800 0.0000
vn -0.0668 -0.9978 0.0000
vn 0.0668 -0.9978 0.0000
vn 0.1992 -0.9800 0.0000
vn 0.3280 -0.9447 0.0000
vn 0.4510 -0.8925 0.0000
vn 0.5659 -0.8244 0.0000
vn 0.6708 -0.7417 0.0000
vn 0.7637 -0.6456 0.0000
vn 0.8429 -0.5381 0.0000
vn 0.9071 -0.4209 0.0000
vn 0.9551 -0.2963 0.0000
vn 0.9861 -0.1663 0.0000
vn 0.9994 -0.0334 0.0000
vn 0.9950 0.1001 0.0000
vn 0.9728 0.2318 0.0000
vn 0.9332 0.3594 0.0000
vn 0.8769 0.4806 0.0000
vn 0.8051 0.5932 0.0000
vn 0.7188 0.6952 0.0000
vn 0.6197 0.7848 0.0000
vn 0.5096 0.8604 0.0000
vn 0.3904 0.9206 0.0000
vn 0.2642 0.9645 0.0000
vn 0.1333 0.9911 0.0000
vn 0.0000 1.0000 0.0000
vn 0.0000 1.0000 0.0000
vn -0.1333 0.9911 0.0000
vn -0.2642 0.9645 0.0000
vn -0.3904 0.9206 0.0000
vn -0.5096 0.8604 0.0000
vn -0.6197 0.7848 0.0000
vn -0.7188 0.6952 0.0000
vn -0.8051 0.5932 0.0000
vn -0.8769 0.4806 0.0000
vn -0.9332 0.3594 0.0000
vn -0.9728 0.2318 0.0000
vn -0.9950 0.1001 0.0000
vn -0.9994 -0.0334 0.0000
vn -0.9861 -0.1663 0.0000
vn -0.9551 -0.2963 0.0000
vn -0.9071 -0.4209 0.0000
vn -0.8429 -0.5381 0.0000
vn -0.7637 -0.6456 0.0000
vn -0.6708 -0.7417 0.0000
vn -0.5659 -0.8244 0.0000
vn -0.4510 -0.8925 0.0000
vn -0.3280 -0.9447 0.0000
vn -0.1992 -0.9800 0.0000
vn -0.0668 -0.9978 0.0000
vn 0.0668 -0.9978 0.0000
vn 0.1992 -0.9800 0.0000
vn 0.3280 -0.9447 0.0000
vn 0.4510 -0.8925 0.0000
vn 0.5659 -0.8244 0.0000
vn 0.6708 -0.7417 0.0000
vn 0.7637 -0.6456 0.0000
vn 0.8429 -0.5381 0.0000
vn 0.9071 -0.4209 0.0000
vn 0.9551 -0.2963 0.0000
vn 0.9861 -0.1663 0.0000
vn 0.9994 -0.0334 0.0000
vn 0.9950 0.1001 0.0000
vn 0.9728 0.2318 0.0000
vn 0.9332 0.3594 0.0000
vn 0.8769 0.4806 0.0000
vn 0.8051 0.5932 0.0000
vn 0.7188 0.6952 0.0000
vn 0.6197 0.7848 0.0000
vn 0.5096 0.8604 0.0000
vn 0.3904 0.9206 0.0000
vn 0.2642 0.9645 0.0000
vn 0.1333 0.9911 0.0000
vn 0.0000 1.0000 0.0000
vn 0.0000 1.0000 0.0000
vn -0.1333 0.9911 0.0000
vn -0.2642 0.9645 0.0000
vn -0.3904 0.9206 0.0000
vn -0.5096 0.8604 0.0000
vn -0.6197 0.7848 0.0000
vn -0.7188 0.6952 0.0000
vn -0.8051 0.5932 0.0000
vn -0.8769 0.4806 0.0000
vn -0.9332 0.3594 0.0000
vn -0.9728 0.2318 0.0000
vn -0.9950 0.1001 0.0000
vn -0.9994 -0.0334 0.0000
vn -0.9861 -0.1663 0.0000
vn -0.9551 -0.2963 0.0000
vn -0.9071 -0.4209 0.0000
vn -0.8429 -0.5381 0.0000
vn -0.7637 -0.6456 0.0000
vn -0.6708 -0.7417 0.0000
vn -0.5659 -0.8244 0.0000
vn -0.4510 -0.8925 0.0000
vn -0.3280 -0.9447 0.0000
vn -0.1992 -0.9800 0.0000
vn -0.0668 -0.9978 0.0000
vn 0.0668 -0.9978 0.0000
vn 0.1992 -0.9800 0.0000
vn 0.3280 -0.9447 0.0000
vn 0.4510 -0.8925 0.0000
vn 0.5659 -0.8244 0.0000
vn 0.6708 -0.7417 0.0000
vn 0.7637 -0.6456 0.0000
vn 0.8429 -0.5381 0.0000
vn 0.9071 -0.4209 0.0000
vn 0.9551 -0.2963 0.0000
vn 0.9861 -0.1663 0.0000
vn 0.9994 -0.0334 0.0000
vn 0.9950 0.1001 0.0000
vn 0.9728 0.2318 0.0000
vn 0.9332 0.3594 0.0000
vn 0.8769 0.4806 0.0000
vn 0.8051 0.5932 0.0000
vn 0.7188 0.6952 0.0000
vn 0.6197 0.7848 0.0000
vn 0.5096 0.8604 0.0000
vn 0.3904 0.9206 0.0000
vn 0.2642 0.9645 0.0000
vn 0.1333 0.9911 0.0000
vn 0.0000 1.0000 0.0000
vn 0.0000 1.0000 0.0000
vn -0.1333 0.9911 0.0000
vn -0.2642 0.9645 0.0000
vn -0.3904 0.9206 0.0000
vn -0.5096 0.8604 0.0000
vn -0.6197 0.7848 0.0000
vn -0.7188 0.6952 0.0000
vn -0.8051 0.5932 0.0000
vn -0.8769 0.4806 0.0000
vn -0.9332 0.3594 0.0000
vn -0.9728 0.2318 0.0000
vn -0.9950 0.1001 0.0000
vn -0.9994 -0.0334 0.0000
vn -0.9861 -0.1663 0.0000
vn -0.9551 -0.2963 0.0000
vn -0.9071 -0.4209 0.0000
vn -0.8429 -0.5381 0.0000
vn -0.7637 -0.6456 0.0000
vn -0.6708 -0.7417 0.0000
vn -0.5659 -0.8244 0.0000
vn -0.4510 -0.8925 0.0000
vn -0.3280 -0.9447 0.0000
vn -0.1992 -0.9800 0.0000
vn -0.0668 -0.9978 0.0000
vn 0.0668 -0.9978 0.0000
vn 0.1992 -0.9800 0.0000
vn 0.3280 -0.9447 0.0000
vn 0.4510 -0.8925 0.0000
vn 0.5659 -0.8244 0.0000
vn 0.6708 -0.7417 0.0000
vn 0.7637 -0.6456 0.0000
vn 0.8429 -0.5381 0.0000
vn 0.9071 -0.4209 0.0000
vn 0.9551 -0.2963 0.0000
vn 0.9861 -0.1663 0.0000
vn 0.9994 -0.0334 0.0000
vn 0.9950 0.1001 0.0000
vn 0.9728 0.2318 0.0000
vn 0.9332 0.3594 0.0000
vn 0.8769 0.4806 0.0000
vn 0.8051 0.5932 0.0000
vn 0.7188 0.6952 0.0000
vn 0.6197 0.7848 0.0000
vn 0.5096 0.8604 0.0000
vn 0.3904 0.9206 0.0000
vn 0.2642 0.9645 0.0000
vn 0.1333 0.9911 0.0000
vn 0.0000 1.0000 0.0000
vn 0.0000 1.0000 0.0000
vn -0.1333 0.9911 0.0000
vn -0.2642 0.9645 0.0000
vn -0.3904 0.9206 0.0000
vn -0.5096 0.8604 0.0000
vn -0.6197 0.7848 0.0000
vn -0.7188 0.6952 0.0000
vn -0.8051 0.5932 0.0000
vn -0.8769 0.4806 0.0000
vn -0.9332 0.3594 0.0000
vn -0.9728 0.2318 0.0000
vn -0.9950 0.1001 0.0000
vn -0.9994 -0.0334 0.0000
vn -0.9861 -0.1663 0.0000
vn -0.9551 -0.2963 0.0000
vn -0.9071 -0.4209 0.0000
vn -0.8429 -0.5381 0.0000
vn -0.7637 -0.6456 0.0000
vn -0.6708 -0.7417 0.0000
vn -0.5659 -0.8244 0.0000
vn -0.4510 -0.8925 0.0000
vn -0.3280 -0.9447 0.0000
vn -0.1992 -0.9800 0.0000
vn -0.0668 -0.9978 0.0000
vn 0.0668 -0.9978 0.0000
vn 0.1992 -0.9800 0.0000
vn 0.3280 -0.9447 0.0000
vn 0.4510 -0.8925 0.0000
vn 0.5659 -0.8244 0.0000
vn 0.6708 -0.7417 0.0000
vn 0.7637 -0.6456 0.0000
vn 0.8429 -0.5381 0.0000
vn 0.9071 -0.4209 0.0000
vn 0.9551 -0.2963 0.0000
vn 0.9861 -0.1663 0.0000
vn 0.9994 -0.0334 0.0000
vn 0.9950 0.1001 0.0000
vn 0.9728 0.2318 0.0000
vn 0.9332 0.3594 0.0000
vn 0.8769 0.4806 0.0000
vn 0.8051 0.5932 0.0000
vn 0.7188 0.6952 0.0000
vn 0.6197 0.7848 0.0000
vn 0.5096 0.8604 0.0000
vn 0.3904 0.9206 0.0000
vn 0.2642 0.9645 0.0000
vn 0.1333 0.9911 0.0000
vn 0.0000 1.0000 0.0000
vn 0.0000 1.0000 0.0000
vn -0.1333 0.9911 0.0000
vn -0.2642 0.9645 0.0000
vn -0.3904 0.9206 0.0000
vn -0.5096 0.8604 0.0000
vn -0.6197 0.7848 0.0000
vn -0.7188 0.6952 0.0000
vn -0.8051 0.5932 0.0000
vn -0.8769 0.4806 0.0000
vn -0.9332 0.3594 0.0000
vn -0.9728 0.2318 0.0000
vn -0.9950 0.1001 0.0000
vn -0.9994 -0.0334 0.0000
vn -0.9861 -0.1663 0.0000
vn -0.9551 -0.2963 0.0000
vn -0.9071 -0.4209 0.0000
vn -0.8429 -0.5381 0.0000
vn -0.7637 -0.6456 0.0000
vn -0.6708 -0.7417 0.0000
vn -0.5659 -0.8244 0.0000
vn -0.4510 -0.8925 0.0000
vn -0.3280 -0.9447 0.0000
vn -0.1992 -0.9800 0.0000
vn -0.0668 -0.9978 0.0000
vn 0.0668 -0.9978 0.0000
vn 0.1992 -0.9800 0.0000
vn 0.3280 -0.9447 0.0000
vn 0.4510 -0.8925 0.0000
vn 0.5659 -0.8244 0.0000
vn 0.6708 -0.7417 0.0000
vn 0.7637 -0.6456 0.0000
vn 0.8429 -0.5381 0.0000
vn 0.9071 -0.4209 0.0000
vn 0.9551 -0.2963 0.0000
vn 0.9861 -0.1663 0.0000
vn 0.9994 -0.0334 0.0000
vn 0.9950 0.1001 0.0000
vn 0.9728 0.2318 0.0000
vn 0.9332 0.3594 0.0000
vn 0.8769 0.4806 0.0000
vn 0.8051 0.5932 0.0000
vn 0.7188 0.6952 0.0000
vn 0.6197 0.7848 0.0000
vn 0.5096 0.8604 0.0000
vn 0.3904 0.9206 0.0000
vn 0.2642 0.9645 0.0000
vn 0.1333 0.9911 0.0000
vn 0.0000 1.0000 0.0000
vn 0.0000 1.0000 0.0000
vn -0.1333 0.9911 0.0000
vn -0.2642 0.9645 0.0000
vn -0.3904 0.9206 0.0000
vn -0.5096 0.8604 0.0000
vn -0.6197 0.7848 0.0000
vn -0.7188 0.6952 0.0000
vn -0.8051 0.5932 0.0000
vn -0.8769 0.4806 0.0000
vn -0.9332 0.3594 0.0000
vn -0.9728 0.2318 0.0000
vn -0.9950 0.1001 0.0000
vn -0.9994 -0.0334 0.0000
vn -0.9861 -0.1663 0.0000
vn -0.9551 -0.2963 0.0000
vn -0.9071 -0.4209 0.0000
vn -0.8429 -0.5381 0.0000
vn -0.7637 -0.6456 0.0000
vn -0.6708 -0.7417 0.0000
vn -0.5659 -0.8244 0.0000
vn -0.4510 -0.8925 0.0000
vn -0.3280 -0.9447 0.0000
vn -0.1992 -0.9800 0.0000
vn -0.0668 -0.9978 0.0000
vn 0.0668 -0.9978 0.0000
vn 0.1992 -0.9800 0.0000
vn 0.3280 -0.9447 0.0000
vn 0.4510 -0.8925 0.0000
vn 0.5659 -0.8244 0.0000
vn 0.6708 -0.7417 0.0000
vn 0.7637 -0.6456 0.0000
vn 0.8429 -0.5381 0.0000
vn 0.9071 -0.4209 0.0000
vn 0.9551 -0.2963 0.0000
vn 0.9861 -0.1663 0.0000
vn 0.9994 -0.0334 0.0000
vn 0.9950 0.1001 0.0000
vn 0.9728 0.2318 0.0000
vn 0.9332 0.3594 0.0000
vn 0.8769 0.4806 0.0000
vn 0.8051 0.5932 0.0000
vn 0.7188 0.6952 0.0000
vn 0.6197 0.7848 0.0000
vn 0.5096 0.8604 0.0000
vn 0.3904 0.9206 0.0000
vn 0.2642 0.9645 0.0000
vn 0.1333 0.9911 0.0000
vn 0.0000 1.0000 0.0000
vn 0.0000 1.0000 0.0000
vn -0.1333 0.9911 0.0000
vn -0.2642 0.9645 0.0000
vn -0.3904 0.9206 0.0000
vn -0.5096 0.8604 0.0000
vn -0.6197 0.7848 0.0000
vn -0.7188 0.6952 0.0000
vn -0.8051 0.5932 0.0000
vn -0.8769 0.4806 0.0000
vn -0.9332 0.3594 0.0000
vn -0.9728 0.2318 0.0000
vn -0.9950 0.1001 0.0000
vn -0.9994 -0.0334 0.0000
vn -0.9861 -0.1663 0.0000
vn -0.9551 -0.2963 0.0000
vn -0.9071 -0.4209 0.0000
vn -0.8429 -0.5381 0.0000
vn -0.7637 -0.6456 0.0000
vn -0.6708 -0.7417 0.0000
vn -0.5659 -0.8244 0.0000
vn -0.4510 -0.8925 0.0000
vn -0.3280 -0.9447 0.0000
vn -0.1992 -0.9800 0.0000
vn -0.0668 -0.9978 0.0000
vn 0.0668 -0.9978 0.0000
vn 0.1992 -0.9800 0.0000
vn 0.3280 -0.9447 0.0000
vn 0.4510 -0.8925 0.0000
vn 0.5659 -0.8244 0.0000
vn 0.6708 -0.7417 0.0000
vn 0.7637 -0.6456 0.0000
vn 0.8429 -0.5381 0.0000
vn 0.9071 -0.4209 0.0000
vn 0.9551 -0.2963 0.0000
vn 0.9861 -0.1663 0.0000
vn 0.9994 -0.0334 0.0000
vn 0.9950 0.1001 0.0000
vn 0.9728 0.2318 0.0000
vn 0.9332 0.3594 0.0000
vn 0.8769 0.4806 0.0000
vn 0.8051 0.5932 0.0000
vn 0.7188 0.6952 0.0000
vn 0.6197 0.7848 0.0000
vn 0.5096 0.8604 0.0000
vn 0.3904 0.9206 0.0000
vn 0.2642 0.9645 0.0000
vn 0.1333 0.9911 0.0000
vn 0.0000 1.0000 0.0000
vn 0.0000 1.0000 0.0000
vn -0.1333 0.9911 0.0000
vn -0.2642 0.9645 0.0000
vn -0.3904 0.9206 0.0000
vn -0.5096 0.8604 0.0000
vn -0.6197 0.7848 0.0000
vn -0.7188 0.6952 0.0000
vn -0.8051 0.5932 0.0000
vn -0.8769 0.4806 0.0000
vn -0.9332 0.3594 0.0000
vn -0.9728 0.2318 0.0000
vn -0.9950 0.1001 0.0000
vn -0.9994 -0.0334 0.0000
vn -0.9861 -0.1663 0.0000
vn -0.9551 -0.2963 0.0000
vn -0.9071 -0.4209 0.0000
vn -0.8429 -0.5381 0.0000
vn -0.7637 -0.6456 0.0000
vn -0.6708 -0.7417 0.0000
vn -0.5659 -0.8244 0.0000
vn -0.4510 -0.8925 0.0000
vn -0.3280 -0.9447 0.0000
vn -0.1992 -0.9800 0.0000
vn -0.0668 -0.9978 0.0000
vn 0.0668 -0.9978 0.0000
vn 0.1992 -0.9800 0.0000
vn 0.3280 -0.9447 0.0000
vn 0.4510 -0.8925 0.0000
vn 0.5659 -0.8244 0.0000
vn 0.6708 -0.7417 0.0000
vn 0.7637 -0.6456 0.0000
vn 0.8429 -0.5381 0.0000
vn 0.9071 -0.4209 0.0000
vn 0.9551 -0.2963 0.0000
vn 0.9861 -0.1663 0.0000
vn 0.9994 -0.0334 0.0000
vn 0.9950 0.1001 0.0000
vn 0.9728 0.2318 0.0000
vn 0.9332 0.3594 0.0000
vn 0.8769 0.4806 0.0000
vn 0.8051 0.5932 0.0000
vn 0.7188 0.6952 0.0000
vn 0.6197 0.7848 0.0000
vn 0.5096 0.8604 0.0000
vn 0.3904 0.9206 0.0000
vn 0.2642 0.9645 0.0000
vn 0.1333 0.9911 0.0000
vn 0.0000 1.0000 0.0000
vn 0.0000 1.0000 0.0000
vn -0.1333 0.9911 0.0000
vn -0.2642 0.9645 0.0000
vn -0.3904 0.9206 0.0000
vn -0.5096 0.8604 0.0000
vn -0.6197 0.7848 0.0000
vn -0.7188 0.6952 0.0000
vn -0.8051 0.5932 0.0000
vn -0.8769 0.4806 0.0000
vn -0.9332 0.3594 0.0000
vn -0.9728 0.2318 0.0000
vn -0.9950 0.1001 0.0000
vn -0.9994 -0.0334 0.0000
vn -0.9861 -0.1663 0.0000
vn -0.9551 -0.2963 0.0000
vn -0.9071 -0.4209 0.0000
vn -0.8429 -0.5381 0.0000
vn -0.7637 -0.6456 0.0000
vn -0.6708 -0.7417 0.0000
vn -0.5659 -0.8244 0.0000
vn -0.4510 -0.8925 0.0000
vn -0.3280 -0.9447 0.0000
vn -0.1992 -0.9800 0.0000
vn -0.0668 -0.9978 0.0000
vn 0.0668 -0.9978 0.0000
vn 0.1992 -0.9800 0.0000
vn 0.3280 -0.9447 0.0000
vn 0.4510 -0.8925 0.0000
vn 0.5659 -0.8244 0.0000
vn 0.6708 -0.7417 0.0000
vn 0.7637 -0.6456 0.0000
vn 0.8429 -0.5381 0.0000
vn 0.9071 -0.4209 0.0000
vn 0.9551 -0.2963 0.0000
vn 0.9861 -0.1663 0.0000
vn 0.9994 -0.0334 0.0000
vn 0.9950 0.1001 0.0000
vn 0.9728 0.2318 0.0000
vn 0.9332 0.3594 0.0000
vn 0.8769 0.4806 0.0000
vn 0.8051 0.5932 0.0000
vn 0.7188 0.6952 0.0000
vn 0.6197 0.7848 0.0000
vn 0.5096 0.8604 0.0000
vn 0.3904 0.9206 0.0000
vn 0.2642 0.9645 0.0000
vn 0.1333 0.9911 0.0000
vn 0.0000 1.0000 0.0000
vn 0.0000 1.0000 0.0000
vn -0.1333 0.9911 0.0000
vn -0.2642 0.9645 0.0000
vn -0.3904 0.9206 0.0000
vn -0.5096 0.8604 0.0000
vn -0.6197 0.7848 0.0000
vn -0.7188 0.6952 0.0000
vn -0.8051 0.5932 0.0000
vn -0.8769 0.4806 0.0000
vn -0.9332 0.3594 0.0000
vn -0.9728 0.2318 0.0000
vn -0.9950 0.1001 0.0000
vn -0.9994 -0.0334 0.0000
vn -0.9861 -0.1663 0.0000
vn -0.9551 -0.2963 0.0000
vn -0.9071 -0.4209 0.0000
vn -0.8429 -0.5381 0.0000
vn -0.7637 -0.6456 0.0000
vn -0.6708 -0.7417 0.0000
vn -0.5659 -0.8244 0.0000
vn -0.4510 -0.8925 0.0000
vn -0.3280 -0.9447 0.0000
vn -0.1992 -0.9800 0.0000
vn -0.0668 -0.9978 0.0000
vn 0.0668 -0.9978 0.0000
vn 0.1992 -0.9800 0.0000
vn 0.3280 -0.9447 0.0000
vn 0.4510 -0.8925 0.0000
vn 0.5659 -0.8244 0.0000
vn 0.6708 -0.7417 0.0000
vn 0.7637 -0.6456 0.0000
vn 0.8429 -0.5381 0.0000
vn 0.9071 -0.4209 0.0000
vn 0.9551 -0.2963 0.0000
vn 0.9861 -0.1663 0.0000
vn 0.9994 -0.0334 0.0000
vn 0.9950 0.1001 0.0000
vn 0.9728 0.2318 0.0000
vn 0.9332 0.3594 0.0000
vn 0.8769 0.4806 0.0000
vn 0.8051 0.5932 0.0000
vn 0.7188 0.6952 0.0000
vn 0.6197 0.7848 0.0000
vn 0.5096 0.8604 0.0000
vn 0.3904 0.9206 0.0000
vn 0.2642 0.9645 0.0000
vn 0.1333 0.9911 0.0000
vn 0.0000 1.0000 0.0000
vn 0.0000 1.0000 0.0000
vn -0.1333 0.9911 0.0000
vn -0.2642 0.9645 0.0000
vn -0.3904 0.9206 0.0000
vn -0.5096 0.8604 0.0000
vn -0.6197 0.7848 0.0000
vn -0.7188 0.6952 0.0000
vn -0.8051 0.5932 0.0000
vn -0.8769 0.4806 0.0000
vn -0.9332 0.3594 0.0000
vn -0.9728 0.2318 0.0000
vn -0.9950 0.1001 0.0000
vn -0.9994 -0.0334 0.0000
vn -0.9861 -0.1663 0.0000
vn -0.9551 -0.2963 0.0000
vn -0.9071 -0.4209 0.0000
vn -0.8429 -0.5381 0.0000
vn -0.7637 -0.6456 0.0000
vn -0.6708 -0.7417 0.0000
vn -0.5659 -0.8244 0.0000
vn -0.4510 -0.8925 0.0000
vn -0.3280 -0.9447 0.0000
vn -0.1992 -0.9800 0.0000
vn -0.0668 -0.9978 0.0000
vn 0.0668 -0.9978 0.0000
vn 0.1992 -0.9800 0.0000
vn 0.3280 -0.9447 0.0000
vn 0.4510 -0.8925 0.0000
vn 0.5659 -0.8244 0.0000
vn 0.6708 -0.7417 0.0000
vn 0.7637 -0.6456 0.0000
vn 0.8429 -0.5381 0.0000
vn 0.9071 -0.4209 0.0000
vn 0.9551 -0.2963 0.0000
vn 0.9861 -0.1663 0.0000
vn 0.9994 -0.0334 0.0000
vn 0.9950 0.1001 0.0000
vn 0.9728 0.2318 0.0000
vn 0.9332 0.3594 0.0000
vn 0.8769 0.4806 0.0000
vn 0.8051 0.5932 0.0000
vn 0.7188 0.6952 0.0000
vn 0.6197 0.7848 0.0000
vn 0.5096 0.8604 0.0000
vn 0.3904 0.9206 0.0000
vn 0.2642 0.9645 0.0000
vn 0.1333 0.9911 0.0000
vn 0.0000 1.0000 0.0000
vn 0.0000 1.0000 0.0000
vn -0.1333 0.9911 0.0000
vn -0.2642 0.9645 0.0000
vn -0.3904 0.9206 0.0000
vn -0.5096 0.8604 0.0000
vn -0.6197 0.7848 0.0000
vn -0.7188 0.6952 0.0000
vn -0.8051 0.5932 0.0000
vn -0.8769 0.4806 0.0000
vn -0.9332 0.3594 0.0000
vn -0.9728 0.2318 0.0000
vn -0.9950 0.1001 0.0000
vn -0.9994 -0.0334 0.0000
vn -0.9861 -0.1663 0.0000
vn -0.9551 -0.2963 0.0000
vn -0.9071 -0.4209 0.0000
vn -0.8429 -0.5381 0.0000
vn -0.7637 -0.6456 0.0000
vn -0.6708 -0.7417 0.0000
vn -0.5659 -0.8244 0.0000
vn -0.4510 -0.8925 0.0000
vn -0.3280 -0.9447 0.0000
vn -0.1992 -0.9800 0.0000
vn -0.0668 -0.9978 0.0000
vn 0.0668 -0.9978 0.0000
vn 0.1992 -0.9800 0.0000
vn 0.3280 -0.9447 0.0000
vn 0.4510 -0.8925 0.0000
vn 0.5659 -0.8244 0.0000
vn 0.6708 -0.7417 0.0000
vn 0.7637 -0.6456 0.0000
vn 0.8429 -0.5381 0.0000
vn 0.9071 -0.4209 0.0000
vn 0.9551 -0.2963 0.0000
vn 0.9861 -0.1663 0.0000
vn 0.9994 -0.0334 0.0000
vn 0.9950 0.1001 0.0000
vn 0.9728 0.2318 0.0000
vn 0.9332 0.3594 0.0000
vn 0.8769 0.4806 0.0000
vn 0.8051 0.5932 0.0000
vn 0.7188 0.6952 0.0000
vn 0.6197 0.7848 0.0000
vn 0.5096 0.8604 0.0000
vn 0.3904 0.9206 0.0000
vn 0.2642 0.9645 0.0000
vn 0.1333 0.9911 0.0000
vn 0.0000 1.0000 0.0000
vn 0.0000 1.0000 0.0000
vn -0.1333 0.9911 0.0000
vn -0.2642 0.9645 0.0000
vn -0.3904 0.9206 0.0000
vn -0.5096 0.8604 0.0000
vn -0.6197 0.7848 0.0000
vn -0.7188 0.6952 0.0000
vn -0.8051 0.5932 0.0000
vn -0.8769 0.4806 0.0000
vn -0.9332 0.3594 0.0000
vn -0.9728 0.2318 0.0000
vn -0.9950 0.1001 0.0000
vn -0.9994 -0.0334 0.0000
vn -0.9861 -0.1663 0.0000
vn -0.9551 -0.2963 0.0000
vn -0.9071 -0.4209 0.0000
vn -0.8429 -0.5381 0.0000
vn -0.7637 -0.6456 0.0000
vn -0.6708 -0.7417 0.0000
vn -0.5659 -0.8244 0.0000
vn -0.4510 -0.8925 0.0000
vn -0.3280 -0.9447 0.0000
vn -0.1992 -0.9800 0.0000
vn -0.0668 -0.9978 0.0000
vn 0.0668 -0.9978 0.0000
vn 0.1992 -0.9800 0.0000
vn 0.3280 -0.9447 0.0000
vn 0.4510 -0.8925 0.0000
vn 0.5659 -0.8244 0.0000
vn 0.6708 -0.7417 0.0000
vn 0.7637 -0.6456 0.0000
vn 0.8429 -0.5381 0.0000
vn 0.9071 -0.4209 0.0000
vn 0.9551 -0.2963 0.0000
vn 0.9861 -0.1663 0.0000
vn 0.9994 -0.0334 0.0000
vn 0.9950 0.1001 0.0000
vn 0.9728 0.2318 0.0000
vn 0.9332 0.3594 0.0000
vn 0.8769 0.4806 0.0000
vn 0.8051 0.5932 0.0000
vn 0.7188 0.6952 0.0000
vn 0.6197 0.7848 0.0000
vn 0.5096 0.8604 0.0000
vn 0.3904 0.9206 0.0000
vn 0.2642 0.9645 0.0000
vn 0.1333 0.9911 0.0000
vn 0.0000 1.0000 0.0000
vn 0.0000 1.0000 0.0000
vn -0.1333 0.9911 0.0000
vn -0.2642 0.9645 0.0000
vn -0.3904 0.9206 0.0000
vn -0.5096 0.8604 0.0000
vn -0.6197 0.7848 0.0000
vn -0.7188 0.6952 0.0000
vn -0.8051 0.5932 0.0000
vn -0.8769 0.4806 0.0000
vn -0.9332 0.3594 0.0000
vn -0.9728 0.2318 0.0000
vn -0.9950 0.1001 0.0000
vn -0.9994 -0.0334 0.0000
vn -0.9861 -0.1663 0.0000
vn -0.9551 -0.2963 0.0000
vn -0.9071 -0.4209 0.0000
vn -0.8429 -0.5381 0.0000
vn -0.7637 -0.6456 0.0000
vn -0.6708 -0.7417 0.0000
vn -0.5659 -0.8244 0.0000
vn -0.4510 -0.8925 0.0000
vn -0.3280 -0.9447 0.0000
vn -0.1992 -0.9800 0.0000
vn -0.0668 -0.9978 0.0000
vn 0.0668 -0.9978 0.0000
vn 0.1992 -0.9800 0.0000
vn 0.3280 -0.9447 0.0000
vn 0.4510 -0.8925 0.0000
vn 0.5659 -0.8244 0.0000
vn 0.6708 -0.7417 0.0000
vn 0.7637 -0.6456 0.0000
vn 0.8429 -0.5381 0.0000
vn 0.9071 -0.4209 0.0000
vn 0.9551 -0.2963 0.0000
vn 0.9861 -0.1663 0.0000
vn 0.9994 -0.0334 0.0000
vn 0.9950 0.1001 0.0000
vn 0.9728 0.2318 0.0000
vn 0.9332 0.3594 0.0000
vn 0.8769 0.4806 0.0000
vn 0.8051 0.5932 0.0000
vn 0.7188 0.6952 0.0000
vn 0.6197 0.7848 0.0000
vn 0.5096 0.8604 0.0000
vn 0.3904 0.9206 0.0000
vn 0.2642 0.9645 0.0000
vn 0.1333 0.9911 0.0000
vn 0.0000 1.0000 0.0000
vn 0.0000 1.0000 0.0000
vn -0.1333 0.9911 0.0000
vn -0.2642 0.9645 0.0000
vn -0.3904 0.9206 0.0000
vn -0.5096 0.8604 0.0000
vn -0.6197 0.7848 0.0000
vn -0.7188 0.6952 0.0000
vn -0.8051 0.5932 0.0000
vn -0.8769 0.4806 0.0000
vn -0.9332 0.3594 0.0000
vn -0.9728 0.2318 0.0000
vn -0.9950 0.1001 0.0000
vn -0.9994 -0.0334 0.0000
vn -0.9861 -0.1663 0.0000
vn -0.9551 -0.2963 0.0000
vn -0.9071 -0.4209 0.0000
vn -0.8429 -0.5381 0.0000
vn -0.7637 -0.6456 0.0000
vn -0.6708 -0.7417 0.0000
vn -0.5659 -0.8244 0.0000
vn -0.4510 -0.8925 0.0000
vn -0.3280 -0.9447 0.0000
vn -0.1992 -0.9800 0.0000
vn -0.0668 -0.9978 0.0000
vn 0.0668 -0.9978 0.0000
vn 0.1992 -0.9800 0.0000
vn 0.3280 -0.9447 0.0000
vn 0.4510 -0.8925 0.0000
vn 0.5659 -0.8244 0.0000
vn 0.6708 -0.7417 0.0000
vn 0.7637 -0.6456 0.0000
vn 0.8429 -0.5381 0.0000
vn 0.9071 -0.4209 0.0000
vn 0.9551 -0.2963 0.0000
vn 0.9861 -0.1663 0.0000
vn 0.9994 -0.0334 0.0000
vn 0.9950 0.1001 0.0000
vn 0.9728 0.2318 0.0000
vn 0.9332 0.3594 0.0000
vn 0.8769 0.4806 0.0000
vn 0.8051 0.5932 0.0000
vn 0.7188 0.6952 0.0000
vn 0.6197 0.7848 0.0000
vn 0.5096 0.8604 0.0000
vn 0.3904 0.9206 0.0000
vn 0.2642 0.9645 0.0000
vn 0.1333 0.9911 0.0000
vn 0.0000 1.0000 0.0000
vn 0.0000 1.0000 0.0000
vn -0.1333 0.9911 0.0000
vn -0.2642 0.9645 0.0000
vn -0.3904 0.9206 0.0000
vn -0.5096 0.8604 0.0000
vn -0.6197 0.7848 0.0000
vn -0.7188 0.6952 0.0000
vn -0.8051 0.5932 0.0000
vn -0.8769 0.4806 0.0000
vn -0.9332 0.3594 0.0000
vn -0.9728 0.2318 0.0000
vn -0.9950 0.1001 0.0000
vn -0.9994 -0.0334 0.0000
vn -0.9861 -0.1663 0.0000
vn -0.9551 -0.2963 0.0000
vn -0.9071 -0.4209 0.0000
vn -0.8429 -0.5381 0.0000
vn -0.7637 -0.6456 0.0000
vn -0.6708 -0.7417 0.0000
vn -0.5659 -0.8244 0.0000
vn -0.4510 -0.8925 0.0000
vn -0.3280 -0.9447 0.0000
vn -0.1992 -0.9800 0.0000
vn -0.0668 -0.9978 0.0000
vn 0.0668 -0.9978 0.0000
vn 0.1992 -0.9800 0.0000
vn 0.3280 -0.9447 0.0000
vn 0.4510 -0.8925 0.0000
vn 0.5659 -0.8244 0.0000
vn 0.6708 -0.7417 0.0000
vn 0.7637 -0.6456 0.0000
vn 0.8429 -0.5381 0.0000
vn 0.9071 -0.4209 0.0000
vn 0.9551 -0.2963 0.0000
vn 0.9861 -0.1663 0.0000
vn 0.9994 -0.0334 0.0000
vn 0.9950 0.1001 0.0000
vn 0.9728 0.2318 0.0000
vn 0.9332 0.3594 0.0000
vn 0.8769 0.4806 0.0000
vn 0.8051 0.5932 0.0000
vn 0.7188 0.6952 0.0000
vn 0.6197 0.7848 0.0000
vn 0.5096 0.8604 0.0000
vn 0.3904 0.9206 0.0000
vn 0.2642 0.9645 0.0000
vn 0.1333 0.9911 0.0000
vn 0.0000 1.0000 0.0000
vn 0.0000 1.0000 0.0000
vn -0.1333 0.9911 0.0000
vn -0.2642 0.9645 0.0000
vn -0.3904 0.9206 0.0000
vn -0.5096 0.8604 0.0000
vn -0.6197 0.7848 0.0000
vn -0.7188 0.6952 0.0000
vn -0.8051 0.5932 0.0000
vn -0.8769 0.4806 0.0000
vn -0.9332 0.3594 0.0000
vn -0.9728 0.2318 0.0000
vn -0.9950 0.1001 0.0000
vn -0.9994 -0.0334 0.0000
vn -0.9861 -0.1663 0.0000
vn -0.9551 -0.2963 0.0000
vn -0.9071 -0.4209 0.0000
vn -0.8429 -0.5381 0.0000
vn -0.7637 -0.6456 0.0000
vn -0.6708 -0.7417 0.0000
vn -0.5659 -0.8244 0.0000
vn -0.4510 -0.8925 0.0000
vn -0.3280 -0.9447 0.0000
vn -0.1992 -0.9800 0.0000
vn -0.0668 -0.9978 0.0000
vn 0.0668 -0.9978 0.0000
vn 0.1992 -0.9800 0.0000
vn 0.3280 -0.9447 0.0000
vn 0.4510 -0.8925 0.0000
vn 0.5659 -0.8244 0.0000
vn 0.6708 -0.7417 0.0000
vn 0.7637 -0.6456 0.0000
vn 0.8429 -0.5381 0.0000
vn 0.9071 -0.4209 0.0000
vn 0.9551 -0.2963 0.0000
vn 0.9861 -0.1663 0.0000
vn 0.9994 -0.0334 0.0000
vn 0.9950 0.1001 0.0000
vn 0.9728 0.2318 0.0000
vn 0.9332 0.3594 0.0000
vn 0.8769 0.4806 0.0000
vn 0.8051 0.5932 0.0000
vn 0.7188 0.6952 0.0000
vn 0.6197 0.7848 0.0000
vn 0.5096 0.8604 0.0000
vn 0.3904 0.9206 0.0000
vn 0.2642 0.9645 0.0000
vn 0.1333 0.9911 0.0000
vn 0.0000 1.0000 0.0000
vn 0.0000 1.0000 0.0000
vn -0.1333 0.9911 0.0000
vn -0.2642 0.9645 0.0000
vn -0.3904 0.9206 0.0000
vn -0.5096 0.8604 0.0000
vn -0.6197 0.7848 0.0000
vn -0.7188 0.6952 0.0000
vn -0.8051 0.5932 0.0000
vn -0.8769 0.4806 0.0000
vn -0.9332 0.3594 0.0000
vn -0.9728 0.2318 0.0000
vn -0.9950 0.1001 0.0000
vn -0.9994 -0.0334 0.0000
vn -0.9861 -0.1663 0.0000
vn -0.9551 -0.2963 0.0000
vn -0.9071 -0.4209 0.0000
vn -0.8429 -0.5381 0.0000
vn -0.7637 -0.6456 0.0000
vn -0.6708 -0.7417 0.0000
vn -0.5659 -0.8244 0.0000
vn -0.4510 -0.8925 0.0000
vn -0.3280 -0.9447 0.0000
vn -0.1992 -0.9800 0.0000
vn -0.0668 -0.9978 0.0000
vn 0.0668 -0.9978 0.0000
vn 0.1992 -0.9800 0.0000
vn 0.3280 -0.9447 0.0000
vn 0.4510 -0.8925 0.0000
vn 0.5659 -0.8244 0.0000
vn 0.6708 -0.7417 0.0000
vn 0.7637 -0.6456 0.0000
vn 0.8429 -0.5381 0.0000
vn 0.9071 -0.4209 0.0000
vn 0.9551 -0.2963 0.0000
vn 0.9861 -0.1663 0.0000
vn 0.9994 -0.0334 0.0000
vn 0.9950 0.1001 0.0000
vn 0.9728 0.2318 0.0000
vn 0.9332 0.3594 0.0000
vn 0.8769 0.4806 0.0000
vn 0.8051 0.5932 0.0000
vn 0.7188 0.6952 0.0000
vn 0.6197 0.7848 0.0000
vn 0.5096 0.8604 0.0000
vn 0.3904 0.9206 0.0000
vn 0.2642 0.9645 0.0000
vn 0.1333 0.9911 0.0000
vn 0.0000 1.0000 0.0000
vn 0.0000 1.0000 0.0000
vn -0.1333 0.9911 0.0000
vn -0.2642 0.9645 0.0000
vn -0.3904 0.9206 0.0000
vn -0.5096 0.8604 0.0000
vn -0.6197 0.7848 0.0000
vn -0.7188 0.6952 0.0000
vn -0.8051 0.5932 0.0000
vn -0.8769 0.4806 0.0000
vn -0.9332 0.3594 0.0000
vn -0.9728 0.2318 0.0000
vn -0.9950 0.1001 0.0000
vn -0.9994 -0.0334 0.0000
vn -0.9861 -0.1663 0.0000
vn -0.9551 -0.2963 0.0000
vn -0.9071 -0.4209 0.0000
vn -0.8429 -0.5381 0.0000
vn -0.7637 -0.6456 0.0000
vn -0.6708 -0.7417 0.0000
vn -0.5659 -0.8244 0.0000
vn -0.4510 -0.8925 0.0000
vn -0.3280 -0.9447 0.0000
vn -0.1992 -0.9800 0.0000
vn -0.0668 -0.9978 0.0000
vn 0.0668 -0.9978 0.0000
vn 0.1992 -0.9800 0.0000
vn 0.3280 -0.9447 0.0000
vn 0.4510 -0.8925 0.0000
vn 0.5659 -0.8244 0.0000
vn 0.6708 -0.7417 0.0000
vn 0.7637 -0.6456 0.0000
vn 0.8429 -0.5381 0.0000
vn 0.9071 -0.4209 0.0000
vn 0.9551 -0.2963 0.0000
vn 0.9861 -0.1663 0.0000
vn 0.9994 -0.0334 0.0000
vn 0.9950 0.1001 0.0000
vn 0.9728 0.2318 0.0000
vn 0.9332 0.3594 0.0000
vn 0.8769 0.4806 0.0000
vn 0.8051 0.5932 0.0000
vn 0.7188 0.6952 0.0000
vn 0.6197 0.7848 0.0000
vn 0.5096 0.8604 0.0000
vn 0.3904 0.9206 0.0000
vn 0.2642 0.9645 0.0000
vn 0.1333 0.9911 0.0000
vn 0.0000 1.0000 0.0000
vn 0.0000 1.0000 0.0000
vn -0.1333 0.9911 0.0000
vn -0.2642 0.9645 0.0000
vn -0.3904 0.9206 0.0000
vn -0.5096 0.8604 0.0000
vn -0.6197 0.7848 0.0000
vn -0.7188 0.6952 0.0000
vn -0.8051 0.5932 0.0000
vn -0.8769 0.4806 0.0000
vn -0.9332 0.3594 0.0000
vn -0.9728 0.2318 0.0000
vn -0.9950 0.1001 0.0000
vn -0.9994 -0.0334 0.0000
vn -0.9861 -0.1663 0.0000
vn -0.9551 -0.2963 0.0000
vn -0.9071 -0.4209 0.0000
vn -0.8429 -0.5381 0.0000
vn -0.7637 -0.6456 0.0000
vn -0.6708 -0.7417 0.0000
vn -0.5659 -0.8244 0.0000
vn -0.4510 -0.8925 0.0000
vn -0.3280 -0.9447 0.0000
vn -0.1992 -0.9800 0.0000
vn -0.0668 -0.9978 0.0000
vn 0.0668 -0.9978 0.0000
vn 0.1992 -0.9800 0.0000
vn 0.3280 -0.9447 0.0000
vn 0.4510 -0.8925 0.0000
vn 0.5659 -0.8244 0.0000
vn 0.6708 -0.7417 0.0000
vn 0.7637 -0.6456 0.0000
vn 0.8429 -0.5381 0.0000
vn 0.9071 -0.4209 0.0000
vn 0.9551 -0.2963 0.0000
vn 0.9861 -0.1663 0.0000
vn 0.9994 -0.0334 0.0000
vn 0.9950 0.1001 0.0000
vn 0.9728 0.2318 0.0000
vn 0.9332 0.3594 0.0000
vn 0.8769 0.4806 0.0000
vn 0.8051 0.5932 0.0000
vn 0.7188 0.6952 0.0000
vn 0.6197 0.7848 0.0000
vn 0.5096 0.8604 0.0000
vn 0.3904 0.9206 0.0000
vn 0.2642 0.9645 0.0000
vn 0.1333 0.9911 0.0000
vn 0.0000 1.0000 0.0000
vn 0.0000 1.0000 0.0000
vn -0.1333 0.9911 0.0000
vn -0.2642 0.9645 0.0000
vn -0.3904 0.9206 0.0000
vn -0.5096 0.8604 0.0000
vn -0.6197 0.7848 0.0000
vn -0.7188 0.6952 0.0000
vn -0.8051 0.5932 0.0000
vn -0.8769 0.4806 0.0000
vn -0.9332 0.3594 0.0000
vn -0.9728 0.2318 0.0000
vn -0.9950 0.1001 0.0000
vn -0.9994 -0.0334 0.0000
vn -0.9861 -0.1663 0.0000
vn -0.9551 -0.2963 0.0000
vn -0.9071 -0.4209 0.0000
vn -0.8429 -0.5381 0.0000
vn -0.7637 -0.6456 0.0000
vn -0.6708 -0.7417 0.0000
vn -0.5659 -0.8244 0.0000
vn -0.4510 -0.8925 0.0000
vn -0.3280 -0.9447 0.0000
vn -0.1992 -0.9800 0.0000
vn -0.0668 -0.9978 0.0000
vn 0.0668 -0.9978 0.0000
vn 0.1992 -0.9800 0.0000
vn 0.3280 -0.9447 0.0000
vn 0.4510 -0.8925 0.0000
vn 0.5659 -0.8244 0.0000
vn 0.6708 -0.7417 0.0000
vn 0.7637 -0.6456 0.0000
vn 0.8429 -0.5381 0.0000
vn 0.9071 -0.4209 0.0000
vn 0.9551 -0.2963 0.0000
vn 0.9861 -0.1663 0.0000
vn 0.9994 -0.0334 0.0000
vn 0.9950 0.1001 0.0000
vn 0.9728 0.2318 0.0000
vn 0.9332 0.3594 0.0000
vn 0.8769 0.4806 0.0000
vn 0.8051 0.5932 0.0000
vn 0.7188 0.6952 0.0000
vn 0.6197 0.7848 0.0000
vn 0.5096 0.8604 0.0000
vn 0.3904 0.9206 0.0000
vn 0.2642 0.9645 0.0000
vn 0.1333 0.9911 0.0000
vn 0.0000 1.0000 0.0000
vn 0.0000 1.0000 0.0000
vn -0.1333 0.9911 0.0000
vn -0.2642 0.9645 0.0000
vn -0.3904 0.9206 0.0000
vn -0.5096 0.8604 0.0000
vn -0.6197 0.7848 0.0000
vn -0.7188 0.6952 0.0000
vn -0.8051 0.5932 0.0000
vn -0.8769 0.4806 0.0000
vn -0.9332 0.3594 0.0000
vn -0.9728 0.2318 0.0000
vn -0.9950 0.1001 0.0000
vn -0.9994 -0.0334 0.0000
vn -0.9861 -0.1663 0.0000
vn -0.9551 -0.2963 0.0000
vn -0.9071 -0.4209 0.0000
vn -0.8429 -0.5381 0.0000
vn -0.7637 -0.6456 0.0000
vn -0.6708 -0.7417 0.0000
vn -0.5659 -0.8244 0.0000
vn -0.4510 -0.8925 0.0000
vn -0.3280 -0.9447 0.0000
vn -0.1992 -0.9800 0.0000
vn -0.0668 -0.9978 0.0000
vn 0.0668 -0.9978 0.0000
vn 0.1992 -0.9800 0.0000
vn 0.3280 -0.9447 0.0000
vn 0.4510 -0.8925 0.0000
vn 0.5659 -0.8244 0.0000
vn 0.6708 -0.7417 0.0000
vn 0.7637 -0.6456 0.0000
vn 0.8429 -0.5381 0.0000
vn 0.9071 -0.4209 0.0000
vn 0.9551 -0.2963 0.0000
vn 0.9861 -0.1663 0.0000
vn 0.9994 -0.0334 0.0000
vn 0.9950 0.1001 0.0000
vn 0.9728 0.2318 0.0000
vn 0.9332 0.3594 0.0000
vn 0.8769 0.4806 0.0000
vn 0.8051 0.5932 0.0000
vn 0.7188 0.6952 0.0000
vn 0.6197 0.7848 0.0000
vn 0.5096 0.8604 0.0000
vn 0.3904 0.9206 0.0000
vn 0.2642 0.9645 0.0000
vn 0.1333 0.9911 0.0000
vn 0.0000 1.0000 0.0000
vn 0.0000 1.0000 0.0000
vn -0.1333 0.9911 0.0000
vn -0.2642 0.9645 0.0000
vn -0.3904 0.9206 0.0000
vn -0.5096 0.8604 0.0000
vn -0.6197 0.7848 0.0000
vn -0.7188 0.6952 0.0000
vn -0.8051 0.5932 0.0000
vn -0.8769 0.4806 0.0000
vn -0.9332 0.3594 0.0000
vn -0.9728 0.2318 0.0000
vn -0.9950 0.1001 0.0000
vn -0.9994 -0.0334 0.0000
vn -0.9861 -0.1663 0.0000
vn -0.9551 -0.2963 0.0000
vn -0.9071 -0.4209 0.0000
vn -0.8429 -0.5381 0.0000
vn -0.7637 -0.6456 0.0000
vn -0.6708 -0.7417 0.0000
vn -0.5659 -0.8244 0.0000
vn -0.4510 -0.8925 0.0000
vn -0.3280 -0.9447 0.0000
vn -0.1992 -0.9800 0.0000
vn -0.0668 -0.9978 0.0000
vn 0.0668 -0.9978 0.0000
vn 0.1992 -0.9800 0.0000
vn 0.3280 -0.9447 0.0000
vn 0.4510 -0.8925 0.0000
vn 0.5659 -0.8244 0.0000
vn 0.6708 -0.7417 0.0000
vn 0.7637 -0.6456 0.0000
vn 0.8429 -0.5381 0.0000
vn 0.9071 -0.4209 0.0000
vn 0.9551 -0.2963 0.0000
vn 0.9861 -0.1663 0.0000
vn 0.9994 -0.0334 0.0000
vn 0.9950 0.1001 0.0000
vn 0.9728 0.2318 0.0000
vn 0.9332 0.3594 0.0000
vn 0.8769 0.4806 0.0000
vn 0.8051 0.5932 0.0000
vn 0.7188 0.6952 0.0000
vn 0.6197 0.7848 0.0000
vn 0.5096 0.8604 0.0000
vn 0.3904 0.9206 0.0000
vn 0.2642 0.9645 0.0000
vn 0.1333 0.9911 0.0000
vn 0.0000 1.0000 0.0000
vn 0.0000 1.0000 0.0000
vn -0.1333 0.9911 0.0000
vn -0.2642 0.9645 0.0000
vn -0.3904 0.9206 0.0000
vn -0.5096 0.8604 0.0000
vn -0.6197 0.7848 0.0000
vn -0.7188 0.6952 0.0000
vn -0.8051 0.5932 0.0000
vn -0.8769 0.4806 0.0000
vn -0.9332 0.3594 0.0000
vn -0.9728 0.2318 0.0000
vn -0.9950 0.1001 0.0000
vn -0.9994 -0.0334 0.0000
vn -0.9861 -0.1663 0.0000
vn -0.9551 -0.2963 0.0000
vn -0.9071 -0.4209 0.0000
vn -0.8429 -0.5381 0.0000
vn -0.7637 -0.6456 0.0000
vn -0.6708 -0.7417 0.0000
vn -0.5659 -0.8244 0.0000
vn -0.4510 -0.8925 0.0000
vn -0.3280 -0.9447 0.0000
vn -0.1992 -0.9800 0.0000
vn -0.0668 -0.9978 0.0000
vn 0.0668 -0.9978 0.0000
vn 0.1992 -0.9800 0.0000
vn 0.3280 -0.9447 0.0000
vn 0.4510 -0.8925 0.0000
vn 0.5659 -0.8244 0.0000
vn 0.6708 -0.7417 0.0000
vn 0.7637 -0.6456 0.0000
vn 0.8429 -0.5381 0.0000
vn 0.9071 -0.4209 0.0000
vn 0.9551 -0.2963 0.0000
vn 0.9861 -0.1663 0.0000
vn 0.9994 -0.0334 0.0000
vn 0.9950 0.1001 0.0000
vn 0.9728 0.2318 0.0000
vn 0.9332 0.3594 0.0000
vn 0.8769 0.4806 0.0000
vn 0.8051 0.5932 0.0000
vn 0.7188 0.6952 0.0000
vn 0.6197 0.7848 0.0000
vn 0.5096 0.8604 0.0000
vn 0.3904 0.9206 0.0000
vn 0.2642 0.9645 0.0000
vn 0.1333 0.9911 0.0000
vn 0.0000 1.0000 0.0000
vn 0.0000 1.0000 0.0000
vn -0.1333 0.9911 0.0000
vn -0.2642 0.9645 0.0000
vn -0.3904 0.9206 0.0000
vn -0.5096 0.8604 0.0000
vn -0.6197 0.7848 0.0000
vn -0.7188 0.6952 0.0000
vn -0.8051 0.5932 0.0000
vn -0.8769 0.4806 0.0000
vn -0.9332 0.3594 0.0000
vn -0.9728 0.2318 0.0000
vn -0.9950 0.1001 0.0000
vn -0.9994 -0.0334 0.0000
vn -0.9861 -0.1663 0.0000
vn -0.9551 -0.2963 0.0000
vn -0.9071 -0.4209 0.0000
vn -0.8429 -0.5381 0.0000
vn -0.7637 -0.6456 0.0000
vn -0.6708 -0.7417 0.0000
vn -0.5659 -0.8244 0.0000
vn -0.4510 -0.8925 0.0000
vn -0.3280 -0.9447 0.0000
vn -0.1992 -0.9800 0.0000
vn -0.0668 -0.9978 0.0000
vn 0.0668 -0.9978 0.0000
vn 0.1992 -0.9800 0.0000
vn 0.3280 -0.9447 0.0000
vn 0.4510 -0.8925 0.0000
vn 0.5659 -0.8244 0.0000
vn 0.6708 -0.7417 0.0000
vn 0.7637 -0.6456 0.0000
vn 0.8429 -0.5381 0.0000
vn 0.9071 -0.4209 0.0000
vn 0.9551 -0.2963 0.0000
vn 0.9861 -0.1663 0.0000
vn 0.9994 -0.0334 0.0000
vn 0.9950 0.1001 0.0000
vn 0.9728 0.2318 0.0000
vn 0.9332 0.3594 0.0000
vn 0.8769 0.4806 0.0000
vn 0.8051 0.5932 0.0000
vn 0.7188 0.6952 0.0000
vn 0.6197 0.7848 0.0000
vn 0.5096 0.8604 0.0000
vn 0.3904 0.9206 0.0000
vn 0.2642 0.9645 0.0000
vn 0.1333 0.9911 0.0000
vn 0.0000 1.0000 0.0000
vn 0.0000 1.0000 0.0000
vn -0.1333 0.9911 0.0000
vn -0.2642 0.9645 0.0000
vn -0.3904 0.9206 0.0000
vn -0.5096 0.8604 0.0000
vn -0.6197 0.7848 0.0000
vn -0.7188 0.6952 0.0000
vn -0.8051 0.5932 0.0000
vn -0.8769 0.4806 0.0000
vn -0.9332 0.3594 0.0000
vn -0.9728 0.2318 0.0000
vn -0.9950 0.1001 0.0000
vn -0.9994 -0.0334 0.0000
vn -0.9861 -0.1663 0.0000
vn -0.9551 -0.2963 0.0000
vn -0.9071 -0.4209 0.0000
vn -0.8429 -0.5381 0.0000
vn -0.7637 -0.6456 0.0000
vn -0.6708 -0.7417 0.0000
vn -0.5659 -0.8244 0.0000
vn -0.4510 -0.8925 0.0000
vn -0.3280 -0.9447 0.0000
vn -0.1992 -0.9800 0.0000
vn -0.0668 -0.9978 0.0000
vn 0.0668 -0.9978 0.0000
vn 0.1992 -0.9800 0.0000
vn 0.3280 -0.9447 0.0000
vn 0.4510 -0.8925 0.0000
vn 0.5659 -0.8244 0.0000
vn 0.6708 -0.7417 0.0000
vn 0.7637 -0.6456 0.0000
vn 0.8429 -0.5381 0.0000
vn 0.9071 -0.4209 0.0000
vn 0.9551 -0.2963 0.0000
vn 0.9861 -0.1663 0.0000
vn 0.9994 -0.0334 0.0000
vn 0.9950 0.1001 0.0000
vn 0.9728 0.2318 0.0000
vn 0.9332 0.3594 0.0000
vn 0.8769 0.4806 0.0000
vn 0.8051 0.5932 0.0000
vn 0.7188 0.6952 0.0000
vn 0.6197 0.7848 0.0000
vn 0.5096 0.8604 0.0000
vn 0.3904 0.9206 0.0000
vn 0.2642 0.9645 0.0000
vn 0.1333 0.9911 0.0000
vn 0.0000 1.0000 0.0000
vn 0.0000 1.0000 0.0000
vn -0.1333 0.9911 0.0000
vn -0.2642 0.9645 0.0000
vn -0.3904 0.9206 0.0000
vn -0.5096 0.8604 0.0000
vn -0.6197 0.7848 0.0000
vn -0.7188 0.6952 0.0000
vn -0.8051 0.5932 0.0000
vn -0.8769 0.4806 0.0000
vn -0.9332 0.3594 0.0000
vn -0.9728 0.2318 0.0000
vn -0.9950 0.1001 0.0000
vn -0.9994 -0.0334 0.0000
vn -0.9861 -0.1663 0.0000
vn -0.9551 -0.2963 0.0000
vn -0.9071 -0.4209 0.0000
vn -0.8429 -0.5381 0.0000
vn -0.7637 -0.6456 0.0000
vn -0.6708 -0.7417 0.0000
vn -0.5659 -0.8244 0.0000
vn -0.4510 -0.8925 0.0000
vn -0.3280 -0.9447 0.0000
vn -0.1992 -0.9800 0.0000
vn -0.0668 -0.9978 0.0000
vn 0.0668 -0.9978 0.0000
vn 0.1992 -0.9800 0.0000
vn 0.3280 -0.9447 0.0000
vn 0.4510 -0.8925 0.0000
vn 0.5659 -0.8244 0.0000
vn 0.6708 -0.7417 0.0000
vn 0.7637 -0.6456 0.0000
vn 0.8429 -0.5381 0.0000
vn 0.9071 -0.4209 0.0000
vn 0.9551 -0.2963 0.0000
vn 0.9861 -0.1663 0.0000
vn 0.9994 -0.0334 0.0000
vn 0.9950 0.1001 0.0000
vn 0.9728 0.2318 0.0000
vn 0.9332 0.3594 0.0000
vn 0.8769 0.4806 0.0000
vn 0.8051 0.5932 0.0000
vn 0.7188 0.6952 0.0000
vn 0.6197 0.7848 0.0000
vn 0.5096 0.8604 0.0000
vn 0.3904 0.9206 0.0000
vn 0.2642 0.9645 0.0000
vn 0.1333 0.9911 0.0000
vn 0.0000 1.0000 0.0000
vn 0.0000 1.0000 0.0000
vn -0.1333 0.9911 0.0000
vn -0.2642 0.9645 0.0000
vn -0.3904 0.9206 0.0000
vn -0.5096 0.8604 0.0000
vn -0.6197 0.7848 0.0000
vn -0.7188 0.6952 0.0000
vn -0.8051 0.5932 0.0000
vn -0.8769 0.4806 0.0000
vn -0.9332 0.3594 0.0000
vn -0.9728 0.2318 0.0000
vn -0.9950 0.1001 0.0000
vn -0.9994 -0.0334 0.0000
vn -0.9861 -0.1663 0.0000
vn -0.9551 -0.2963 0.0000
vn -0.9071 -0.4209 0.0000
vn -0.8429 -0.5381 0.0000
vn -0.7637 -0.6456 0.0000
vn -0.6708 -0.7417 0.0000
vn -0.5659 -0.8244 0.0000
vn -0.4510 -0.8925 0.0000
vn -0.3280 -0.9447 0.0000
vn -0.1992 -0.9800 0.0000
vn -0.0668 -0.9978 0.0000
vn 0.0668 -0.9978 0.0000
vn 0.1992 -0.9800 0.0000
vn 0.3280 -0.9447 0.0000
vn 0.4510 -0.8925 0.0000
vn 0.5659 -0.8244 0.0000
vn 0.6708 -0.7417 0.0000
vn 0.7637 -0.6456 0.0000
vn 0.8429 -0.5381 0.0000
vn 0.9071 -0.4209 0.0000
vn 0.9551 -0.2963 0.0000
vn 0.9861 -0.1663 0.0000
vn 0.9994 -0.0334 0.0000
vn 0.9950 0.1001 0.0000
vn 0.9728 0.2318 0.0000
vn 0.9332 0.3594 0.0000
vn 0.8769 0.4806 0.0000
vn 0.8051 0.5932 0.0000
vn 0.7188 0.6952 0.0000
vn 0.6197 0.7848 0.0000
vn 0.5096 0.8604 0.0000
vn 0.3904 0.9206 0.0000
vn 0.2642 0.9645 0.0000
vn 0.1333 0.9911 0.0000
vn 0.0000 1.0000 0.0000
vn 0.0000 1.0000 0.0000
vn -0.1333 0.9911 0.0000
vn -0.2642 0.9645 0.0000
vn -0.3904 0.9206 0.0000
vn -0.5096 0.8604 0.0000
vn -0.6197 0.7848 0.0000
vn -0.7188 0.6952 0.0000
vn -0.8051 0.5932 0.0000
vn -0.8769 0.4806 0.0000
vn -0.9332 0.3594 0.0000
vn -0.9728 0.2318 0.0000
vn -0.9950 0.1001 0.0000
vn -0.9994 -0.0334 0.0000
vn -0.9861 -0.1663 0.0000
vn -0.9551 -0.2963 0.0000
vn -0.9071 -0.4209 0.0000
vn -0.8429 -0.5381 0.0000
vn -0.7637 -0.6456 0.0000
vn -0.6708 -0.7417 0.0000
vn -0.5659 -0.8244 0.0000
vn -0.4510 -0.8925 0.0000
vn -0.3280 -0.9447 0.0000
vn -0.1992 -0.9800 0.0000
vn -0.0668 -0.9978 0.0000
vn 0.0668 -0.9978 0.0000
vn 0.1992 -0.9800 0.0000
vn 0.3280 -0.9447 0.0000
vn 0.4510 -0.8925 0.0000
vn 0.5659 -0.8244 0.0000
vn 0.6708 -0.7417 0.0000
vn 0.7637 -0.6456 0.0000
vn 0.8429 -0.5381 0.0000
vn 0.9071 -0.4209 0.0000
vn 0.9551 -0.2963 0.0000
vn 0.9861 -0.1663 0.0000
vn 0.9994 -0.0334 0.0000
vn 0.9950 0.1001 0.0000
vn 0.9728 0.2318 0.0000
vn 0.9332 0.3594 0.0000
vn 0.8769 0.4806 0.0000
vn 0.8051 0.5932 0.0000
vn 0.7188 0.6952 0.0000
vn 0.6197 0.7848 0.0000
vn 0.5096 0.8604 0.0000
vn 0.3904 0.9206 0.0000
vn 0.2642 0.9645 0.0000
vn 0.1333 0.9911 0.0000
vn 0.0000 1.0000 0.0000
vn 0.0000 1.0000 0.0000
vn -0.1333 0.9911 0.0000
vn -0.2642 0.9645 0.0000
vn -0.3904 0.9206 0.0000
vn -0.5096 0.8604 0.0000
vn -0.6197 0.7848 0.0000
vn -0.7188 0.6952 0.0000
vn -0.8051 0.5932 0.0000
vn -0.8769 0.4806 0.0000
vn -0.9332 0.3594 0.0000
vn -0.9728 0.2318 0.0000
vn -0.9950 0.1001 0.0000
vn -0.9994 -0.0334 0.0000
vn -0.9861 -0.1663 0.0000
vn -0.9551 -0.2963 0.0000
vn -0.9071 -0.4209 0.0000
vn -0.8429 -0.5381 0.0000
vn -0.7637 -0.6456 0.0000
vn -0.6708 -0.7417 0.0000
vn -0.5659 -0.8244 0.0000
vn -0.4510 -0.8925 0.0000
vn -0.3280 -0.9447 0.0000
vn -0.1992 -0.9800 0.0000
vn -0.0668 -0.9978 0.0000
vn 0.0668 -0.9978 0.0000
vn 0.1992 -0.9800 0.0000
vn 0.3280 -0.9447 0.0000
vn 0.4510 -0.8925 0.0000
vn 0.5659 -0.8244 0.0000
vn 0.6708 -0.7417 0.0000
vn 0.7637 -0.6456 0.0000
vn 0.8429 -0.5381 0.0000
vn 0.9071 -0.4209 0.0000
vn 0.9551 -0.2963 0.0000
vn 0.9861 -0.1663 0.0000
vn 0.9994 -0.0334 0.0000
vn 0.9950 0.1001 0.0000
vn 0.9728 0.2318 0.0000
vn 0.9332 0.3594 0.0000
vn 0.8769 0.4806 0.0000
vn 0.8051 0.5932 0.0000
vn 0.7188 0.6952 0.0000
vn 0.6197 0.7848 0.0000
vn 0.5096 0.8604 0.0000
vn 0.3904 0.9206 0.0000
vn 0.2642 0.9645 0.0000
vn 0.1333 0.9911 0.0000
vn 0.0000 1.0000 0.0000
vn 0.0000 1.0000 0.0000
vn -0.1333 0.9911 0.0000
vn -0.2642 0.9645 0.0000
vn -0.3904 0.9206 0.0000
vn -0.5096 0.8604 0.0000
vn -0.6197 0.7848 0.0000
vn -0.7188 0.6952 0.0000
vn -0.8051 0.5932 0.0000
vn -0.8769 0.4806 0.0000
vn -0.9332 0.3594 0.0000
vn -0.9728 0.2318 0.0000
vn -0.9950 0.1001 0.0000
vn -0.9994 -0.0334 0.0000
vn -0.9861 -0.1663 0.0000
vn -0.9551 -0.2963 0.0000
vn -0.9071 -0.4209 0.0000
vn -0.8429 -0.5381 0.0000
vn -0.7637 -0.6456 0.0000
vn -0.6708 -0.7417 0.0000
vn -0.5659 -0.8244 0.0000
vn -0.4510 -0.8925 0.0000
vn -0.3280 -0.9447 0.0000
vn -0.1992 -0.9800 0.0000
vn -0.0668 -0.9978 0.0000
vn 0.0668 -0.9978 0.0000
vn 0.1992 -0.9800 0.0000
vn 0.3280 -0.9447 0.0000
vn 0.4510 -0.8925 0.0000
vn 0.5659 -0.8244 0.0000
vn 0.6708 -0.7417 0.0000
vn 0.7637 -0.6456 0.0000
vn 0.8429 -0.5381 0.0000
vn 0.9071 -0.4209 0.0000
vn 0.9551 -0.2963 0.0000
vn 0.9861 -0.1663 0.0000
vn 0.9994 -0.0334 0.0000
vn 0.9950 0.1001 0.0000
vn 0.9728 0.2318 0.0000
vn 0.9332 0.3594 0.0000
vn 0.8769 0.4806 0.0000
vn 0.8051 0.5932 0.0000
vn 0.7188 0.6952 0.0000
vn 0.6197 0.7848 0.0000
vn 0.5096 0.8604 0.0000
vn 0.3904 0.9206 0.0000
vn 0.2642 0.9645 0.0000
vn 0.1333 0.9911 0.0000
vn 0.0000 1.0000 0.0000
vn 0.0000 1.0000 0.0000
vn -0.1333 0.9911 0.0000
vn -0.2642 0.9645 0.0000
vn -0.3904 0.9206 0.0000
vn -0.5096 0.8604 0.0000
vn -0.6197 0.7848 0.0000
vn -0.7188 0.6952 0.0000
vn -0.8051 0.5932 0.0000
vn -0.8769 0.4806 0.0000
vn -0.9332 0.3594 0.0000
vn -0.9728 0.2318 0.0000
vn -0.9950 0.1001 0.0000
vn -0.9994 -0.0334 0.0000
vn -0.9861 -0.1663 0.0000
vn -0.9551 -0.2963 0.0000
vn -0.9071 -0.4209 0.0000
vn -0.8429 -0.5381 0.0000
vn -0.7637 -0.6456 0.0000
vn -0.6708 -0.7417 0.0000
vn -0.5659 -0.8244 0.0000
vn -0.4510 -0.8925 0.0000
vn -0.3280 -0.9447 0.0000
vn -0.1992 -0.9800 0.0000
vn -0.0668 -0.9978 0.0000
vn 0.0668 -0.9978 0.0000
vn 0.1992 -0.9800 0.0000
vn 0.3280 -0.9447 0.0000
vn 0.4510 -0.8925 0.0000
vn 0.5659 -0.8244 0.0000
vn 0.6708 -0.7417 0.0000
vn 0.7637 -0.6456 0.0000
vn 0.8429 -0.5381 0.0000
vn 0.9071 -0.4209 0.0000
vn 0.9551 -0.2963 0.0000
vn 0.9861 -0.1663 0.0000
vn 0.9994 -0.0334 0.0000
vn 0.9950 0.1001 0.0000
vn 0.9728 0.2318 0.0000
vn 0.9332 0.3594 0.0000
vn 0.8769 0.4806 0.0000
vn 0.8051 0.5932 0.0000
vn 0.7188 0.6952 0.0000
vn 0.6197 0.7848 0.0000
vn 0.5096 0.8604 0.0000
vn 0.3904 0.9206 0.0000
vn 0.2642 0.9645 0.0000
vn 0.1333 0.9911 0.0000
vn 0.0000 1.0000 0.0000
vn 0.0000 1.0000 0.0000
vn -0.1333 0.9911 0.0000
vn -0.2642 0.9645 0.0000
vn -0.3904 0.9206 0.0000
vn -0.5096 0.8604 0.0000
vn -0.6197 0.7848 0.0000
vn -0.7188 0.6952 0.0000
vn -0.8051 0.5932 0.0000
vn -0.8769 0.4806 0.0000
vn -0.9332 0.3594 0.0000
vn -0.9728 0.2318 0.0000
vn -0.9950 0.1001 0.0000
vn -0.9994 -0.0334 0.0000
vn -0.9861 -0.1663 0.0000
vn -0.9551 -0.2963 0.0000
vn -0.9071 -0.4209 0.0000
vn -0.8429 -0.5381 0.0000
vn -0.7637 -0.6456 0.0000
vn -0.6708 -0.7417 0.0000
vn -0.5659 -0.8244 0.0000
vn -0.4510 -0.8925 0.0000
vn -0.3280 -0.9447 0.0000
vn -0.1992 -0.9800 0.0000
vn -0.0668 -0.9978 0.0000
vn 0.0668 -0.9978 0.0000
vn 0.1992 -0.9800 0.0000
vn 0.3280 -0.9447 0.0000
vn 0.4510 -0.8925 0.0000
vn 0.5659 -0.8244 0.0000
vn 0.6708 -0.7417 0.0000
vn 0.7637 -0.6456 0.0000
vn 0.8429 -0.5381 0.0000
vn 0.9071 -0.4209 0.0000
vn 0.9551 -0.2963 0.0000
vn 0.9861 -0.1663 0.0000
vn 0.9994 -0.0334 0.0000
vn 0.9950 0.1001 0.0000
vn 0.9728 0.2318 0.0000
vn 0.9332 0.3594 0.0000
vn 0.8769 0.4806 0.0000
vn 0.8051 0.5932 0.0000
vn 0.7188 0.6952 0.0000
vn 0.6197 0.7848 0.0000
vn 0.5096 0.8604 0.0000
vn 0.3904 0.9206 0.0000
vn 0.2642 0.9645 0.0000
vn 0.1333 0.9911 0.0000
vn 0.0000 1.0000 0.0000
vn 0.0000 1.0000 0.0000
vn -0.1333 0.9911 0.0000
vn -0.2642 0.9645 0.0000
vn -0.3904 0.9206 0.0000
vn -0.5096 0.8604 0.0000
vn -0.6197 0.7848 0.0000
vn -0.7188 0.6952 0.0000
vn -0.8051 0.5932 0.0000
vn -0.8769 0.4806 0.0000
vn -0.9332 0.3594 0.0000
vn -0.9728 0.2318 0.0000
vn -0.9950 0.1001 0.0000
vn -0.9994 -0.0334 0.0000
vn -0.9861 -0.1663 0.0000
vn -0.9551 -0.2963 0.0000
vn -0.9071 -0.4209 0.0000
vn -0.8429 -0.5381 0.0000
vn -0.7637 -0.6456 0.0000
vn -0.6708 -0.7417 0.0000
vn -0.5659 -0.8244 0.0000
vn -0.4510 -0.8925 0.0000
vn -0.3280 -0.9447 0.0000
vn -0.1992 -0.9800 0.0000
vn -0.0668 -0.9978 0.0000
vn 0.0668 -0.9978 0.0000
vn 0.1992 -0.9800 0.0000
vn 0.3280 -0.9447 0.0000
vn 0.4510 -0.8925 0.0000
vn 0.5659 -0.8244 0.0000
vn 0.6708 -0.7417 0.0000
vn 0.7637 -0.6456 0.0000
vn 0.8429 -0.5381 0.0000
vn 0.9071 -0.4209 0.0000
vn 0.9551 -0.2963 0.0000
vn 0.9861 -0.1663 0.0000
vn 0.9994 -0.0334 0.0000
vn 0.9950 0.1001 0.0000
vn 0.9728 0.2318 0.0000
vn 0.9332 0.3594 0.0000
vn 0.8769 0.4806 0.0000
vn 0.8051 0.5932 0.0000
vn 0.7188 0.6952 0.0000
vn 0.6197 0.7848 0.0000
vn 0.5096 0.8604 0.0000
vn 0.3904 0.9206 0.0000
vn 0.2642 0.9645 0.0000
vn 0.1333 0.9911 0.0000
vn 0.0000 1.0000 0.0000
vn 0.0000 1.0000 0.0000
vn -0.1333 0.9911 0.0000
vn -0.2642 0.9645 0.0000
vn -0.3904 0.9206 0.0000
vn -0.5096 0.8604 0.0000
vn -0.6197 0.7848 0.0000
vn -0.7188 0.6952 0.0000
vn -0.8051 0.5932 0.0000
vn -0.8769 0.4806 0.0000
vn -0.9332 0.3594 0.0000
vn -0.9728 0.2318 0.0000
vn -0.9950 0.1001 0.0000
vn -0.9994 -0.0334 0.0000
vn -0.9861 -0.1663 0.0000
vn -0.9551 -0.2963 0.0000
vn -0.9071 -0.4209 0.0000
vn -0.8429 -0.5381 0.0000
vn -0.7637 -0.6456 0.0000
vn -0.6708 -0.7417 0.0000
vn -0.5659 -0.8244 0.0000
vn -0.4510 -0.8925 0.0000
vn -0.3280 -0.9447 0.0000
vn -0.1992 -0.9800 0.0000
vn -0.0668 -0.9978 0.0000
vn 0.0668 -0.9978 0.0000
vn 0.1992 -0.9800 0.0000
vn 0.3280 -0.9447 0.0000
vn 0.4510 -0.8925 0.0000
vn 0.5659 -0.8244 0.0000
vn 0.6708 -0.7417 0.0000
vn 0.7637 -0.6456 0.0000
vn 0.8429 -0.5381 0.0000
vn 0.9071 -0.4209 0.0000
vn 0.9551 -0.2963 0.0000
vn 0.9861 -0.1663 0.0000
vn 0.9994 -0.0334 0.0000
vn 0.9950 0.1001 0.0000
vn 0.9728 0.2318 0.0000
vn 0.9332 0.3594 0.0000
vn 0.8769 0.4806 0.0000
vn 0.8051 0.5932 0.0000
vn 0.7188 0.6952 0.0000
vn 0.6197 0.7848 0.0000
vn 0.5096 0.8604 0.0000
vn 0.3904 0.9206 0.0000
vn 0.2642 0.9645 0.0000
vn 0.1333 0.9911 0.0000
vn 0.0000 1.0000 0.0000
vn 0.0000 1.0000 0.0000
vn -0.1333 0.9911 0.0000
vn -0.2642 0.9645 0.0000
vn -0.3904 0.9206 0.0000
vn -0.5096 0.8604 0.0000
vn -0.6197 0.7848 0.0000
vn -0.7188 0.6952 0.0000
vn -0.8051 0.5932 0.0000
vn -0.8769 0.4806 0.0000
vn -0.9332 0.3594 0.0000
vn -0.9728 0.2318 0.0000
vn -0.9950 0.1001 0.0000
vn -0.9994 -0.0334 0.0000
vn -0.9861 -0.1663 0.0000
vn -0.9551 -0.2963 0.0000
vn -0.9071 -0.4209 0.0000
vn -0.8429 -0.5381 0.0000
vn -0.7637 -0.6456 0.0000
vn -0.6708 -0.7417 0.0000
vn -0.5659 -0.8244 0.0000
vn -0.4510 -0.8925 0.0000
vn -0.3280 -0.9447 0.0000
vn -0.1992 -0.9800 0.0000
vn -0.0668 -0.9978 0.0000
vn 0.0668 -0.9978 0.0000
vn 0.1992 -0.9800 0.0000
vn 0.3280 -0.9447 0.0000
vn 0.4510 -0.8925 0.0000
vn 0.5659 -0.8244 0.0000
vn 0.6708 -0.7417 0.0000
vn 0.7637 -0.6456 0.0000
vn 0.8429 -0.5381 0.0000
vn 0.9071 -0.4209 0.0000
vn 0.9551 -0.2963 0.0000
vn 0.9861 -0.1663 0.0000
vn 0.9994 -0.0334 0.0000
vn 0.9950 0.1001 0.0000
vn 0.9728 0.2318 0.0000
vn 0.9332 0.3594 0.0000
vn 0.8769 0.4806 0.0000
vn 0.8051 0.5932 0.0000
vn 0.7188 0.6952 0.0000
vn 0.6197 0.7848 0.0000
vn 0.5096 0.8604 0.0000
vn 0.3904 0.9206 0.0000
vn 0.2642 0.9645 0.0000
vn 0.1333 0.9911 0.0000
vn 0.0000 1.0000 0.0000
vn 0.0000 1.0000 0.0000
vn -0.1333 0.9911 0.0000
vn -0.2642 0.9645 0.0000
vn -0.3904 0.9206 0.0000
vn -0.5096 0.8604 0.0000
vn -0.6197 0.7848 0.0000
vn -0.7188 0.6952 0.0000
vn -0.8051 0.5932 0.0000
vn -0.8769 0.4806 0.0000
vn -0.9332 0.3594 0.0000
vn -0.9728 0.2318 0.0000
vn -0.9950 0.1001 0.0000
vn -0.9994 -0.0334 0.0000
vn -0.9861 -0.1663 0.0000
vn -0.9551 -0.2963 0.0000
vn -0.9071 -0.4209 0.0000
vn -0.8429 -0.5381 0.0000
vn -0.7637 -0.6456 0.0000
vn -0.6708 -0.7417 0.0000
vn -0.5659 -0.8244 0.0000
vn -0.4510 -0.8925 0.0000
vn -0.3280 -0.9447 0.0000
vn -0.1992 -0.9800 0.0000
vn -0.0668 -0.9978 0.0000
vn 0.0668 -0.9978 0.0000
vn 0.1992 -0.9800 0.0000
vn 0.3280 -0.9447 0.0000
vn 0.4510 -0.8925 0.0000
vn 0.5659 -0.8244 0.0000
vn 0.6708 -0.7417 0.0000
vn 0.7637 -0.6456 0.0000
vn 0.8429 -0.5381 0.0000
vn 0.9071 -0.4209 0.0000
vn 0.9551 -0.2963 0.0000
vn 0.9861 -0.1663 0.0000
vn 0.9994 -0.0334 0.0000
vn 0.9950 0.1001 0.0000
vn 0.9728 0.2318 0.0000
vn 0.9332 0.3594 0.0000
vn 0.8769 0.4806 0.0000
vn 0.8051 0.5932 0.0000
vn 0.7188 0.6952 0.0000
vn 0.6197 0.7848 0.0000
vn 0.5096 0.8604 0.0000
vn 0.3904 0.9206 0.0000
vn 0.2642 0.9645 0.0000
vn 0.1333 0.9911 0.0000
vn 0.0000 1.0000 0.0000
vn 0.0000 1.0000 0.0000
vn -0.1333 0.9911 0.0000
vn -0.2642 0.9645 0.0000
vn -0.3904 0.9206 0.0000
vn -0.5096 0.8604 0.0000
vn -0.6197 0.7848 0.0000
vn -0.7188 0.6952 0.0000
vn -0.8051 0.5932 0.0000
vn -0.8769 0.4806 0.0000
vn -0.9332 0.3594 0.0000
vn -0.9728 0.2318 0.0000
vn -0.9950 0.1001 0.0000
vn -0.9994 -0.0334 0.0000
vn -0.9861 -0.1663 0.0000
vn -0.9551 -0.2963 0.0000
vn -0.9071 -0.4209 0.0000
vn -0.8429 -0.5381 0.0000
vn -0.7637 -0.6456 0.0000
vn -0.6708 -0.7417 0.0000
vn -0.5659 -0.8244 0.0000
vn -0.4510 -0.8925 0.0000
vn -0.3280 -0.9447 0.0000
vn -0.1992 -0.9800 0.0000
vn -0.0668 -0.9978 0.0000
vn 0.0668 -0.9978 0.0000
vn 0.1992 -0.9800 0.0000
vn 0.3280 -0.9447 0.0000
vn 0.4510 -0.8925 0.0000
vn 0.5659 -0.8244 0.0000
vn 0.6708 -0.7417 0.0000
vn 0.7637 -0.6456 0.0000
vn 0.8429 -0.5381 0.0000
vn 0.9071 -0.4209 0.0000
vn 0.9551 -0.2963 0.0000
vn 0.9861 -0.1663 0.0000
vn 0.9994 -0.0334 0.0000
vn 0.9950 0.1001 0.0000
vn 0.9728 0.2318 0.0000
vn 0.9332 0.3594 0.0000
vn 0.8769 0.4806 0.0000
vn 0.8051 0.5932 0.0000
vn 0.7188 0.6952 0.0000
vn 0.6197 0.7848 0.0000
vn 0.5096 0.8604 0.0000
vn 0.3904 0.9206 0.0000
vn 0.2642 0.9645 0.0000
vn 0.1333 0.9911 0.0000
vn 0.0000 1.0000 0.0000
vn 0.0000 1.0000 0.0000
vn -0.1333 0.9911 0.0000
vn -0.2642 0.9645 0.0000
vn -0.3904 0.9206 0.0000
vn -0.5096 0.8604 0.0000
vn -0.6197 0.7848 0.0000
vn -0.7188 0.6952 0.0000
vn -0.8051 0.5932 0.0000
vn -0.8769 0.4806 0.0000
vn -0.9332 0.3594 0.0000
vn -0.9728 0.2318 0.0000
vn -0.9950 0.1001 0.0000
vn -0.9994 -0.0334 0.0000
vn -0.9861 -0.1663 0.0000
vn -0.9551 -0.2963 0.0000
vn -0.9071 -0.4209 0.0000
vn -0.8429 -0.5381 0.0000
vn -0.7637 -0.6456 0.0000
vn -0.6708 -0.7417 0.0000
vn -0.5659 -0.8244 0.0000
vn -0.4510 -0.8925 0.0000
vn -0.3280 -0.9447 0.0000
vn -0.1992 -0.9800 0.0000
vn -0.0668 -0.9978 0.0000
vn 0.0668 -0.9978 0.0000
vn 0.1992 -0.9800 0.0000
vn 0.3280 -0.9447 0.0000
vn 0.4510 -0.8925 0.0000
vn 0.5659 -0.8244 0.0000
vn 0.6708 -0.7417 0.0000
vn 0.7637 -0.6456 0.0000
vn 0.8429 -0.5381 0.0000
vn 0.9071 -0.4209 0.0000
vn 0.9551 -0.2963 0.0000
vn 0.9861 -0.1663 0.0000
vn 0.9994 -0.0334 0.0000
vn 0.9950 0.1001 0.0000
vn 0.9728 0.2318 0.0000
vn 0.9332 0.3594 0.0000
vn 0.8769 0.4806 0.0000
vn 0.8051 0.5932 0.0000
vn 0.7188 0.6952 0.0000
vn 0.6197 0.7848 0.0000
vn 0.5096 0.8604 0.0000
vn 0.3904 0.9206 0.0000
vn 0.2642 0.9645 0.0000
vn 0.1333 0.9911 0.0000
vn 0.0000 1.0000 0.0000
vn 0.0000 1.0000 0.0000
vn -0.1333 0.9911 0.0000
vn -0.2642 0.9645 0.0000
vn -0.3904 0.9206 0.0000
vn -0.5096 0.8604 0.0000
vn -0.6197 0.7848 0.0000
vn -0.7188 0.6952 0.0000
vn -0.8051 0.5932 0.0000
vn -0.8769 0.4806 0.0000
vn -0.9332 0.3594 0.0000
vn -0.9728 0.2318 0.0000
vn -0.9950 0.1001 0.0000
vn -0.9994 -0.0334 0.0000
vn -0.9861 -0.1663 0.0000
vn -0.9551 -0.2963 0.0000
vn -0.9071 -0.4209 0.0000
vn -0.8429 -0.5381 0.0000
vn -0.7637 -0.6456 0.0000
vn -0.6708 -0.7417 0.0000
vn -0.5659 -0.8244 0.0000
vn -0.4510 -0.8925 0.0000
vn -0.3280 -0.9447 0.0000
vn -0.1992 -0.9800 0.0000
vn -0.0668 -0.9978 0.0000
vn 0.0668 -0.9978 0.0000
vn 0.1992 -0.9800 0.0000
vn 0.3280 -0.9447 0.0000
vn 0.4510 -0.8925 0.0000
vn 0.5659 -0.8244 0.0000
vn 0.6708 -0.7417 0.0000
vn 0.7637 -0.6456 0.0000
vn 0.8429 -0.5381 0.0000
vn 0.9071 -0.4209 0.0000
vn 0.9551 -0.2963 0.0000
vn 0.9861 -0.1663 0.0000
vn 0.9994 -0.0334 0.0000
vn 0.9950 0.1001 0.0000
vn 0.9728 0.2318 0.0000
vn 0.9332 0.3594 0.0000
vn 0.8769 0.4806 0.0000
vn 0.8051 0.5932 0.0000
vn 0.7188 0.6952 0.0000
vn 0.6197 0.7848 0.0000
vn 0.5096 0.8604 0.0000
vn 0.3904 0.9206 0.0000
vn 0.2642 0.9645 0.0000
vn 0.1333 0.9911 0.0000
vn 0.0000 1.0000 0.0000
vn 0.0000 1.0000 0.0000
vn -0.1333 0.9911 0.0000
vn -0.2642 0.9645 0.0000
vn -0.3904 0.9206 0.0000
vn -0.5096 0.8604 0.0000
vn -0.6197 0.7848 0.0000
vn -0.7188 0.6952 0.0000
vn -0.8051 0.5932 0.0000
vn -0.8769 0.4806 0.0000
vn -0.9332 0.3594 0.0000
vn -0.9728 0.2318 0.0000
vn -0.9950 0.1001 0.0000
vn -0.9994 -0.0334 0.0000
vn -0.9861 -0.1663 0.0000
vn -0.9551 -0.2963 0.0000
vn -0.9071 -0.4209 0.0000
vn -0.8429 -0.5381 0.0000
vn -0.7637 -0.6456 0.0000
vn -0.6708 -0.7417 0.0000
vn -0.5659 -0.8244 0.0000
vn -0.4510 -0.8925 0.0000
vn -0.3280 -0.9447 0.0000
vn -0.1992 -0.9800 0.0000
vn -0.0668 -0.9978 0.0000
vn 0.0668 -0.9978 0.0000
vn 0.1992 -0.9800 0.0000
vn 0.3280 -0.9447 0.0000
vn 0.4510 -0.8925 0.0000
vn 0.5659 -0.8244 0.0000
vn 0.6708 -0.7417 0.0000
vn 0.7637 -0.6456 0.0000
vn 0.8429 -0.5381 0.0000
vn 0.9071 -0.4209 0.0000
vn 0.9551 -0.2963 0.0000
vn 0.9861 -0.1663 0.0000
vn 0.9994 -0.0334 0.0000
vn 0.9950 0.1001 0.0000
vn 0.9728 0.2318 0.0000
vn 0.9332 0.3594 0.0000
vn 0.8769 0.4806 0.0000
vn 0.8051 0.5932 0.0000
vn 0.7188 0.6952 0.0000
vn 0.6197 0.7848 0.0000
vn 0.5096 0.8604 0.0000
vn 0.3904 0.9206 0.0000
vn 0.2642 0.9645 0.0000
vn 0.1333 0.9911 0.0000
vn 0.0000 1.0000 0.0000
vn 0.0000 1.0000 0.0000
vn -0.1333 0.9911 0.0000
vn -0.2642 0.9645 0.0000
vn -0.3904 0.9206 0.0000
vn -0.5096 0.8604 0.0000
vn -0.6197 0.7848 0.0000
vn -0.7188 0.6952 0.0000
vn -0.8051 0.5932 0.0000
vn -0.8769 0.4806 0.0000
vn -0.9332 0.3594 0.0000
vn -0.9728 0.2318 0.0000
vn -0.9950 0.1001 0.0000
vn -0.9994 -0.0334 0.0000
vn -0.9861 -0.1663 0.0000
vn -0.9551 -0.2963 0.0000
vn -0.9071 -0.4209 0.0000
vn -0.8429 -0.5381 0.0000
vn -0.7637 -0.6456 0.0000
vn -0.6708 -0.7417 0.0000
vn -0.5659 -0.8244 0.0000
vn -0.4510 -0.8925 0.0000
vn -0.3280 -0.9447 0.0000
vn -0.1992 -0.9800 0.0000
vn -0.0668 -0.9978 0.0000
vn 0.0668 -0.9978 0.0000
vn 0.1992 -0.9800 0.0000
vn 0.3280 -0.9447 0.0000
vn 0.4510 -0.8925 0.0000
vn 0.5659 -0.8244 0.0000
vn 0.6708 -0.7417 0.0000
vn 0.7637 -0.6456 0.0000
vn 0.8429 -0.5381 0.0000
vn 0.9071 -0.4209 0.0000
vn 0.9551 -0.2963 0.0000
vn 0.9861 -0.1663 0.0000
vn 0.9994 -0.0334 0.0000
vn 0.9950 0.1001 0.0000
vn 0.9728 0.2318 0.0000
vn 0.9332 0.3594 0.0000
vn 0.8769 0.4806 0.0000
vn 0.8051 0.5932 0.0000
vn 0.7188 0.6952 0.0000
vn 0.6197 0.7848 0.0000
vn 0.5096 0.8604 0.0000
vn 0.3904 0.9206 0.0000
vn 0.2642 0.9645 0.0000
vn 0.1333 0.9911 0.0000
vn 0.0000 1.0000 0.0000
vn 0.0000 1.0000 0.0000
vn -0.1333 0.9911 0.0000
vn -0.2642 0.9645 0.0000
vn -0.3904 0.9206 0.0000
vn -0.5096 0.8604 0.0000
vn -0.6197 0.7848 0.0000
vn -0.7188 0.6952 0.0000
vn -0.8051 0.5932 0.0000
vn -0.8769 0.4806 0.0000
vn -0.9332 0.3594 0.0000
vn -0.9728 0.2318 0.0000
vn -0.9950 0.1001 0.0000
vn -0.9994 -0.0334 0.0000
vn -0.9861 -0.1663 0.0000
vn -0.9551 -0.2963 0.0000
vn -0.9071 -0.4209 0.0000
vn -0.8429 -0.5381 0.0000
vn -0.7637 -0.6456 0.0000
vn -0.6708 -0.7417 0.0000
vn -0.5659 -0.8244 0.0000
vn -0.4510 -0.8925 0.0000
vn -0.3280 -0.9447 0.0000
vn -0.1992 -0.9800 0.0000
vn -0.0668 -0.9978 0.0000
vn 0.0668 -0.9978 0.0000
vn 0.1992 -0.9800 0.0000
vn 0.3280 -0.9447 0.0000
vn 0.4510 -0.8925 0.0000
vn 0.5659 -0.8244 0.0000
vn 0.6708 -0.7417 0.0000
vn 0.7637 -0.6456 0.0000
vn 0.8429 -0.5381 0.0000
vn 0.9071 -0.4209 0.0000
vn 0.9551 -0.2963 0.0000
vn 0.9861 -0.1663 0.0000
vn 0.9994 -0.0334 0.0000
vn 0.9950 0.1001 0.0000
vn 0.9728 0.2318 0.0000
vn 0.9332 0.3594 0.0000
vn 0.8769 0.4806 0.0000
vn 0.8051 0.5932 0.0000
vn 0.7188 0.6952 0.0000
vn 0.6197 0.7848 0.0000
vn 0.5096 0.8604 0.0000
vn 0.3904 0.9206 0.0000
vn 0.2642 0.9645 0.0000
vn 0.1333 0.9911 0.0000
vn 0.0000 1.0000 0.0000
vn 0.0000 1.0000 0.0000
vn -0.1333 0.9911 0.0000
vn -0.2642 0.9645 0.0000
vn -0.3904 0.9206 0.0000
vn -0.5096 0.8604 0.0000
vn -0.6197 0.7848 0.0000
vn -0.7188 0.6952 0.0000
vn -0.8051 0.5932 0.0000
vn -0.8769 0.4806 0.0000
vn -0.9332 0.3594 0.0000
vn -0.9728 0.2318 0.0000
vn -0.9950 0.1001 0.0000
vn -0.9994 -0.0334 0.0000
vn -0.9861 -0.1663 0.0000
vn -0.9551 -0.2963 0.0000
vn -0.9071 -0.4209 0.0000
vn -0.8429 -0.5381 0.0000
vn -0.7637 -0.6456 0.0000
vn -0.6708 -0.7417 0.0000
vn -0.5659 -0.8244 0.0000
vn -0.4510 -0.8925 0.0000
vn -0.3280 -0.9447 0.0000
vn -0.1992 -0.9800 0.0000
vn -0.0668 -0.9978 0.0000
vn 0.0668 -0.9978 0.0000
vn 0.1992 -0.9800 0.0000
vn 0.3280 -0.9447 0.0000
vn 0.4510 -0.8925 0.0000
vn 0.5659 -0.8244 0.0000
vn 0.6708 -0.7417 0.0000
vn 0.7637 -0.6456 0.0000
vn 0.8429 -0.5381 0.0000
vn 0.9071 -0.4209 0.0000
vn 0.9551 -0.2963 0.0000
vn 0.9861 -0.1663 0.0000
vn 0.9994 -0.0334 0.0000
vn 0.9950 0.1001 0.0000
vn 0.9728 0.2318 0.0000
vn 0.9332 0.3594 0.0000
vn 0.8769 0.4806 0.0000
vn 0.8051 0.5932 0.0000
vn 0.7188 0.6952 0.0000
vn 0.6197 0.7848 0.0000
vn 0.5096 0.8604 0.0000
vn 0.3904 0.9206 0.0000
vn 0.2642 0.9645 0.0000
vn 0.1333 0.9911 0.0000
vn 0.0000 1.0000 0.0000
vn 0.0000 1.0000 0.0000
vn -0.1333 0.9911 0.0000
vn -0.2642 0.9645 0.0000
vn -0.3904 0.9206 0.0000
vn -0.5096 0.8604 0.0000
vn -0.6197 0.7848 0.0000
vn -0.7188 0.6952 0.0000
vn -0.8051 0.5932 0.0000
vn -0.8769 0.4806 0.0000
vn -0.9332 0.3594 0.0000
vn -0.9728 0.2318 0.0000
vn -0.9950 0.1001 0.0000
vn -0.9994 -0.0334 0.0000
vn -0.9861 -0.1663 0.0000
vn -0.9551 -0.2963 0.0000
vn -0.9071 -0.4209 0.0000
vn -0.8429 -0.5381 0.0000
vn -0.7637 -0.6456 0.0000
vn -0.6708 -0.7417 0.0000
vn -0.5659 -0.8244 0.0000
vn -0.4510 -0.8925 0.0000
vn -0.3280 -0.9447 0.0000
vn -0.1992 -0.9800 0.0000
vn -0.0668 -0.9978 0.0000
vn 0.0668 -0.9978 0.0000
vn 0.1992 -0.9800 0.0000
vn 0.3280 -0.9447 0.0000
vn 0.4510 -0.8925 0.0000
vn 0.5659 -0.8244 0.0000
vn 0.6708 -0.7417 0.0000
vn 0.7637 -0.6456 0.0000
vn 0.8429 -0.5381 0.0000
vn 0.9071 -0.4209 0.0000
vn 0.9551 -0.2963 0.0000
vn 0.9861 -0.1663 0.0000
vn 0.9994 -0.0334 0.0000
vn 0.9950 0.1001 0.0000
vn 0.9728 0.2318 0.0000
vn 0.9332 0.3594 0.0000
vn 0.8769 0.4806 0.0000
vn 0.8051 0.5932 0.0000
vn 0.7188 0.6952 0.0000
vn 0.6197 0.7848 0.0000
vn 0.5096 0.8604 0.0000
vn 0.3904 0.9206 0.0000
vn 0.2642 0.9645 0.0000
vn 0.1333 0.9911 0.0000
vn 0.0000 1.0000 0.0000
vn 0.0000 1.0000 0.0000
vn -0.1333 0.9911 0.0000
vn -0.2642 0.9645 0.0000
vn -0.3904 0.9206 0.0000
vn -0.5096 0.8604 0.0000
vn -0.6197 0.7848 0.0000
vn -0.7188 0.6952 0.0000
vn -0.8051 0.5932 0.0000
vn -0.8769 0.4806 0.0000
vn -0.9332 0.3594 0.0000
vn -0.9728 0.2318 0.0000
vn -0.9950 0.1001 0.0000
vn -0.9994 -0.0334 0.0000
vn -0.9861 -0.1663 0.0000
vn -0.9551 -0.2963 0.0000
vn -0.9071 -0.4209 0.0000
vn -0.8429 -0.5381 0.0000
vn -0.7637 -0.6456 0.0000
vn -0.6708 -0.7417 0.0000
vn -0.5659 -0.8244 0.0000
vn -0.4510 -0.8925 0.0000
vn -0.3280 -0.9447 0.0000
vn -0.1992 -0.9800 0.0000
vn -0.0668 -0.9978 0.0000
vn 0.0668 -0.9978 0.0000
vn 0.1992 -0.9800 0.0000
vn 0.3280 -0.9447 0.0000
vn 0.4510 -0.8925 0.0000
vn 0.5659 -0.8244 0.0000
vn 0.6708 -0.7417 0.0000
vn 0.7637 -0.6456 0.0000
vn 0.8429 -0.5381 0.0000
vn 0.9071 -0.4209 0.0000
vn 0.9551 -0.2963 0.0000
vn 0.9861 -0.1663 0.0000
vn 0.9994 -0.0334 0.0000
vn 0.9950 0.1001 0.0000
vn 0.9728 0.2318 0.0000
vn 0.9332 0.3594 0.0000
vn 0.8769 0.4806 0.0000
vn 0.8051 0.5932 0.0000
vn 0.7188 0.6952 0.0000
vn 0.6197 0.7848 0.0000
vn 0.5096 0.8604 0.0000
vn 0.3904 0.9206 0.0000
vn 0.2642 0.9645 0.0000
vn 0.1333 0.9911 0.0000
vn 0.0000 1.0000 0.0000
vn 0.0000 1.0000 0.0000
vn -0.1333 0.9911 0.0000
vn -0.2642 0.9645 0.0000
vn -0.3904 0.9206 0.0000
vn -0.5096 0.8604 0.0000
vn -0.6197 0.7848 0.0000
vn -0.7188 0.6952 0.0000
vn -0.8051 0.5932 0.0000
vn -0.8769 0.4806 0.0000
vn -0.9332 0.3594 0.0000
vn -0.9728 0.2318 0.0000
vn -0.9950 0.1001 0.0000
vn -0.9994 -0.0334 0.0000
vn -0.9861 -0.1663 0.0000
vn -0.9551 -0.2963 0.0000
vn -0.9071 -0.4209 0.0000
vn -0.8429 -0.5381 0.0000
vn -0.7637 -0.6456 0.0000
vn -0.6708 -0.7417 0.0000
vn -0.5659 -0.8244 0.0000
vn -0.4510 -0.8925 0.0000
vn -0.3280 -0.9447 0.0000
vn -0.1992 -0.9800 0.0000
vn -0.0668 -0.9978 0.0000
vn 0.0668 -0.9978 0.0000
vn 0.1992 -0.9800 0.0000
vn 0.3280 -0.9447 0.0000
vn 0.4510 -0.8925 0.0000
vn 0.5659 -0.8244 0.0000
vn 0.6708 -0.7417 0.0000
vn 0.7637 -0.6456 0.0000
vn 0.8429 -0.5381 0.0000
vn 0.9071 -0.4209 0.0000
vn 0.9551 -0.2963 0.0000
vn 0.9861 -0.1663 0.0000
vn 0.9994 -0.0334 0.0000
vn 0.9950 0.1001 0.0000
vn 0.9728 0.2318 0.0000
vn 0.9332 0.3594 0.0000
vn 0.8769 0.4806 0.0000
vn 0.8051 0.5932 0.0000
vn 0.7188 0.6952 0.0000
vn 0.6197 0.7848 0.0000
vn 0.5096 0.8604 0.0000
vn 0.3904 0.9206 0.0000
vn 0.2642 0.9645 0.0000
vn 0.1333 0.9911 0.0000
vn 0.0000 1.0000 0.0000
vn 0.0000 1.0000 0.0000
vn -0.1333 0.9911 0.0000
vn -0.2642 0.9645 0.0000
vn -0.3904 0.9206 0.0000
vn -0.5096 0.8604 0.0000
vn -0.6197 0.7848 0.0000
vn -0.7188 0.6952 0.0000
vn -0.8051 0.5932 0.0000
vn -0.8769 0.4806 0.0000
vn -0.9332 0.3594 0.0000
vn -0.9728 0.2318 0.0000
vn -0.9950 0.1001 0.0000
vn -0.9994 -0.0334 0.0000
vn -0.9861 -0.1663 0.0000
vn -0.9551 -0.2963 0.0000
vn -0.9071 -0.4209 0.0000
vn -0.8429 -0.5381 0.0000
vn -0.7637 -0.6456 0.0000
vn -0.6708 -0.7417 0.0000
vn -0.5659 -0.8244 0.0000
vn -0.4510 -0.8925 0.0000
vn -0.3280 -0.9447 0.0000
vn -0.1992 -0.9800 0.0000
vn -0.0668 -0.9978 0.0000
vn 0.0668 -0.9978 0.0000
vn 0.1992 -0.9800 0.0000
vn 0.3280 -0.9447 0.0000
vn 0.4510 -0.8925 0.0000
vn 0.5659 -0.8244 0.0000
vn 0.6708 -0.7417 0.0000
vn 0.7637 -0.6456 0.0000
vn 0.8429 -0.5381 0.0000
vn 0.9071 -0.4209 0.0000
vn 0.9551 -0.2963 0.0000
vn 0.9861 -0.1663 0.0000
vn 0.9994 -0.0334 0.0000
vn 0.9950 0.1001 0.0000
vn 0.9728 0.2318 0.0000
vn 0.9332 0.3594 0.0000
vn 0.8769 0.4806 0.0000
vn 0.8051 0.5932 0.0000
vn 0.7188 0.6952 0.0000
vn 0.6197 0.7848 0.0000
vn 0.5096 0.8604 0.0000
vn 0.3904 0.9206 0.0000
vn 0.2642 0.9645 0.0000
vn 0.1333 0.9911 0.0000
vn 0.0000 1.0000 0.0000
vn 0.0000 1.0000 0.0000
vn -0.1333 0.9911 0.0000
vn -0.2642 0.9645 0.0000
vn -0.3904 0.9206 0.0000
vn -0.5096 0.8604 0.0000
vn -0.6197 0.7848 0.0000
vn -0.7188 0.6952 0.0000
vn -0.8051 0.5932 0.0000
vn -0.8769 0.4806 0.0000
vn -0.9332 0.3594 0.0000
vn -0.9728 0.2318 0.0000
vn -0.9950 0.1001 0.0000
vn -0.9994 -0.0334 0.0000
vn -0.9861 -0.1663 0.0000
vn -0.9551 -0.2963 0.0000
vn -0.9071 -0.4209 0.0000
vn -0.8429 -0.5381 0.0000
vn -0.7637 -0.6456 0.0000
vn -0.6708 -0.7417 0.0000
vn -0.5659 -0.8244 0.0000
vn -0.4510 -0.8925 0.0000
vn -0.3280 -0.9447 0.0000
vn -0.1992 -0.9800 0.0000
vn -0.0668 -0.9978 0.0000
vn 0.0668 -0.9978 0.0000
vn 0.1992 -0.9800 0.0000
vn 0.3280 -0.9447 0.0000
vn 0.4510 -0.8925 0.0000
vn 0.5659 -0.8244 0.0000
vn 0.6708 -0.7417 0.0000
vn 0.7637 -0.6456 0.0000
vn 0.8429 -0.5381 0.0000
vn 0.9071 -0.4209 0.0000
vn 0.9551 -0.2963 0.0000
vn 0.9861 -0.1663 0.0000
vn 0.9994 -0.0334 0.0000
vn 0.9950 0.1001 0.0000
vn 0.9728 0.2318 0.0000
vn 0.9332 0.3594 0.0000
vn 0.8769 0.4806 0.0000
vn 0.8051 0.5932 0.0000
vn 0.7188 0.6952 0.0000
vn 0.6197 0.7848 0.0000
vn 0.5096 0.8604 0.0000
vn 0.3904 0.9206 0.0000
vn 0.2642 0.9645 0.0000
vn 0.1333 0.9911 0.0000
vn 0.0000 1.0000 0.0000
vn 0.0000 1.0000 0.0000
vn -0.1333 0.9911 0.0000
vn -0.2642 0.9645 0.0000
vn -0.3904 0.9206 0.0000
vn -0.5096 0.8604 0.0000
vn -0.6197 0.7848 0.0000
vn -0.7188 0.6952 0.0000
vn -0.8051 0.5932 0.0000
vn -0.8769 0.4806 0.0000
vn -0.9332 0.3594 0.0000
vn -0.9728 0.2318 0.0000
vn -0.9950 0.1001 0.0000
vn -0.9994 -0.0334 0.0000
vn -0.9861 -0.1663 0.0000
vn -0.9551 -0.2963 0.0000
vn -0.9071 -0.4209 0.0000
vn -0.8429 -0.5381 0.0000
vn -0.7637 -0.6456 0.0000
vn -0.6708 -0.7417 0.0000
vn -0.5659 -0.8244 0.0000
vn -0.4510 -0.8925 0.0000
vn -0.3280 -0.9447 0.0000
vn -0.1992 -0.9800 0.0000
vn -0.0668 -0.9978 0.0000
vn 0.0668 -0.9978 0.0000
vn 0.1992 -0.9800 0.0000
vn 0.3280 -0.9447 0.0000
vn 0.4510 -0.8925 0.0000
vn 0.5659 -0.8244 0.0000
vn 0.6708 -0.7417 0.0000
vn 0.7637 -0.6456 0.0000
vn 0.8429 -0.5381 0.0000
vn 0.9071 -0.4209 0.0000
vn 0.9551 -0.2963 0.0000
vn 0.9861 -0.1663 0.0000
vn 0.9994 -0.0334 0.0000
vn 0.9950 0.1001 0.0000
vn 0.9728 0.2318 0.0000
vn 0.9332 0.3594 0.0000
vn 0.8769 0.4806 0.0000
vn 0.8051 0.5932 0.0000
vn 0.7188 0.6952 0.0000
vn 0.6197 0.7848 0.0000
vn 0.5096 0.8604 0.0000
vn 0.3904 0.9206 0.0000
vn 0.2642 0.9645 0.0000
vn 0.1333 0.9911 0.0000
vn 0.0000 1.0000 0.0000
vn 0.0000 1.0000 0.0000
vn -0.1333 0.9911 0.0000
vn -0.2642 0.9645 0.0000
vn -0.3904 0.9206 0.0000
vn -0.5096 0.8604 0.0000
vn -0.6197 0.7848 0.0000
vn -0.7188 0.6952 0.0000
vn -0.8051 0.5932 0.0000
vn -0.8769 0.4806 0.0000
vn -0.9332 0.3594 0.0000
vn -0.9728 0.2318 0.0000
vn -0.9950 0.1001 0.0000
vn -0.9994 -0.0334 0.0000
vn -0.9861 -0.1663 0.0000
vn -0.9551 -0.2963 0.0000
vn -0.9071 -0.4209 0.0000
vn -0.8429 -0.5381 0.0000
vn -0.7637 -0.6456 0.0000
vn -0.6708 -0.7417 0.0000
vn -0.5659 -0.8244 0.0000
vn -0.4510 -0.8925 0.0000
vn -0.3280 -0.9447 0.0000
vn -0.1992 -0.9800 0.0000
vn -0.0668 -0.9978 0.0000
vn 0.0668 -0.9978 0.0000
vn 0.1992 -0.9800 0.0000
vn 0.3280 -0.9447 0.0000
vn 0.4510 -0.8925 0.0000
vn 0.5659 -0.8244 0.0000
vn 0.6708 -0.7417 0.0000
vn 0.7637 -0.6456 0.0000
vn 0.8429 -0.5381 0.0000
vn 0.9071 -0.4209 0.0000
vn 0.9551 -0.2963 0.0000
vn 0.9861 -0.1663 0.0000
vn 0.9994 -0.0334 0.0000
vn 0.9950 0.1001 0.0000
vn 0.9728 0.2318 0.0000
vn 0.9332 0.3594 0.0000
vn 0.8769 0.4806 0.0000
vn 0.8051 0.5932 0.0000
vn 0.7188 0.6952 0.0000
vn 0.6197 0.7848 0.0000
vn 0.5096 0.8604 0.0000
vn 0.3904 0.9206 0.0000
vn 0.2642 0.9645 0.0000
vn 0.1333 0.9911 0.0000
vn 0.0000 1.0000 0.0000
vn 0.0000 1.0000 0.0000
vn -0.1333 0.9911 0.0000
vn -0.2642 0.9645 0.0000
vn -0.3904 0.9206 0.0000
vn -0.5096 0.8604 0.0000
vn -0.6197 0.7848 0.0000
vn -0.7188 0.6952 0.0000
vn -0.8051 0.5932 0.0000
vn -0.8769 0.4806 0.0000
vn -0.9332 0.3594 0.0000
vn -0.9728 0.2318 0.0000
vn -0.9950 0.1001 0.0000
vn -0.9994 -0.0334 0.0000
vn -0.9861 -0.1663 0.0000
vn -0.9551 -0.2963 0.0000
vn -0.9071 -0.4209 0.0000
vn -0.8429 -0.5381 0.0000
vn -0.7637 -0.6456 0.0000
vn -0.6708 -0.7417 0.0000
vn -0.5659 -0.8244 0.0000
vn -0.4510 -0.8925 0.0000
vn -0.3280 -0.9447 0.0000
vn -0.1992 -0.9800 0.0000
vn -0.0668 -0.9978 0.0000
vn 0.0668 -0.9978 0.0000
vn 0.1992 -0.9800 0.0000
vn 0.3280 -0.9447 0.0000
vn 0.4510 -0.8925 0.0000
vn 0.5659 -0.8244 0.0000
vn 0.6708 -0.7417 0.0000
vn 0.7637 -0.6456 0.0000
vn 0.8429 -0.5381 0.0000
vn 0.9071 -0.4209 0.0000
vn 0.9551 -0.2963 0.0000
vn 0.9861 -0.1663 0.0000
vn 0.9994 -0.0334 0.0000
vn 0.9950 0.1001 0.0000
vn 0.9728 0.2318 0.0000
vn 0.9332 0.3594 0.0000
vn 0.8769 0.4806 0.0000
vn 0.8051 0.5932 0.0000
vn 0.7188 0.6952 0.0000
vn 0.6197 0.7848 0.0000
vn 0.5096 0.8604 0.0000
vn 0.3904 0.9206 0.0000
vn 0.2642 0.9645 0.0000
vn 0.1333 0.9911 0.0000
vn 0.0000 1.0000 0.0000
vn 0.0000 1.0000 0.0000
vn -0.1333 0.9911 0.0000
vn -0.2642 0.9645 0.0000
vn -0.3904 0.9206 0.0000
vn -0.5096 0.8604 0.0000
vn -0.6197 0.7848 0.0000
vn -0.7188 0.6952 0.0000
vn -0.8051 0.5932 0.0000
vn -0.8769 0.4806 0.0000
vn -0.9332 0.3594 0.0000
vn -0.9728 0.2318 0.0000
vn -0.9950 0.1001 0.0000
vn -0.9994 -0.0334 0.0000
vn -0.9861 -0.1663 0.0000
vn -0.9551 -0.2963 0.0000
vn -0.9071 -0.4209 0.0000
vn -0.8429 -0.5381 0.0000
vn -0.7637 -0.6456 0.0000
vn -0.6708 -0.7417 0.0000
vn -0.5659 -0.8244 0.0000
vn -0.4510 -0.8925 0.0000
vn -0.3280 -0.9447 0.0000
vn -0.1992 -0.9800 0.0000
vn -0.0668 -0.9978 0.0000
vn 0.0668 -0.9978 0.0000
vn 0.1992 -0.9800 0.0000
vn 0.3280 -0.9447 0.0000
vn 0.4510 -0.8925 0.0000
vn 0.5659 -0.8244 0.0000
vn 0.6708 -0.7417 0.0000
vn 0.7637 -0.6456 0.0000
vn 0.8429 -0.5381 0.0000
vn 0.9071 -0.4209 0.0000
vn 0.9551 -0.2963 0.0000
vn 0.9861 -0.1663 0.0000
vn 0.9994 -0.0334 0.0000
vn 0.9950 0.1001 0.0000
vn 0.9728 0.2318 0.0000
vn 0.9332 0.3594 0.0000
vn 0.8769 0.4806 0.0000
vn 0.8051 0.5932 0.0000
vn 0.7188 0.6952 0.0000
vn 0.6197 0.7848 0.0000
vn 0.5096 0.8604 0.0000
vn 0.3904 0.9206 0.0000
vn 0.2642 0.9645 0.0000
vn 0.1333 0.9911 0.0000
vn 0.0000 1.0000 0.0000
vn 0.0000 1.0000 0.0000
vn -0.1333 0.9911 0.0000
vn -0.2642 0.9645 0.0000
vn -0.3904 0.9206 0.0000
vn -0.5096 0.8604 0.0000
vn -0.6197 0.7848 0.0000
vn -0.7188 0.6952 0.0000
vn -0.8051 0.5932 0.0000
vn -0.8769 0.4806 0.0000
vn -0.9332 0.3594 0.0000
vn -0.9728 0.2318 0.0000
vn -0.9950 0.1001 0.0000
vn -0.9994 -0.0334 0.0000
vn -0.9861 -0.1663 0.0000
vn -0.9551 -0.2963 0.0000
vn -0.9071 -0.4209 0.0000
vn -0.8429 -0.5381 0.0000
vn -0.7637 -0.6456 0.0000
vn -0.6708 -0.7417 0.0000
vn -0.5659 -0.8244 0.0000
vn -0.4510 -0.8925 0.0000
vn -0.3280 -0.9447 0.0000
vn -0.1992 -0.9800 0.0000
vn -0.0668 -0.9978 0.0000
vn 0.0668 -0.9978 0.0000
vn 0.1992 -0.9800 0.0000
vn 0.3280 -0.9447 0.0000
vn 0.4510 -0.8925 0.0000
vn 0.5659 -0.8244 0.0000
vn 0.6708 -0.7417 0.0000
vn 0.7637 -0.6456 0.0000
vn 0.8429 -0.5381 0.0000
vn 0.9071 -0.4209 0.0000
vn 0.9551 -0.2963 0.0000
vn 0.9861 -0.1663 0.0000
vn 0.9994 -0.0334 0.0000
vn 0.9950 0.1001 0.0000
vn 0.9728 0.2318 0.0000
vn 0.9332 0.3594 0.0000
vn 0.8769 0.4806 0.0000
vn 0.8051 0.5932 0.0000
vn 0.7188 0.6952 0.0000
vn 0.6197 0.7848 0.0000
vn 0.5096 0.8604 0.0000
vn 0.3904 0.9206 0.0000
vn 0.2642 0.9645 0.0000
vn 0.1333 0.9911 0.0000
vn 0.0000 1.0000 0.0000
vn 0.0000 1.0000 0.0000
vn -0.1333 0.9911 0.0000
vn -0.2642 0.9645 0.0000
vn -0.3904 0.9206 0.0000
vn -0.5096 0.8604 0.0000
vn -0.6197 0.7848 0.0000
vn -0.7188 0.6952 0.0000
vn -0.8051 0.5932 0.0000
vn -0.8769 0.4806 0.0000
vn -0.9332 0.3594 0.0000
vn -0.9728 0.2318 0.0000
vn -0.9950 0.1001 0.0000
vn -0.9994 -0.0334 0.0000
vn -0.9861 -0.1663 0.0000
vn -0.9551 -0.2963 0.0000
vn -0.9071 -0.4209 0.0000
vn -0.8429 -0.5381 0.0000
vn -0.7637 -0.6456 0.0000
vn -0.6708 -0.7417 0.0000
vn -0.5659 -0.8244 0.0000
vn -0.4510 -0.8925 0.0000
vn -0.3280 -0.9447 0.0000
vn -0.1992 -0.9800 0.0000
vn -0.0668 -0.9978 0.0000
vn 0.0668 -0.9978 0.0000
vn 0.1992 -0.9800 0.0000
vn 0.3280 -0.9447 0.0000
vn 0.4510 -0.8925 0.0000
vn 0.5659 -0.8244 0.0000
vn 0.6708 -0.7417 0.0000
vn 0.7637 -0.6456 0.0000
vn 0.8429 -0.5381 0.0000
vn 0.9071 -0.4209 0.0000
vn 0.9551 -0.2963 0.0000
vn 0.9861 -0.1663 0.0000
vn 0.9994 -0.0334 0.0000
vn 0.9950 0.1001 0.0000
vn 0.9728 0.2318 0.0000
vn 0.9332 0.3594 0.0000
vn 0.8769 0.4806 0.0000
vn 0.8051 0.5932 0.0000
vn 0.7188 0.6952 0.0000
vn 0.6197 0.7848 0.0000
vn 0.5096 0.8604 0.0000
vn 0.3904 0.9206 0.0000
vn 0.2642 0.9645 0.0000
vn 0.1333 0.9911 0.0000
vn 0.0000 1.0000 0.0000
vn 0.0000 1.0000 0.0000
vn -0.1333 0.9911 0.0000
vn -0.2642 0.9645 0.0000
vn -0.3904 0.9206 0.0000
vn -0.5096 0.8604 0.0000
vn -0.6197 0.7848 0.0000
vn -0.7188 0.6952 0.0000
vn -0.8051 0.5932 0.0000
vn -0.8769 0.4806 0.0000
vn -0.9332 0.3594 0.0000
vn -0.9728 0.2318 0.0000
vn -0.9950 0.1001 0.0000
vn -0.9994 -0.0334 0.0000
vn -0.9861 -0.1663 0.0000
vn -0.9551 -0.2963 0.0000
vn -0.9071 -0.4209 0.0000
vn -0.8429 -0.5381 0.0000
vn -0.7637 -0.6456 0.0000
vn -0.6708 -0.7417 0.0000
vn -0.5659 -0.8244 0.0000
vn -0.4510 -0.8925 0.0000
vn -0.3280 -0.9447 0.0000
vn -0.1992 -0.9800 0.0000
vn -0.0668 -0.9978 0.0000
vn 0.0668 -0.9978 0.0000
vn 0.1992 -0.9800 0.0000
vn 0.3280 -0.9447 0.0000
vn 0.4510 -0.8925 0.0000
vn 0.5659 -0.8244 0.0000
vn 0.6708 -0.7417 0.0000
vn 0.7637 -0.6456 0.0000
vn 0.8429 -0.5381 0.0000
vn 0.9071 -0.4209 0.0000
vn 0.9551 -0.2963 0.0000
vn 0.9861 -0.1663 0.0000
vn 0.9994 -0.0334 0.0000
vn 0.9950 0.1001 0.0000
vn 0.9728 0.2318 0.0000
vn 0.9332 0.3594 0.0000
vn 0.8769 0.4806 0.0000
vn 0.8051 0.5932 0.0000
vn 0.7188 0.6952 0.0000
vn 0.6197 0.7848 0.0000
vn 0.5096 0.8604 0.0000
vn 0.3904 0.9206 0.0000
vn 0.2642 0.9645 0.0000
vn 0.1333 0.9911 0.0000
vn 0.0000 1.0000 0.0000
vn 0.0000 1.0000 0.0000
vn -0.1333 0.9911 0.0000
vn -0.2642 0.9645 0.0000
vn -0.3904 0.9206 0.0000
vn -0.5096 0.8604 0.0000
vn -0.6197 0.7848 0.0000
vn -0.7188 0.6952 0.0000
vn -0.8051 0.5932 0.0000
vn -0.8769 0.4806 0.0000
vn -0.9332 0.3594 0.0000
vn -0.9728 0.2318 0.0000
vn -0.9950 0.1001 0.0000
vn -0.9994 -0.0334 0.0000
vn -0.9861 -0.1663 0.0000
vn -0.9551 -0.2963 0.0000
vn -0.9071 -0.4209 0.0000
vn -0.8429 -0.5381 0.0000
vn -0.7637 -0.6456 0.0000
vn -0.6708 -0.7417 0.0000
vn -0.5659 -0.8244 0.0000
vn -0.4510 -0.8925 0.0000
vn -0.3280 -0.9447 0.0000
vn -0.1992 -0.9800 0.0000
vn -0.0668 -0.9978 0.0000
vn 0.0668 -0.9978 0.0000
vn 0.1992 -0.9800 0.0000
vn 0.3280 -0.9447 0.0000
vn 0.4510 -0.8925 0.0000
vn 0.5659 -0.8244 0.0000
vn 0.6708 -0.7417 0.0000
vn 0.7637 -0.6456 0.0000
vn 0.8429 -0.5381 0.0000
vn 0.9071 -0.4209 0.0000
vn 0.9551 -0.2963 0.0000
vn 0.9861 -0.1663 0.0000
vn 0.9994 -0.0334 0.0000
vn 0.9950 0.1001 0.0000
vn 0.9728 0.2318 0.0000
vn 0.9332 0.3594 0.0000
vn 0.8769 0.4806 0.0000
vn 0.8051 0.5932 0.0000
vn 0.7188 0.6952 0.0000
vn 0.6197 0.7848 0.0000
vn 0.5096 0.8604 0.0000
vn 0.3904 0.9206 0.0000
vn 0.2642 0.9645 0.0000
vn 0.1333 0.9911 0.0000
vn 0.0000 1.0000 0.0000
vn 0.0000 1.0000 0.0000
vn -0.1333 0.9911 0.0000
vn -0.2642 0.9645 0.0000
vn -0.3904 0.9206 0.0000
vn -0.5096 0.8604 0.0000
vn -0.6197 0.7848 0.0000
vn -0.7188 0.6952 0.0000
vn -0.8051 0.5932 0.0000
vn -0.8769 0.4806 0.0000
vn -0.9332 0.3594 0.0000
vn -0.9728 0.2318 0.0000
vn -0.9950 0.1001 0.0000
vn -0.9994 -0.0334 0.0000
vn -0.9861 -0.1663 0.0000
vn -0.9551 -0.2963 0.0000
vn -0.9071 -0.4209 0.0000
vn -0.8429 -0.5381 0.0000
vn -0.7637 -0.6456 0.0000
vn -0.6708 -0.7417 0.0000
vn -0.5659 -0.8244 0.0000
vn -0.4510 -0.8925 0.0000
vn -0.3280 -0.9447 0.0000
vn -0.1992 -0.9800 0.0000
vn -0.0668 -0.9978 0.0000
vn 0.0668 -0.9978 0.0000
vn 0.1992 -0.9800 0.0000
vn 0.3280 -0.9447 0.0000
vn 0.4510 -0.8925 0.0000
vn 0.5659 -0.8244 0.0000
vn 0.6708 -0.7417 0.0000
vn 0.7637 -0.6456 0.0000
vn 0.8429 -0.5381 0.0000
vn 0.9071 -0.4209 0.0000
vn 0.9551 -0.2963 0.0000
vn 0.9861 -0.1663 0.0000
vn 0.9994 -0.0334 0.0000
vn 0.9950 0.1001 0.0000
vn 0.9728 0.2318 0.0000
vn 0.9332 0.3594 0.0000
vn 0.8769 0.4806 0.0000
vn 0.8051 0.5932 0.0000
vn 0.7188 0.6952 0.0000
vn 0.6197 0.7848 0.0000
vn 0.5096 0.8604 0.0000
vn 0.3904 0.9206 0.0000
vn 0.2642 0.9645 0.0000
vn 0.1333 0.9911 0.0000
vn 0.0000 1.0000 0.0000
vn 0.0000 1.0000 0.0000
vn -0.1333 0.9911 0.0000
vn -0.2642 0.9645 0.0000
vn -0.3904 0.9206 0.0000
vn -0.5096 0.8604 0.0000
vn -0.6197 0.7848 0.0000
vn -0.7188 0.6952 0.0000
vn -0.8051 0.5932 0.0000
vn -0.8769 0.4806 0.0000
vn -0.9332 0.3594 0.0000
vn -0.9728 0.2318 0.0000
vn -0.9950 0.1001 0.0000
vn -0.9994 -0.0334 0.0000
vn -0.9861 -0.1663 0.0000
vn -0.9551 -0.2963 0.0000
vn -0.9071 -0.4209 0.0000
vn -0.8429 -0.5381 0.0000
vn -0.7637 -0.6456 0.0000
vn -0.6708 -0.7417 0.0000
vn -0.5659 -0.8244 0.0000
vn -0.4510 -0.8925 0.0000
vn -0.3280 -0.9447 0.0000
vn -0.1992 -0.9800 0.0000
vn -0.0668 -0.9978 0.0000
vn 0.0668 -0.9978 0.0000
vn 0.1992 -0.9800 0.0000
vn 0.3280 -0.9447 0.0000
vn 0.4510 -0.8925 0.0000
vn 0.5659 -0.8244 0.0000
vn 0.6708 -0.7417 0.0000
vn 0.7637 -0.6456 0.0000
vn 0.8429 -0.5381 0.0000
vn 0.9071 -0.4209 0.0000
vn 0.9551 -0.2963 0.0000
vn 0.9861 -0.1663 0.0000
vn 0.9994 -0.0334 0.0000
vn 0.9950 0.1001 0.0000
vn 0.9728 0.2318 0.0000
vn 0.9332 0.3594 0.0000
vn 0.8769 0.4806 0.0000
vn 0.8051 0.5932 0.0000
vn 0.7188 0.6952 0.0000
vn 0.6197 0.7848 0.0000
vn 0.5096 0.8604 0.0000
vn 0.3904 0.9206 0.0000
vn 0.2642 0.9645 0.0000
vn 0.1333 0.9911 0.0000
vn 0.0000 1.0000 0.0000
vn 0.0000 1.0000 0.0000
vn -0.1333 0.9911 0.0000
vn -0.2642 0.9645 0.0000
vn -0.3904 0.9206 0.0000
vn -0.5096 0.8604 0.0000
vn -0.6197 0.7848 0.0000
vn -0.7188 0.6952 0.0000
vn -0.8051 0.5932 0.0000
vn -0.8769 0.4806 0.0000
vn -0.9332 0.3594 0.0000
vn -0.9728 0.2318 0.0000
vn -0.9950 0.1001 0.0000
vn -0.9994 -0.0334 0.0000
vn -0.9861 -0.1663 0.0000
vn -0.9551 -0.2963 0.0000
vn -0.9071 -0.4209 0.0000
vn -0.8429 -0.5381 0.0000
vn -0.7637 -0.6456 0.0000
vn -0.6708 -0.7417 0.0000
vn -0.5659 -0.8244 0.0000
vn -0.4510 -0.8925 0.0000
vn -0.3280 -0.9447 0.0000
vn -0.1992 -0.9800 0.0000
vn -0.0668 -0.9978 0.0000
vn 0.0668 -0.9978 0.0000
vn 0.1992 -0.9800 0.0000
vn 0.3280 -0.9447 0.0000
vn 0.4510 -0.8925 0.0000
vn 0.5659 -0.8244 0.0000
vn 0.6708 -0.7417 0.0000
vn 0.7637 -0.6456 0.0000
vn 0.8429 -0.5381 0.0000
vn 0.9071 -0.4209 0.0000
vn 0.9551 -0.2963 0.0000
vn 0.9861 -0.1663 0.0000
vn 0.9994 -0.0334 0.0000
vn 0.9950 0.1001 0.0000
vn 0.9728 0.2318 0.0000
vn 0.9332 0.3594 0.0000
vn 0.8769 0.4806 0.0000
vn 0.8051 0.5932 0.0000
vn 0.7188 0.6952 0.0000
vn 0.6197 0.7848 0.0000
vn 0.5096 0.8604 0.0000
vn 0.3904 0.9206 0.0000
vn 0.2642 0.9645 0.0000
vn 0.1333 0.9911 0.0000
vn 0.0000 1.0000 0.0000
vn 0.0000 1.0000 0.0000
vn -0.1333 0.9911 0.0000
vn -0.2642 0.9645 0.0000
vn -0.3904 0.9206 0.0000
vn -0.5096 0.8604 0.0000
vn -0.6197 0.7848 0.0000
vn -0.7188 0.6952 0.0000
vn -0.8051 0.5932 0.0000
vn -0.8769 0.4806 0.0000
vn -0.9332 0.3594 0.0000
vn -0.9728 0.2318 0.0000
vn -0.9950 0.1001 0.0000
vn -0.9994 -0.0334 0.0000
vn -0.9861 -0.1663 0.0000
vn -0.9551 -0.2963 0.0000
vn -0.9071 -0.4209 0.0000
vn -0.8429 -0.5381 0.0000
vn -0.7637 -0.6456 0.0000
vn -0.6708 -0.7417 0.0000
vn -0.5659 -0.8244 0.0000
vn -0.4510 -0.8925 0.0000
vn -0.3280 -0.9447 0.0000
vn -0.1992 -0.9800 0.0000
vn -0.0668 -0.9978 0.0000
vn 0.0668 -0.9978 0.0000
vn 0.1992 -0.9800 0.0000
vn 0.3280 -0.9447 0.0000
vn 0.4510 -0.8925 0.0000
vn 0.5659 -0.8244 0.0000
vn 0.6708 -0.7417 0.0000
vn 0.7637 -0.6456 0.0000
vn 0.8429 -0.5381 0.0000
vn 0.9071 -0.4209 0.0000
vn 0.9551 -0.2963 0.0000
vn 0.9861 -0.1663 0.0000
vn 0.9994 -0.0334 0.0000
vn 0.9950 0.1001 0.0000
vn 0.9728 0.2318 0.0000
vn 0.9332 0.3594 0.0000
vn 0.8769 0.4806 0.0000
vn 0.8051 0.5932 0.0000
vn 0.7188 0.6952 0.0000
vn 0.6197 0.7848 0.0000
vn 0.5096 0.8604 0.0000
vn 0.3904 0.9206 0.0000
vn 0.2642 0.9645 0.0000
vn 0.1333 0.9911 0.0000
vn 0.0000 1.0000 0.0000
vn 0.0000 1.0000 0.0000
vn -0.1333 0.9911 0.0000
vn -0.2642 0.9645 0.0000
vn -0.3904 0.9206 0.0000
vn -0.5096 0.8604 0.0000
vn -0.6197 0.7848 0.0000
vn -0.7188 0.6952 0.0000
vn -0.8051 0.5932 0.0000
vn -0.8769 0.4806 0.0000
vn -0.9332 0.3594 0.0000
vn -0.9728 0.2318 0.0000
vn -0.9950 0.1001 0.0000
vn -0.9994 -0.0334 0.0000
vn -0.9861 -0.1663 0.0000
vn -0.9551 -0.2963 0.0000
vn -0.9071 -0.4209 0.0000
vn -0.8429 -0.5381 0.0000
vn -0.7637 -0.6456 0.0000
vn -0.6708 -0.7417 0.0000
vn -0.5659 -0.8244 0.0000
vn -0.4510 -0.8925 0.0000
vn -0.3280 -0.9447 0.0000
vn -0.1992 -0.9800 0.0000
vn -0.0668 -0.9978 0.0000
vn 0.0668 -0.9978 0.0000
vn 0.1992 -0.9800 0.0000
vn 0.3280 -0.9447 0.0000
vn 0.4510 -0.8925 0.0000
vn 0.5659 -0.8244 0.0000
vn 0.6708 -0.7417 0.0000
vn 0.7637 -0.6456 0.0000
vn 0.8429 -0.5381 0.0000
vn 0.9071 -0.4209 0.0000
vn 0.9551 -0.2963 0.0000
vn 0.9861 -0.1663 0.0000
vn 0.9994 -0.0334 0.0000
vn 0.9950 0.1001 0.0000
vn 0.9728 0.2318 0.0000
vn 0.9332 0.3594 0.0000
vn 0.8769 0.4806 0.0000
vn 0.8051 0.5932 0.0000
vn 0.7188 0.6952 0.0000
vn 0.6197 0.7848 0.0000
vn 0.5096 0.8604 0.0000
vn 0.3904 0.9206 0.0000
vn 0.2642 0.9645 0.0000
vn 0.1333 0.9911 0.0000
vn 0.0000 1.0000 0.0000
vn 0.0000 1.0000 0.0000
vn -0.1333 0.9911 0.0000
vn -0.2642 0.9645 0.0000
vn -0.3904 0.9206 0.0000
vn -0.5096 0.8604 0.0000
vn -0.6197 0.7848 0.0000
vn -0.7188 0.6952 0.0000
vn -0.8051 0.5932 0.0000
vn -0.8769 0.4806 0.0000
vn -0.9332 0.3594 0.0000
vn -0.9728 0.2318 0.0000
vn -0.9950 0.1001 0.0000
vn -0.9994 -0.0334 0.0000
vn -0.9861 -0.1663 0.0000
vn -0.9551 -0.2963 0.0000
vn -0.9071 -0.4209 0.0000
vn -0.8429 -0.5381 0.0000
vn -0.7637 -0.6456 0.0000
vn -0.6708 -0.7417 0.0000
vn -0.5659 -0.8244 0.0000
vn -0.4510 -0.8925 0.0000
vn -0.3280 -0.9447 0.0000
vn -0.1992 -0.9800 0.0000
vn -0.0668 -0.9978 0.0000
vn 0.0668 -0.9978 0.0000
vn 0.1992 -0.9800 0.0000
vn 0.3280 -0.9447 0.0000
vn 0.4510 -0.8925 0.0000
vn 0.5659 -0.8244 0.0000
vn 0.6708 -0.7417 0.0000
vn 0.7637 -0.6456 0.0000
vn 0.8429 -0.5381 0.0000
vn 0.9071 -0.4209 0.0000
vn 0.9551 -0.2963 0.0000
vn 0.9861 -0.1663 0.0000
vn 0.9994 -0.0334 0.0000
vn 0.9950 0.1001 0.0000
vn 0.9728 0.2318 0.0000
vn 0.9332 0.3594 0.0000
vn 0.8769 0.4806 0.0000
vn 0.8051 0.5932 0.0000
vn 0.7188 0.6952 0.0000
vn 0.6197 0.7848 0.0000
vn 0.5096 0.8604 0.0000
vn 0.3904 0.9206 0.0000
vn 0.2642 0.9645 0.0000
vn 0.1333 0.9911 0.0000
vn 0.0000 1.0000 0.0000
vn 0.0000 1.0000 0.0000
vn -0.1333 0.9911 0.0000
vn -0.2642 0.9645 0.0000
vn -0.3904 0.9206 0.0000
vn -0.5096 0.8604 0.0000
vn -0.6197 0.7848 0.0000
vn -0.7188 0.6952 0.0000
vn -0.8051 0.5932 0.0000
vn -0.8769 0.4806 0.0000
vn -0.9332 0.3594 0.0000
vn -0.9728 0.2318 0.0000
vn -0.9950 0.1001 0.0000
vn -0.9994 -0.0334 0.0000
vn -0.9861 -0.1663 0.0000
vn -0.9551 -0.2963 0.0000
vn -0.9071 -0.4209 0.0000
vn -0.8429 -0.5381 0.0000
vn -0.7637 -0.6456 0.0000
vn -0.6708 -0.7417 0.0000
vn -0.5659 -0.8244 0.0000
vn -0.4510 -0.8925 0.0000
vn -0.3280 -0.9447 0.0000
vn -0.1992 -0.9800 0.0000
vn -0.0668 -0.9978 0.0000
vn 0.0668 -0.9978 0.0000
vn 0.1992 -0.9800 0.0000
vn 0.3280 -0.9447 0.0000
vn 0.4510 -0.8925 0.0000
vn 0.5659 -0.8244 0.0000
vn 0.6708 -0.7417 0.0000
vn 0.7637 -0.6456 0.0000
vn 0.8429 -0.5381 0.0000
vn 0.9071 -0.4209 0.0000
vn 0.9551 -0.2963 0.0000
vn 0.9861 -0.1663 0.0000
vn 0.9994 -0.0334 0.0000
vn 0.9950 0.1001 0.0000
vn 0.9728 0.2318 0.0000
vn 0.9332 0.3594 0.0000
vn 0.8769 0.4806 0.0000
vn 0.8051 0.5932 0.0000
vn 0.7188 0.6952 0.0000
vn 0.6197 0.7848 0.0000
vn 0.5096 0.8604 0.0000
vn 0.3904 0.9206 0.0000
vn 0.2642 0.9645 0.0000
vn 0.1333 0.9911 0.0000
vn 0.0000 1.0000 0.0000
vn 0.0000 1.0000 0.0000
vn -0.1333 0.9911 0.0000
vn -0.2642 0.9645 0.0000
vn -0.3904 0.9206 0.0000
vn -0.5096 0.8604 0.0000
vn -0.6197 0.7848 0.0000
vn -0.7188 0.6952 0.0000
vn -0.8051 0.5932 0.0000
vn -0.8769 0.4806 0.0000
vn -0.9332 0.3594 0.0000
vn -0.9728 0.2318 0.0000
vn -0.9950 0.1001 0.0000
vn -0.9994 -0.0334 0.0000
vn -0.9861 -0.1663 0.0000
vn -0.9551 -0.2963 0.0000
vn -0.9071 -0.4209 0.0000
vn -0.8429 -0.5381 0.0000
vn -0.7637 -0.6456 0.0000
vn -0.6708 -0.7417 0.0000
vn -0.5659 -0.8244 0.0000
vn -0.4510 -0.8925 0.0000
vn -0.3280 -0.9447 0.0000
vn -0.1992 -0.9800 0.0000
vn -0.0668 -0.9978 0.0000
vn 0.0668 -0.9978 0.0000
vn 0.1992 -0.9800 0.0000
vn 0.3280 -0.9447 0.0000
vn 0.4510 -0.8925 0.0000
vn 0.5659 -0.8244 0.0000
vn 0.6708 -0.7417 0.0000
vn 0.7637 -0.6456 0.0000
vn 0.8429 -0.5381 0.0000
vn 0.9071 -0.4209 0.0000
vn 0.9551 -0.2963 0.0000
vn 0.9861 -0.1663 0.0000
vn 0.9994 -0.0334 0.0000
vn 0.9950 0.1001 0.0000
vn 0.9728 0.2318 0.0000
vn 0.9332 0.3594 0.0000
vn 0.8769 0.4806 0.0000
vn 0.8051 0.5932 0.0000
vn 0.7188 0.6952 0.0000
vn 0.6197 0.7848 0.0000
vn 0.5096 0.8604 0.0000
vn 0.3904 0.9206 0.0000
vn 0.2642 0.9645 0.0000
vn 0.1333 0.9911 0.0000
vn 0.0000 1.0000 0.0000
vn 0.0000 1.0000 0.0000
vn -0.1333 0.9911 0.0000
vn -0.2642 0.9645 0.0000
vn -0.3904 0.9206 0.0000
vn -0.5096 0.8604 0.0000
vn -0.6197 0.7848 0.0000
vn -0.7188 0.6952 0.0000
vn -0.8051 0.5932 0.0000
vn -0.8769 0.4806 0.0000
vn -0.9332 0.3594 0.0000
vn -0.9728 0.2318 0.0000
vn -0.9950 0.1001 0.0000
vn -0.9994 -0.0334 0.0000
vn -0.9861 -0.1663 0.0000
vn -0.9551 -0.2963 0.0000
vn -0.9071 -0.4209 0.0000
vn -0.8429 -0.5381 0.0000
vn -0.7637 -0.6456 0.0000
vn -0.6708 -0.7417 0.0000
vn -0.5659 -0.8244 0.0000
vn -0.4510 -0.8925 0.0000
vn -0.3280 -0.9447 0.0000
vn -0.1992 -0.9800 0.0000
vn -0.0668 -0.9978 0.0000
vn 0.0668 -0.9978 0.0000
vn 0.1992 -0.9800 0.0000
vn 0.3280 -0.9447 0.0000
vn 0.4510 -0.8925 0.0000
vn 0.5659 -0.8244 0.0000
vn 0.6708 -0.7417 0.0000
vn 0.7637 -0.6456 0.0000
vn 0.8429 -0.5381 0.0000
vn 0.9071 -0.4209 0.0000
vn 0.9551 -0.2963 0.0000
vn 0.9861 -0.1663 0.0000
vn 0.9994 -0.0334 0.0000
vn 0.9950 0.1001 0.0000
vn 0.9728 0.2318 0.0000
vn 0.9332 0.3594 0.0000
vn 0.8769 0.4806 0.0000
vn 0.8051 0.5932 0.0000
vn 0.7188 0.6952 0.0000
vn 0.6197 0.7848 0.0000
vn 0.5096 0.8604 0.0000
vn 0.3904 0.9206 0.0000
vn 0.2642 0.9645 0.0000
vn 0.1333 0.9911 0.0000
vn 0.0000 1.0000 0.0000
vn 0.0000 1.0000 0.0000
vn -0.1333 0.9911 0.0000
vn -0.2642 0.9645 0.0000
vn -0.3904 0.9206 0.0000
vn -0.5096 0.8604 0.0000
vn -0.6197 0.7848 0.0000
vn -0.7188 0.6952 0.0000
vn -0.8051 0.5932 0.0000
vn -0.8769 0.4806 0.0000
vn -0.9332 0.3594 0.0000
vn -0.9728 0.2318 0.0000
vn -0.9950 0.1001 0.0000
vn -0.9994 -0.0334 0.0000
vn -0.9861 -0.1663 0.0000
vn -0.9551 -0.2963 0.0000
vn -0.9071 -0.4209 0.0000
vn -0.8429 -0.5381 0.0000
vn -0.7637 -0.6456 0.0000
vn -0.6708 -0.7417 0.0000
vn -0.5659 -0.8244 0.0000
vn -0.4510 -0.8925 0.0000
vn -0.3280 -0.9447 0.0000
vn -0.1992 -0.9800 0.0000
vn -0.0668 -0.9978 0.0000
vn 0.0668 -0.9978 0.0000
vn 0.1992 -0.9800 0.0000
vn 0.3280 -0.9447 0.0000
vn 0.4510 -0.8925 0.0000
vn 0.5659 -0.8244 0.0000
vn 0.6708 -0.7417 0.0000
vn 0.7637 -0.6456 0.0000
vn 0.8429 -0.5381 0.0000
vn 0.9071 -0.4209 0.0000
vn 0.9551 -0.2963 0.0000
vn 0.9861 -0.1663 0.0000
vn 0.9994 -0.0334 0.0000
vn 0.9950 0.1001 0.0000
vn 0.9728 0.2318 0.0000
vn 0.9332 0.3594 0.0000
vn 0.8769 0.4806 0.0000
vn 0.8051 0.5932 0.0000
vn 0.7188 0.6952 0.0000
vn 0.6197 0.7848 0.0000
vn 0.5096 0.8604 0.0000
vn 0.3904 0.9206 0.0000
vn 0.2642 0.9645 0.0000
vn 0.1333 0.9911 0.0000
vn 0.0000 1.0000 0.0000
vn 0.0000 1.0000 0.0000
vn -0.1333 0.9911 0.0000
vn -0.2642 0.9645 0.0000
vn -0.3904 0.9206 0.0000
vn -0.5096 0.8604 0.0000
vn -0.6197 0.7848 0.0000
vn -0.7188 0.6952 0.0000
vn -0.8051 0.5932 0.0000
vn -0.8769 0.4806 0.0000
vn -0.9332 0.3594 0.0000
vn -0.9728 0.2318 0.0000
vn -0.9950 0.1001 0.0000
vn -0.9994 -0.0334 0.0000
vn -0.9861 -0.1663 0.0000
vn -0.9551 -0.2963 0.0000
vn -0.9071 -0.4209 0.0000
vn -0.8429 -0.5381 0.0000
vn -0.7637 -0.6456 0.0000
vn -0.6708 -0.7417 0.0000
vn -0.5659 -0.8244 0.0000
vn -0.4510 -0.8925 0.0000
vn -0.3280 -0.9447 0.0000
vn -0.1992 -0.9800 0.0000
vn -0.0668 -0.9978 0.0000
vn 0.0668 -0.9978 0.0000
vn 0.1992 -0.9800 0.0000
vn 0.3280 -0.9447 0.0000
vn 0.4510 -0.8925 0.0000
vn 0.5659 -0.8244 0.0000
vn 0.6708 -0.7417 0.0000
vn 0.7637 -0.6456 0.0000
vn 0.8429 -0.5381 0.0000
vn 0.9071 -0.4209 0.0000
vn 0.9551 -0.2963 0.0000
vn 0.9861 -0.1663 0.0000
vn 0.9994 -0.0334 0.0000
vn 0.9950 0.1001 0.0000
vn 0.9728 0.2318 0.0000
vn 0.9332 0.3594 0.0000
vn 0.8769 0.4806 0.0000
vn 0.8051 0.5932 0.0000
vn 0.7188 0.6952 0.0000
vn 0.6197 0.7848 0.0000
vn 0.5096 0.8604 0.0000
vn 0.3904 0.9206 0.0000
vn 0.2642 0.9645 0.0000
vn 0.1333 0.9911 0.0000
vn 0.0000 1.0000 0.0000
vn 0.0000 1.0000 0.0000
vn -0.1333 0.9911 0.0000
vn -0.2642 0.9645 0.0000
vn -0.3904 0.9206 0.0000
vn -0.5096 0.8604 0.0000
vn -0.6197 0.7848 0.0000
vn -0.7188 0.6952 0.0000
vn -0.8051 0.5932 0.0000
vn -0.8769 0.4806 0.0000
vn -0.9332 0.3594 0.0000
vn -0.9728 0.2318 0.0000
vn -0.9950 0.1001 0.0000
vn -0.9994 -0.0334 0.0000
vn -0.9861 -0.1663 0.0000
vn -0.9551 -0.2963 0.0000
vn -0.9071 -0.4209 0.0000
vn -0.8429 -0.5381 0.0000
vn -0.7637 -0.6456 0.0000
vn -0.6708 -0.7417 0.0000
vn -0.5659 -0.8244 0.0000
vn -0.4510 -0.8925 0.0000
vn -0.3280 -0.9447 0.0000
vn -0.1992 -0.9800 0.0000
vn -0.0668 -0.9978 0.0000
vn 0.0668 -0.9978 0.0000
vn 0.1992 -0.9800 0.0000
vn 0.3280 -0.9447 0.0000
vn 0.4510 -0.8925 0.0000
vn 0.5659 -0.8244 0.0000
vn 0.6708 -0.7417 0.0000
vn 0.7637 -0.6456 0.0000
vn 0.8429 -0.5381 0.0000
vn 0.9071 -0.4209 0.0000
vn 0.9551 -0.2963 0.0000
vn 0.9861 -0.1663 0.0000
vn 0.9994 -0.0334 0.0000
vn 0.9950 0.1001 0.0000
vn 0.9728 0.2318 0.0000
vn 0.9332 0.3594 0.0000
vn 0.8769 0.4806 0.0000
vn 0.8051 0.5932 0.0000
vn 0.7188 0.6952 0.0000
vn 0.6197 0.7848 0.0000
vn 0.5096 0.8604 0.0000
vn 0.3904 0.9206 0.0000
vn 0.2642 0.9645 0.0000
vn 0.1333 0.9911 0.0000
vn 0.0000 1.0000 0.0000
vn 0.0000 1.0000 0.0000
vn -0.1333 0.9911 0.0000
vn -0.2642 0.9645 0.0000
vn -0.3904 0.9206 0.0000
vn -0.5096 0.8604 0.0000
vn -0.6197 0.7848 0.0000
vn -0.7188 0.6952 0.0000
vn -0.8051 0.5932 0.0000
vn -0.8769 0.4806 0.0000
vn -0.9332 0.3594 0.0000
vn -0.9728 0.2318 0.0000
vn -0.9950 0.1001 0.0000
vn -0.9994 -0.0334 0.0000
vn -0.9861 -0.1663 0.0000
vn -0.9551 -0.2963 0.0000
vn -0.9071 -0.4209 0.0000
vn -0.8429 -0.5381 0.0000
vn -0.7637 -0.6456 0.0000
vn -0.6708 -0.7417 0.0000
vn -0.5659 -0.8244 0.0000
vn -0.4510 -0.8925 0.0000
vn -0.3280 -0.9447 0.0000
vn -0.1992 -0.9800 0.0000
vn -0.0668 -0.9978 0.0000
vn 0.0668 -0.9978 0.0000
vn 0.1992 -0.9800 0.0000
vn 0.3280 -0.9447 0.0000
vn 0.4510 -0.8925 0.0000
vn 0.5659 -0.8244 0.0000
vn 0.6708 -0.7417 0.0000
vn 0.7637 -0.6456 0.0000
vn 0.8429 -0.5381 0.0000
vn 0.9071 -0.4209 0.0000
vn 0.9551 -0.2963 0.0000
vn 0.9861 -0.1663 0.0000
vn 0.9994 -0.0334 0.0000
vn 0.9950 0.1001 0.0000
vn 0.9728 0.2318 0.0000
vn 0.9332 0.3594 0.0000
vn 0.8769 0.4806 0.0000
vn 0.8051 0.5932 0.0000
vn 0.7188 0.6952 0.0000
vn 0.6197 0.7848 0.0000
vn 0.5096 0.8604 0.0000
vn 0.3904 0.9206 0.0000
vn 0.2642 0.9645 0.0000
vn 0.1333 0.9911 0.0000
vn 0.0000 1.0000 0.0000
vn 0.0000 1.0000 0.0000
vn -0.1333 0.9911 0.0000
vn -0.2642 0.9645 0.0000
vn -0.3904 0.9206 0.0000
vn -0.5096 0.8604 0.0000
vn -0.6197 0.7848 0.0000
vn -0.7188 0.6952 0.0000
vn -0.8051 0.5932 0.0000
vn -0.8769 0.4806 0.0000
vn -0.9332 0.3594 0.0000
vn -0.9728 0.2318 0.0000
vn -0.9950 0.1001 0.0000
vn -0.9994 -0.0334 0.0000
vn -0.9861 -0.1663 0.0000
vn -0.9551 -0.2963 0.0000
vn -0.9071 -0.4209 0.0000
vn -0.8429 -0.5381 0.0000
vn -0.7637 -0.6456 0.0000
vn -0.6708 -0.7417 0.0000
vn -0.5659 -0.8244 0.0000
vn -0.4510 -0.8925 0.0000
vn -0.3280 -0.9447 0.0000
vn -0.1992 -0.9800 0.0000
vn -0.0668 -0.9978 0.0000
vn 0.0668 -0.9978 0.0000
vn 0.1992 -0.9800 0.0000
vn 0.3280 -0.9447 0.0000
vn 0.4510 -0.8925 0.0000
vn 0.5659 -0.8244 0.0000
vn 0.6708 -0.7417 0.0000
vn 0.7637 -0.6456 0.0000
vn 0.8429 -0.5381 0.0000
vn 0.9071 -0.4209 0.0000
vn 0.9551 -0.2963 0.0000
vn 0.9861 -0.1663 0.0000
vn 0.9994 -0.0334 0.0000
vn 0.9950 0.1001 0.0000
vn 0.9728 0.2318 0.0000
vn 0.9332 0.3594 0.0000
vn 0.8769 0.4806 0.0000
vn 0.8051 0.5932 0.0000
vn 0.7188 0.6952 0.0000
vn 0.6197 0.7848 0.0000
vn 0.5096 0.8604 0.0000
vn 0.3904 0.9206 0.0000
vn 0.2642 0.9645 0.0000
vn 0.1333 0.9911 0.0000
vn 0.0000 1.0000 0.0000
vn 0.0000 1.0000 0.0000
vn -0.1333 0.9911 0.0000
vn -0.2642 0.9645 0.0000
vn -0.3904 0.9206 0.0000
vn -0.5096 0.8604 0.0000
vn -0.6197 0.7848 0.0000
vn -0.7188 0.6952 0.0000
vn -0.8051 0.5932 0.0000
vn -0.8769 0.4806 0.0000
vn -0.9332 0.3594 0.0000
vn -0.9728 0.2318 0.0000
vn -0.9950 0.1001 0.0000
vn -0.9994 -0.0334 0.0000
vn -0.9861 -0.1663 0.0000
vn -0.9551 -0.2963 0.0000
vn -0.9071 -0.4209 0.0000
vn -0.8429 -0.5381 0.0000
vn -0.7637 -0.6456 0.0000
vn -0.6708 -0.7417 0.0000
vn -0.5659 -0.8244 0.0000
vn -0.4510 -0.8925 0.0000
vn -0.3280 -0.9447 0.0000
vn -0.1992 -0.9800 0.0000
vn -0.0668 -0.9978 0.0000
vn 0.0668 -0.9978 0.0000
vn 0.1992 -0.9800 0.0000
vn 0.3280 -0.9447 0.0000
vn 0.4510 -0.8925 0.0000
vn 0.5659 -0.8244 0.0000
vn 0.6708 -0.7417 0.0000
vn 0.7637 -0.6456 0.0000
vn 0.8429 -0.5381 0.0000
vn 0.9071 -0.4209 0.0000
vn 0.9551 -0.2963 0.0000
vn 0.9861 -0.1663 0.0000
vn 0.9994 -0.0334 0.0000
vn 0.9950 0.1001 0.0000
vn 0.9728 0.2318 0.0000
vn 0.9332 0.3594 0.0000
vn 0.8769 0.4806 0.0000
vn 0.8051 0.5932 0.0000
vn 0.7188 0.6952 0.0000
vn 0.6197 0.7848 0.0000
vn 0.5096 0.8604 0.0000
vn 0.3904 0.9206 0.0000
vn 0.2642 0.9645 0.0000
vn 0.1333 0.9911 0.0000
vn 0.0000 1.0000 0.0000
vn 0.0000 1.0000 0.0000
vn -0.1333 0.9911 0.0000
vn -0.2642 0.9645 0.0000
vn -0.3904 0.9206 0.0000
vn -0.5096 0.8604 0.0000
vn -0.6197 0.7848 0.0000
vn -0.7188 0.6952 0.0000
vn -0.8051 0.5932 0.0000
vn -0.8769 0.4806 0.0000
vn -0.9332 0.3594 0.0000
vn -0.9728 0.2318 0.0000
vn -0.9950 0.1001 0.0000
vn -0.9994 -0.0334 0.0000
vn -0.9861 -0.1663 0.0000
vn -0.9551 -0.2963 0.0000
vn -0.9071 -0.4209 0.0000
vn -0.8429 -0.5381 0.0000
vn -0.7637 -0.6456 0.0000
vn -0.6708 -0.7417 0.0000
vn -0.5659 -0.8244 0.0000
vn -0.4510 -0.8925 0.0000
vn -0.3280 -0.9447 0.0000
vn -0.1992 -0.9800 0.0000
vn -0.0668 -0.9978 0.0000
vn 0.0668 -0.9978 0.0000
vn 0.1992 -0.9800 0.0000
vn 0.3280 -0.9447 0.0000
vn 0.4510 -0.8925 0.0000
vn 0.5659 -0.8244 0.0000
vn 0.6708 -0.7417 0.0000
vn 0.7637 -0.6456 0.0000
vn 0.8429 -0.5381 0.0000
vn 0.9071 -0.4209 0.0000
vn 0.9551 -0.2963 0.0000
vn 0.9861 -0.1663 0.0000
vn 0.9994 -0.0334 0.0000
vn 0.9950 0.1001 0.0000
vn 0.9728 0.2318 0.0000
vn 0.9332 0.3594 0.0000
vn 0.8769 0.4806 0.0000
vn 0.8051 0.5932 0.0000
vn 0.7188 0.6952 0.0000
vn 0.6197 0.7848 0.0000
vn 0.5096 0.8604 0.0000
vn 0.3904 0.9206 0.0000
vn 0.2642 0.9645 0.0000
vn 0.1333 0.9911 0.0000
vn 0.0000 1.0000 0.0000
vn 0.0000 1.0000 0.0000
vn -0.1333 0.9911 0.0000
vn -0.2642 0.9645 0.0000
vn -0.3904 0.9206 0.0000
vn -0.5096 0.8604 0.0000
vn -0.6197 0.7848 0.0000
vn -0.7188 0.6952 0.0000
vn -0.8051 0.5932 0.0000
vn -0.8769 0.4806 0.0000
vn -0.9332 0.3594 0.0000
vn -0.9728 0.2318 0.0000
vn -0.9950 0.1001 0.0000
vn -0.9994 -0.0334 0.0000
vn -0.9861 -0.1663 0.0000
vn -0.9551 -0.2963 0.0000
vn -0.9071 -0.4209 0.0000
vn -0.8429 -0.5381 0.0000
vn -0.7637 -0.6456 0.0000
vn -0.6708 -0.7417 0.0000
vn -0.5659 -0.8244 0.0000
vn -0.4510 -0.8925 0.0000
vn -0.3280 -0.9447 0.0000
vn -0.1992 -0.9800 0.0000
vn -0.0668 -0.9978 0.0000
vn 0.0668 -0.9978 0.0000
vn 0.1992 -0.9800 0.0000
vn 0.3280 -0.9447 0.0000
vn 0.4510 -0.8925 0.0000
vn 0.5659 -0.8244 0.0000
vn 0.6708 -0.7417 0.0000
vn 0.7637 -0.6456 0.0000
vn 0.8429 -0.5381 0.0000
vn 0.9071 -0.4209 0.0000
vn 0.9551 -0.2963 0.0000
vn 0.9861 -0.1663 0.0000
vn 0.9994 -0.0334 0.0000
vn 0.9950 0.1001 0.0000
vn 0.9728 0.2318 0.0000
vn 0.9332 0.3594 0.0000
vn 0.8769 0.4806 0.0000
vn 0.8051 0.5932 0.0000
vn 0.7188 0.6952 0.0000
vn 0.6197 0.7848 0.0000
vn 0.5096 0.8604 0.0000
vn 0.3904 0.9206 0.0000
vn 0.2642 0.9645 0.0000
vn 0.1333 0.9911 0.0000
vn 0.0000 1.0000 0.0000
vn 0.0000 1.0000 0.0000
vn -0.1333 0.9911 0.0000
vn -0.2642 0.9645 0.0000
vn -0.3904 0.9206 0.0000
vn -0.5096 0.8604 0.0000
vn -0.6197 0.7848 0.0000
vn -0.7188 0.6952 0.0000
vn -0.8051 0.5932 0.0000
vn -0.8769 0.4806 0.0000
vn -0.9332 0.3594 0.0000
vn -0.9728 0.2318 0.0000
vn -0.9950 0.1001 0.0000
vn -0.9994 -0.0334 0.0000
vn -0.9861 -0.1663 0.0000
vn -0.9551 -0.2963 0.0000
vn -0.9071 -0.4209 0.0000
vn -0.8429 -0.5381 0.0000
vn -0.7637 -0.6456 0.0000
vn -0.6708 -0.7417 0.0000
vn -0.5659 -0.8244 0.0000
vn -0.4510 -0.8925 0.0000
vn -0.3280 -0.9447 0.0000
vn -0.1992 -0.9800 0.0000
vn -0.0668 -0.9978 0.0000
vn 0.0668 -0.9978 0.0000
vn 0.1992 -0.9800 0.0000
vn 0.3280 -0.9447 0.0000
vn 0.4510 -0.8925 0.0000
vn 0.5659 -0.8244 0.0000
vn 0.6708 -0.7417 0.0000
vn 0.7637 -0.6456 0.0000
vn 0.8429 -0.5381 0.0000
vn 0.9071 -0.4209 0.0000
vn 0.9551 -0.2963 0.0000
vn 0.9861 -0.1663 0.0000
vn 0.9994 -0.0334 0.0000
vn 0.9950 0.1001 0.0000
vn 0.9728 0.2318 0.0000
vn 0.9332 0.3594 0.0000
vn 0.8769 0.4806 0.0000
vn 0.8051 0.5932 0.0000
vn 0.7188 0.6952 0.0000
vn 0.6197 0.7848 0.0000
vn 0.5096 0.8604 0.0000
vn 0.3904 0.9206 0.0000
vn 0.2642 0.9645 0.0000
vn 0.1333 0.9911 0.0000
vn 0.0000 1.0000 0.0000
vn 0.0000 1.0000 0.0000
vn -0.1333 0.9911 0.0000
vn -0.2642 0.9645 0.0000
vn -0.3904 0.9206 0.0000
vn -0.5096 0.8604 0.0000
vn -0.6197 0.7848 0.0000
vn -0.7188 0.6952 0.0000
vn -0.8051 0.5932 0.0000
vn -0.8769 0.4806 0.0000
vn -0.9332 0.3594 0.0000
vn -0.9728 0.2318 0.0000
vn -0.9950 0.1001 0.0000
vn -0.9994 -0.0334 0.0000
vn -0.9861 -0.1663 0.0000
vn -0.9551 -0.2963 0.0000
vn -0.9071 -0.4209 0.0000
vn -0.8429 -0.5381 0.0000
vn -0.7637 -0.6456 0.0000
vn -0.6708 -0.7417 0.0000
vn -0.5659 -0.8244 0.0000
vn -0.4510 -0.8925 0.0000
vn -0.3280 -0.9447 0.0000
vn -0.1992 -0.9800 0.0000
vn -0.0668 -0.9978 0.0000
vn 0.0668 -0.9978 0.0000
vn 0.1992 -0.9800 0.0000
vn 0.3280 -0.9447 0.0000
vn 0.4510 -0.8925 0.0000
vn 0.5659 -0.8244 0.0000
vn 0.6708 -0.7417 0.0000
vn 0.7637 -0.6456 0.0000
vn 0.8429 -0.5381 0.0000
vn 0.9071 -0.4209 0.0000
vn 0.9551 -0.2963 0.0000
vn 0.9861 -0.1663 0.0000
vn 0.9994 -0.0334 0.0000
vn 0.9950 0.1001 0.0000
vn 0.9728 0.2318 0.0000
vn 0.9332 0.3594 0.0000
vn 0.8769 0.4806 0.0000
vn 0.8051 0.5932 0.0000
vn 0.7188 0.6952 0.0000
vn 0.6197 0.7848 0.0000
vn 0.5096 0.8604 0.0000
vn 0.3904 0.9206 0.0000
vn 0.2642 0.9645 0.0000
vn 0.1333 0.9911 0.0000
vn 0.0000 1.0000 0.0000
vn 0.0000 1.0000 0.0000
vn -0.1333 0.9911 0.0000
vn -0.2642 0.9645 0.0000
vn -0.3904 0.9206 0.0000
vn -0.5096 0.8604 0.0000
vn -0.6197 0.7848 0.0000
vn -0.7188 0.6952 0.0000
vn -0.8051 0.5932 0.0000
vn -0.8769 0.4806 0.0000
vn -0.9332 0.3594 0.0000
vn -0.9728 0.2318 0.0000
vn -0.9950 0.1001 0.0000
vn -0.9994 -0.0334 0.0000
vn -0.9861 -0.1663 0.0000
vn -0.9551 -0.2963 0.0000
vn -0.9071 -0.4209 0.0000
vn -0.8429 -0.5381 0.0000
vn -0.7637 -0.6456 0.0000
vn -0.6708 -0.7417 0.0000
vn -0.5659 -0.8244 0.0000
vn -0.4510 -0.8925 0.0000
vn -0.3280 -0.9447 0.0000
vn -0.1992 -0.9800 0.0000
vn -0.0668 -0.9978 0.0000
vn 0.0668 -0.9978 0.0000
vn 0.1992 -0.9800 0.0000
vn 0.3280 -0.9447 0.0000
vn 0.4510 -0.8925 0.0000
vn 0.5659 -0.8244 0.0000
vn 0.6708 -0.7417 0.0000
vn 0.7637 -0.6456 0.0000
vn 0.8429 -0.5381 0.0000
vn 0.9071 -0.4209 0.0000
vn 0.9551 -0.2963 0.0000
vn 0.9861 -0.1663 0.0000
vn 0.9994 -0.0334 0.0000
vn 0.9950 0.1001 0.0000
vn 0.9728 0.2318 0.0000
vn 0.9332 0.3594 0.0000
vn 0.8769 0.4806 0.0000
vn 0.8051 0.5932 0.0000
vn 0.7188 0.6952 0.0000
vn 0.6197 0.7848 0.0000
vn 0.5096 0.8604 0.0000
vn 0.3904 0.9206 0.0000
vn 0.2642 0.9645 0.0000
vn 0.1333 0.9911 0.0000
vn 0.0000 1.0000 0.0000
vn 0.0000 1.0000 0.0000
vn -0.1333 0.9911 0.0000
vn -0.2642 0.9645 0.0000
vn -0.3904 0.9206 0.0000
vn -0.5096 0.8604 0.0000
vn -0.6197 0.7848 0.0000
vn -0.7188 0.6952 0.0000
vn -0.8051 0.5932 0.0000
vn -0.8769 0.4806 0.0000
vn -0.9332 0.3594 0.0000
vn -0.9728 0.2318 0.0000
vn -0.9950 0.1001 0.0000
vn -0.9994 -0.0334 0.0000
vn -0.9861 -0.1663 0.0000
vn -0.9551 -0.2963 0.0000
vn -0.9071 -0.4209 0.0000
vn -0.8429 -0.5381 0.0000
vn -0.7637 -0.6456 0.0000
vn -0.6708 -0.7417 0.0000
vn -0.5659 -0.8244 0.0000
vn -0.4510 -0.8925 0.0000
vn -0.3280 -0.9447 0.0000
vn -0.1992 -0.9800 0.0000
vn -0.0668 -0.9978 0.0000
vn 0.0668 -0.9978 0.0000
vn 0.1992 -0.9800 0.0000
vn 0.3280 -0.9447 0.0000
vn 0.4510 -0.8925 0.0000
vn 0.5659 -0.8244 0.0000
vn 0.6708 -0.7417 0.0000
vn 0.7637 -0.6456 0.0000
vn 0.8429 -0.5381 0.0000
vn 0.9071 -0.4209 0.0000
vn 0.9551 -0.2963 0.0000
vn 0.9861 -0.1663 0.0000
vn 0.9994 -0.0334 0.0000
vn 0.9950 0.1001 0.0000
vn 0.9728 0.2318 0.0000
vn 0.9332 0.3594 0.0000
vn 0.8769 0.4806 0.0000
vn 0.8051 0.5932 0.0000
vn 0.7188 0.6952 0.0000
vn 0.6197 0.7848 0.0000
vn 0.5096 0.8604 0.0000
vn 0.3904 0.9206 0.0000
vn 0.2642 0.9645 0.0000
vn 0.1333 0.9911 0.0000
vn 0.0000 1.0000 0.0000
vn 0.0000 1.0000 0.0000
vn -0.1333 0.9911 0.0000
vn -0.2642 0.9645 0.0000
vn -0.3904 0.9206 0.0000
vn -0.5096 0.8604 0.0000
vn -0.6197 0.7848 0.0000
vn -0.7188 0.6952 0.0000
vn -0.8051 0.5932 0.0000
vn -0.8769 0.4806 0.0000
vn -0.9332 0.3594 0.0000
vn -0.9728 0.2318 0.0000
vn -0.9950 0.1001 0.0000
vn -0.9994 -0.0334 0.0000
vn -0.9861 -0.1663 0.0000
vn -0.9551 -0.2963 0.0000
vn -0.9071 -0.4209 0.0000
vn -0.8429 -0.5381 0.0000
vn -0.7637 -0.6456 0.0000
vn -0.6708 -0.7417 0.0000
vn -0.5659 -0.8244 0.0000
vn -0.4510 -0.8925 0.0000
vn -0.3280 -0.9447 0.0000
vn -0.1992 -0.9800 0.0000
vn -0.0668 -0.9978 0.0000
vn 0.0668 -0.9978 0.0000
vn 0.1992 -0.9800 0.0000
vn 0.3280 -0.9447 0.0000
vn 0.4510 -0.8925 0.0000
vn 0.5659 -0.8244 0.0000
vn 0.6708 -0.7417 0.0000
vn 0.7637 -0.6456 0.0000
vn 0.8429 -0.5381 0.0000
vn 0.9071 -0.4209 0.0000
vn 0.9551 -0.2963 0.0000
vn 0.9861 -0.1663 0.0000
vn 0.9994 -0.0334 0.0000
vn 0.9950 0.1001 0.0000
vn 0.9728 0.2318 0.0000
vn 0.9332 0.3594 0.0000
vn 0.8769 0.4806 0.0000
vn 0.8051 0.5932 0.0000
vn 0.7188 0.6952 0.0000
vn 0.6197 0.7848 0.0000
vn 0.5096 0.8604 0.0000
vn 0.3904 0.9206 0.0000
vn 0.2642 0.9645 0.0000
vn 0.1333 0.9911 0.0000
vn 0.0000 1.0000 0.0000
vn 0.0000 1.0000 0.0000
vn -0.1333 0.9911 0.0000
vn -0.2642 0.9645 0.0000
vn -0.3904 0.9206 0.0000
vn -0.5096 0.8604 0.0000
vn -0.6197 0.7848 0.0000
vn -0.7188 0.6952 0.0000
vn -0.8051 0.5932 0.0000
vn -0.8769 0.4806 0.0000
vn -0.9332 0.3594 0.0000
vn -0.9728 0.2318 0.0000
vn -0.9950 0.1001 0.0000
vn -0.9994 -0.0334 0.0000
vn -0.9861 -0.1663 0.0000
vn -0.9551 -0.2963 0.0000
vn -0.9071 -0.4209 0.0000
vn -0.8429 -0.5381 0.0000
vn -0.7637 -0.6456 0.0000
vn -0.6708 -0.7417 0.0000
vn -0.5659 -0.8244 0.0000
vn -0.4510 -0.8925 0.0000
vn -0.3280 -0.9447 0.0000
vn -0.1992 -0.9800 0.0000
vn -0.0668 -0.9978 0.0000
vn 0.0668 -0.9978 0.0000
vn 0.1992 -0.9800 0.0000
vn 0.3280 -0.9447 0.0000
vn 0.4510 -0.8925 0.0000
vn 0.5659 -0.8244 0.0000
vn 0.6708 -0.7417 0.0000
vn 0.7637 -0.6456 0.0000
vn 0.8429 -0.5381 0.0000
vn 0.9071 -0.4209 0.0000
vn 0.9551 -0.2963 0.0000
vn 0.9861 -0.1663 0.0000
vn 0.9994 -0.0334 0.0000
vn 0.9950 0.1001 0.0000
vn 0.9728 0.2318 0.0000
vn 0.9332 0.3594 0.0000
vn 0.8769 0.4806 0.0000
vn 0.8051 0.5932 0.0000
vn 0.7188 0.6952 0.0000
vn 0.6197 0.7848 0.0000
vn 0.5096 0.8604 0.0000
vn 0.3904 0.9206 0.0000
vn 0.2642 0.9645 0.0000
vn 0.1333 0.9911 0.0000
vn 0.0000 1.0000 0.0000
vn 0.0000 1.0000 0.0000
vn -0.1333 0.9911 0.0000
vn -0.2642 0.9645 0.0000
vn -0.3904 0.9206 0.0000
vn -0.5096 0.8604 0.0000
vn -0.6197 0.7848 0.0000
vn -0.7188 0.6952 0.0000
vn -0.8051 0.5932 0.0000
vn -0.8769 0.4806 0.0000
vn -0.9332 0.3594 0.0000
vn -0.9728 0.2318 0.0000
vn -0.9950 0.1001 0.0000
vn -0.9994 -0.0334 0.0000
vn -0.9861 -0.1663 0.0000
vn -0.9551 -0.2963 0.0000
vn -0.9071 -0.4209 0.0000
vn -0.8429 -0.5381 0.0000
vn -0.7637 -0.6456 0.0000
vn -0.6708 -0.7417 0.0000
vn -0.5659 -0.8244 0.0000
vn -0.4510 -0.8925 0.0000
vn -0.3280 -0.9447 0.0000
vn -0.1992 -0.9800 0.0000
vn -0.0668 -0.9978 0.0000
vn 0.0668 -0.9978 0.0000
vn 0.1992 -0.9800 0.0000
vn 0.3280 -0.9447 0.0000
vn 0.4510 -0.8925 0.0000
vn 0.5659 -0.8244 0.0000
vn 0.6708 -0.7417 0.0000
vn 0.7637 -0.6456 0.0000
vn 0.8429 -0.5381 0.0000
vn 0.9071 -0.4209 0.0000
vn 0.9551 -0.2963 0.0000
vn 0.9861 -0.1663 0.0000
vn 0.9994 -0.0334 0.0000
vn 0.9950 0.1001 0.0000
vn 0.9728 0.2318 0.0000
vn 0.9332 0.3594 0.0000
vn 0.8769 0.4806 0.0000
vn 0.8051 0.5932 0.0000
vn 0.7188 0.6952 0.0000
vn 0.6197 0.7848 0.0000
vn 0.5096 0.8604 0.0000
vn 0.3904 0.9206 0.0000
vn 0.2642 0.9645 0.0000
vn 0.1333 0.9911 0.0000
vn 0.0000 1.0000 0.0000
vn 0.0000 1.0000 0.0000
vn -0.1333 0.9911 0.0000
vn -0.2642 0.9645 0.0000
vn -0.3904 0.9206 0.0000
vn -0.5096 0.8604 0.0000
vn -0.6197 0.7848 0.0000
vn -0.7188 0.6952 0.0000
vn -0.8051 0.5932 0.0000
vn -0.8769 0.4806 0.0000
vn -0.9332 0.3594 0.0000
vn -0.9728 0.2318 0.0000
vn -0.9950 0.1001 0.0000
vn -0.9994 -0.0334 0.0000
vn -0.9861 -0.1663 0.0000
vn -0.9551 -0.2963 0.0000
vn -0.9071 -0.4209 0.0000
vn -0.8429 -0.5381 0.0000
vn -0.7637 -0.6456 0.0000
vn -0.6708 -0.7417 0.0000
vn -0.5659 -0.8244 0.0000
vn -0.4510 -0.8925 0.0000
vn -0.3280 -0.9447 0.0000
vn -0.1992 -0.9800 0.0000
vn -0.0668 -0.9978 0.0000
vn 0.0668 -0.9978 0.0000
vn 0.1992 -0.9800 0.0000
vn 0.3280 -0.9447 0.0000
vn 0.4510 -0.8925 0.0000
vn 0.5659 -0.8244 0.0000
vn 0.6708 -0.7417 0.0000
vn 0.7637 -0.6456 0.0000
vn 0.8429 -0.5381 0.0000
vn 0.9071 -0.4209 0.0000
vn 0.9551 -0.2963 0.0000
vn 0.9861 -0.1663 0.0000
vn 0.9994 -0.0334 0.0000
vn 0.9950 0.1001 0.0000
vn 0.9728 0.2318 0.0000
vn 0.9332 0.3594 0.0000
vn 0.8769 0.4806 0.0000
vn 0.8051 0.5932 0.0000
vn 0.7188 0.6952 0.0000
vn 0.6197 0.7848 0.0000
vn 0.5096 0.8604 0.0000
vn 0.3904 0.9206 0.0000
vn 0.2642 0.9645 0.0000
vn 0.1333 0.9911 0.0000
vn 0.0000 1.0000 0.0000
vn 0.0000 1.0000 0.0000
vn -0.1333 0.9911 0.0000
vn -0.2642 0.9645 0.0000
vn -0.3904 0.9206 0.0000
vn -0.5096 0.8604 0.0000
vn -0.6197 0.7848 0.0000
vn -0.7188 0.6952 0.0000
vn -0.8051 0.5932 0.0000
vn -0.8769 0.4806 0.0000
vn -0.9332 0.3594 0.0000
vn -0.9728 0.2318 0.0000
vn -0.9950 0.1001 0.0000
vn -0.9994 -0.0334 0.0000
vn -0.9861 -0.1663 0.0000
vn -0.9551 -0.2963 0.0000
vn -0.9071 -0.4209 0.0000
vn -0.8429 -0.5381 0.0000
vn -0.7637 -0.6456 0.0000
vn -0.6708 -0.7417 0.0000
vn -0.5659 -0.8244 0.0000
vn -0.4510 -0.8925 0.0000
vn -0.3280 -0.9447 0.0000
vn -0.1992 -0.9800 0.0000
vn -0.0668 -0.9978 0.0000
vn 0.0668 -0.9978 0.0000
vn 0.1992 -0.9800 0.0000
vn 0.3280 -0.9447 0.0000
vn 0.4510 -0.8925 0.0000
vn 0.5659 -0.8244 0.0000
vn 0.6708 -0.7417 0.0000
vn 0.7637 -0.6456 0.0000
vn 0.8429 -0.5381 0.0000
vn 0.9071 -0.4209 0.0000
vn 0.9551 -0.2963 0.0000
vn 0.9861 -0.1663 0.0000
vn 0.9994 -0.0334 0.0000
vn 0.9950 0.1001 0.0000
vn 0.9728 0.2318 0.0000
vn 0.9332 0.3594 0.0000
vn 0.8769 0.4806 0.0000
vn 0.8051 0.5932 0.0000
vn 0.7188 0.6952 0.0000
vn 0.6197 0.7848 0.0000
vn 0.5096 0.8604 0.0000
vn 0.3904 0.9206 0.0000
vn 0.2642 0.9645 0.0000
vn 0.1333 0.9911 0.0000
vn 0.0000 1.0000 0.0000
vn 0.0000 1.0000 0.0000
vn -0.1333 0.9911 0.0000
vn -0.2642 0.9645 0.0000
vn -0.3904 0.9206 0.0000
vn -0.5096 0.8604 0.0000
vn -0.6197 0.7848 0.0000
vn -0.7188 0.6952 0.0000
vn -0.8051 0.5932 0.0000
vn -0.8769 0.4806 0.0000
vn -0.9332 0.3594 0.0000
vn -0.9728 0.2318 0.0000
vn -0.9950 0.1001 0.0000
vn -0.9994 -0.0334 0.0000
vn -0.9861 -0.1663 0.0000
vn -0.9551 -0.2963 0.0000
vn -0.9071 -0.4209 0.0000
vn -0.8429 -0.5381 0.0000
vn -0.7637 -0.6456 0.0000
vn -0.6708 -0.7417 0.0000
vn -0.5659 -0.8244 0.0000
vn -0.4510 -0.8925 0.0000
vn -0.3280 -0.9447 0.0000
vn -0.1992 -0.9800 0.0000
vn -0.0668 -0.9978 0.0000
vn 0.0668 -0.9978 0.0000
vn 0.1992 -0.9800 0.0000
vn 0.3280 -0.9447 0.0000
vn 0.4510 -0.8925 0.0000
vn 0.5659 -0.8244 0.0000
vn 0.6708 -0.7417 0.0000
vn 0.7637 -0.6456 0.0000
vn 0.8429 -0.5381 0.0000
vn 0.9071 -0.4209 0.0000
vn 0.9551 -0.2963 0.0000
vn 0.9861 -0.1663 0.0000
vn 0.9994 -0.0334 0.0000
vn 0.9950 0.1001 0.0000
vn 0.9728 0.2318 0.0000
vn 0.9332 0.3594 0.0000
vn 0.8769 0.4806 0.0000
vn 0.8051 0.5932 0.0000
vn 0.7188 0.6952 0.0000
vn 0.6197 0.7848 0.0000
vn 0.5096 0.8604 0.0000
vn 0.3904 0.9206 0.0000
vn 0.2642 0.9645 0.0000
vn 0.1333 0.9911 0.0000
vn 0.0000 1.0000 0.0000
vn 0.0000 1.0000 0.0000
vn -0.1333 0.9911 0.0000
vn -0.2642 0.9645 0.0000
vn -0.3904 0.9206 0.0000
vn -0.5096 0.8604 0.0000
vn -0.6197 0.7848 0.0000
vn -0.7188 0.6952 0.0000
vn -0.8051 0.5932 0.0000
vn -0.8769 0.4806 0.0000
vn -0.9332 0.3594 0.0000
vn -0.9728 0.2318 0.0000
vn -0.9950 0.1001 0.0000
vn -0.9994 -0.0334 0.0000
vn -0.9861 -0.1663 0.0000
vn -0.9551 -0.2963 0.0000
vn -0.9071 -0.4209 0.0000
vn -0.8429 -0.5381 0.0000
vn -0.7637 -0.6456 0.0000
vn -0.6708 -0.7417 0.0000
vn -0.5659 -0.8244 0.0000
vn -0.4510 -0.8925 0.0000
vn -0.3280 -0.9447 0.0000
vn -0.1992 -0.9800 0.0000
vn -0.0668 -0.9978 0.0000
vn 0.0668 -0.9978 0.0000
vn 0.1992 -0.9800 0.0000
vn 0.3280 -0.9447 0.0000
vn 0.4510 -0.8925 0.0000
vn 0.5659 -0.8244 0.0000
vn 0.6708 -0.7417 0.0000
vn 0.7637 -0.6456 0.0000
vn 0.8429 -0.5381 0.0000
vn 0.9071 -0.4209 0.0000
vn 0.9551 -0.2963 0.0000
vn 0.9861 -0.1663 0.0000
vn 0.9994 -0.0334 0.0000
vn 0.9950 0.1001 0.0000
vn 0.9728 0.2318 0.0000
vn 0.9332 0.3594 0.0000
vn 0.8769 0.4806 0.0000
vn 0.8051 0.5932 0.0000
vn 0.7188 0.6952 0.0000
vn 0.6197 0.7848 0.0000
vn 0.5096 0.8604 0.0000
vn 0.3904 0.9206 0.0000
vn 0.2642 0.9645 0.0000
vn 0.1333 0.9911 0.0000
vn 0.0000 1.0000 0.0000
vn 0.0000 1.0000 0.0000
vn -0.1333 0.9911 0.0000
vn -0.2642 0.9645 0.0000
vn -0.3904 0.9206 0.0000
vn -0.5096 0.8604 0.0000
vn -0.6197 0.7848 0.0000
vn -0.7188 0.6952 0.0000
vn -0.8051 0.5932 0.0000
vn -0.8769 0.4806 0.0000
vn -0.9332 0.3594 0.0000
vn -0.9728 0.2318 0.0000
vn -0.9950 0.1001 0.0000
vn -0.9994 -0.0334 0.0000
vn -0.9861 -0.1663 0.0000
vn -0.9551 -0.2963 0.0000
vn -0.9071 -0.4209 0.0000
vn -0.8429 -0.5381 0.0000
vn -0.7637 -0.6456 0.0000
vn -0.6708 -0.7417 0.0000
vn -0.5659 -0.8244 0.0000
vn -0.4510 -0.8925 0.0000
vn -0.3280 -0.9447 0.0000
vn -0.1992 -0.9800 0.0000
vn -0.0668 -0.9978 0.0000
vn 0.0668 -0.9978 0.0000
vn 0.1992 -0.9800 0.0000
vn 0.3280 -0.9447 0.0000
vn 0.4510 -0.8925 0.0000
vn 0.5659 -0.8244 0.0000
vn 0.6708 -0.7417 0.0000
vn 0.7637 -0.6456 0.0000
vn 0.8429 -0.5381 0.0000
vn 0.9071 -0.4209 0.0000
vn 0.9551 -0.2963 0.0000
vn 0.9861 -0.1663 0.0000
vn 0.9994 -0.0334 0.0000
vn 0.9950 0.1001 0.0000
vn 0.9728 0.2318 0.0000
vn 0.9332 0.3594 0.0000
vn 0.8769 0.4806 0.0000
vn 0.8051 0.5932 0.0000
vn 0.7188 0.6952 0.0000
vn 0.6197 0.7848 0.0000
vn 0.5096 0.8604 0.0000
vn 0.3904 0.9206 0.0000
vn 0.2642 0.9645 0.0000
vn 0.1333 0.9911 0.0000
vn 0.0000 1.0000 0.0000
vn 0.0000 1.0000 0.0000
vn -0.1333 0.9911 0.0000
vn -0.2642 0.9645 0.0000
vn -0.3904 0.9206 0.0000
vn -0.5096 0.8604 0.0000
vn -0.6197 0.7848 0.0000
vn -0.7188 0.6952 0.0000
vn -0.8051 0.5932 0.0000
vn -0.8769 0.4806 0.0000
vn -0.9332 0.3594 0.0000
vn -0.9728 0.2318 0.0000
vn -0.9950 0.1001 0.0000
vn -0.9994 -0.0334 0.0000
vn -0.9861 -0.1663 0.0000
vn -0.9551 -0.2963 0.0000
vn -0.9071 -0.4209 0.0000
vn -0.8429 -0.5381 0.0000
vn -0.7637 -0.6456 0.0000
vn -0.6708 -0.7417 0.0000
vn -0.5659 -0.8244 0.0000
vn -0.4510 -0.8925 0.0000
vn -0.3280 -0.9447 0.0000
vn -0.1992 -0.9800 0.0000
vn -0.0668 -0.9978 0.0000
vn 0.0668 -0.9978 0.0000
vn 0.1992 -0.9800 0.0000
vn 0.3280 -0.9447 0.0000
vn 0.4510 -0.8925 0.0000
vn 0.5659 -0.8244 0.0000
vn 0.6708 -0.7417 0.0000
vn 0.7637 -0.6456 0.0000
vn 0.8429 -0.5381 0.0000
vn 0.9071 -0.4209 0.0000
vn 0.9551 -0.2963 0.0000
vn 0.9861 -0.1663 0.0000
vn 0.9994 -0.0334 0.0000
vn 0.9950 0.1001 0.0000
vn 0.9728 0.2318 0.0000
vn 0.9332 0.3594 0.0000
vn 0.8769 0.4806 0.0000
vn 0.8051 0.5932 0.0000
vn 0.7188 0.6952 0.0000
vn 0.6197 0.7848 0.0000
vn 0.5096 0.8604 0.0000
vn 0.3904 0.9206 0.0000
vn 0.2642 0.9645 0.0000
vn 0.1333 0.9911 0.0000
vn 0.0000 1.0000 0.0000
vn 0.0000 1.0000 0.0000
vn -0.1333 0.9911 0.0000
vn -0.2642 0.9645 0.0000
vn -0.3904 0.9206 0.0000
vn -0.5096 0.8604 0.0000
vn -0.6197 0.7848 0.0000
vn -0.7188 0.6952 0.0000
vn -0.8051 0.5932 0.0000
vn -0.8769 0.4806 0.0000
vn -0.9332 0.3594 0.0000
vn -0.9728 0.2318 0.0000
vn -0.9950 0.1001 0.0000
vn -0.9994 -0.0334 0.0000
vn -0.9861 -0.1663 0.0000
vn -0.9551 -0.2963 0.0000
vn -0.9071 -0.4209 0.0000
vn -0.8429 -0.5381 0.0000
vn -0.7637 -0.6456 0.0000
vn -0.6708 -0.7417 0.0000
vn -0.5659 -0.8244 0.0000
vn -0.4510 -0.8925 0.0000
vn -0.3280 -0.9447 0.0000
vn -0.1992 -0.9800 0.0000
vn -0.0668 -0.9978 0.0000
vn 0.0668 -0.9978 0.0000
vn 0.1992 -0.9800 0.0000
vn 0.3280 -0.9447 0.0000
vn 0.4510 -0.8925 0.0000
vn 0.5659 -0.8244 0.0000
vn 0.6708 -0.7417 0.0000
vn 0.7637 -0.6456 0.0000
vn 0.8429 -0.5381 0.0000
vn 0.9071 -0.4209 0.0000
vn 0.9551 -0.2963 0.0000
vn 0.9861 -0.1663 0.0000
vn 0.9994 -0.0334 0.0000
vn 0.9950 0.1001 0.0000
vn 0.9728 0.2318 0.0000
vn 0.9332 0.3594 0.0000
vn 0.8769 0.4806 0.0000
vn 0.8051 0.5932 0.0000
vn 0.7188 0.6952 0.0000
vn 0.6197 0.7848 0.0000
vn 0.5096 0.8604 0.0000
vn 0.3904 0.9206 0.0000
vn 0.2642 0.9645 0.0000
vn 0.1333 0.9911 0.0000
vn 0.0000 1.0000 0.0000
vn 0.0000 1.0000 0.0000
vn -0.1333 0.9911 0.0000
vn -0.2642 0.9645 0.0000
vn -0.3904 0.9206 0.0000
vn -0.5096 0.8604 0.0000
vn -0.6197 0.7848 0.0000
vn -0.7188 0.6952 0.0000
vn -0.8051 0.5932 0.0000
vn -0.8769 0.4806 0.0000
vn -0.9332 0.3594 0.0000
vn -0.9728 0.2318 0.0000
vn -0.9950 0.1001 0.0000
vn -0.9994 -0.0334 0.0000
vn -0.9861 -0.1663 0.0000
vn -0.9551 -0.2963 0.0000
vn -0.9071 -0.4209 0.0000
vn -0.8429 -0.5381 0.0000
vn -0.7637 -0.6456 0.0000
vn -0.6708 -0.7417 0.0000
vn -0.5659 -0.8244 0.0000
vn -0.4510 -0.8925 0.0000
vn -0.3280 -0.9447 0.0000
vn -0.1992 -0.9800 0.0000
vn -0.0668 -0.9978 0.0000
vn 0.0668 -0.9978 0.0000
vn 0.1992 -0.9800 0.0000
vn 0.3280 -0.9447 0.0000
vn 0.4510 -0.8925 0.0000
vn 0.5659 -0.8244 0.0000
vn 0.6708 -0.7417 0.0000
vn 0.7637 -0.6456 0.0000
vn 0.8429 -0.5381 0.0000
vn 0.9071 -0.4209 0.0000
vn 0.9551 -0.2963 0.0000
vn 0.9861 -0.1663 0.0000
vn 0.9994 -0.0334 0.0000
vn 0.9950 0.1001 0.0000
vn 0.9728 0.2318 0.0000
vn 0.9332 0.3594 0.0000
vn 0.8769 0.4806 0.0000
vn 0.8051 0.5932 0.0000
vn 0.7188 0.6952 0.0000
vn 0.6197 0.7848 0.0000
vn 0.5096 0.8604 0.0000
vn 0.3904 0.9206 0.0000
vn 0.2642 0.9645 0.0000
vn 0.1333 0.9911 0.0000
vn 0.0000 1.0000 0.0000
vn 0.0000 1.0000 0.0000
vn -0.1333 0.9911 0.0000
vn -0.2642 0.9645 0.0000
vn -0.3904 0.9206 0.0000
vn -0.5096 0.8604 0.0000
vn -0.6197 0.7848 0.0000
vn -0.7188 0.6952 0.0000
vn -0.8051 0.5932 0.0000
vn -0.8769 0.4806 0.0000
vn -0.9332 0.3594 0.0000
vn -0.9728 0.2318 0.0000
vn -0.9950 0.1001 0.0000
vn -0.9994 -0.0334 0.0000
vn -0.9861 -0.1663 0.0000
vn -0.9551 -0.2963 0.0000
vn -0.9071 -0.4209 0.0000
vn -0.8429 -0.5381 0.0000
vn -0.7637 -0.6456 0.0000
vn -0.6708 -0.7417 0.0000
vn -0.5659 -0.8244 0.0000
vn -0.4510 -0.8925 0.0000
vn -0.3280 -0.9447 0.0000
vn -0.1992 -0.9800 0.0000
vn -0.0668 -0.9978 0.0000
vn 0.0668 -0.9978 0.0000
vn 0.1992 -0.9800 0.0000
vn 0.3280 -0.9447 0.0000
vn 0.4510 -0.8925 0.0000
vn 0.5659 -0.8244 0.0000
vn 0.6708 -0.7417 0.0000
vn 0.7637 -0.6456 0.0000
vn 0.8429 -0.5381 0.0000
vn 0.9071 -0.4209 0.0000
vn 0.9551 -0.2963 0.0000
vn 0.9861 -0.1663 0.0000
vn 0.9994 -0.0334 0.0000
vn 0.9950 0.1001 0.0000
vn 0.9728 0.2318 0.0000
vn 0.9332 0.3594 0.0000
vn 0.8769 0.4806 0.0000
vn 0.8051 0.5932 0.0000
vn 0.7188 0.6952 0.0000
vn 0.6197 0.7848 0.0000
vn 0.5096 0.8604 0.0000
vn 0.3904 0.9206 0.0000
vn 0.2642 0.9645 0.0000
vn 0.1333 0.9911 0.0000
vn 0.0000 1.0000 0.0000
vn 0.0000 1.0000 0.0000
vn -0.1333 0.9911 0.0000
vn -0.2642 0.9645 0.0000
vn -0.3904 0.9206 0.0000
vn -0.5096 0.8604 0.0000
vn -0.6197 0.7848 0.0000
vn -0.7188 0.6952 0.0000
vn -0.8051 0.5932 0.0000
vn -0.8769 0.4806 0.0000
vn -0.9332 0.3594 0.0000
vn -0.9728 0.2318 0.0000
vn -0.9950 0.1001 0.0000
vn -0.9994 -0.0334 0.0000
vn -0.9861 -0.1663 0.0000
vn -0.9551 -0.2963 0.0000
vn -0.9071 -0.4209 0.0000
vn -0.8429 -0.5381 0.0000
vn -0.7637 -0.6456 0.0000
vn -0.6708 -0.7417 0.0000
vn -0.5659 -0.8244 0.0000
vn -0.4510 -0.8925 0.0000
vn -0.3280 -0.9447 0.0000
vn -0.1992 -0.9800 0.0000
vn -0.0668 -0.9978 0.0000
vn 0.0668 -0.9978 0.0000
vn 0.1992 -0.9800 0.0000
vn 0.3280 -0.9447 0.0000
vn 0.4510 -0.8925 0.0000
vn 0.5659 -0.8244 0.0000
vn 0.6708 -0.7417 0.0000
vn 0.7637 -0.6456 0.0000
vn 0.8429 -0.5381 0.0000
vn 0.9071 -0.4209 0.0000
vn 0.9551 -0.2963 0.0000
vn 0.9861 -0.1663 0.0000
vn 0.9994 -0.0334 0.0000
vn 0.9950 0.1001 0.0000
vn 0.9728 0.2318 0.0000
vn 0.9332 0.3594 0.0000
vn 0.8769 0.4806 0.0000
vn 0.8051 0.5932 0.0000
vn 0.7188 0.6952 0.0000
vn 0.6197 0.7848 0.0000
vn 0.5096 0.8604 0.0000
vn 0.3904 0.9206 0.0000
vn 0.2642 0.9645 0.0000
vn 0.1333 0.9911 0.0000
vn 0.0000 1.0000 0.0000
vn 0.0000 1.0000 0.0000
vn -0.1333 0.9911 0.0000
vn -0.2642 0.9645 0.0000
vn -0.3904 0.9206 0.0000
vn -0.5096 0.8604 0.0000
vn -0.6197 0.7848 0.0000
vn -0.7188 0.6952 0.0000
vn -0.8051 0.5932 0.0000
vn -0.8769 0.4806 0.0000
vn -0.9332 0.3594 0.0000
vn -0.9728 0.2318 0.0000
vn -0.9950 0.1001 0.0000
vn -0.9994 -0.0334 0.0000
vn -0.9861 -0.1663 0.0000
vn -0.9551 -0.2963 0.0000
vn -0.9071 -0.4209 0.0000
vn -0.8429 -0.5381 0.0000
vn -0.7637 -0.6456 0.0000
vn -0.6708 -0.7417 0.0000
vn -0.5659 -0.8244 0.0000
vn -0.4510 -0.8925 0.0000
vn -0.3280 -0.9447 0.0000
vn -0.1992 -0.9800 0.0000
vn -0.0668 -0.9978 0.0000
vn 0.0668 -0.9978 0.0000
vn 0.1992 -0.9800 0.0000
vn 0.3280 -0.9447 0.0000
vn 0.4510 -0.8925 0.0000
vn 0.5659 -0.8244 0.0000
vn 0.6708 -0.7417 0.0000
vn 0.7637 -0.6456 0.0000
vn 0.8429 -0.5381 0.0000
vn 0.9071 -0.4209 0.0000
vn 0.9551 -0.2963 0.0000
vn 0.9861 -0.1663 0.0000
vn 0.9994 -0.0334 0.0000
vn 0.9950 0.1001 0.0000
vn 0.9728 0.2318 0.0000
vn 0.9332 0.3594 0.0000
vn 0.8769 0.4806 0.0000
vn 0.8051 0.5932 0.0000
vn 0.7188 0.6952 0.0000
vn 0.6197 0.7848 0.0000
vn 0.5096 0.8604 0.0000
vn 0.3904 0.9206 0.0000
vn 0.2642 0.9645 0.0000
vn 0.1333 0.9911 0.0000
vn 0.0000 1.0000 0.0000
vn 0.0000 1.0000 0.0000
vn -0.1333 0.9911 0.0000
vn -0.2642 0.9645 0.0000
vn -0.3904 0.9206 0.0000
vn -0.5096 0.8604 0.0000
vn -0.6197 0.7848 0.0000
vn -0.7188 0.6952 0.0000
vn -0.8051 0.5932 0.0000
vn -0.8769 0.4806 0.0000
vn -0.9332 0.3594 0.0000
vn -0.9728 0.2318 0.0000
vn -0.9950 0.1001 0.0000
vn -0.9994 -0.0334 0.0000
vn -0.9861 -0.1663 0.0000
vn -0.9551 -0.2963 0.0000
vn -0.9071 -0.4209 0.0000
vn -0.8429 -0.5381 0.0000
vn -0.7637 -0.6456 0.0000
vn -0.6708 -0.7417 0.0000
vn -0.5659 -0.8244 0.0000
vn -0.4510 -0.8925 0.0000
vn -0.3280 -0.9447 0.0000
vn -0.1992 -0.9800 0.0000
vn -0.0668 -0.9978 0.0000
vn 0.0668 -0.9978 0.0000
vn 0.1992 -0.9800 0.0000
vn 0.3280 -0.9447 0.0000
vn 0.4510 -0.8925 0.0000
vn 0.5659 -0.8244 0.0000
vn 0.6708 -0.7417 0.0000
vn 0.7637 -0.6456 0.0000
vn 0.8429 -0.5381 0.0000
vn 0.9071 -0.4209 0.0000
vn 0.9551 -0.2963 0.0000
vn 0.9861 -0.1663 0.0000
vn 0.9994 -0.0334 0.0000
vn 0.9950 0.1001 0.0000
vn 0.9728 0.2318 0.0000
vn 0.9332 0.3594 0.0000
vn 0.8769 0.4806 0.0000
vn 0.8051 0.5932 0.0000
vn 0.7188 0.6952 0.0000
vn 0.6197 0.7848 0.0000
vn 0.5096 0.8604 0.0000
vn 0.3904 0.9206 0.0000
vn 0.2642 0.9645 0.0000
vn 0.1333 0.9911 0.0000
vn 0.0000 1.0000 0.0000
vn 0.0000 1.0000 0.0000
vn -0.1333 0.9911 0.0000
vn -0.2642 0.9645 0.0000
vn -0.3904 0.9206 0.0000
vn -0.5096 0.8604 0.0000
vn -0.6197 0.7848 0.0000
vn -0.7188 0.6952 0.0000
vn -0.8051 0.5932 0.0000
vn -0.8769 0.4806 0.0000
vn -0.9332 0.3594 0.0000
vn -0.9728 0.2318 0.0000
vn -0.9950 0.1001 0.0000
vn -0.9994 -0.0334 0.0000
vn -0.9861 -0.1663 0.0000
vn -0.9551 -0.2963 0.0000
vn -0.9071 -0.4209 0.0000
vn -0.8429 -0.5381 0.0000
vn -0.7637 -0.6456 0.0000
vn -0.6708 -0.7417 0.0000
vn -0.5659 -0.8244 0.0000
vn -0.4510 -0.8925 0.0000
vn -0.3280 -0.9447 0.0000
vn -0.1992 -0.9800 0.0000
vn -0.0668 -0.9978 0.0000
vn 0.0668 -0.9978 0.0000
vn 0.1992 -0.9800 0.0000
vn 0.3280 -0.9447 0.0000
vn 0.4510 -0.8925 0.0000
vn 0.5659 -0.8244 0.0000
vn 0.6708 -0.7417 0.0000
vn 0.7637 -0.6456 0.0000
vn 0.8429 -0.5381 0.0000
vn 0.9071 -0.4209 0.0000
vn 0.9551 -0.2963 0.0000
vn 0.9861 -0.1663 0.0000
vn 0.9994 -0.0334 0.0000
vn 0.9950 0.1001 0.0000
vn 0.9728 0.2318 0.0000
vn 0.9332 0.3594 0.0000
vn 0.8769 0.4806 0.0000
vn 0.8051 0.5932 0.0000
vn 0.7188 0.6952 0.0000
vn 0.6197 0.7848 0.0000
vn 0.5096 0.8604 0.0000
vn 0.3904 0.9206 0.0000
vn 0.2642 0.9645 0.0000
vn 0.1333 0.9911 0.0000
vn 0.0000 1.0000 0.0000
vn 0.0000 1.0000 0.0000
vn -0.1333 0.9911 0.0000
vn -0.2642 0.9645 0.0000
vn -0.3904 0.9206 0.0000
vn -0.5096 0.8604 0.0000
vn -0.6197 0.7848 0.0000
vn -0.7188 0.6952 0.0000
vn -0.8051 0.5932 0.0000
vn -0.8769 0.4806 0.0000
vn -0.9332 0.3594 0.0000
vn -0.9728 0.2318 0.0000
vn -0.9950 0.1001 0.0000
vn -0.9994 -0.0334 0.0000
vn -0.9861 -0.1663 0.0000
vn -0.9551 -0.2963 0.0000
vn -0.9071 -0.4209 0.0000
vn -0.8429 -0.5381 0.0000
vn -0.7637 -0.6456 0.0000
vn -0.6708 -0.7417 0.0000
vn -0.5659 -0.8244 0.0000
vn -0.4510 -0.8925 0.0000
vn -0.3280 -0.9447 0.0000
vn -0.1992 -0.9800 0.0000
vn -0.0668 -0.9978 0.0000
vn 0.0668 -0.9978 0.0000
vn 0.1992 -0.9800 0.0000
vn 0.3280 -0.9447 0.0000
vn 0.4510 -0.8925 0.0000
vn 0.5659 -0.8244 0.0000
vn 0.6708 -0.7417 0.0000
vn 0.7637 -0.6456 0.0000
vn 0.8429 -0.5381 0.0000
vn 0.9071 -0.4209 0.0000
vn 0.9551 -0.2963 0.0000
vn 0.9861 -0.1663 0.0000
vn 0.9994 -0.0334 0.0000
vn 0.9950 0.1001 0.0000
vn 0.9728 0.2318 0.0000
vn 0.9332 0.3594 0.0000
vn 0.8769 0.4806 0.0000
vn 0.8051 0.5932 0.0000
vn 0.7188 0.6952 0.0000
vn 0.6197 0.7848 0.0000
vn 0.5096 0.8604 0.0000
vn 0.3904 0.9206 0.0000
vn 0.2642 0.9645 0.0000
vn 0.1333 0.9911 0.0000
vn 0.0000 1.0000 0.0000
vn 0.0000 1.0000 0.0000
vn -0.1333 0.9911 0.0000
vn -0.2642 0.9645 0.0000
vn -0.3904 0.9206 0.0000
vn -0.5096 0.8604 0.0000
vn -0.6197 0.7848 0.0000
vn -0.7188 0.6952 0.0000
vn -0.8051 0.5932 0.0000
vn -0.8769 0.4806 0.0000
vn -0.9332 0.3594 0.0000
vn -0.9728 0.2318 0.0000
vn -0.9950 0.1001 0.0000
vn -0.9994 -0.0334 0.0000
vn -0.9861 -0.1663 0.0000
vn -0.9551 -0.2963 0.0000
vn -0.9071 -0.4209 0.0000
vn -0.8429 -0.5381 0.0000
vn -0.7637 -0.6456 0.0000
vn -0.6708 -0.7417 0.0000
vn -0.5659 -0.8244 0.0000
vn -0.4510 -0.8925 0.0000
vn -0.3280 -0.9447 0.0000
vn -0.1992 -0.9800 0.0000
vn -0.0668 -0.9978 0.0000
vn 0.0668 -0.9978 0.0000
vn 0.1992 -0.9800 0.0000
vn 0.3280 -0.9447 0.0000
vn 0.4510 -0.8925 0.0000
vn 0.5659 -0.8244 0.0000
vn 0.6708 -0.7417 0.0000
vn 0.7637 -0.6456 0.0000
vn 0.8429 -0.5381 0.0000
vn 0.9071 -0.4209 0.0000
vn 0.9551 -0.2963 0.0000
vn 0.9861 -0.1663 0.0000
vn 0.9994 -0.0334 0.0000
vn 0.9950 0.1001 0.0000
vn 0.9728 0.2318 0.0000
vn 0.9332 0.3594 0.0000
vn 0.8769 0.4806 0.0000
vn 0.8051 0.5932 0.0000
vn 0.7188 0.6952 0.0000
vn 0.6197 0.7848 0.0000
vn 0.5096 0.8604 0.0000
vn 0.3904 0.9206 0.0000
vn 0.2642 0.9645 0.0000
vn 0.1333 0.9911 0.0000
vn 0.0000 1.0000 0.0000
vn 0.0000 1.0000 0.0000
vn -0.1333 0.9911 0.0000
vn -0.2642 0.9645 0.0000
vn -0.3904 0.9206 0.0000
vn -0.5096 0.8604 0.0000
vn -0.6197 0.7848 0.0000
vn -0.7188 0.6952 0.0000
vn -0.8051 0.5932 0.0000
vn -0.8769 0.4806 0.0000
vn -0.9332 0.3594 0.0000
vn -0.9728 0.2318 0.0000
vn -0.9950 0.1001 0.0000
vn -0.9994 -0.0334 0.0000
vn -0.9861 -0.1663 0.0000
vn -0.9551 -0.2963 0.0000
vn -0.9071 -0.4209 0.0000
vn -0.8429 -0.5381 0.0000
vn -0.7637 -0.6456 0.0000
vn -0.6708 -0.7417 0.0000
vn -0.5659 -0.8244 0.0000
vn -0.4510 -0.8925 0.0000
vn -0.3280 -0.9447 0.0000
vn -0.1992 -0.9800 0.0000
vn -0.0668 -0.9978 0.0000
vn 0.0668 -0.9978 0.0000
vn 0.1992 -0.9800 0.0000
vn 0.3280 -0.9447 0.0000
vn 0.4510 -0.8925 0.0000
vn 0.5659 -0.8244 0.0000
vn 0.6708 -0.7417 0.0000
vn 0.7637 -0.6456 0.0000
vn 0.8429 -0.5381 0.0000
vn 0.9071 -0.4209 0.0000
vn 0.9551 -0.2963 0.0000
vn 0.9861 -0.1663 0.0000
vn 0.9994 -0.0334 0.0000
vn 0.9950 0.1001 0.0000
vn 0.9728 0.2318 0.0000
vn 0.9332 0.3594 0.0000
vn 0.8769 0.4806 0.0000
vn 0.8051 0.5932 0.0000
vn 0.7188 0.6952 0.0000
vn 0.6197 0.7848 0.0000
vn 0.5096 0.8604 0.0000
vn 0.3904 0.9206 0.0000
vn 0.2642 0.9645 0.0000
vn 0.1333 0.9911 0.0000
vn 0.0000 1.0000 0.0000
vn 0.0000 1.0000 0.0000
vn -0.1333 0.9911 0.0000
vn -0.2642 0.9645 0.0000
vn -0.3904 0.9206 0.0000
vn -0.5096 0.8604 0.0000
vn -0.6197 0.7848 0.0000
vn -0.7188 0.6952 0.0000
vn -0.8051 0.5932 0.0000
vn -0.8769 0.4806 0.0000
vn -0.9332 0.3594 0.0000
vn -0.9728 0.2318 0.0000
vn -0.9950 0.1001 0.0000
vn -0.9994 -0.0334 0.0000
vn -0.9861 -0.1663 0.0000
vn -0.9551 -0.2963 0.0000
vn -0.9071 -0.4209 0.0000
vn -0.8429 -0.5381 0.0000
vn -0.7637 -0.6456 0.0000
vn -0.6708 -0.7417 0.0000
vn -0.5659 -0.8244 0.0000
vn -0.4510 -0.8925 0.0000
vn -0.3280 -0.9447 0.0000
vn -0.1992 -0.9800 0.0000
vn -0.0668 -0.9978 0.0000
vn 0.0668 -0.9978 0.0000
vn 0.1992 -0.9800 0.0000
vn 0.3280 -0.9447 0.0000
vn 0.4510 -0.8925 0.0000
vn 0.5659 -0.8244 0.0000
vn 0.6708 -0.7417 0.0000
vn 0.7637 -0.6456 0.0000
vn 0.8429 -0.5381 0.0000
vn 0.9071 -0.4209 0.0000
vn 0.9551 -0.2963 0.0000
vn 0.9861 -0.1663 0.0000
vn 0.9994 -0.0334 0.0000
vn 0.9950 0.1001 0.0000
vn 0.9728 0.2318 0.0000
vn 0.9332 0.3594 0.0000
vn 0.8769 0.4806 0.0000
vn 0.8051 0.5932 0.0000
vn 0.7188 0.6952 0.0000
vn 0.6197 0.7848 0.0000
vn 0.5096 0.8604 0.0000
vn 0.3904 0.9206 0.0000
vn 0.2642 0.9645 0.0000
vn 0.1333 0.9911 0.0000
vn 0.0000 1.0000 0.0000
vn 0.0000 1.0000 0.0000
vn -0.1333 0.9911 0.0000
vn -0.2642 0.9645 0.0000
vn -0.3904 0.9206 0.0000
vn -0.5096 0.8604 0.0000
vn -0.6197 0.7848 0.0000
vn -0.7188 0.6952 0.0000
vn -0.8051 0.5932 0.0000
vn -0.8769 0.4806 0.0000
vn -0.9332 0.3594 0.0000
vn -0.9728 0.2318 0.0000
vn -0.9950 0.1001 0.0000
vn -0.9994 -0.0334 0.0000
vn -0.9861 -0.1663 0.0000
vn -0.9551 -0.2963 0.0000
vn -0.9071 -0.4209 0.0000
vn -0.8429 -0.5381 0.0000
vn -0.7637 -0.6456 0.0000
vn -0.6708 -0.7417 0.0000
vn -0.5659 -0.8244 0.0000
vn -0.4510 -0.8925 0.0000
vn -0.3280 -0.9447 0.0000
vn -0.1992 -0.9800 0.0000
vn -0.0668 -0.9978 0.0000
vn 0.0668 -0.9978 0.0000
vn 0.1992 -0.9800 0.0000
vn 0.3280 -0.9447 0.0000
vn 0.4510 -0.8925 0.0000
vn 0.5659 -0.8244 0.0000
vn 0.6708 -0.7417 0.0000
vn 0.7637 -0.6456 0.0000
vn 0.8429 -0.5381 0.0000
vn 0.9071 -0.4209 0.0000
vn 0.9551 -0.2963 0.0000
vn 0.9861 -0.1663 0.0000
vn 0.9994 -0.0334 0.0000
vn 0.9950 0.1001 0.0000
vn 0.9728 0.2318 0.0000
vn 0.9332 0.3594 0.0000
vn 0.8769 0.4806 0.0000
vn 0.8051 0.5932 0.0000
vn 0.7188 0.6952 0.0000
vn 0.6197 0.7848 0.0000
vn 0.5096 0.8604 0.0000
vn 0.3904 0.9206 0.0000
vn 0.2642 0.9645 0.0000
vn 0.1333 0.9911 0.0000
vn 0.0000 1.0000 0.0000
vn 0.0000 1.0000 0.0000
vn -0.1333 0.9911 0.0000
vn -0.2642 0.9645 0.0000
vn -0.3904 0.9206 0.0000
vn -0.5096 0.8604 0.0000
vn -0.6197 0.7848 0.0000
vn -0.7188 0.6952 0.0000
vn -0.8051 0.5932 0.0000
vn -0.8769 0.4806 0.0000
vn -0.9332 0.3594 0.0000
vn -0.9728 0.2318 0.0000
vn -0.9950 0.1001 0.0000
vn -0.9994 -0.0334 0.0000
vn -0.9861 -0.1663 0.0000
vn -0.9551 -0.2963 0.0000
vn -0.9071 -0.4209 0.0000
vn -0.8429 -0.5381 0.0000
vn -0.7637 -0.6456 0.0000
vn -0.6708 -0.7417 0.0000
vn -0.5659 -0.8244 0.0000
vn -0.4510 -0.8925 0.0000
vn -0.3280 -0.9447 0.0000
vn -0.1992 -0.9800 0.0000
vn -0.0668 -0.9978 0.0000
vn 0.0668 -0.9978 0.0000
vn 0.1992 -0.9800 0.0000
vn 0.3280 -0.9447 0.0000
vn 0.4510 -0.8925 0.0000
vn 0.5659 -0.8244 0.0000
vn 0.6708 -0.7417 0.0000
vn 0.7637 -0.6456 0.0000
vn 0.8429 -0.5381 0.0000
vn 0.9071 -0.4209 0.0000
vn 0.9551 -0.2963 0.0000
vn 0.9861 -0.1663 0.0000
vn 0.9994 -0.0334 0.0000
vn 0.9950 0.1001 0.0000
vn 0.9728 0.2318 0.0000
vn 0.9332 0.3594 0.0000
vn 0.8769 0.4806 0.0000
vn 0.8051 0.5932 0.0000
vn 0.7188 0.6952 0.0000
vn 0.6197 0.7848 0.0000
vn 0.5096 0.8604 0.0000
vn 0.3904 0.9206 0.0000
vn 0.2642 0.9645 0.0000
vn 0.1333 0.9911 0.0000
vn 0.0000 1.0000 0.0000
vn 0.0000 1.0000 0.0000
vn -0.1333 0.9911 0.0000
vn -0.2642 0.9645 0.0000
vn -0.3904 0.9206 0.0000
vn -0.5096 0.8604 0.0000
vn -0.6197 0.7848 0.0000
vn -0.7188 0.6952 0.0000
vn -0.8051 0.5932 0.0000
vn -0.8769 0.4806 0.0000
vn -0.9332 0.3594 0.0000
vn -0.9728 0.2318 0.0000
vn -0.9950 0.1001 0.0000
vn -0.9994 -0.0334 0.0000
vn -0.9861 -0.1663 0.0000
vn -0.9551 -0.2963 0.0000
vn -0.9071 -0.4209 0.0000
vn -0.8429 -0.5381 0.0000
vn -0.7637 -0.6456 0.0000
vn -0.6708 -0.7417 0.0000
vn -0.5659 -0.8244 0.0000
vn -0.4510 -0.8925 0.0000
vn -0.3280 -0.9447 0.0000
vn -0.1992 -0.9800 0.0000
vn -0.0668 -0.9978 0.0000
vn 0.0668 -0.9978 0.0000
vn 0.1992 -0.9800 0.0000
vn 0.3280 -0.9447 0.0000
vn 0.4510 -0.8925 0.0000
vn 0.5659 -0.8244 0.0000
vn 0.6708 -0.7417 0.0000
vn 0.7637 -0.6456 0.0000
vn 0.8429 -0.5381 0.0000
vn 0.9071 -0.4209 0.0000
vn 0.9551 -0.2963 0.0000
vn 0.9861 -0.1663 0.0000
vn 0.9994 -0.0334 0.0000
vn 0.9950 0.1001 0.0000
vn 0.9728 0.2318 0.0000
vn 0.9332 0.3594 0.0000
vn 0.8769 0.4806 0.0000
vn 0.8051 0.5932 0.0000
vn 0.7188 0.6952 0.0000
vn 0.6197 0.7848 0.0000
vn 0.5096 0.8604 0.0000
vn 0.3904 0.9206 0.0000
vn 0.2642 0.9645 0.0000
vn 0.1333 0.9911 0.0000
vn 0.0000 1.0000 0.0000
vn 0.0000 1.0000 0.0000
vn -0.1333 0.9911 0.0000
vn -0.2642 0.9645 0.0000
vn -0.3904 0.9206 0.0000
vn -0.5096 0.8604 0.0000
vn -0.6197 0.7848 0.0000
vn -0.7188 0.6952 0.0000
vn -0.8051 0.5932 0.0000
vn -0.8769 0.4806 0.0000
vn -0.9332 0.3594 0.0000
vn -0.9728 0.2318 0.0000
vn -0.9950 0.1001 0.0000
vn -0.9994 -0.0334 0.0000
vn -0.9861 -0.1663 0.0000
vn -0.9551 -0.2963 0.0000
vn -0.9071 -0.4209 0.0000
vn -0.8429 -0.5381 0.0000
vn -0.7637 -0.6456 0.0000
vn -0.6708 -0.7417 0.0000
vn -0.5659 -0.8244 0.0000
vn -0.4510 -0.8925 0.0000
vn -0.3280 -0.9447 0.0000
vn -0.1992 -0.9800 0.0000
vn -0.0668 -0.9978 0.0000
vn 0.0668 -0.9978 0.0000
vn 0.1992 -0.9800 0.0000
vn 0.3280 -0.9447 0.0000
vn 0.4510 -0.8925 0.0000
vn 0.5659 -0.8244 0.0000
vn 0.6708 -0.7417 0.0000
vn 0.7637 -0.6456 0.0000
vn 0.8429 -0.5381 0.0000
vn 0.9071 -0.4209 0.0000
vn 0.9551 -0.2963 0.0000
vn 0.9861 -0.1663 0.0000
vn 0.9994 -0.0334 0.0000
vn 0.9950 0.1001 0.0000
vn 0.9728 0.2318 0.0000
vn 0.9332 0.3594 0.0000
vn 0.8769 0.4806 0.0000
vn 0.8051 0.5932 0.0000
vn 0.7188 0.6952 0.0000
vn 0.6197 0.7848 0.0000
vn 0.5096 0.8604 0.0000
vn 0.3904 0.9206 0.0000
vn 0.2642 0.9645 0.0000
vn 0.1333 0.9911 0.0000
vn 0.0000 1.0000 0.0000
vn 0.0000 1.0000 0.0000
vn -0.1333 0.9911 0.0000
vn -0.2642 0.9645 0.0000
vn -0.3904 0.9206 0.0000
vn -0.5096 0.8604 0.0000
vn -0.6197 0.7848 0.0000
vn -0.7188 0.6952 0.0000
vn -0.8051 0.5932 0.0000
vn -0.8769 0.4806 0.0000
vn -0.9332 0.3594 0.0000
vn -0.9728 0.2318 0.0000
vn -0.9950 0.1001 0.0000
vn -0.9994 -0.0334 0.0000
vn -0.9861 -0.1663 0.0000
vn -0.9551 -0.2963 0.0000
vn -0.9071 -0.4209 0.0000
vn -0.8429 -0.5381 0.0000
vn -0.7637 -0.6456 0.0000
vn -0.6708 -0.7417 0.0000
vn -0.5659 -0.8244 0.0000
vn -0.4510 -0.8925 0.0000
vn -0.3280 -0.9447 0.0000
vn -0.1992 -0.9800 0.0000
vn -0.0668 -0.9978 0.0000
vn 0.0668 -0.9978 0.0000
vn 0.1992 -0.9800 0.0000
vn 0.3280 -0.9447 0.0000
vn 0.4510 -0.8925 0.0000
vn 0.5659 -0.8244 0.0000
vn 0.6708 -0.7417 0.0000
vn 0.7637 -0.6456 0.0000
vn 0.8429 -0.5381 0.0000
vn 0.9071 -0.4209 0.0000
vn 0.9551 -0.2963 0.0000
vn 0.9861 -0.1663 0.0000
vn 0.9994 -0.0334 0.0000
vn 0.9950 0.1001 0.0000
vn 0.9728 0.2318 0.0000
vn 0.9332 0.3594 0.0000
vn 0.8769 0.4806 0.0000
vn 0.8051 0.5932 0.0000
vn 0.7188 0.6952 0.0000
vn 0.6197 0.7848 0.0000
vn 0.5096 0.8604 0.0000
vn 0.3904 0.9206 0.0000
vn 0.2642 0.9645 0.0000
vn 0.1333 0.9911 0.0000
vn 0.0000 1.0000 0.0000
vn 0.0000 1.0000 0.0000
vn -0.1333 0.9911 0.0000
vn -0.2642 0.9645 0.0000
vn -0.3904 0.9206 0.0000
vn -0.5096 0.8604 0.0000
vn -0.6197 0.7848 0.0000
vn -0.7188 0.6952 0.0000
vn -0.8051 0.5932 0.0000
vn -0.8769 0.4806 0.0000
vn -0.9332 0.3594 0.0000
vn -0.9728 0.2318 0.0000
vn -0.9950 0.1001 0.0000
vn -0.9994 -0.0334 0.0000
vn -0.9861 -0.1663 0.0000
vn -0.9551 -0.2963 0.0000
vn -0.9071 -0.4209 0.0000
vn -0.8429 -0.5381 0.0000
vn -0.7637 -0.6456 0.0000
vn -0.6708 -0.7417 0.0000
vn -0.5659 -0.8244 0.0000
vn -0.4510 -0.8925 0.0000
vn -0.3280 -0.9447 0.0000
vn -0.1992 -0.9800 0.0000
vn -0.0668 -0.9978 0.0000
vn 0.0668 -0.9978 0.0000
vn 0.1992 -0.9800 0.0000
vn 0.3280 -0.9447 0.0000
vn 0.4510 -0.8925 0.0000
vn 0.5659 -0.8244 0.0000
vn 0.6708 -0.7417 0.0000
vn 0.7637 -0.6456 0.0000
vn 0.8429 -0.5381 0.0000
vn 0.9071 -0.4209 0.0000
vn 0.9551 -0.2963 0.0000
vn 0.9861 -0.1663 0.0000
vn 0.9994 -0.0334 0.0000
vn 0.9950 0.1001 0.0000
vn 0.9728 0.2318 0.0000
vn 0.9332 0.3594 0.0000
vn 0.8769 0.4806 0.0000
vn 0.8051 0.5932 0.0000
vn 0.7188 0.6952 0.0000
vn 0.6197 0.7848 0.0000
vn 0.5096 0.8604 0.0000
vn 0.3904 0.9206 0.0000
vn 0.2642 0.9645 0.0000
vn 0.1333 0.9911 0.0000
vn 0.0000 1.0000 0.0000
vn 0.0000 1.0000 0.0000
vn -0.1333 0.9911 0.0000
vn -0.2642 0.9645 0.0000
vn -0.3904 0.9206 0.0000
vn -0.5096 0.8604 0.0000
vn -0.6197 0.7848 0.0000
vn -0.7188 0.6952 0.0000
vn -0.8051 0.5932 0.0000
vn -0.8769 0.4806 0.0000
vn -0.9332 0.3594 0.0000
vn -0.9728 0.2318 0.0000
vn -0.9950 0.1001 0.0000
vn -0.9994 -0.0334 0.0000
vn -0.9861 -0.1663 0.0000
vn -0.9551 -0.2963 0.0000
vn -0.9071 -0.4209 0.0000
vn -0.8429 -0.5381 0.0000
vn -0.7637 -0.6456 0.0000
vn -0.6708 -0.7417 0.0000
vn -0.5659 -0.8244 0.0000
vn -0.4510 -0.8925 0.0000
vn -0.3280 -0.9447 0.0000
vn -0.1992 -0.9800 0.0000
vn -0.0668 -0.9978 0.0000
vn 0.0668 -0.9978 0.0000
vn 0.1992 -0.9800 0.0000
vn 0.3280 -0.9447 0.0000
vn 0.4510 -0.8925 0.0000
vn 0.5659 -0.8244 0.0000
vn 0.6708 -0.7417 0.0000
vn 0.7637 -0.6456 0.0000
vn 0.8429 -0.5381 0.0000
vn 0.9071 -0.4209 0.0000
vn 0.9551 -0.2963 0.0000
vn 0.9861 -0.1663 0.0000
vn 0.9994 -0.0334 0.0000
vn 0.9950 0.1001 0.0000
vn 0.9728 0.2318 0.0000
vn 0.9332 0.3594 0.0000
vn 0.8769 0.4806 0.0000
vn 0.8051 0.5932 0.0000
vn 0.7188 0.6952 0.0000
vn 0.6197 0.7848 0.0000
vn 0.5096 0.8604 0.0000
vn 0.3904 0.9206 0.0000
vn 0.2642 0.9645 0.0000
vn 0.1333 0.9911 0.0000
vn 0.0000 1.0000 0.0000
vn 0.0000 1.0000 0.0000
vn -0.1333 0.9911 0.0000
vn -0.2642 0.9645 0.0000
vn -0.3904 0.9206 0.0000
vn -0.5096 0.8604 0.0000
vn -0.6197 0.7848 0.0000
vn -0.7188 0.6952 0.0000
vn -0.8051 0.5932 0.0000
vn -0.8769 0.4806 0.0000
vn -0.9332 0.3594 0.0000
vn -0.9728 0.2318 0.0000
vn -0.9950 0.1001 0.0000
vn -0.9994 -0.0334 0.0000
vn -0.9861 -0.1663 0.0000
vn -0.9551 -0.2963 0.0000
vn -0.9071 -0.4209 0.0000
vn -0.8429 -0.5381 0.0000
vn -0.7637 -0.6456 0.0000
vn -0.6708 -0.7417 0.0000
vn -0.5659 -0.8244 0.0000
vn -0.4510 -0.8925 0.0000
vn -0.3280 -0.9447 0.0000
vn -0.1992 -0.9800 0.0000
vn -0.0668 -0.9978 0.0000
vn 0.0668 -0.9978 0.0000
vn 0.1992 -0.9800 0.0000
vn 0.3280 -0.9447 0.0000
vn 0.4510 -0.8925 0.0000
vn 0.5659 -0.8244 0.0000
vn 0.6708 -0.7417 0.0000
vn 0.7637 -0.6456 0.0000
vn 0.8429 -0.5381 0.0000
vn 0.9071 -0.4209 0.0000
vn 0.9551 -0.2963 0.0000
vn 0.9861 -0.1663 0.0000
vn 0.9994 -0.0334 0.0000
vn 0.9950 0.1001 0.0000
vn 0.9728 0.2318 0.0000
vn 0.9332 0.3594 0.0000
vn 0.8769 0.4806 0.0000
vn 0.8051 0.5932 0.0000
vn 0.7188 0.6952 0.0000
vn 0.6197 0.7848 0.0000
vn 0.5096 0.8604 0.0000
vn 0.3904 0.9206 0.0000
vn 0.2642 0.9645 0.0000
vn 0.1333 0.9911 0.0000
vn 0.0000 1.0000 0.0000
vn 0.0000 1.0000 0.0000
vn -0.1333 0.9911 0.0000
vn -0.2642 0.9645 0.0000
vn -0.3904 0.9206 0.0000
vn -0.5096 0.8604 0.0000
vn -0.6197 0.7848 0.0000
vn -0.7188 0.6952 0.0000
vn -0.8051 0.5932 0.0000
vn -0.8769 0.4806 0.0000
vn -0.9332 0.3594 0.0000
vn -0.9728 0.2318 0.0000
vn -0.9950 0.1001 0.0000
vn -0.9994 -0.0334 0.0000
vn -0.9861 -0.1663 0.0000
vn -0.9551 -0.2963 0.0000
vn -0.9071 -0.4209 0.0000
vn -0.8429 -0.5381 0.0000
vn -0.7637 -0.6456 0.0000
vn -0.6708 -0.7417 0.0000
vn -0.5659 -0.8244 0.0000
vn -0.4510 -0.8925 0.0000
vn -0.3280 -0.9447 0.0000
vn -0.1992 -0.9800 0.0000
vn -0.0668 -0.9978 0.0000
vn 0.0668 -0.9978 0.0000
vn 0.1992 -0.9800 0.0000
vn 0.3280 -0.9447 0.0000
vn 0.4510 -0.8925 0.0000
vn 0.5659 -0.8244 0.0000
vn 0.6708 -0.7417 0.0000
vn 0.7637 -0.6456 0.0000
vn 0.8429 -0.5381 0.0000
vn 0.9071 -0.4209 0.0000
vn 0.9551 -0.2963 0.0000
vn 0.9861 -0.1663 0.0000
vn 0.9994 -0.0334 0.0000
vn 0.9950 0.1001 0.0000
vn 0.9728 0.2318 0.0000
vn 0.9332 0.3594 0.0000
vn 0.8769 0.4806 0.0000
vn 0.8051 0.5932 0.0000
vn 0.7188 0.6952 0.0000
vn 0.6197 0.7848 0.0000
vn 0.5096 0.8604 0.0000
vn 0.3904 0.9206 0.0000
vn 0.2642 0.9645 0.0000
vn 0.1333 0.9911 0.0000
vn 0.0000 1.0000 0.0000
vn 0.0000 1.0000 0.0000
vn -0.1333 0.9911 0.0000
vn -0.2642 0.9645 0.0000
vn -0.3904 0.9206 0.0000
vn -0.5096 0.8604 0.0000
vn -0.6197 0.7848 0.0000
vn -0.7188 0.6952 0.0000
vn -0.8051 0.5932 0.0000
vn -0.8769 0.4806 0.0000
vn -0.9332 0.3594 0.0000
vn -0.9728 0.2318 0.0000
vn -0.9950 0.1001 0.0000
vn -0.9994 -0.0334 0.0000
vn -0.9861 -0.1663 0.0000
vn -0.9551 -0.2963 0.0000
vn -0.9071 -0.4209 0.0000
vn -0.8429 -0.5381 0.0000
vn -0.7637 -0.6456 0.0000
vn -0.6708 -0.7417 0.0000
vn -0.5659 -0.8244 0.0000
vn -0.4510 -0.8925 0.0000
vn -0.3280 -0.9447 0.0000
vn -0.1992 -0.9800 0.0000
vn -0.0668 -0.9978 0.0000
vn 0.0668 -0.9978 0.0000
vn 0.1992 -0.9800 0.0000
vn 0.3280 -0.9447 0.0000
vn 0.4510 -0.8925 0.0000
vn 0.5659 -0.8244 0.0000
vn 0.6708 -0.7417 0.0000
vn 0.7637 -0.6456 0.0000
vn 0.8429 -0.5381 0.0000
vn 0.9071 -0.4209 0.0000
vn 0.9551 -0.2963 0.0000
vn 0.9861 -0.1663 0.0000
vn 0.9994 -0.0334 0.0000
vn 0.9950 0.1001 0.0000
vn 0.9728 0.2318 0.0000
vn 0.9332 0.3594 0.0000
vn 0.8769 0.4806 0.0000
vn 0.8051 0.5932 0.0000
vn 0.7188 0.6952 0.0000
vn 0.6197 0.7848 0.0000
vn 0.5096 0.8604 0.0000
vn 0.3904 0.9206 0.0000
vn 0.2642 0.9645 0.0000
vn 0.1333 0.9911 0.0000
vn 0.0000 1.0000 0.0000
vn 0.0000 1.0000 0.0000
vn -0.1333 0.9911 0.0000
vn -0.2642 0.9645 0.0000
vn -0.3904 0.9206 0.0000
vn -0.5096 0.8604 0.0000
vn -0.6197 0.7848 0.0000
vn -0.7188 0.6952 0.0000
vn -0.8051 0.5932 0.0000
vn -0.8769 0.4806 0.0000
vn -0.9332 0.3594 0.0000
vn -0.9728 0.2318 0.0000
vn -0.9950 0.1001 0.0000
vn -0.9994 -0.0334 0.0000
vn -0.9861 -0.1663 0.0000
vn -0.9551 -0.2963 0.0000
vn -0.9071 -0.4209 0.0000
vn -0.8429 -0.5381 0.0000
vn -0.7637 -0.6456 0.0000
vn -0.6708 -0.7417 0.0000
vn -0.5659 -0.8244 0.0000
vn -0.4510 -0.8925 0.0000
vn -0.3280 -0.9447 0.0000
vn -0.1992 -0.9800 0.0000
vn -0.0668 -0.9978 0.0000
vn 0.0668 -0.9978 0.0000
vn 0.1992 -0.9800 0.0000
vn 0.3280 -0.9447 0.0000
vn 0.4510 -0.8925 0.0000
vn 0.5659 -0.8244 0.0000
vn 0.6708 -0.7417 0.0000
vn 0.7637 -0.6456 0.0000
vn 0.8429 -0.5381 0.0000
vn 0.9071 -0.4209 0.0000
vn 0.9551 -0.2963 0.0000
vn 0.9861 -0.1663 0.0000
vn 0.9994 -0.0334 0.0000
vn 0.9950 0.1001 0.0000
vn 0.9728 0.2318 0.0000
vn 0.9332 0.3594 0.0000
vn 0.8769 0.4806 0.0000
vn 0.8051 0.5932 0.0000
vn 0.7188 0.6952 0.0000
vn 0.6197 0.7848 0.0000
vn 0.5096 0.8604 0.0000
vn 0.3904 0.9206 0.0000
vn 0.2642 0.9645 0.0000
vn 0.1333 0.9911 0.0000
vn 0.0000 1.0000 0.0000
vn 0.0000 1.0000 0.0000
vn -0.1333 0.9911 0.0000
vn -0.2642 0.9645 0.0000
vn -0.3904 0.9206 0.0000
vn -0.5096 0.8604 0.0000
vn -0.6197 0.7848 0.0000
vn -0.7188 0.6952 0.0000
vn -0.8051 0.5932 0.0000
vn -0.8769 0.4806 0.0000
vn -0.9332 0.3594 0.0000
vn -0.9728 0.2318 0.0000
vn -0.9950 0.1001 0.0000
vn -0.9994 -0.0334 0.0000
vn -0.9861 -0.1663 0.0000
vn -0.9551 -0.2963 0.0000
vn -0.9071 -0.4209 0.0000
vn -0.8429 -0.5381 0.0000
vn -0.7637 -0.6456 0.0000
vn -0.6708 -0.7417 0.0000
vn -0.5659 -0.8244 0.0000
vn -0.4510 -0.8925 0.0000
vn -0.3280 -0.9447 0.0000
vn -0.1992 -0.9800 0.0000
vn -0.0668 -0.9978 0.0000
vn 0.0668 -0.9978 0.0000
vn 0.1992 -0.9800 0.0000
vn 0.3280 -0.9447 0.0000
vn 0.4510 -0.8925 0.0000
vn 0.5659 -0.8244 0.0000
vn 0.6708 -0.7417 0.0000
vn 0.7637 -0.6456 0.0000
vn 0.8429 -0.5381 0.0000
vn 0.9071 -0.4209 0.0000
vn 0.9551 -0.2963 0.0000
vn 0.9861 -0.1663 0.0000
vn 0.9994 -0.0334 0.0000
vn 0.9950 0.1001 0.0000
vn 0.9728 0.2318 0.0000
vn 0.9332 0.3594 0.0000
vn 0.8769 0.4806 0.0000
vn 0.8051 0.5932 0.0000
vn 0.7188 0.6952 0.0000
vn 0.6197 0.7848 0.0000
vn 0.5096 0.8604 0.0000
vn 0.3904 0.9206 0.0000
vn 0.2642 0.9645 0.0000
vn 0.1333 0.9911 0.0000
vn 0.0000 1.0000 0.0000
vn 0.0000 1.0000 0.0000
vn -0.1333 0.9911 0.0000
vn -0.2642 0.9645 0.0000
vn -0.3904 0.9206 0.0000
vn -0.5096 0.8604 0.0000
vn -0.6197 0.7848 0.0000
vn -0.7188 0.6952 0.0000
vn -0.8051 0.5932 0.0000
vn -0.8769 0.4806 0.0000
vn -0.9332 0.3594 0.0000
vn -0.9728 0.2318 0.0000
vn -0.9950 0.1001 0.0000
vn -0.9994 -0.0334 0.0000
vn -0.9861 -0.1663 0.0000
vn -0.9551 -0.2963 0.0000
vn -0.9071 -0.4209 0.0000
vn -0.8429 -0.5381 0.0000
vn -0.7637 -0.6456 0.0000
vn -0.6708 -0.7417 0.0000
vn -0.5659 -0.8244 0.0000
vn -0.4510 -0.8925 0.0000
vn -0.3280 -0.9447 0.0000
vn -0.1992 -0.9800 0.0000
vn -0.0668 -0.9978 0.0000
vn 0.0668 -0.9978 0.0000
vn 0.1992 -0.9800 0.0000
vn 0.3280 -0.9447 0.0000
vn 0.4510 -0.8925 0.0000
vn 0.5659 -0.8244 0.0000
vn 0.6708 -0.7417 0.0000
vn 0.7637 -0.6456 0.0000
vn 0.8429 -0.5381 0.0000
vn 0.9071 -0.4209 0.0000
vn 0.9551 -0.2963 0.0000
vn 0.9861 -0.1663 0.0000
vn 0.9994 -0.0334 0.0000
vn 0.9950 0.1001 0.0000
vn 0.9728 0.2318 0.0000
vn 0.9332 0.3594 0.0000
vn 0.8769 0.4806 0.0000
vn 0.8051 0.5932 0.0000
vn 0.7188 0.6952 0.0000
vn 0.6197 0.7848 0.0000
vn 0.5096 0.8604 0.0000
vn 0.3904 0.9206 0.0000
vn 0.2642 0.9645 0.0000
vn 0.1333 0.9911 0.0000
vn 0.0000 1.0000 0.0000
vn 0.0000 1.0000 0.0000
vn -0.1333 0.9911 0.0000
vn -0.2642 0.9645 0.0000
vn -0.3904 0.9206 0.0000
vn -0.5096 0.8604 0.0000
vn -0.6197 0.7848 0.0000
vn -0.7188 0.6952 0.0000
vn -0.8051 0.5932 0.0000
vn -0.8769 0.4806 0.0000
vn -0.9332 0.3594 0.0000
vn -0.9728 0.2318 0.0000
vn -0.9950 0.1001 0.0000
vn -0.9994 -0.0334 0.0000
vn -0.9861 -0.1663 0.0000
vn -0.9551 -0.2963 0.0000
vn -0.9071 -0.4209 0.0000
vn -0.8429 -0.5381 0.0000
vn -0.7637 -0.6456 0.0000
vn -0.6708 -0.7417 0.0000
vn -0.5659 -0.8244 0.0000
vn -0.4510 -0.8925 0.0000
vn -0.3280 -0.9447 0.0000
vn -0.1992 -0.9800 0.0000
vn -0.0668 -0.9978 0.0000
vn 0.0668 -0.9978 0.0000
vn 0.1992 -0.9800 0.0000
vn 0.3280 -0.9447 0.0000
vn 0.4510 -0.8925 0.0000
vn 0.5659 -0.8244 0.0000
vn 0.6708 -0.7417 0.0000
vn 0.7637 -0.6456 0.0000
vn 0.8429 -0.5381 0.0000
vn 0.9071 -0.4209 0.0000
vn 0.9551 -0.2963 0.0000
vn 0.9861 -0.1663 0.0000
vn 0.9994 -0.0334 0.0000
vn 0.9950 0.1001 0.0000
vn 0.9728 0.2318 0.0000
vn 0.9332 0.3594 0.0000
vn 0.8769 0.4806 0.0000
vn 0.8051 0.5932 0.0000
vn 0.7188 0.6952 0.0000
vn 0.6197 0.7848 0.0000
vn 0.5096 0.8604 0.0000
vn 0.3904 0.9206 0.0000
vn 0.2642 0.9645 0.0000
vn 0.1333 0.9911 0.0000
vn 0.0000 1.0000 0.0000
vn 0.0000 1.0000 0.0000
vn -0.1333 0.9911 0.0000
vn -0.2642 0.9645 0.0000
vn -0.3904 0.9206 0.0000
vn -0.5096 0.8604 0.0000
vn -0.6197 0.7848 0.0000
vn -0.7188 0.6952 0.0000
vn -0.8051 0.5932 0.0000
vn -0.8769 0.4806 0.0000
vn -0.9332 0.3594 0.0000
vn -0.9728 0.2318 0.0000
vn -0.9950 0.1001 0.0000
vn -0.9994 -0.0334 0.0000
vn -0.9861 -0.1663 0.0000
vn -0.9551 -0.2963 0.0000
vn -0.9071 -0.4209 0.0000
vn -0.8429 -0.5381 0.0000
vn -0.7637 -0.6456 0.0000
vn -0.6708 -0.7417 0.0000
vn -0.5659 -0.8244 0.0000
vn -0.4510 -0.8925 0.0000
vn -0.3280 -0.9447 0.0000
vn -0.1992 -0.9800 0.0000
vn -0.0668 -0.9978 0.0000
vn 0.0668 -0.9978 0.0000
vn 0.1992 -0.9800 0.0000
vn 0.3280 -0.9447 0.0000
vn 0.4510 -0.8925 0.0000
vn 0.5659 -0.8244 0.0000
vn 0.6708 -0.7417 0.0000
vn 0.7637 -0.6456 0.0000
vn 0.8429 -0.5381 0.0000
vn 0.9071 -0.4209 0.0000
vn 0.9551 -0.2963 0.0000
vn 0.9861 -0.1663 0.0000
vn 0.9994 -0.0334 0.0000
vn 0.9950 0.1001 0.0000
vn 0.9728 0.2318 0.0000
vn 0.9332 0.3594 0.0000
vn 0.8769 0.4806 0.0000
vn 0.8051 0.5932 0.0000
vn 0.7188 0.6952 0.0000
vn 0.6197 0.7848 0.0000
vn 0.5096 0.8604 0.0000
vn 0.3904 0.9206 0.0000
vn 0.2642 0.9645 0.0000
vn 0.1333 0.9911 0.0000
vn 0.0000 1.0000 0.0000
vn 0.0000 1.0000 0.0000
vn -0.1333 0.9911 0.0000
vn -0.2642 0.9645 0.0000
vn -0.3904 0.9206 0.0000
vn -0.5096 0.8604 0.0000
vn -0.6197 0.7848 0.0000
vn -0.7188 0.6952 0.0000
vn -0.8051 0.5932 0.0000
vn -0.8769 0.4806 0.0000
vn -0.9332 0.3594 0.0000
vn -0.9728 0.2318 0.0000
vn -0.9950 0.1001 0.0000
vn -0.9994 -0.0334 0.0000
vn -0.9861 -0.1663 0.0000
vn -0.9551 -0.2963 0.0000
vn -0.9071 -0.4209 0.0000
vn -0.8429 -0.5381 0.0000
vn -0.7637 -0.6456 0.0000
vn -0.6708 -0.7417 0.0000
vn -0.5659 -0.8244 0.0000
vn -0.4510 -0.8925 0.0000
vn -0.3280 -0.9447 0.0000
vn -0.1992 -0.9800 0.0000
vn -0.0668 -0.9978 0.0000
vn 0.0668 -0.9978 0.0000
vn 0.1992 -0.9800 0.0000
vn 0.3280 -0.9447 0.0000
vn 0.4510 -0.8925 0.0000
vn 0.5659 -0.8244 0.0000
vn 0.6708 -0.7417 0.0000
vn 0.7637 -0.6456 0.0000
vn 0.8429 -0.5381 0.0000
vn 0.9071 -0.4209 0.0000
vn 0.9551 -0.2963 0.0000
vn 0.9861 -0.1663 0.0000
vn 0.9994 -0.0334 0.0000
vn 0.9950 0.1001 0.0000
vn 0.9728 0.2318 0.0000
vn 0.9332 0.3594 0.0000
vn 0.8769 0.4806 0.0000
vn 0.8051 0.5932 0.0000
vn 0.7188 0.6952 0.0000
vn 0.6197 0.7848 0.0000
vn 0.5096 0.8604 0.0000
vn 0.3904 0.9206 0.0000
vn 0.2642 0.9645 0.0000
vn 0.1333 0.9911 0.0000
vn 0.0000 1.0000 0.0000
vn 0.0000 1.0000 0.0000
vn -0.1333 0.9911 0.0000
vn -0.2642 0.9645 0.0000
vn -0.3904 0.9206 0.0000
vn -0.5096 0.8604 0.0000
vn -0.6197 0.7848 0.0000
vn -0.7188 0.6952 0.0000
vn -0.8051 0.5932 0.0000
vn -0.8769 0.4806 0.0000
vn -0.9332 0.3594 0.0000
vn -0.9728 0.2318 0.0000
vn -0.9950 0.1001 0.0000
vn -0.9994 -0.0334 0.0000
vn -0.9861 -0.1663 0.0000
vn -0.9551 -0.2963 0.0000
vn -0.9071 -0.4209 0.0000
vn -0.8429 -0.5381 0.0000
vn -0.7637 -0.6456 0.0000
vn -0.6708 -0.7417 0.0000
vn -0.5659 -0.8244 0.0000
vn -0.4510 -0.8925 0.0000
vn -0.3280 -0.9447 0.0000
vn -0.1992 -0.9800 0.0000
vn -0.0668 -0.9978 0.0000
vn 0.0668 -0.9978 0.0000
vn 0.1992 -0.9800 0.0000
vn 0.3280 -0.9447 0.0000
vn 0.4510 -0.8925 0.0000
vn 0.5659 -0.8244 0.0000
vn 0.6708 -0.7417 0.0000
vn 0.7637 -0.6456 0.0000
vn 0.8429 -0.5381 0.0000
vn 0.9071 -0.4209 0.0000
vn 0.9551 -0.2963 0.0000
vn 0.9861 -0.1663 0.0000
vn 0.9994 -0.0334 0.0000
vn 0.9950 0.1001 0.0000
vn 0.9728 0.2318 0.0000
vn 0.9332 0.3594 0.0000
vn 0.8769 0.4806 0.0000
vn 0.8051 0.5932 0.0000
vn 0.7188 0.6952 0.0000
vn 0.6197 0.7848 0.0000
vn 0.5096 0.8604 0.0000
vn 0.3904 0.9206 0.0000
vn 0.2642 0.9645 0.0000
vn 0.1333 0.9911 0.0000
vn 0.0000 1.0000 0.0000
vn 0.0000 1.0000 0.0000
vn -0.1333 0.9911 0.0000
vn -0.2642 0.9645 0.0000
vn -0.3904 0.9206 0.0000
vn -0.5096 0.8604 0.0000
vn -0.6197 0.7848 0.0000
vn -0.7188 0.6952 0.0000
vn -0.8051 0.5932 0.0000
vn -0.8769 0.4806 0.0000
vn -0.9332 0.3594 0.0000
vn -0.9728 0.2318 0.0000
vn -0.9950 0.1001 0.0000
vn -0.9994 -0.0334 0.0000
vn -0.9861 -0.1663 0.0000
vn -0.9551 -0.2963 0.0000
vn -0.9071 -0.4209 0.0000
vn -0.8429 -0.5381 0.0000
vn -0.7637 -0.6456 0.0000
vn -0.6708 -0.7417 0.0000
vn -0.5659 -0.8244 0.0000
vn -0.4510 -0.8925 0.0000
vn -0.3280 -0.9447 0.0000
vn -0.1992 -0.9800 0.0000
vn -0.0668 -0.9978 0.0000
vn 0.0668 -0.9978 0.0000
vn 0.1992 -0.9800 0.0000
vn 0.3280 -0.9447 0.0000
vn 0.4510 -0.8925 0.0000
vn 0.5659 -0.8244 0.0000
vn 0.6708 -0.7417 0.0000
vn 0.7637 -0.6456 0.0000
vn 0.8429 -0.5381 0.0000
vn 0.9071 -0.4209 0.0000
vn 0.9551 -0.2963 0.0000
vn 0.9861 -0.1663 0.0000
vn 0.9994 -0.0334 0.0000
vn 0.9950 0.1001 0.0000
vn 0.9728 0.2318 0.0000
vn 0.9332 0.3594 0.0000
vn 0.8769 0.4806 0.0000
vn 0.8051 0.5932 0.0000
vn 0.7188 0.6952 0.0000
vn 0.6197 0.7848 0.0000
vn 0.5096 0.8604 0.0000
vn 0.3904 0.9206 0.0000
vn 0.2642 0.9645 0.0000
vn 0.1333 0.9911 0.0000
vn 0.0000 1.0000 0.0000
vn 0.0000 1.0000 0.0000
vn -0.1333 0.9911 0.0000
vn -0.2642 0.9645 0.0000
vn -0.3904 0.9206 0.0000
vn -0.5096 0.8604 0.0000
vn -0.6197 0.7848 0.0000
vn -0.7188 0.6952 0.0000
vn -0.8051 0.5932 0.0000
vn -0.8769 0.4806 0.0000
vn -0.9332 0.3594 0.0000
vn -0.9728 0.2318 0.0000
vn -0.9950 0.1001 0.0000
vn -0.9994 -0.0334 0.0000
vn -0.9861 -0.1663 0.0000
vn -0.9551 -0.2963 0.0000
vn -0.9071 -0.4209 0.0000
vn -0.8429 -0.5381 0.0000
vn -0.7637 -0.6456 0.0000
vn -0.6708 -0.7417 0.0000
vn -0.5659 -0.8244 0.0000
vn -0.4510 -0.8925 0.0000
vn -0.3280 -0.9447 0.0000
vn -0.1992 -0.9800 0.0000
vn -0.0668 -0.9978 0.0000
vn 0.0668 -0.9978 0.0000
vn 0.1992 -0.9800 0.0000
vn 0.3280 -0.9447 0.0000
vn 0.4510 -0.8925 0.0000
vn 0.5659 -0.8244 0.0000
vn 0.6708 -0.7417 0.0000
vn 0.7637 -0.6456 0.0000
vn 0.8429 -0.5381 0.0000
vn 0.9071 -0.4209 0.0000
vn 0.9551 -0.2963 0.0000
vn 0.9861 -0.1663 0.0000
vn 0.9994 -0.0334 0.0000
vn 0.9950 0.1001 0.0000
vn 0.9728 0.2318 0.0000
vn 0.9332 0.3594 0.0000
vn 0.8769 0.4806 0.0000
vn 0.8051 0.5932 0.0000
vn 0.7188 0.6952 0.0000
vn 0.6197 0.7848 0.0000
vn 0.5096 0.8604 0.0000
vn 0.3904 0.9206 0.0000
vn 0.2642 0.9645 0.0000
vn 0.1333 0.9911 0.0000
vn 0.0000 1.0000 0.0000
vn 0.0000 1.0000 0.0000
vn -0.1333 0.9911 0.0000
vn -0.2642 0.9645 0.0000
vn -0.3904 0.9206 0.0000
vn -0.5096 0.8604 0.0000
vn -0.6197 0.7848 0.0000
vn -0.7188 0.6952 0.0000
vn -0.8051 0.5932 0.0000
vn -0.8769 0.4806 0.0000
vn -0.9332 0.3594 0.0000
vn -0.9728 0.2318 0.0000
vn -0.9950 0.1001 0.0000
vn -0.9994 -0.0334 0.0000
vn -0.9861 -0.1663 0.0000
vn -0.9551 -0.2963 0.0000
vn -0.9071 -0.4209 0.0000
vn -0.8429 -0.5381 0.0000
vn -0.7637 -0.6456 0.0000
vn -0.6708 -0.7417 0.0000
vn -0.5659 -0.8244 0.0000
vn -0.4510 -0.8925 0.0000
vn -0.3280 -0.9447 0.0000
vn -0.1992 -0.9800 0.0000
vn -0.0668 -0.9978 0.0000
vn 0.0668 -0.9978 0.0000
vn 0.1992 -0.9800 0.0000
vn 0.3280 -0.9447 0.0000
vn 0.4510 -0.8925 0.0000
vn 0.5659 -0.8244 0.0000
vn 0.6708 -0.7417 0.0000
vn 0.7637 -0.6456 0.0000
vn 0.8429 -0.5381 0.0000
vn 0.9071 -0.4209 0.0000
vn 0.9551 -0.2963 0.0000
vn 0.9861 -0.1663 0.0000
vn 0.9994 -0.0334 0.0000
vn 0.9950 0.1001 0.0000
vn 0.9728 0.2318 0.0000
vn 0.9332 0.3594 0.0000
vn 0.8769 0.4806 0.0000
vn 0.8051 0.5932 0.0000
vn 0.7188 0.6952 0.0000
vn 0.6197 0.7848 0.0000
vn 0.5096 0.8604 0.0000
vn 0.3904 0.9206 0.0000
vn 0.2642 0.9645 0.0000
vn 0.1333 0.9911 0.0000
vn 0.0000 1.0000 0.0000
vn 0.0000 1.0000 0.0000
vn -0.1333 0.9911 0.0000
vn -0.2642 0.9645 0.0000
vn -0.3904 0.9206 0.0000
vn -0.5096 0.8604 0.0000
vn -0.6197 0.7848 0.0000
vn -0.7188 0.6952 0.0000
vn -0.8051 0.5932 0.0000
vn -0.8769 0.4806 0.0000
vn -0.9332 0.3594 0.0000
vn -0.9728 0.2318 0.0000
vn -0.9950 0.1001 0.0000
vn -0.9994 -0.0334 0.0000
vn -0.9861 -0.1663 0.0000
vn -0.9551 -0.2963 0.0000
vn -0.9071 -0.4209 0.0000
vn -0.8429 -0.5381 0.0000
vn -0.7637 -0.6456 0.0000
vn -0.6708 -0.7417 0.0000
vn -0.5659 -0.8244 0.0000
vn -0.4510 -0.8925 0.0000
vn -0.3280 -0.9447 0.0000
vn -0.1992 -0.9800 0.0000
vn -0.0668 -0.9978 0.0000
vn 0.0668 -0.9978 0.0000
vn 0.1992 -0.9800 0.0000
vn 0.3280 -0.9447 0.0000
vn 0.4510 -0.8925 0.0000
vn 0.5659 -0.8244 0.0000
vn 0.6708 -0.7417 0.0000
vn 0.7637 -0.6456 0.0000
vn 0.8429 -0.5381 0.0000
vn 0.9071 -0.4209 0.0000
vn 0.9551 -0.2963 0.0000
vn 0.9861 -0.1663 0.0000
vn 0.9994 -0.0334 0.0000
vn 0.9950 0.1001 0.0000
vn 0.9728 0.2318 0.0000
vn 0.9332 0.3594 0.0000
vn 0.8769 0.4806 0.0000
vn 0.8051 0.5932 0.0000
vn 0.7188 0.6952 0.0000
vn 0.6197 0.7848 0.0000
vn 0.5096 0.8604 0.0000
vn 0.3904 0.9206 0.0000
vn 0.2642 0.9645 0.0000
vn 0.1333 0.9911 0.0000
vn 0.0000 1.0000 0.0000
vn 0.0000 1.0000 0.0000
vn -0.1333 0.9911 0.0000
vn -0.2642 0.9645 0.0000
vn -0.3904 0.9206 0.0000
vn -0.5096 0.8604 0.0000
vn -0.6197 0.7848 0.0000
vn -0.7188 0.6952 0.0000
vn -0.8051 0.5932 0.0000
vn -0.8769 0.4806 0.0000
vn -0.9332 0.3594 0.0000
vn -0.9728 0.2318 0.0000
vn -0.9950 0.1001 0.0000
vn -0.9994 -0.0334 0.0000
vn -0.9861 -0.1663 0.0000
vn -0.9551 -0.2963 0.0000
vn -0.9071 -0.4209 0.0000
vn -0.8429 -0.5381 0.0000
vn -0.7637 -0.6456 0.0000
vn -0.6708 -0.7417 0.0000
vn -0.5659 -0.8244 0.0000
vn -0.4510 -0.8925 0.0000
vn -0.3280 -0.9447 0.0000
vn -0.1992 -0.9800 0.0000
vn -0.0668 -0.9978 0.0000
vn 0.0668 -0.9978 0.0000
vn 0.1992 -0.9800 0.0000
vn 0.3280 -0.9447 0.0000
vn 0.4510 -0.8925 0.0000
vn 0.5659 -0.8244 0.0000
vn 0.6708 -0.7417 0.0000
vn 0.7637 -0.6456 0.0000
vn 0.8429 -0.5381 0.0000
vn 0.9071 -0.4209 0.0000
vn 0.9551 -0.2963 0.0000
vn 0.9861 -0.1663 0.0000
vn 0.9994 -0.0334 0.0000
vn 0.9950 0.1001 0.0000
vn 0.9728 0.2318 0.0000
vn 0.9332 0.3594 0.0000
vn 0.8769 0.4806 0.0000
vn 0.8051 0.5932 0.0000
vn 0.7188 0.6952 0.0000
vn 0.6197 0.7848 0.0000
vn 0.5096 0.8604 0.0000
vn 0.3904 0.9206 0.0000
vn 0.2642 0.9645 0.0000
vn 0.1333 0.9911 0.0000
vn 0.0000 1.0000 0.0000
vn 0.0000 1.0000 0.0000
vn -0.1333 0.9911 0.0000
vn -0.2642 0.9645 0.0000
vn -0.3904 0.9206 0.0000
vn -0.5096 0.8604 0.0000
vn -0.6197 0.7848 0.0000
vn -0.7188 0.6952 0.0000
vn -0.8051 0.5932 0.0000
vn -0.8769 0.4806 0.0000
vn -0.9332 0.3594 0.0000
vn -0.9728 0.2318 0.0000
vn -0.9950 0.1001 0.0000
vn -0.9994 -0.0334 0.0000
vn -0.9861 -0.1663 0.0000
vn -0.9551 -0.2963 0.0000
vn -0.9071 -0.4209 0.0000
vn -0.8429 -0.5381 0.0000
vn -0.7637 -0.6456 0.0000
vn -0.6708 -0.7417 0.0000
vn -0.5659 -0.8244 0.0000
vn -0.4510 -0.8925 0.0000
vn -0.3280 -0.9447 0.0000
vn -0.1992 -0.9800 0.0000
vn -0.0668 -0.9978 0.0000
vn 0.0668 -0.9978 0.0000
vn 0.1992 -0.9800 0.0000
vn 0.3280 -0.9447 0.0000
vn 0.4510 -0.8925 0.0000
vn 0.5659 -0.8244 0.0000
vn 0.6708 -0.7417 0.0000
vn 0.7637 -0.6456 0.0000
vn 0.8429 -0.5381 0.0000
vn 0.9071 -0.4209 0.0000
vn 0.9551 -0.2963 0.0000
vn 0.9861 -0.1663 0.0000
vn 0.9994 -0.0334 0.0000
vn 0.9950 0.1001 0.0000
vn 0.9728 0.2318 0.0000
vn 0.9332 0.3594 0.0000
vn 0.8769 0.4806 0.0000
vn 0.8051 0.5932 0.0000
vn 0.7188 0.6952 0.0000
vn 0.6197 0.7848 0.0000
vn 0.5096 0.8604 0.0000
vn 0.3904 0.9206 0.0000
vn 0.2642 0.9645 0.0000
vn 0.1333 0.9911 0.0000
vn 0.0000 1.0000 0.0000
vn 0.0000 1.0000 0.0000
vn -0.1333 0.9911 0.0000
vn -0.2642 0.9645 0.0000
vn -0.3904 0.9206 0.0000
vn -0.5096 0.8604 0.0000
vn -0.6197 0.7848 0.0000
vn -0.7188 0.6952 0.0000
vn -0.8051 0.5932 0.0000
vn -0.8769 0.4806 0.0000
vn -0.9332 0.3594 0.0000
vn -0.9728 0.2318 0.0000
vn -0.9950 0.1001 0.0000
vn -0.9994 -0.0334 0.0000
vn -0.9861 -0.1663 0.0000
vn -0.9551 -0.2963 0.0000
vn -0.9071 -0.4209 0.0000
vn -0.8429 -0.5381 0.0000
vn -0.7637 -0.6456 0.0000
vn -0.6708 -0.7417 0.0000
vn -0.5659 -0.8244 0.0000
vn -0.4510 -0.8925 0.0000
vn -0.3280 -0.9447 0.0000
vn -0.1992 -0.9800 0.0000
vn -0.0668 -0.9978 0.0000
vn 0.0668 -0.9978 0.0000
vn 0.1992 -0.9800 0.0000
vn 0.3280 -0.9447 0.0000
vn 0.4510 -0.8925 0.0000
vn 0.5659 -0.8244 0.0000
vn 0.6708 -0.7417 0.0000
vn 0.7637 -0.6456 0.0000
vn 0.8429 -0.5381 0.0000
vn 0.9071 -0.4209 0.0000
vn 0.9551 -0.2963 0.0000
vn 0.9861 -0.1663 0.0000
vn 0.9994 -0.0334 0.0000
vn 0.9950 0.1001 0.0000
vn 0.9728 0.2318 0.0000
vn 0.9332 0.3594 0.0000
vn 0.8769 0.4806 0.0000
vn 0.8051 0.5932 0.0000
vn 0.7188 0.6952 0.0000
vn 0.6197 0.7848 0.0000
vn 0.5096 0.8604 0.0000
vn 0.3904 0.9206 0.0000
vn 0.2642 0.9645 0.0000
vn 0.1333 0.9911 0.0000
vn 0.0000 1.0000 0.0000
vn 0.0000 1.0000 0.0000
vn -0.1333 0.9911 0.0000
vn -0.2642 0.9645 0.0000
vn -0.3904 0.9206 0.0000
vn -0.5096 0.8604 0.0000
vn -0.6197 0.7848 0.0000
vn -0.7188 0.6952 0.0000
vn -0.8051 0.5932 0.0000
vn -0.8769 0.4806 0.0000
vn -0.9332 0.3594 0.0000
vn -0.9728 0.2318 0.0000
vn -0.9950 0.1001 0.0000
vn -0.9994 -0.0334 0.0000
vn -0.9861 -0.1663 0.0000
vn -0.9551 -0.2963 0.0000
vn -0.9071 -0.4209 0.0000
vn -0.8429 -0.5381 0.0000
vn -0.7637 -0.6456 0.0000
vn -0.6708 -0.7417 0.0000
vn -0.5659 -0.8244 0.0000
vn -0.4510 -0.8925 0.0000
vn -0.3280 -0.9447 0.0000
vn -0.1992 -0.9800 0.0000
vn -0.0668 -0.9978 0.0000
vn 0.0668 -0.9978 0.0000
vn 0.1992 -0.9800 0.0000
vn 0.3280 -0.9447 0.0000
vn 0.4510 -0.8925 0.0000
vn 0.5659 -0.8244 0.0000
vn 0.6708 -0.7417 0.0000
vn 0.7637 -0.6456 0.0000
vn 0.8429 -0.5381 0.0000
vn 0.9071 -0.4209 0.0000
vn 0.9551 -0.2963 0.0000
vn 0.9861 -0.1663 0.0000
vn 0.9994 -0.0334 0.0000
vn 0.9950 0.1001 0.0000
vn 0.9728 0.2318 0.0000
vn 0.9332 0.3594 0.0000
vn 0.8769 0.4806 0.0000
vn 0.8051 0.5932 0.0000
vn 0.7188 0.6952 0.0000
vn 0.6197 0.7848 0.0000
vn 0.5096 0.8604 0.0000
vn 0.3904 0.9206 0.0000
vn 0.2642 0.9645 0.0000
vn 0.1333 0.9911 0.0000
vn 0.0000 1.0000 0.0000
vn 0.0000 1.0000 0.0000
vn -0.1333 0.9911 0.0000
vn -0.2642 0.9645 0.0000
vn -0.3904 0.9206 0.0000
vn -0.5096 0.8604 0.0000
vn -0.6197 0.7848 0.0000
vn -0.7188 0.6952 0.0000
vn -0.8051 0.5932 0.0000
vn -0.8769 0.4806 0.0000
vn -0.9332 0.3594 0.0000
vn -0.9728 0.2318 0.0000
vn -0.9950 0.1001 0.0000
vn -0.9994 -0.0334 0.0000
vn -0.9861 -0.1663 0.0000
vn -0.9551 -0.2963 0.0000
vn -0.9071 -0.4209 0.0000
vn -0.8429 -0.5381 0.0000
vn -0.7637 -0.6456 0.0000
vn -0.6708 -0.7417 0.0000
vn -0.5659 -0.8244 0.0000
vn -0.4510 -0.8925 0.0000
vn -0.3280 -0.9447 0.0000
vn -0.1992 -0.9800 0.0000
vn -0.0668 -0.9978 0.0000
vn 0.0668 -0.9978 0.0000
vn 0.1992 -0.9800 0.0000
vn 0.3280 -0.9447 0.0000
vn 0.4510 -0.8925 0.0000
vn 0.5659 -0.8244 0.0000
vn 0.6708 -0.7417 0.0000
vn 0.7637 -0.6456 0.0000
vn 0.8429 -0.5381 0.0000
vn 0.9071 -0.4209 0.0000
vn 0.9551 -0.2963 0.0000
vn 0.9861 -0.1663 0.0000
vn 0.9994 -0.0334 0.0000
vn 0.9950 0.1001 0.0000
vn 0.9728 0.2318 0.0000
vn 0.9332 0.3594 0.0000
vn 0.8769 0.4806 0.0000
vn 0.8051 0.5932 0.0000
vn 0.7188 0.6952 0.0000
vn 0.6197 0.7848 0.0000
vn 0.5096 0.8604 0.0000
vn 0.3904 0.9206 0.0000
vn 0.2642 0.9645 0.0000
vn 0.1333 0.9911 0.0000
vn 0.0000 1.0000 0.0000
vn 0.0000 1.0000 0.0000
vn -0.1333 0.9911 0.0000
vn -0.2642 0.9645 0.0000
vn -0.3904 0.9206 0.0000
vn -0.5096 0.8604 0.0000
vn -0.6197 0.7848 0.0000
vn -0.7188 0.6952 0.0000
vn -0.8051 0.5932 0.0000
vn -0.8769 0.4806 0.0000
vn -0.9332 0.3594 0.0000
vn -0.9728 0.2318 0.0000
vn -0.9950 0.1001 0.0000
vn -0.9994 -0.0334 0.0000
vn -0.9861 -0.1663 0.0000
vn -0.9551 -0.2963 0.0000
vn -0.9071 -0.4209 0.0000
vn -0.8429 -0.5381 0.0000
vn -0.7637 -0.6456 0.0000
vn -0.6708 -0.7417 0.0000
vn -0.5659 -0.8244 0.0000
vn -0.4510 -0.8925 0.0000
vn -0.3280 -0.9447 0.0000
vn -0.1992 -0.9800 0.0000
vn -0.0668 -0.9978 0.0000
vn 0.0668 -0.9978 0.0000
vn 0.1992 -0.9800 0.0000
vn 0.3280 -0.9447 0.0000
vn 0.4510 -0.8925 0.0000
vn 0.5659 -0.8244 0.0000
vn 0.6708 -0.7417 0.0000
vn 0.7637 -0.6456 0.0000
vn 0.8429 -0.5381 0.0000
vn 0.9071 -0.4209 0.0000
vn 0.9551 -0.2963 0.0000
vn 0.9861 -0.1663 0.0000
vn 0.9994 -0.0334 0.0000
vn 0.9950 0.1001 0.0000
vn 0.9728 0.2318 0.0000
vn 0.9332 0.3594 0.0000
vn 0.8769 0.4806 0.0000
vn 0.8051 0.5932 0.0000
vn 0.7188 0.6952 0.0000
vn 0.6197 0.7848 0.0000
vn 0.5096 0.8604 0.0000
vn 0.3904 0.9206 0.0000
vn 0.2642 0.9645 0.0000
vn 0.1333 0.9911 0.0000
vn 0.0000 1.0000 0.0000
vn 0.0000 1.0000 0.0000
vn -0.1333 0.9911 0.0000
vn -0.2642 0.9645 0.0000
vn -0.3904 0.9206 0.0000
vn -0.5096 0.8604 0.0000
vn -0.6197 0.7848 0.0000
vn -0.7188 0.6952 0.0000
vn -0.8051 0.5932 0.0000
vn -0.8769 0.4806 0.0000
vn -0.9332 0.3594 0.0000
vn -0.9728 0.2318 0.0000
vn -0.9950 0.1001 0.0000
vn -0.9994 -0.0334 0.0000
vn -0.9861 -0.1663 0.0000
vn -0.9551 -0.2963 0.0000
vn -0.9071 -0.4209 0.0000
vn -0.8429 -0.5381 0.0000
vn -0.7637 -0.6456 0.0000
vn -0.6708 -0.7417 0.0000
vn -0.5659 -0.8244 0.0000
vn -0.4510 -0.8925 0.0000
vn -0.3280 -0.9447 0.0000
vn -0.1992 -0.9800 0.0000
vn -0.0668 -0.9978 0.0000
vn 0.0668 -0.9978 0.0000
vn 0.1992 -0.9800 0.0000
vn 0.3280 -0.9447 0.0000
vn 0.4510 -0.8925 0.0000
vn 0.5659 -0.8244 0.0000
vn 0.6708 -0.7417 0.0000
vn 0.7637 -0.6456 0.0000
vn 0.8429 -0.5381 0.0000
vn 0.9071 -0.4209 0.0000
vn 0.9551 -0.2963 0.0000
vn 0.9861 -0.1663 0.0000
vn 0.9994 -0.0334 0.0000
vn 0.9950 0.1001 0.0000
vn 0.9728 0.2318 0.0000
vn 0.9332 0.3594 0.0000
vn 0.8769 0.4806 0.0000
vn 0.8051 0.5932 0.0000
vn 0.7188 0.6952 0.0000
vn 0.6197 0.7848 0.0000
vn 0.5096 0.8604 0.0000
vn 0.3904 0.9206 0.0000
vn 0.2642 0.9645 0.0000
vn 0.1333 0.9911 0.0000
vn 0.0000 1.0000 0.0000
vn 0.0000 1.0000 0.0000
vn -0.1333 0.9911 0.0000
vn -0.2642 0.9645 0.0000
vn -0.3904 0.9206 0.0000
vn -0.5096 0.8604 0.0000
vn -0.6197 0.7848 0.0000
vn -0.7188 0.6952 0.0000
vn -0.8051 0.5932 0.0000
vn -0.8769 0.4806 0.0000
vn -0.9332 0.3594 0.0000
vn -0.9728 0.2318 0.0000
vn -0.9950 0.1001 0.0000
vn -0.9994 -0.0334 0.0000
vn -0.9861 -0.1663 0.0000
vn -0.9551 -0.2963 0.0000
vn -0.9071 -0.4209 0.0000
vn -0.8429 -0.5381 0.0000
vn -0.7637 -0.6456 0.0000
vn -0.6708 -0.7417 0.0000
vn -0.5659 -0.8244 0.0000
vn -0.4510 -0.8925 0.0000
vn -0.3280 -0.9447 0.0000
vn -0.1992 -0.9800 0.0000
vn -0.0668 -0.9978 0.0000
vn 0.0668 -0.9978 0.0000
vn 0.1992 -0.9800 0.0000
vn 0.3280 -0.9447 0.0000
vn 0.4510 -0.8925 0.0000
vn 0.5659 -0.8244 0.0000
vn 0.6708 -0.7417 0.0000
vn 0.7637 -0.6456 0.0000
vn 0.8429 -0.5381 0.0000
vn 0.9071 -0.4209 0.0000
vn 0.9551 -0.2963 0.0000
vn 0.9861 -0.1663 0.0000
vn 0.9994 -0.0334 0.0000
vn 0.9950 0.1001 0.0000
vn 0.9728 0.2318 0.0000
vn 0.9332 0.3594 0.0000
vn 0.8769 0.4806 0.0000
vn 0.8051 0.5932 0.0000
vn 0.7188 0.6952 0.0000
vn 0.6197 0.7848 0.0000
vn 0.5096 0.8604 0.0000
vn 0.3904 0.9206 0.0000
vn 0.2642 0.9645 0.0000
vn 0.1333 0.9911 0.0000
vn 0.0000 1.0000 0.0000
vn 0.0000 1.0000 0.0000
vn -0.1333 0.9911 0.0000
vn -0.2642 0.9645 0.0000
vn -0.3904 0.9206 0.0000
vn -0.5096 0.8604 0.0000
vn -0.6197 0.7848 0.0000
vn -0.7188 0.6952 0.0000
vn -0.8051 0.5932 0.0000
vn -0.8769 0.4806 0.0000
vn -0.9332 0.3594 0.0000
vn -0.9728 0.2318 0.0000
vn -0.9950 0.1001 0.0000
vn -0.9994 -0.0334 0.0000
vn -0.9861 -0.1663 0.0000
vn -0.9551 -0.2963 0.0000
vn -0.9071 -0.4209 0.0000
vn -0.8429 -0.5381 0.0000
vn -0.7637 -0.6456 0.0000
vn -0.6708 -0.7417 0.0000
vn -0.5659 -0.8244 0.0000
vn -0.4510 -0.8925 0.0000
vn -0.3280 -0.9447 0.0000
vn -0.1992 -0.9800 0.0000
vn -0.0668 -0.9978 0.0000
vn 0.0668 -0.9978 0.0000
vn 0.1992 -0.9800 0.0000
vn 0.3280 -0.9447 0.0000
vn 0.4510 -0.8925 0.0000
vn 0.5659 -0.8244 0.0000
vn 0.6708 -0.7417 0.0000
vn 0.7637 -0.6456 0.0000
vn 0.8429 -0.5381 0.0000
vn 0.9071 -0.4209 0.0000
vn 0.9551 -0.2963 0.0000
vn 0.9861 -0.1663 0.0000
vn 0.9994 -0.0334 0.0000
vn 0.9950 0.1001 0.0000
vn 0.9728 0.2318 0.0000
vn 0.9332 0.3594 0.0000
vn 0.8769 0.4806 0.0000
vn 0.8051 0.5932 0.0000
vn 0.7188 0.6952 0.0000
vn 0.6197 0.7848 0.0000
vn 0.5096 0.8604 0.0000
vn 0.3904 0.9206 0.0000
vn 0.2642 0.9645 0.0000
vn 0.1333 0.9911 0.0000
vn 0.0000 1.0000 0.0000
vn 0.0000 1.0000 0.0000
vn -0.1333 0.9911 0.0000
vn -0.2642 0.9645 0.0000
vn -0.3904 0.9206 0.0000
vn -0.5096 0.8604 0.0000
vn -0.6197 0.7848 0.0000
vn -0.7188 0.6952 0.0000
vn -0.8051 0.5932 0.0000
vn -0.8769 0.4806 0.0000
vn -0.9332 0.3594 0.0000
vn -0.9728 0.2318 0.0000
vn -0.9950 0.1001 0.0000
vn -0.9994 -0.0334 0.0000
vn -0.9861 -0.1663 0.0000
vn -0.9551 -0.2963 0.0000
vn -0.9071 -0.4209 0.0000
vn -0.8429 -0.5381 0.0000
vn -0.7637 -0.6456 0.0000
vn -0.6708 -0.7417 0.0000
vn -0.5659 -0.8244 0.0000
vn -0.4510 -0.8925 0.0000
vn -0.3280 -0.9447 0.0000
vn -0.1992 -0.9800 0.0000
vn -0.0668 -0.9978 0.0000
vn 0.0668 -0.9978 0.0000
vn 0.1992 -0.9800 0.0000
vn 0.3280 -0.9447 0.0000
vn 0.4510 -0.8925 0.0000
vn 0.5659 -0.8244 0.0000
vn 0.6708 -0.7417 0.0000
vn 0.7637 -0.6456 0.0000
vn 0.8429 -0.5381 0.0000
vn 0.9071 -0.4209 0.0000
vn 0.9551 -0.2963 0.0000
vn 0.9861 -0.1663 0.0000
vn 0.9994 -0.0334 0.0000
vn 0.9950 0.1001 0.0000
vn 0.9728 0.2318 0.0000
vn 0.9332 0.3594 0.0000
vn 0.8769 0.4806 0.0000
vn 0.8051 0.5932 0.0000
vn 0.7188 0.6952 0.0000
vn 0.6197 0.7848 0.0000
vn 0.5096 0.8604 0.0000
vn 0.3904 0.9206 0.0000
vn 0.2642 0.9645 0.0000
vn 0.1333 0.9911 0.0000
vn 0.0000 1.0000 0.0000
usemtl bin_63
f 1//1 49//49 50//50
f 1//1 50//50 2//2
f 2//2 50//50 51//51
f 2//2 51//51 3//3
f 3//3 51//51 52//52
f 3//3 52//52 4//4
f 4//4 52//52 53//53
f 4//4 53//53 5//5
f 5//5 53//53 54//54
f 5//5 54//54 6//6
f 6//6 54//54 55//55
f 6//6 55//55 7//7
f 7//7 55//55 56//56
f 7//7 56//56 8//8
f 8//8 56//56 57//57
f 8//8 57//57 9//9
f 9//9 57//57 58//58
f 9//9 58//58 10//10
f 10//10 58//58 59//59
f 10//10 59//59 11//11
f 11//11 59//59 60//60
f 11//11 60//60 12//12
f 12//12 60//60 61//61
f 12//12 61//61 13//13
f 13//13 61//61 62//62
f 13//13 62//62 14//14
f 14//14 62//62 63//63
f 14//14 63//63 15//15
f 15//15 63//63 64//64
f 15//15 64//64 16//16
f 16//16 64//64 65//65
f 16//16 65//65 17//17
f 17//17 65//65 66//66
f 17//17 66//66 18//18
f 18//18 66//66 67//67
f 18//18 67//67 19//19
f 19//19 67//67 68//68
f 19//19 68//68 20//20
f 20//20 68//68 69//69
f 20//20 69//69 21//21
f 21//21 69//69 70//70
f 21//21 70//70 22//22
f 22//22 70//70 71//71
f 22//22 71//71 23//23
f 23//23 71//71 72//72
f 23//23 72//72 24//24
f 24//24 72//72 73//73
f 24//24 73//73 25//25
f 25//25 73//73 74//74
f 25//25 74//74 26//26
f 26//26 74//74 75//75
f 26//26 75//75 27//27
f 27//27 75//75 76//76
f 27//27 76//76 28//28
f 28//28 76//76 77//77
f 28//28 77//77 29//29
f 29//29 77//77 78//78
f 29//29 78//78 30//30
f 30//30 78//78 79//79
f 30//30 79//79 31//31
f 31//31 79//79 80//80
f 31//31 80//80 32//32
f 32//32 80//80 81//81
f 32//32 81//81 33//33
f 33//33 81//81 82//82
f 33//33 82//82 34//34
f 34//34 82//82 83//83
f 34//34 83//83 35//35
f 35//35 83//83 84//84
f 35//35 84//84 36//36
f 36//36 84//84 85//85
f 36//36 85//85 37//37
f 37//37 85//85 86//86
f 37//37 86//86 38//38
f 38//38 86//86 87//87
f 38//38 87//87 39//39
f 39//39 87//87 88//88
f 39//39 88//88 40//40
f 40//40 88//88 89//89
f 40//40 89//89 41//41
f 41//41 89//89 90//90
f 41//41 90//90 42//42
f 42//42 90//90 91//91
f 42//42 91//91 43//43
f 43//43 91//91 92//92
f 43//43 92//92 44//44
f 44//44 92//92 93//93
f 44//44 93//93 45//45
f 45//45 93//93 94//94
f 45//45 94//94 46//46
f 46//46 94//94 95//95
f 46//46 95//95 47//47
f 47//47 95//95 96//96
f 47//47 96//96 48//48
f 48//48 96//96 49//49
f 48//48 49//49 1//1
f 49//49 97//97 98//98
f 49//49 98//98 50//50
f 50//50 98//98 99//99
f 50//50 99//99 51//51
f 51//51 99//99 100//100
f 51//51 100//100 52//52
f 52//52 100//100 101//101
f 52//52 101//101 53//53
f 53//53 101//101 102//102
f 53//53 102//102 54//54
f 54//54 102//102 103//103
f 54//54 103//103 55//55
f 55//55 103//103 104//104
f 55//55 104//104 56//56
f 56//56 104//104 105//105
f 56//56 105//105 57//57
f 57//57 105//105 106//106
f 57//57 106//106 58//58
f 58//58 106//106 107//107
f 58//58 107//107 59//59
f 59//59 107//107 108//108
f 59//59 108//108 60//60
f 60//60 108//108 109//109
f 60//60 109//109 61//61
f 61//61 109//109 110//110
f 61//61 110//110 62//62
f 62//62 110//110 111//111
f 62//62 111//111 63//63
f 63//63 111//111 112//112
f 63//63 112//112 64//64
f 64//64 112//112 113//113
f 64//64 113//113 65//65
f 65//65 113//113 114//114
f 65//65 114//114 66//66
f 66//66 114//114 115//115
f 66//66 115//115 67//67
f 67//67 115//115 116//116
f 67//67 116//116 68//68
f 68//68 116//116 117//117
f 68//68 117//117 69//69
f 69//69 117//117 118//118
f 69//69 118//118 70//70
f 70//70 118//118 119//119
f 70//70 119//119 71//71
f 71//71 119//119 120//120
f 71//71 120//120 72//72
f 72//72 120//120 121//121
f 72//72 121//121 73//73
f 73//73 121//121 122//122
f 73//73 122//122 74//74
f 74//74 122//122 123//123
f 74//74 123//123 75//75
f 75//75 123//123 124//124
f 75//75 124//124 76//76
f 76//76 124//124 125//125
f 76//76 125//125 77//77
f 77//77 125//125 126//126
f 77//77 126//126 78//78
f 78//78 126//126 127//127
f 78//78 127//127 79//79
f 79//79 127//127 128//128
f 79//79 128//128 80//80
f 80//80 128//128 129//129
f 80//80 129//129 81//81
f 81//81 129//129 130//130
f 81//81 130//130 82//82
f 82//82 130//130 131//131
f 82//82 131//131 83//83
f 83//83 131//131 132//132
f 83//83 132//132 84//84
f 84//84 132//132 133//133
f 84//84 133//133 85//85
f 85//85 133//133 134//134
f 85//85 134//134 86//86
f 86//86 134//134 135//135
f 86//86 135//135 87//87
f 87//87 135//135 136//136
f 87//87 136//136 88//88
f 88//88 136//136 137//137
f 88//88 137//137 89//89
f 89//89 137//137 138//138
f 89//89 138//138 90//90
f 90//90 138//138 139//139
f 90//90 139//139 91//91
f 91//91 139//139 140//140
f 91//91 140//140 92//92
f 92//92 140//140 141//141
f 92//92 141//141 93//93
f 93//93 141//141 142//142
f 93//93 142//142 94//94
f 94//94 142//142 143//143
f 94//94 143//143 95//95
f 95//95 143//143 144//144
f 95//95 144//144 96//96
f 96//96 144//144 97//97
f 96//96 97//97 49//49
f 97//97 145//145 146//146
f 97//97 146//146 98//98
f 98//98 146//146 147//147
f 98//98 147//147 99//99
f 99//99 147//147 148//148
f 99//99 148//148 100//100
f 100//100 148//148 149//149
f 100//100 149//149 101//101
f 101//101 149//149 150//150
f 101//101 150//150 102//102
f 102//102 150//150 151//151
f 102//102 151//151 103//103
f 103//103 151//151 152//152
f 103//103 152//152 104//104
f 104//104 152//152 153//153
f 104//104 153//153 105//105
f 105//105 153//153 154//154
f 105//105 154//154 106//106
f 106//106 154//154 155//155
f 106//106 155//155 107//107
f 107//107 155//155 156//156
f 107//107 156//156 108//108
f 108//108 156//156 157//157
f 108//108 157//157 109//109
f 109//109 157//157 158//158
f 109//109 158//158 110//110
f 110//110 158//158 159//159
f 110//110 159//159 111//111
f 111//111 159//159 160//160
f 111//111 160//160 112//112
f 112//112 160//160 161//161
f 112//112 161//161 113//113
f 113//113 161//161 162//162
f 113//113 162//162 114//114
f 114//114 162//162 163//163
f 114//114 163//163 115//115
f 115//115 163//163 164//164
f 115//115 164//164 116//116
f 116//116 164//164 165//165
f 116//116 165//165 117//117
f 117//117 165//165 166//166
f 117//117 166//166 118//118
f 118//118 166//166 167//167
f 118//118 167//167 119//119
f 119//119 167//167 168//168
f 119//119 168//168 120//120
f 120//120 168//168 169//169
f 120//120 169//169 121//121
f 121//121 169//169 170//170
f 121//121 170//170 122//122
f 122//122 170//170 171//171
f 122//122 171//171 123//123
f 123//123 171//171 172//172
f 123//123 172//172 124//124
f 124//124 172//172 173//173
f 124//124 173//173 125//125
f 125//125 173//173 174//174
f 125//125 174//174 126//126
f 126//126 174//174 175//175
f 126//126 175//175 127//127
f 127//127 175//175 176//176
f 127//127 176//176 128//128
f 128//128 176//176 177//177
f 128//128 177//177 129//129
f 129//129 177//177 178//178
f 129//129 178//178 130//130
f 130//130 178//178 179//179
f 130//130 179//179 131//131
f 131//131 179//179 180//180
f 131//131 180//180 132//132
f 132//132 180//180 181//181
f 132//132 181//181 133//133
f 133//133 181//181 182//182
f 133//133 182//182 134//134
f 134//134 182//182 183//183
f 134//134 183//183 135//135
f 135//135 183//183 184//184
f 135//135 184//184 136//136
f 136//136 184//184 185//185
f 136//136 185//185 137//137
f 137//137 185//185 186//186
f 137//137 186//186 138//138
f 138//138 186//186 187//187
f 138//138 187//187 139//139
f 139//139 187//187 188//188
f 139//139 188//188 140//140
f 140//140 188//188 189//189
f 140//140 189//189 141//141
f 141//141 189//189 190//190
f 141//141 190//190 142//142
f 142//142 190//190 191//191
f 142//142 191//191 143//143
f 143//143 191//191 192//192
f 143//143 192//192 144//144
f 144//144 192//192 145//145
f 144//144 145//145 97//97
f 145//145 193//193 194//194
f 145//145 194//194 146//146
f 146//146 194//194 195//195
f 146//146 195//195 147//147
f 147//147 195//195 196//196
f 147//147 196//196 148//148
f 148//148 196//196 197//197
f 148//148 197//197 149//149
f 149//149 197//197 198//198
f 149//149 198//198 150//150
f 150//150 198//198 199//199
f 150//150 199//199 151//151
f 151//151 199//199 200//200
f 151//151 200//200 152//152
f 152//152 200//200 201//201
f 152//152 201//201 153//153
f 153//153 201//201 202//202
f 153//153 202//202 154//154
f 154//154 202//202 203//203
f 154//154 203//203 155//155
f 155//155 203//203 204//204
f 155//155 204//204 156//156
f 156//156 204//204 205//205
f 156//156 205//205 157//157
f 157//157 205//205 206//206
f 157//157 206//206 158//158
f 158//158 206//206 207//207
f 158//158 207//207 159//159
f 159//159 207//207 208//208
f 159//159 208//208 160//160
f 160//160 208//208 209//209
f 160//160 209//209 161//161
f 161//161 209//209 210//210
f 161//161 210//210 162//162
f 162//162 210//210 211//211
f 162//162 211//211 163//163
f 163//163 211//211 212//212
f 163//163 212//212 164//164
f 164//164 212//212 213//213
f 164//164 213//213 165//165
f 165//165 213//213 214//214
f 165//165 214//214 166//166
f 166//166 214//214 215//215
f 166//166 215//215 167//167
f 167//167 215//215 216//216
f 167//167 216//216 168//168
f 168//168 216//216 217//217
f 168//168 217//217 169//169
f 169//169 217//217 218//218
f 169//169 218//218 170//170
f 170//170 218//218 219//219
f 170//170 219//219 171//171
f 171//171 219//219 220//220
f 171//171 220//220 172//172
f 172//172 220//220 221//221
f 172//172 221//221 173//173
f 173//173 221//221 222//222
f 173//173 222//222 174//174
f 174//174 222//222 223//223
f 174//174 223//223 175//175
f 175//175 223//223 224//224
f 175//175 224//224 176//176
f 176//176 224//224 225//225
f 176//176 225//225 177//177
f 177//177 225//225 226//226
f 177//177 226//226 178//178
f 178//178 226//226 227//227
f 178//178 227//227 179//179
f 179//179 227//227 228//228
f 179//179 228//228 180//180
f 180//180 228//228 229//229
f 180//180 229//229 181//181
f 181//181 229//229 230//230
f 181//181 230//230 182//182
f 182//182 230//230 231//231
f 182//182 231//231 183//183
f 183//183 231//231 232//232
f 183//183 232//232 184//184
f 184//184 232//232 233//233
f 184//184 233//233 185//185
f 185//185 233//233 234//234
f 185//185 234//234 186//186
f 186//186 234//234 235//235
f 186//186 235//235 187//187
f 187//187 235//235 236//236
f 187//187 236//236 188//188
f 188//188 236//236 237//237
f 188//188 237//237 189//189
f 189//189 237//237 238//238
f 189//189 238//238 190//190
f 190//190 238//238 239//239
f 190//190 239//239 191//191
f 191//191 239//239 240//240
f 191//191 240//240 192//192
f 192//192 240//240 193//193
f 192//192 193//193 145//145
f 193//193 241//241 242//242
f 193//193 242//242 194//194
f 194//194 242//242 243//243
f 194//194 243//243 195//195
f 195//195 243//243 244//244
f 195//195 244//244 196//196
f 196//196 244//244 245//245
f 196//196 245//245 197//197
f 197//197 245//245 246//246
f 197//197 246//246 198//198
f 198//198 246//246 247//247
f 198//198 247//247 199//199
f 199//199 247//247 248//248
f 199//199 248//248 200//200
f 200//200 248//248 249//249
f 200//200 249//249 201//201
f 201//201 249//249 250//250
f 201//201 250//250 202//202
f 202//202 250//250 251//251
f 202//202 251//251 203//203
f 203//203 251//251 252//252
f 203//203 252//252 204//204
f 204//204 252//252 253//253
f 204//204 253//253 205//205
f 205//205 253//253 254//254
f 205//205 254//254 206//206
f 206//206 254//254 255//255
f 206//206 255//255 207//207
f 207//207 255//255 256//256
f 207//207 256//256 208//208
f 208//208 256//256 257//257
f 208//208 257//257 209//209
f 209//209 257//257 258//258
f 209//209 258//258 210//210
f 210//210 258//258 259//259
f 210//210 259//259 211//211
f 211//211 259//259 260//260
f 211//211 260//260 212//212
f 212//212 260//260 261//261
f 212//212 261//261 213//213
f 213//213 261//261 262//262
f 213//213 262//262 214//214
f 214//214 262//262 263//263
f 214//214 263//263 215//215
f 215//215 263//263 264//264
f 215//215 264//264 216//216
f 216//216 264//264 265//265
f 216//216 265//265 217//217
f 217//217 265//265 266//266
f 217//217 266//266 218//218
f 218//218 266//266 267//267
f 218//218 267//267 219//219
f 219//219 267//267 268//268
f 219//219 268//268 220//220
f 220//220 268//268 269//269
f 220//220 269//269 221//221
f 221//221 269//269 270//270
f 221//221 270//270 222//222
f 222//222 270//270 271//271
f 222//222 271//271 223//223
f 223//223 271//271 272//272
f 223//223 272//272 224//224
f 224//224 272//272 273//273
f 224//224 273//273 225//225
f 225//225 273//273 274//274
f 225//225 274//274 226//226
f 226//226 274//274 275//275
f 226//226 275//275 227//227
f 227//227 275//275 276//276
f 227//227 276//276 228//228
f 228//228 276//276 277//277
f 228//228 277//277 229//229
f 229//229 277//277 278//278
f 229//229 278//278 230//230
f 230//230 278//278 279//279
f 230//230 279//279 231//231
f 231//231 279//279 280//280
f 231//231 280//280 232//232
f 232//232 280//280 281//281
f 232//232 281//281 233//233
f 233//233 281//281 282//282
f 233//233 282//282 234//234
f 234//234 282//282 283//283
f 234//234 283//283 235//235
f 235//235 283//283 284//284
f 235//235 284//284 236//236
f 236//236 284//284 285//285
f 236//236 285//285 237//237
f 237//237 285//285 286//286
f 237//237 286//286 238//238
f 238//238 286//286 287//287
f 238//238 287//287 239//239
f 239//239 287//287 288//288
f 239//239 288//288 240//240
f 240//240 288//288 241//241
f 240//240 241//241 193//193
f 241//241 289//289 290//290
f 241//241 290//290 242//242
f 242//242 290//290 291//291
f 242//242 291//291 243//243
f 243//243 291//291 292//292
f 243//243 292//292 244//244
f 244//244 292//292 293//293
f 244//244 293//293 245//245
f 245//245 293//293 294//294
f 245//245 294//294 246//246
f 246//246 294//294 295//295
f 246//246 295//295 247//247
f 247//247 295//295 296//296
f 247//247 296//296 248//248
f 248//248 296//296 297//297
f 248//248 297//297 249//249
f 249//249 297//297 298//298
f 249//249 298//298 250//250
f 250//250 298//298 299//299
f 250//250 299//299 251//251
f 251//251 299//299 300//300
f 251//251 300//300 252//252
f 252//252 300//300 301//301
f 252//252 301//301 253//253
f 253//253 301//301 302//302
f 253//253 302//302 254//254
f 254//254 302//302 303//303
f 254//254 303//303 255//255
f 255//255 303//303 304//304
f 255//255 304//304 256//256
f 256//256 304//304 305//305
f 256//256 305//305 257//257
f 257//257 305//305 306//306
f 257//257 306//306 258//258
f 258//258 306//306 307//307
f 258//258 307//307 259//259
f 259//259 307//307 308//308
f 259//259 308//308 260//260
f 260//260 308//308 309//309
f 260//260 309//309 261//261
f 261//261 309//309 310//310
f 261//261 310//310 262//262
f 262//262 310//310 311//311
f 262//262 311//311 263//263
f 263//263 311//311 312//312
f 263//263 312//312 264//264
f 264//264 312//312 313//313
f 264//264 313//313 265//265
f 265//265 313//313 314//314
f 265//265 314//314 266//266
f 266//266 314//314 315//315
f 266//266 315//315 267//267
f 267//267 315//315 316//316
f 267//267 316//316 268//268
f 268//268 316//316 317//317
f 268//268 317//317 269//269
f 269//269 317//317 318//318
f 269//269 318//318 270//270
f 270//270 318//318 319//319
f 270//270 319//319 271//271
f 271//271 319//319 320//320
f 271//271 320//320 272//272
f 272//272 320//320 321//321
f 272//272 321//321 273//273
f 273//273 321//321 322//322
f 273//273 322//322 274//274
f 274//274 322//322 323//323
f 274//274 323//323 275//275
f 275//275 323//323 324//324
f 275//275 324//324 276//276
f 276//276 324//324 325//325
f 276//276 325//325 277//277
f 277//277 325//325 326//326
f 277//277 326//326 278//278
f 278//278 326//326 327//327
f 278//278 327//327 279//279
f 279//279 327//327 328//328
f 279//279 328//328 280//280
f 280//280 328//328 329//329
f 280//280 329//329 281//281
f 281//281 329//329 330//330
f 281//281 330//330 282//282
f 282//282 330//330 331//331
f 282//282 331//331 283//283
f 283//283 331//331 332//332
f 283//283 332//332 284//284
f 284//284 332//332 333//333
f 284//284 333//333 285//285
f 285//285 333//333 334//334
f 285//285 334//334 286//286
f 286//286 334//334 335//335
f 286//286 335//335 287//287
f 287//287 335//335 336//336
f 287//287 336//336 288//288
f 288//288 336//336 289//289
f 288//288 289//289 241//241
f 289//289 337//337 338//338
f 289//289 338//338 290//290
f 290//290 338//338 339//339
f 290//290 339//339 291//291
f 291//291 339//339 340//340
f 291//291 340//340 292//292
f 292//292 340//340 341//341
f 292//292 341//341 293//293
f 293//293 341//341 342//342
f 293//293 342//342 294//294
f 294//294 342//342 343//343
f 294//294 343//343 295//295
f 295//295 343//343 344//344
f 295//295 344//344 296//296
f 296//296 344//344 345//345
f 296//296 345//345 297//297
f 297//297 345//345 346//346
f 297//297 346//346 298//298
f 298//298 346//346 347//347
f 298//298 347//347 299//299
f 299//299 347//347 348//348
f 299//299 348//348 300//300
f 300//300 348//348 349//349
f 300//300 349//349 301//301
f 301//301 349//349 350//350
f 301//301 350//350 302//302
f 302//302 350//350 351//351
f 302//302 351//351 303//303
f 303//303 351//351 352//352
f 303//303 352//352 304//304
f 304//304 352//352 353//353
f 304//304 353//353 305//305
f 305//305 353//353 354//354
f 305//305 354//354 306//306
f 306//306 354//354 355//355
f 306//306 355//355 307//307
f 307//307 355//355 356//356
f 307//307 356//356 308//308
f 308//308 356//356 357//357
f 308//308 357//357 309//309
f 309//309 357//357 358//358
f 309//309 358//358 310//310
f 310//310 358//358 359//359
f 310//310 359//359 311//311
f 311//311 359//359 360//360
f 311//311 360//360 312//312
f 312//312 360//360 361//361
f 312//312 361//361 313//313
f 313//313 361//361 362//362
f 313//313 362//362 314//314
f 314//314 362//362 363//363
f 314//314 363//363 315//315
f 315//315 363//363 364//364
f 315//315 364//364 316//316
f 316//316 364//364 365//365
f 316//316 365//365 317//317
f 317//317 365//365 366//366
f 317//317 366//366 318//318
f 318//318 366//366 367//367
f 318//318 367//367 319//319
f 319//319 367//367 368//368
f 319//319 368//368 320//320
f 320//320 368//368 369//369
f 320//320 369//369 321//321
f 321//321 369//369 370//370
f 321//321 370//370 322//322
f 322//322 370//370 371//371
f 322//322 371//371 323//323
f 323//323 371//371 372//372
f 323//323 372//372 324//324
f 324//324 372//372 373//373
f 324//324 373//373 325//325
f 325//325 373//373 374//374
f 325//325 374//374 326//326
f 326//326 374//374 375//375
f 326//326 375//375 327//327
f 327//327 375//375 376//376
f 327//327 376//376 328//328
f 328//328 376//376 377//377
f 328//328 377//377 329//329
f 329//329 377//377 378//378
f 329//329 378//378 330//330
f 330//330 378//378 379//379
f 330//330 379//379 331//331
f 331//331 379//379 380//380
f 331//331 380//380 332//332
f 332//332 380//380 381//381
f 332//332 381//381 333//333
f 333//333 381//381 382//382
f 333//333 382//382 334//334
f 334//334 382//382 383//383
f 334//334 383//383 335//335
f 335//335 383//383 384//384
f 335//335 384//384 336//336
f 336//336 384//384 337//337
f 336//336 337//337 289//289
f 337//337 385//385 386//386
f 337//337 386//386 338//338
f 338//338 386//386 387//387
f 338//338 387//387 339//339
f 339//339 387//387 388//388
f 339//339 388//388 340//340
f 340//340 388//388 389//389
f 340//340 389//389 341//341
f 341//341 389//389 390//390
f 341//341 390//390 342//342
f 342//342 390//390 391//391
f 342//342 391//391 343//343
f 343//343 391//391 392//392
f 343//343 392//392 344//344
f 344//344 392//392 393//393
f 344//344 393//393 345//345
f 345//345 393//393 394//394
f 345//345 394//394 346//346
f 346//346 394//394 395//395
f 346//346 395//395 347//347
f 347//347 395//395 396//396
f 347//347 396//396 348//348
f 348//348 396//396 397//397
f 348//348 397//397 349//349
f 349//349 397//397 398//398
f 349//349 398//398 350//350
f 350//350 398//398 399//399
f 350//350 399//399 351//351
f 351//351 399//399 400//400
f 351//351 400//400 352//352
f 352//352 400//400 401//401
f 352//352 401//401 353//353
f 353//353 401//401 402//402
f 353//353 402//402 354//354
f 354//354 402//402 403//403
f 354//354 403//403 355//355
f 355//355 403//403 404//404
f 355//355 404//404 356//356
f 356//356 404//404 405//405
f 356//356 405//405 357//357
f 357//357 405//405 406//406
f 357//357 406//406 358//358
f 358//358 406//406 407//407
f 358//358 407//407 359//359
f 359//359 407//407 408//408
f 359//359 408//408 360//360
f 360//360 408//408 409//409
f 360//360 409//409 361//361
f 361//361 409//409 410//410
f 361//361 410//410 362//362
f 362//362 410//410 411//411
f 362//362 411//411 363//363
f 363//363 411//411 412//412
f 363//363 412//412 364//364
f 364//364 412//412 413//413
f 364//364 413//413 365//365
f 365//365 413//413 414//414
f 365//365 414//414 366//366
f 366//366 414//414 415//415
f 366//366 415//415 367//367
f 367//367 415//415 416//416
f 367//367 416//416 368//368
f 368//368 416//416 417//417
f 368//368 417//417 369//369
f 369//369 417//417 418//418
f 369//369 418//418 370//370
f 370//370 418//418 419//419
f 370//370 419//419 371//371
f 371//371 419//419 420//420
f 371//371 420//420 372//372
f 372//372 420//420 421//421
f 372//372 421//421 373//373
f 373//373 421//421 422//422
f 373//373 422//422 374//374
f 374//374 422//422 423//423
f 374//374 423//423 375//375
f 375//375 423//423 424//424
f 375//375 424//424 376//376
f 376//376 424//424 425//425
f 376//376 425//425 377//377
f 377//377 425//425 426//426
f 377//377 426//426 378//378
f 378//378 426//426 427//427
f 378//378 427//427 379//379
f 379//379 427//427 428//428
f 379//379 428//428 380//380
f 380//380 428//428 429//429
f 380//380 429//429 381//381
f 381//381 429//429 430//430
f 381//381 430//430 382//382
f 382//382 430//430 431//431
f 382//382 431//431 383//383
f 383//383 431//431 432//432
f 383//383 432//432 384//384
f 384//384 432//432 385//385
f 384//384 385//385 337//337
usemtl bin_62
f 385//385 433//433 434//434
f 385//385 434//434 386//386
f 386//386 434//434 435//435
f 386//386 435//435 387//387
f 387//387 435//435 436//436
f 387//387 436//436 388//388
f 388//388 436//436 437//437
f 388//388 437//437 389//389
f 389//389 437//437 438//438
f 389//389 438//438 390//390
f 390//390 438//438 439//439
f 390//390 439//439 391//391
f 391//391 439//439 440//440
f 391//391 440//440 392//392
f 392//392 440//440 441//441
f 392//392 441//441 393//393
f 393//393 441//441 442//442
f 393//393 442//442 394//394
f 394//394 442//442 443//443
f 394//394 443//443 395//395
f 395//395 443//443 444//444
f 395//395 444//444 396//396
f 396//396 444//444 445//445
f 396//396 445//445 397//397
f 397//397 445//445 446//446
f 397//397 446//446 398//398
f 398//398 446//446 447//447
f 398//398 447//447 399//399
f 399//399 447//447 448//448
f 399//399 448//448 400//400
f 400//400 448//448 449//449
f 400//400 449//449 401//401
f 401//401 449//449 450//450
f 401//401 450//450 402//402
f 402//402 450//450 451//451
f 402//402 451//451 403//403
f 403//403 451//451 452//452
f 403//403 452//452 404//404
f 404//404 452//452 453//453
f 404//404 453//453 405//405
f 405//405 453//453 454//454
f 405//405 454//454 406//406
f 406//406 454//454 455//455
f 406//406 455//455 407//407
f 407//407 455//455 456//456
f 407//407 456//456 408//408
f 408//408 456//456 457//457
f 408//408 457//457 409//409
f 409//409 457//457 458//458
f 409//409 458//458 410//410
f 410//410 458//458 459//459
f 410//410 459//459 411//411
f 411//411 459//459 460//460
f 411//411 460//460 412//412
f 412//412 460//460 461//461
f 412//412 461//461 413//413
f 413//413 461//461 462//462
f 413//413 462//462 414//414
f 414//414 462//462 463//463
f 414//414 463//463 415//415
f 415//415 463//463 464//464
f 415//415 464//464 416//416
f 416//416 464//464 465//465
f 416//416 465//465 417//417
f 417//417 465//465 466//466
f 417//417 466//466 418//418
f 418//418 466//466 467//467
f 418//418 467//467 419//419
f 419//419 467//467 468//468
f 419//419 468//468 420//420
f 420//420 468//468 469//469
f 420//420 469//469 421//421
f 421//421 469//469 470//470
f 421//421 470//470 422//422
f 422//422 470//470 471//471
f 422//422 471//471 423//423
f 423//423 471//471 472//472
f 423//423 472//472 424//424
f 424//424 472//472 473//473
f 424//424 473//473 425//425
f 425//425 473//473 474//474
f 425//425 474//474 426//426
f 426//426 474//474 475//475
f 426//426 475//475 427//427
f 427//427 475//475 476//476
f 427//427 476//476 428//428
f 428//428 476//476 477//477
f 428//428 477//477 429//429
f 429//429 477//477 478//478
f 429//429 478//478 430//430
f 430//430 478//478 479//479
f 430//430 479//479 431//431
f 431//431 479//479 480//480
f 431//431 480//480 432//432
f 432//432 480//480 433//433
f 432//432 433//433 385//385
f 433//433 481//481 482//482
f 433//433 482//482 434//434
f 434//434 482//482 483//483
f 434//434 483//483 435//435
f 435//435 483//483 484//484
f 435//435 484//484 436//436
f 436//436 484//484 485//485
f 436//436 485//485 437//437
f 437//437 485//485 486//486
f 437//437 486//486 438//438
f 438//438 486//486 487//487
f 438//438 487//487 439//439
f 439//439 487//487 488//488
f 439//439 488//488 440//440
f 440//440 488//488 489//489
f 440//440 489//489 441//441
f 441//441 489//489 490//490
f 441//441 490//490 442//442
f 442//442 490//490 491//491
f 442//442 491//491 443//443
f 443//443 491//491 492//492
f 443//443 492//492 444//444
f 444//444 492//492 493//493
f 444//444 493//493 445//445
f 445//445 493//493 494//494
f 445//445 494//494 446//446
f 446//446 494//494 495//495
f 446//446 495//495 447//447
f 447//447 495//495 496//496
f 447//447 496//496 448//448
f 448//448 496//496 497//497
f 448//448 497//497 449//449
f 449//449 497//497 498//498
f 449//449 498//498 450//450
f 450//450 498//498 499//499
f 450//450 499//499 451//451
f 451//451 499//499 500//500
f 451//451 500//500 452//452
f 452//452 500//500 501//501
f 452//452 501//501 453//453
f 453//453 501//501 502//502
f 453//453 502//502 454//454
f 454//454 502//502 503//503
f 454//454 503//503 455//455
f 455//455 503//503 504//504
f 455//455 504//504 456//456
f 456//456 504//504 505//505
f 456//456 505//505 457//457
f 457//457 505//505 506//506
f 457//457 506//506 458//458
f 458//458 506//506 507//507
f 458//458 507//507 459//459
f 459//459 507//507 508//508
f 459//459 508//508 460//460
f 460//460 508//508 509//509
f 460//460 509//509 461//461
f 461//461 509//509 510//510
f 461//461 510//510 462//462
f 462//462 510//510 511//511
f 462//462 511//511 463//463
f 463//463 511//511 512//512
f 463//463 512//512 464//464
f 464//464 512//512 513//513
f 464//464 513//513 465//465
f 465//465 513//513 514//514
f 465//465 514//514 466//466
f 466//466 514//514 515//515
f 466//466 515//515 467//467
f 467//467 515//515 516//516
f 467//467 516//516 468//468
f 468//468 516//516 517//517
f 468//468 517//517 469//469
f 469//469 517//517 518//518
f 469//469 518//518 470//470
f 470//470 518//518 519//519
f 470//470 519//519 471//471
f 471//471 519//519 520//520
f 471//471 520//520 472//472
f 472//472 520//520 521//521
f 472//472 521//521 473//473
f 473//473 521//521 522//522
f 473//473 522//522 474//474
f 474//474 522//522 523//523
f 474//474 523//523 475//475
f 475//475 523//523 524//524
f 475//475 524//524 476//476
f 476//476 524//524 525//525
f 476//476 525//525 477//477
f 477//477 525//525 526//526
f 477//477 526//526 478//478
f 478//478 526//526 527//527
f 478//478 527//527 479//479
f 479//479 527//527 528//528
f 479//479 528//528 480//480
f 480//480 528//528 481//481
f 480//480 481//481 433//433
f 481//481 529//529 530//530
f 481//481 530//530 482//482
f 482//482 530//530 531//531
f 482//482 531//531 483//483
f 483//483 531//531 532//532
f 483//483 532//532 484//484
f 484//484 532//532 533//533
f 484//484 533//533 485//485
f 485//485 533//533 534//534
f 485//485 534//534 486//486
f 486//486 534//534 535//535
f 486//486 535//535 487//487
f 487//487 535//535 536//536
f 487//487 536//536 488//488
f 488//488 536//536 537//537
f 488//488 537//537 489//489
f 489//489 537//537 538//538
f 489//489 538//538 490//490
f 490//490 538//538 539//539
f 490//490 539//539 491//491
f 491//491 539//539 540//540
f 491//491 540//540 492//492
f 492//492 540//540 541//541
f 492//492 541//541 493//493
f 493//493 541//541 542//542
f 493//493 542//542 494//494
f 494//494 542//542 543//543
f 494//494 543//543 495//495
f 495//495 543//543 544//544
f 495//495 544//544 496//496
f 496//496 544//544 545//545
f 496//496 545//545 497//497
f 497//497 545//545 546//546
f 497//497 546//546 498//498
f 498//498 546//546 547//547
f 498//498 547//547 499//499
f 499//499 547//547 548//548
f 499//499 548//548 500//500
f 500//500 548//548 549//549
f 500//500 549//549 501//501
f 501//501 549//549 550//550
f 501//501 550//550 502//502
f 502//502 550//550 551//551
f 502//502 551//551 503//503
f 503//503 551//551 552//552
f 503//503 552//552 504//504
f 504//504 552//552 553//553
f 504//504 553//553 505//505
f 505//505 553//553 554//554
f 505//505 554//554 506//506
f 506//506 554//554 555//555
f 506//506 555//555 507//507
f 507//507 555//555 556//556
f 507//507 556//556 508//508
f 508//508 556//556 557//557
f 508//508 557//557 509//509
f 509//509 557//557 558//558
f 509//509 558//558 510//510
f 510//510 558//558 559//559
f 510//510 559//559 511//511
f 511//511 559//559 560//560
f 511//511 560//560 512//512
f 512//512 560//560 561//561
f 512//512 561//561 513//513
f 513//513 561//561 562//562
f 513//513 562//562 514//514
f 514//514 562//562 563//563
f 514//514 563//563 515//515
f 515//515 563//563 564//564
f 515//515 564//564 516//516
f 516//516 564//564 565//565
f 516//516 565//565 517//517
f 517//517 565//565 566//566
f 517//517 566//566 518//518
f 518//518 566//566 567//567
f 518//518 567//567 519//519
f 519//519 567//567 568//568
f 519//519 568//568 520//520
f 520//520 568//568 569//569
f 520//520 569//569 521//521
f 521//521 569//569 570//570
f 521//521 570//570 522//522
f 522//522 570//570 571//571
f 522//522 571//571 523//523
f 523//523 571//571 572//572
f 523//523 572//572 524//524
f 524//524 572//572 573//573
f 524//524 573//573 525//525
f 525//525 573//573 574//574
f 525//525 574//574 526//526
f 526//526 574//574 575//575
f 526//526 575//575 527//527
f 527//527 575//575 576//576
f 527//527 576//576 528//528
f 528//528 576//576 529//529
f 528//528 529//529 481//481
f 529//529 577//577 578//578
f 529//529 578//578 530//530
f 530//530 578//578 579//579
f 530//530 579//579 531//531
f 531//531 579//579 580//580
f 531//531 580//580 532//532
f 532//532 580//580 581//581
f 532//532 581//581 533//533
f 533//533 581//581 582//582
f 533//533 582//582 534//534
f 534//534 582//582 583//583
f 534//534 583//583 535//535
f 535//535 583//583 584//584
f 535//535 584//584 536//536
f 536//536 584//584 585//585
f 536//536 585//585 537//537
f 537//537 585//585 586//586
f 537//537 586//586 538//538
f 538//538 586//586 587//587
f 538//538 587//587 539//539
f 539//539 587//587 588//588
f 539//539 588//588 540//540
f 540//540 588//588 589//589
f 540//540 589//589 541//541
f 541//541 589//589 590//590
f 541//541 590//590 542//542
f 542//542 590//590 591//591
f 542//542 591//591 543//543
f 543//543 591//591 592//592
f 543//543 592//592 544//544
f 544//544 592//592 593//593
f 544//544 593//593 545//545
f 545//545 593//593 594//594
f 545//545 594//594 546//546
f 546//546 594//594 595//595
f 546//546 595//595 547//547
f 547//547 595//595 596//596
f 547//547 596//596 548//548
f 548//548 596//596 597//597
f 548//548 597//597 549//549
f 549//549 597//597 598//598
f 549//549 598//598 550//550
f 550//550 598//598 599//599
f 550//550 599//599 551//551
f 551//551 599//599 600//600
f 551//551 600//600 552//552
f 552//552 600//600 601//601
f 552//552 601//601 553//553
f 553//553 601//601 602//602
f 553//553 602//602 554//554
f 554//554 602//602 603//603
f 554//554 603//603 555//555
f 555//555 603//603 604//604
f 555//555 604//604 556//556
f 556//556 604//604 605//605
f 556//556 605//605 557//557
f 557//557 605//605 606//606
f 557//557 606//606 558//558
f 558//558 606//606 607//607
f 558//558 607//607 559//559
f 559//559 607//607 608//608
f 559//559 608//608 560//560
f 560//560 608//608 609//609
f 560//560 609//609 561//561
f 561//561 609//609 610//610
f 561//561 610//610 562//562
f 562//562 610//610 611//611
f 562//562 611//611 563//563
f 563//563 611//611 612//612
f 563//563 612//612 564//564
f 564//564 612//612 613//613
f 564//564 613//613 565//565
f 565//565 613//613 614//614
f 565//565 614//614 566//566
f 566//566 614//614 615//615
f 566//566 615//615 567//567
f 567//567 615//615 616//616
f 567//567 616//616 568//568
f 568//568 616//616 617//617
f 568//568 617//617 569//569
f 569//569 617//617 618//618
f 569//569 618//618 570//570
f 570//570 618//618 619//619
f 570//570 619//619 571//571
f 571//571 619//619 620//620
f 571//571 620//620 572//572
f 572//572 620//620 621//621
f 572//572 621//621 573//573
f 573//573 621//621 622//622
f 573//573 622//622 574//574
f 574//574 622//622 623//623
f 574//574 623//623 575//575
f 575//575 623//623 624//624
f 575//575 624//624 576//576
f 576//576 624//624 577//577
f 576//576 577//577 529//529
f 577//577 625//625 626//626
f 577//577 626//626 578//578
f 578//578 626//626 627//627
f 578//578 627//627 579//579
f 579//579 627//627 628//628
f 579//579 628//628 580//580
f 580//580 628//628 629//629
f 580//580 629//629 581//581
f 581//581 629//629 630//630
f 581//581 630//630 582//582
f 582//582 630//630 631//631
f 582//582 631//631 583//583
f 583//583 631//631 632//632
f 583//583 632//632 584//584
f 584//584 632//632 633//633
f 584//584 633//633 585//585
f 585//585 633//633 634//634
f 585//585 634//634 586//586
f 586//586 634//634 635//635
f 586//586 635//635 587//587
f 587//587 635//635 636//636
f 587//587 636//636 588//588
f 588//588 636//636 637//637
f 588//588 637//637 589//589
f 589//589 637//637 638//638
f 589//589 638//638 590//590
f 590//590 638//638 639//639
f 590//590 639//639 591//591
f 591//591 639//639 640//640
f 591//591 640//640 592//592
f 592//592 640//640 641//641
f 592//592 641//641 593//593
f 593//593 641//641 642//642
f 593//593 642//642 594//594
f 594//594 642//642 643//643
f 594//594 643//643 595//595
f 595//595 643//643 644//644
f 595//595 644//644 596//596
f 596//596 644//644 645//645
f 596//596 645//645 597//597
f 597//597 645//645 646//646
f 597//597 646//646 598//598
f 598//598 646//646 647//647
f 598//598 647//647 599//599
f 599//599 647//647 648//648
f 599//599 648//648 600//600
f 600//600 648//648 649//649
f 600//600 649//649 601//601
f 601//601 649//649 650//650
f 601//601 650//650 602//602
f 602//602 650//650 651//651
f 602//602 651//651 603//603
f 603//603 651//651 652//652
f 603//603 652//652 604//604
f 604//604 652//652 653//653
f 604//604 653//653 605//605
f 605//605 653//653 654//654
f 605//605 654//654 606//606
f 606//606 654//654 655//655
f 606//606 655//655 607//607
f 607//607 655//655 656//656
f 607//607 656//656 608//608
f 608//608 656//656 657//657
f 608//608 657//657 609//609
f 609//609 657//657 658//658
f 609//609 658//658 610//610
f 610//610 658//658 659//659
f 610//610 659//659 611//611
f 611//611 659//659 660//660
f 611//611 660//660 612//612
f 612//612 660//660 661//661
f 612//612 661//661 613//613
f 613//613 661//661 662//662
f 613//613 662//662 614//614
f 614//614 662//662 663//663
f 614//614 663//663 615//615
f 615//615 663//663 664//664
f 615//615 664//664 616//616
f 616//616 664//664 665//665
f 616//616 665//665 617//617
f 617//617 665//665 666//666
f 617//617 666//666 618//618
f 618//618 666//666 667//667
f 618//618 667//667 619//619
f 619//619 667//667 668//668
f 619//619 668//668 620//620
f 620//620 668//668 669//669
f 620//620 669//669 621//621
f 621//621 669//669 670//670
f 621//621 670//670 622//622
f 622//622 670//670 671//671
f 622//622 671//671 623//623
f 623//623 671//671 672//672
f 623//623 672//672 624//624
f 624//624 672//672 625//625
f 624//624 625//625 577//577
f 625//625 673//673 674//674
f 625//625 674//674 626//626
f 626//626 674//674 675//675
f 626//626 675//675 627//627
f 627//627 675//675 676//676
f 627//627 676//676 628//628
f 628//628 676//676 677//677
f 628//628 677//677 629//629
f 629//629 677//677 678//678
f 629//629 678//678 630//630
f 630//630 678//678 679//679
f 630//630 679//679 631//631
f 631//631 679//679 680//680
f 631//631 680//680 632//632
f 632//632 680//680 681//681
f 632//632 681//681 633//633
f 633//633 681//681 682//682
f 633//633 682//682 634//634
f 634//634 682//682 683//683
f 634//634 683//683 635//635
f 635//635 683//683 684//684
f 635//635 684//684 636//636
f 636//636 684//684 685//685
f 636//636 685//685 637//637
f 637//637 685//685 686//686
f 637//637 686//686 638//638
f 638//638 686//686 687//687
f 638//638 687//687 639//639
f 639//639 687//687 688//688
f 639//639 688//688 640//640
f 640//640 688//688 689//689
f 640//640 689//689 641//641
f 641//641 689//689 690//690
f 641//641 690//690 642//642
f 642//642 690//690 691//691
f 642//642 691//691 643//643
f 643//643 691//691 692//692
f 643//643 692//692 644//644
f 644//644 692//692 693//693
f 644//644 693//693 645//645
f 645//645 693//693 694//694
f 645//645 694//694 646//646
f 646//646 694//694 695//695
f 646//646 695//695 647//647
f 647//647 695//695 696//696
f 647//647 696//696 648//648
f 648//648 696//696 697//697
f 648//648 697//697 649//649
f 649//649 697//697 698//698
f 649//649 698//698 650//650
f 650//650 698//698 699//699
f 650//650 699//699 651//651
f 651//651 699//699 700//700
f 651//651 700//700 652//652
f 652//652 700//700 701//701
f 652//652 701//701 653//653
f 653//653 701//701 702//702
f 653//653 702//702 654//654
f 654//654 702//702 703//703
f 654//654 703//703 655//655
f 655//655 703//703 704//704
f 655//655 704//704 656//656
f 656//656 704//704 705//705
f 656//656 705//705 657//657
f 657//657 705//705 706//706
f 657//657 706//706 658//658
f 658//658 706//706 707//707
f 658//658 707//707 659//659
f 659//659 707//707 708//708
f 659//659 708//708 660//660
f 660//660 708//708 709//709
f 660//660 709//709 661//661
f 661//661 709//709 710//710
f 661//661 710//710 662//662
f 662//662 710//710 711//711
f 662//662 711//711 663//663
f 663//663 711//711 712//712
f 663//663 712//712 664//664
f 664//664 712//712 713//713
f 664//664 713//713 665//665
f 665//665 713//713 714//714
f 665//665 714//714 666//666
f 666//666 714//714 715//715
f 666//666 715//715 667//667
f 667//667 715//715 716//716
f 667//667 716//716 668//668
f 668//668 716//716 717//717
f 668//668 717//717 669//669
f 669//669 717//717 718//718
f 669//669 718//718 670//670
f 670//670 718//718 719//719
f 670//670 719//719 671//671
f 671//671 719//719 720//720
f 671//671 720//720 672//672
f 672//672 720//720 673//673
f 672//672 673//673 625//625
usemtl bin_61
f 673//673 721//721 722//722
f 673//673 722//722 674//674
f 674//674 722//722 723//723
f 674//674 723//723 675//675
f 675//675 723//723 724//724
f 675//675 724//724 676//676
f 676//676 724//724 725//725
f 676//676 725//725 677//677
f 677//677 725//725 726//726
f 677//677 726//726 678//678
f 678//678 726//726 727//727
f 678//678 727//727 679//679
f 679//679 727//727 728//728
f 679//679 728//728 680//680
f 680//680 728//728 729//729
f 680//680 729//729 681//681
f 681//681 729//729 730//730
f 681//681 730//730 682//682
f 682//682 730//730 731//731
f 682//682 731//731 683//683
f 683//683 731//731 732//732
f 683//683 732//732 684//684
f 684//684 732//732 733//733
f 684//684 733//733 685//685
f 685//685 733//733 734//734
f 685//685 734//734 686//686
f 686//686 734//734 735//735
f 686//686 735//735 687//687
f 687//687 735//735 736//736
f 687//687 736//736 688//688
f 688//688 736//736 737//737
f 688//688 737//737 689//689
f 689//689 737//737 738//738
f 689//689 738//738 690//690
f 690//690 738//738 739//739
f 690//690 739//739 691//691
f 691//691 739//739 740//740
f 691//691 740//740 692//692
f 692//692 740//740 741//741
f 692//692 741//741 693//693
f 693//693 741//741 742//742
f 693//693 742//742 694//694
f 694//694 742//742 743//743
f 694//694 743//743 695//695
f 695//695 743//743 744//744
f 695//695 744//744 696//696
f 696//696 744//744 745//745
f 696//696 745//745 697//697
f 697//697 745//745 746//746
f 697//697 746//746 698//698
f 698//698 746//746 747//747
f 698//698 747//747 699//699
f 699//699 747//747 748//748
f 699//699 748//748 700//700
f 700//700 748//748 749//749
f 700//700 749//749 701//701
f 701//701 749//749 750//750
f 701//701 750//750 702//702
f 702//702 750//750 751//751
f 702//702 751//751 703//703
f 703//703 751//751 752//752
f 703//703 752//752 704//704
f 704//704 752//752 753//753
f 704//704 753//753 705//705
f 705//705 753//753 754//754
f 705//705 754//754 706//706
f 706//706 754//754 755//755
f 706//706 755//755 707//707
f 707//707 755//755 756//756
f 707//707 756//756 708//708
f 708//708 756//756 757//757
f 708//708 757//757 709//709
f 709//709 757//757 758//758
f 709//709 758//758 710//710
f 710//710 758//758 759//759
f 710//710 759//759 711//711
f 711//711 759//759 760//760
f 711//711 760//760 712//712
f 712//712 760//760 761//761
f 712//712 761//761 713//713
f 713//713 761//761 762//762
f 713//713 762//762 714//714
f 714//714 762//762 763//763
f 714//714 763//763 715//715
f 715//715 763//763 764//764
f 715//715 764//764 716//716
f 716//716 764//764 765//765
f 716//716 765//765 717//717
f 717//717 765//765 766//766
f 717//717 766//766 718//718
f 718//718 766//766 767//767
f 718//718 767//767 719//719
f 719//719 767//767 768//768
f 719//719 768//768 720//720
f 720//720 768//768 721//721
f 720//720 721//721 673//673
f 721//721 769//769 770//770
f 721//721 770//770 722//722
f 722//722 770//770 771//771
f 722//722 771//771 723//723
f 723//723 771//771 772//772
f 723//723 772//772 724//724
f 724//724 772//772 773//773
f 724//724 773//773 725//725
f 725//725 773//773 774//774
f 725//725 774//774 726//726
f 726//726 774//774 775//775
f 726//726 775//775 727//727
f 727//727 775//775 776//776
f 727//727 776//776 728//728
f 728//728 776//776 777//777
f 728//728 777//777 729//729
f 729//729 777//777 778//778
f 729//729 778//778 730//730
f 730//730 778//778 779//779
f 730//730 779//779 731//731
f 731//731 779//779 780//780
f 731//731 780//780 732//732
f 732//732 780//780 781//781
f 732//732 781//781 733//733
f 733//733 781//781 782//782
f 733//733 782//782 734//734
f 734//734 782//782 783//783
f 734//734 783//783 735//735
f 735//735 783//783 784//784
f 735//735 784//784 736//736
f 736//736 784//784 785//785
f 736//736 785//785 737//737
f 737//737 785//785 786//786
f 737//737 786//786 738//738
f 738//738 786//786 787//787
f 738//738 787//787 739//739
f 739//739 787//787 788//788
f 739//739 788//788 740//740
f 740//740 788//788 789//789
f 740//740 789//789 741//741
f 741//741 789//789 790//790
f 741//741 790//790 742//742
f 742//742 790//790 791//791
f 742//742 791//791 743//743
f 743//743 791//791 792//792
f 743//743 792//792 744//744
f 744//744 792//792 793//793
f 744//744 793//793 745//745
f 745//745 793//793 794//794
f 745//745 794//794 746//746
f 746//746 794//794 795//795
f 746//746 795//795 747//747
f 747//747 795//795 796//796
f 747//747 796//796 748//748
f 748//748 796//796 797//797
f 748//748 797//797 749//749
f 749//749 797//797 798//798
f 749//749 798//798 750//750
f 750//750 798//798 799//799
f 750//750 799//799 751//751
f 751//751 799//799 800//800
f 751//751 800//800 752//752
f 752//752 800//800 801//801
f 752//752 801//801 753//753
f 753//753 801//801 802//802
f 753//753 802//802 754//754
f 754//754 802//802 803//803
f 754//754 803//803 755//755
f 755//755 803//803 804//804
f 755//755 804//804 756//756
f 756//756 804//804 805//805
f 756//756 805//805 757//757
f 757//757 805//805 806//806
f 757//757 806//806 758//758
f 758//758 806//806 807//807
f 758//758 807//807 759//759
f 759//759 807//807 808//808
f 759//759 808//808 760//760
f 760//760 808//808 809//809
f 760//760 809//809 761//761
f 761//761 809//809 810//810
f 761//761 810//810 762//762
f 762//762 810//810 811//811
f 762//762 811//811 763//763
f 763//763 811//811 812//812
f 763//763 812//812 764//764
f 764//764 812//812 813//813
f 764//764 813//813 765//765
f 765//765 813//813 814//814
f 765//765 814//814 766//766
f 766//766 814//814 815//815
f 766//766 815//815 767//767
f 767//767 815//815 816//816
f 767//767 816//816 768//768
f 768//768 816//816 769//769
f 768//768 769//769 721//721
f 769//769 817//817 818//818
f 769//769 818//818 770//770
f 770//770 818//818 819//819
f 770//770 819//819 771//771
f 771//771 819//819 820//820
f 771//771 820//820 772//772
f 772//772 820//820 821//821
f 772//772 821//821 773//773
f 773//773 821//821 822//822
f 773//773 822//822 774//774
f 774//774 822//822 823//823
f 774//774 823//823 775//775
f 775//775 823//823 824//824
f 775//775 824//824 776//776
f 776//776 824//824 825//825
f 776//776 825//825 777//777
f 777//777 825//825 826//826
f 777//777 826//826 778//778
f 778//778 826//826 827//827
f 778//778 827//827 779//779
f 779//779 827//827 828//828
f 779//779 828//828 780//780
f 780//780 828//828 829//829
f 780//780 829//829 781//781
f 781//781 829//829 830//830
f 781//781 830//830 782//782
f 782//782 830//830 831//831
f 782//782 831//831 783//783
f 783//783 831//831 832//832
f 783//783 832//832 784//784
f 784//784 832//832 833//833
f 784//784 833//833 785//785
f 785//785 833//833 834//834
f 785//785 834//834 786//786
f 786//786 834//834 835//835
f 786//786 835//835 787//787
f 787//787 835//835 836//836
f 787//787 836//836 788//788
f 788//788 836//836 837//837
f 788//788 837//837 789//789
f 789//789 837//837 838//838
f 789//789 838//838 790//790
f 790//790 838//838 839//839
f 790//790 839//839 791//791
f 791//791 839//839 840//840
f 791//791 840//840 792//792
f 792//792 840//840 841//841
f 792//792 841//841 793//793
f 793//793 841//841 842//842
f 793//793 842//842 794//794
f 794//794 842//842 843//843
f 794//794 843//843 795//795
f 795//795 843//843 844//844
f 795//795 844//844 796//796
f 796//796 844//844 845//845
f 796//796 845//845 797//797
f 797//797 845//845 846//846
f 797//797 846//846 798//798
f 798//798 846//846 847//847
f 798//798 847//847 799//799
f 799//799 847//847 848//848
f 799//799 848//848 800//800
f 800//800 848//848 849//849
f 800//800 849//849 801//801
f 801//801 849//849 850//850
f 801//801 850//850 802//802
f 802//802 850//850 851//851
f 802//802 851//851 803//803
f 803//803 851//851 852//852
f 803//803 852//852 804//804
f 804//804 852//852 853//853
f 804//804 853//853 805//805
f 805//805 853//853 854//854
f 805//805 854//854 806//806
f 806//806 854//854 855//855
f 806//806 855//855 807//807
f 807//807 855//855 856//856
f 807//807 856//856 808//808
f 808//808 856//856 857//857
f 808//808 857//857 809//809
f 809//809 857//857 858//858
f 809//809 858//858 810//810
f 810//810 858//858 859//859
f 810//810 859//859 811//811
f 811//811 859//859 860//860
f 811//811 860//860 812//812
f 812//812 860//860 861//861
f 812//812 861//861 813//813
f 813//813 861//861 862//862
f 813//813 862//862 814//814
f 814//814 862//862 863//863
f 814//814 863//863 815//815
f 815//815 863//863 864//864
f 815//815 864//864 816//816
f 816//816 864//864 817//817
f 816//816 817//817 769//769
usemtl bin_60
f 817//817 865//865 866//866
f 817//817 866//866 818//818
f 818//818 866//866 867//867
f 818//818 867//867 819//819
f 819//819 867//867 868//868
f 819//819 868//868 820//820
f 820//820 868//868 869//869
f 820//820 869//869 821//821
f 821//821 869//869 870//870
f 821//821 870//870 822//822
f 822//822 870//870 871//871
f 822//822 871//871 823//823
f 823//823 871//871 872//872
f 823//823 872//872 824//824
f 824//824 872//872 873//873
f 824//824 873//873 825//825
f 825//825 873//873 874//874
f 825//825 874//874 826//826
f 826//826 874//874 875//875
f 826//826 875//875 827//827
f 827//827 875//875 876//876
f 827//827 876//876 828//828
f 828//828 876//876 877//877
f 828//828 877//877 829//829
f 829//829 877//877 878//878
f 829//829 878//878 830//830
f 830//830 878//878 879//879
f 830//830 879//879 831//831
f 831//831 879//879 880//880
f 831//831 880//880 832//832
f 832//832 880//880 881//881
f 832//832 881//881 833//833
f 833//833 881//881 882//882
f 833//833 882//882 834//834
f 834//834 882//882 883//883
f 834//834 883//883 835//835
f 835//835 883//883 884//884
f 835//835 884//884 836//836
f 836//836 884//884 885//885
f 836//836 885//885 837//837
f 837//837 885//885 886//886
f 837//837 886//886 838//838
f 838//838 886//886 887//887
f 838//838 887//887 839//839
f 839//839 887//887 888//888
f 839//839 888//888 840//840
f 840//840 888//888 889//889
f 840//840 889//889 841//841
f 841//841 889//889 890//890
f 841//841 890//890 842//842
f 842//842 890//890 891//891
f 842//842 891//891 843//843
f 843//843 891//891 892//892
f 843//843 892//892 844//844
f 844//844 892//892 893//893
f 844//844 893//893 845//845
f 845//845 893//893 894//894
f 845//845 894//894 846//846
f 846//846 894//894 895//895
f 846//846 895//895 847//847
f 847//847 895//895 896//896
f 847//847 896//896 848//848
f 848//848 896//896 897//897
f 848//848 897//897 849//849
f 849//849 897//897 898//898
f 849//849 898//898 850//850
f 850//850 898//898 899//899
f 850//850 899//899 851//851
f 851//851 899//899 900//900
f 851//851 900//900 852//852
f 852//852 900//900 901//901
f 852//852 901//901 853//853
f 853//853 901//901 902//902
f 853//853 902//902 854//854
f 854//854 902//902 903//903
f 854//854 903//903 855//855
f 855//855 903//903 904//904
f 855//855 904//904 856//856
f 856//856 904//904 905//905
f 856//856 905//905 857//857
f 857//857 905//905 906//906
f 857//857 906//906 858//858
f 858//858 906//906 907//907
f 858//858 907//907 859//859
f 859//859 907//907 908//908
f 859//859 908//908 860//860
f 860//860 908//908 909//909
f 860//860 909//909 861//861
f 861//861 909//909 910//910
f 861//861 910//910 862//862
f 862//862 910//910 911//911
f 862//862 911//911 863//863
f 863//863 911//911 912//912
f 863//863 912//912 864//864
f 864//864 912//912 865//865
f 864//864 865//865 817//817
f 865//865 913//913 914//914
f 865//865 914//914 866//866
f 866//866 914//914 915//915
f 866//866 915//915 867//867
f 867//867 915//915 916//916
f 867//867 916//916 868//868
f 868//868 916//916 917//917
f 868//868 917//917 869//869
f 869//869 917//917 918//918
f 869//869 918//918 870//870
f 870//870 918//918 919//919
f 870//870 919//919 871//871
f 871//871 919//919 920//920
f 871//871 920//920 872//872
f 872//872 920//920 921//921
f 872//872 921//921 873//873
f 873//873 921//921 922//922
f 873//873 922//922 874//874
f 874//874 922//922 923//923
f 874//874 923//923 875//875
f 875//875 923//923 924//924
f 875//875 924//924 876//876
f 876//876 924//924 925//925
f 876//876 925//925 877//877
f 877//877 925//925 926//926
f 877//877 926//926 878//878
f 878//878 926//926 927//927
f 878//878 927//927 879//879
f 879//879 927//927 928//928
f 879//879 928//928 880//880
f 880//880 928//928 929//929
f 880//880 929//929 881//881
f 881//881 929//929 930//930
f 881//881 930//930 882//882
f 882//882 930//930 931//931
f 882//882 931//931 883//883
f 883//883 931//931 932//932
f 883//883 932//932 884//884
f 884//884 932//932 933//933
f 884//884 933//933 885//885
f 885//885 933//933 934//934
f 885//885 934//934 886//886
f 886//886 934//934 935//935
f 886//886 935//935 887//887
f 887//887 935//935 936//936
f 887//887 936//936 888//888
f 888//888 936//936 937//937
f 888//888 937//937 889//889
f 889//889 937//937 938//938
f 889//889 938//938 890//890
f 890//890 938//938 939//939
f 890//890 939//939 891//891
f 891//891 939//939 940//940
f 891//891 940//940 892//892
f 892//892 940//940 941//941
f 892//892 941//941 893//893
f 893//893 941//941 942//942
f 893//893 942//942 894//894
f 894//894 942//942 943//943
f 894//894 943//943 895//895
f 895//895 943//943 944//944
f 895//895 944//944 896//896
f 896//896 944//944 945//945
f 896//896 945//945 897//897
f 897//897 945//945 946//946
f 897//897 946//946 898//898
f 898//898 946//946 947//947
f 898//898 947//947 899//899
f 899//899 947//947 948//948
f 899//899 948//948 900//900
f 900//900 948//948 949//949
f 900//900 949//949 901//901
f 901//901 949//949 950//950
f 901//901 950//950 902//902
f 902//902 950//950 951//951
f 902//902 951//951 903//903
f 903//903 951//951 952//952
f 903//903 952//952 904//904
f 904//904 952//952 953//953
f 904//904 953//953 905//905
f 905//905 953//953 954//954
f 905//905 954//954 906//906
f 906//906 954//954 955//955
f 906//906 955//955 907//907
f 907//907 955//955 956//956
f 907//907 956//956 908//908
f 908//908 956//956 957//957
f 908//908 957//957 909//909
f 909//909 957//957 958//958
f 909//909 958//958 910//910
f 910//910 958//958 959//959
f 910//910 959//959 911//911
f 911//911 959//959 960//960
f 911//911 960//960 912//912
f 912//912 960//960 913//913
f 912//912 913//913 865//865
f 913//913 961//961 962//962
f 913//913 962//962 914//914
f 914//914 962//962 963//963
f 914//914 963//963 915//915
f 915//915 963//963 964//964
f 915//915 964//964 916//916
f 916//916 964//964 965//965
f 916//916 965//965 917//917
f 917//917 965//965 966//966
f 917//917 966//966 918//918
f 918//918 966//966 967//967
f 918//918 967//967 919//919
f 919//919 967//967 968//968
f 919//919 968//968 920//920
f 920//920 968//968 969//969
f 920//920 969//969 921//921
f 921//921 969//969 970//970
f 921//921 970//970 922//922
f 922//922 970//970 971//971
f 922//922 971//971 923//923
f 923//923 971//971 972//972
f 923//923 972//972 924//924
f 924//924 972//972 973//973
f 924//924 973//973 925//925
f 925//925 973//973 974//974
f 925//925 974//974 926//926
f 926//926 974//974 975//975
f 926//926 975//975 927//927
f 927//927 975//975 976//976
f 927//927 976//976 928//928
f 928//928 976//976 977//977
f 928//928 977//977 929//929
f 929//929 977//977 978//978
f 929//929 978//978 930//930
f 930//930 978//978 979//979
f 930//930 979//979 931//931
f 931//931 979//979 980//980
f 931//931 980//980 932//932
f 932//932 980//980 981//981
f 932//932 981//981 933//933
f 933//933 981//981 982//982
f 933//933 982//982 934//934
f 934//934 982//982 983//983
f 934//934 983//983 935//935
f 935//935 983//983 984//984
f 935//935 984//984 936//936
f 936//936 984//984 985//985
f 936//936 985//985 937//937
f 937//937 985//985 986//986
f 937//937 986//986 938//938
f 938//938 986//986 987//987
f 938//938 987//987 939//939
f 939//939 987//987 988//988
f 939//939 988//988 940//940
f 940//940 988//988 989//989
f 940//940 989//989 941//941
f 941//941 989//989 990//990
f 941//941 990//990 942//942
f 942//942 990//990 991//991
f 942//942 991//991 943//943
f 943//943 991//991 992//992
f 943//943 992//992 944//944
f 944//944 992//992 993//993
f 944//944 993//993 945//945
f 945//945 993//993 994//994
f 945//945 994//994 946//946
f 946//946 994//994 995//995
f 946//946 995//995 947//947
f 947//947 995//995 996//996
f 947//947 996//996 948//948
f 948//948 996//996 997//997
f 948//948 997//997 949//949
f 949//949 997//997 998//998
f 949//949 998//998 950//950
f 950//950 998//998 999//999
f 950//950 999//999 951//951
f 951//951 999//999 1000//1000
f 951//951 1000//1000 952//952
f 952//952 1000//1000 1001//1001
f 952//952 1001//1001 953//953
f 953//953 1001//1001 1002//1002
f 953//953 1002//1002 954//954
f 954//954 1002//1002 1003//1003
f 954//954 1003//1003 955//955
f 955//955 1003//1003 1004//1004
f 955//955 1004//1004 956//956
f 956//956 1004//1004 1005//1005
f 956//956 1005//1005 957//957
f 957//957 1005//1005 1006//1006
f 957//957 1006//1006 958//958
f 958//958 1006//1006 1007//1007
f 958//958 1007//1007 959//959
f 959//959 1007//1007 1008//1008
f 959//959 1008//1008 960//960
f 960//960 1008//1008 961//961
f 960//960 961//961 913//913
f 961//961 1009//1009 1010//1010
f 961//961 1010//1010 962//962
f 962//962 1010//1010 1011//1011
f 962//962 1011//1011 963//963
f 963//963 1011//1011 1012//1012
f 963//963 1012//1012 964//964
f 964//964 1012//1012 1013//1013
f 964//964 1013//1013 965//965
f 965//965 1013//1013 1014//1014
f 965//965 1014//1014 966//966
f 966//966 1014//1014 1015//1015
f 966//966 1015//1015 967//967
f 967//967 1015//1015 1016//1016
f 967//967 1016//1016 968//968
f 968//968 1016//1016 1017//1017
f 968//968 1017//1017 969//969
f 969//969 1017//1017 1018//1018
f 969//969 1018//1018 970//970
f 970//970 1018//1018 1019//1019
f 970//970 1019//1019 971//971
f 971//971 1019//1019 1020//1020
f 971//971 1020//1020 972//972
f 972//972 1020//1020 1021//1021
f 972//972 1021//1021 973//973
f 973//973 1021//1021 1022//1022
f 973//973 1022//1022 974//974
f 974//974 1022//1022 1023//1023
f 974//974 1023//1023 975//975
f 975//975 1023//1023 1024//1024
f 975//975 1024//1024 976//976
f 976//976 1024//1024 1025//1025
f 976//976 1025//1025 977//977
f 977//977 1025//1025 1026//1026
f 977//977 1026//1026 978//978
f 978//978 1026//1026 1027//1027
f 978//978 1027//1027 979//979
f 979//979 1027//1027 1028//1028
f 979//979 1028//1028 980//980
f 980//980 1028//1028 1029//1029
f 980//980 1029//1029 981//981
f 981//981 1029//1029 1030//1030
f 981//981 1030//1030 982//982
f 982//982 1030//1030 1031//1031
f 982//982 1031//1031 983//983
f 983//983 1031//1031 1032//1032
f 983//983 1032//1032 984//984
f 984//984 1032//1032 1033//1033
f 984//984 1033//1033 985//985
f 985//985 1033//1033 1034//1034
f 985//985 1034//1034 986//986
f 986//986 1034//1034 1035//1035
f 986//986 1035//1035 987//987
f 987//987 1035//1035 1036//1036
f 987//987 1036//1036 988//988
f 988//988 1036//1036 1037//1037
f 988//988 1037//1037 989//989
f 989//989 1037//1037 1038//1038
f 989//989 1038//1038 990//990
f 990//990 1038//1038 1039//1039
f 990//990 1039//1039 991//991
f 991//991 1039//1039 1040//1040
f 991//991 1040//1040 992//992
f 992//992 1040//1040 1041//1041
f 992//992 1041//1041 993//993
f 993//993 1041//1041 1042//1042
f 993//993 1042//1042 994//994
f 994//994 1042//1042 1043//1043
f 994//994 1043//1043 995//995
f 995//995 1043//1043 1044//1044
f 995//995 1044//1044 996//996
f 996//996 1044//1044 1045//1045
f 996//996 1045//1045 997//997
f 997//997 1045//1045 1046//1046
f 997//997 1046//1046 998//998
f 998//998 1046//1046 1047//1047
f 998//998 1047//1047 999//999
f 999//999 1047//1047 1048//1048
f 999//999 1048//1048 1000//1000
f 1000//1000 1048//1048 1049//1049
f 1000//1000 1049//1049 1001//1001
f 1001//1001 1049//1049 1050//1050
f 1001//1001 1050//1050 1002//1002
f 1002//1002 1050//1050 1051//1051
f 1002//1002 1051//1051 1003//1003
f 1003//1003 1051//1051 1052//1052
f 1003//1003 1052//1052 1004//1004
f 1004//1004 1052//1052 1053//1053
f 1004//1004 1053//1053 1005//1005
f 1005//1005 1053//1053 1054//1054
f 1005//1005 1054//1054 1006//1006
f 1006//1006 1054//1054 1055//1055
f 1006//1006 1055//1055 1007//1007
f 1007//1007 1055//1055 1056//1056
f 1007//1007 1056//1056 1008//1008
f 1008//1008 1056//1056 1009//1009
f 1008//1008 1009//1009 961//961
usemtl bin_59
f 1009//1009 1057//1057 1058//1058
f 1009//1009 1058//1058 1010//1010
f 1010//1010 1058//1058 1059//1059
f 1010//1010 1059//1059 1011//1011
f 1011//1011 1059//1059 1060//1060
f 1011//1011 1060//1060 1012//1012
f 1012//1012 1060//1060 1061//1061
f 1012//1012 1061//1061 1013//1013
f 1013//1013 1061//1061 1062//1062
f 1013//1013 1062//1062 1014//1014
f 1014//1014 1062//1062 1063//1063
f 1014//1014 1063//1063 1015//1015
f 1015//1015 1063//1063 1064//1064
f 1015//1015 1064//1064 1016//1016
f 1016//1016 1064//1064 1065//1065
f 1016//1016 1065//1065 1017//1017
f 1017//1017 1065//1065 1066//1066
f 1017//1017 1066//1066 1018//1018
f 1018//1018 1066//1066 1067//1067
f 1018//1018 1067//1067 1019//1019
f 1019//1019 1067//1067 1068//1068
f 1019//1019 1068//1068 1020//1020
f 1020//1020 1068//1068 1069//1069
f 1020//1020 1069//1069 1021//1021
f 1021//1021 1069//1069 1070//1070
f 1021//1021 1070//1070 1022//1022
f 1022//1022 1070//1070 1071//1071
f 1022//1022 1071//1071 1023//1023
f 1023//1023 1071//1071 1072//1072
f 1023//1023 1072//1072 1024//1024
f 1024//1024 1072//1072 1073//1073
f 1024//1024 1073//1073 1025//1025
f 1025//1025 1073//1073 1074//1074
f 1025//1025 1074//1074 1026//1026
f 1026//1026 1074//1074 1075//1075
f 1026//1026 1075//1075 1027//1027
f 1027//1027 1075//1075 1076//1076
f 1027//1027 1076//1076 1028//1028
f 1028//1028 1076//1076 1077//1077
f 1028//1028 1077//1077 1029//1029
f 1029//1029 1077//1077 1078//1078
f 1029//1029 1078//1078 1030//1030
f 1030//1030 1078//1078 1079//1079
f 1030//1030 1079//1079 1031//1031
f 1031//1031 1079//1079 1080//1080
f 1031//1031 1080//1080 1032//1032
f 1032//1032 1080//1080 1081//1081
f 1032//1032 1081//1081 1033//1033
f 1033//1033 1081//1081 1082//1082
f 1033//1033 1082//1082 1034//1034
f 1034//1034 1082//1082 1083//1083
f 1034//1034 1083//1083 1035//1035
f 1035//1035 1083//1083 1084//1084
f 1035//1035 1084//1084 1036//1036
f 1036//1036 1084//1084 1085//1085
f 1036//1036 1085//1085 1037//1037
f 1037//1037 1085//1085 1086//1086
f 1037//1037 1086//1086 1038//1038
f 1038//1038 1086//1086 1087//1087
f 1038//1038 1087//1087 1039//1039
f 1039//1039 1087//1087 1088//1088
f 1039//1039 1088//1088 1040//1040
f 1040//1040 1088//1088 1089//1089
f 1040//1040 1089//1089 1041//1041
f 1041//1041 1089//1089 1090//1090
f 1041//1041 1090//1090 1042//1042
f 1042//1042 1090//1090 1091//1091
f 1042//1042 1091//1091 1043//1043
f 1043//1043 1091//1091 1092//1092
f 1043//1043 1092//1092 1044//1044
f 1044//1044 1092//1092 1093//1093
f 1044//1044 1093//1093 1045//1045
f 1045//1045 1093//1093 1094//1094
f 1045//1045 1094//1094 1046//1046
f 1046//1046 1094//1094 1095//1095
f 1046//1046 1095//1095 1047//1047
f 1047//1047 1095//1095 1096//1096
f 1047//1047 1096//1096 1048//1048
f 1048//1048 1096//1096 1097//1097
f 1048//1048 1097//1097 1049//1049
f 1049//1049 1097//1097 1098//1098
f 1049//1049 1098//1098 1050//1050
f 1050//1050 1098//1098 1099//1099
f 1050//1050 1099//1099 1051//1051
f 1051//1051 1099//1099 1100//1100
f 1051//1051 1100//1100 1052//1052
f 1052//1052 1100//1100 1101//1101
f 1052//1052 1101//1101 1053//1053
f 1053//1053 1101//1101 1102//1102
f 1053//1053 1102//1102 1054//1054
f 1054//1054 1102//1102 1103//1103
f 1054//1054 1103//1103 1055//1055
f 1055//1055 1103//1103 1104//1104
f 1055//1055 1104//1104 1056//1056
f 1056//1056 1104//1104 1057//1057
f 1056//1056 1057//1057 1009//1009
usemtl bin_58
f 1057//1057 1105//1105 1106//1106
f 1057//1057 1106//1106 1058//1058
f 1058//1058 1106//1106 1107//1107
f 1058//1058 1107//1107 1059//1059
f 1059//1059 1107//1107 1108//1108
f 1059//1059 1108//1108 1060//1060
f 1060//1060 1108//1108 1109//1109
f 1060//1060 1109//1109 1061//1061
f 1061//1061 1109//1109 1110//1110
f 1061//1061 1110//1110 1062//1062
f 1062//1062 1110//1110 1111//1111
f 1062//1062 1111//1111 1063//1063
f 1063//1063 1111//1111 1112//1112
f 1063//1063 1112//1112 1064//1064
f 1064//1064 1112//1112 1113//1113
f 1064//1064 1113//1113 1065//1065
f 1065//1065 1113//1113 1114//1114
f 1065//1065 1114//1114 1066//1066
f 1066//1066 1114//1114 1115//1115
f 1066//1066 1115//1115 1067//1067
f 1067//1067 1115//1115 1116//1116
f 1067//1067 1116//1116 1068//1068
f 1068//1068 1116//1116 1117//1117
f 1068//1068 1117//1117 1069//1069
f 1069//1069 1117//1117 1118//1118
f 1069//1069 1118//1118 1070//1070
f 1070//1070 1118//1118 1119//1119
f 1070//1070 1119//1119 1071//1071
f 1071//1071 1119//1119 1120//1120
f 1071//1071 1120//1120 1072//1072
f 1072//1072 1120//1120 1121//1121
f 1072//1072 1121//1121 1073//1073
f 1073//1073 1121//1121 1122//1122
f 1073//1073 1122//1122 1074//1074
f 1074//1074 1122//1122 1123//1123
f 1074//1074 1123//1123 1075//1075
f 1075//1075 1123//1123 1124//1124
f 1075//1075 1124//1124 1076//1076
f 1076//1076 1124//1124 1125//1125
f 1076//1076 1125//1125 1077//1077
f 1077//1077 1125//1125 1126//1126
f 1077//1077 1126//1126 1078//1078
f 1078//1078 1126//1126 1127//1127
f 1078//1078 1127//1127 1079//1079
f 1079//1079 1127//1127 1128//1128
f 1079//1079 1128//1128 1080//1080
f 1080//1080 1128//1128 1129//1129
f 1080//1080 1129//1129 1081//1081
f 1081//1081 1129//1129 1130//1130
f 1081//1081 1130//1130 1082//1082
f 1082//1082 1130//1130 1131//1131
f 1082//1082 1131//1131 1083//1083
f 1083//1083 1131//1131 1132//1132
f 1083//1083 1132//1132 1084//1084
f 1084//1084 1132//1132 1133//1133
f 1084//1084 1133//1133 1085//1085
f 1085//1085 1133//1133 1134//1134
f 1085//1085 1134//1134 1086//1086
f 1086//1086 1134//1134 1135//1135
f 1086//1086 1135//1135 1087//1087
f 1087//1087 1135//1135 1136//1136
f 1087//1087 1136//1136 1088//1088
f 1088//1088 1136//1136 1137//1137
f 1088//1088 1137//1137 1089//1089
f 1089//1089 1137//1137 1138//1138
f 1089//1089 1138//1138 1090//1090
f 1090//1090 1138//1138 1139//1139
f 1090//1090 1139//1139 1091//1091
f 1091//1091 1139//1139 1140//1140
f 1091//1091 1140//1140 1092//1092
f 1092//1092 1140//1140 1141//1141
f 1092//1092 1141//1141 1093//1093
f 1093//1093 1141//1141 1142//1142
f 1093//1093 1142//1142 1094//1094
f 1094//1094 1142//1142 1143//1143
f 1094//1094 1143//1143 1095//1095
f 1095//1095 1143//1143 1144//1144
f 1095//1095 1144//1144 1096//1096
f 1096//1096 1144//1144 1145//1145
f 1096//1096 1145//1145 1097//1097
f 1097//1097 1145//1145 1146//1146
f 1097//1097 1146//1146 1098//1098
f 1098//1098 1146//1146 1147//1147
f 1098//1098 1147//1147 1099//1099
f 1099//1099 1147//1147 1148//1148
f 1099//1099 1148//1148 1100//1100
f 1100//1100 1148//1148 1149//1149
f 1100//1100 1149//1149 1101//1101
f 1101//1101 1149//1149 1150//1150
f 1101//1101 1150//1150 1102//1102
f 1102//1102 1150//1150 1151//1151
f 1102//1102 1151//1151 1103//1103
f 1103//1103 1151//1151 1152//1152
f 1103//1103 1152//1152 1104//1104
f 1104//1104 1152//1152 1105//1105
f 1104//1104 1105//1105 1057//1057
f 1105//1105 1153//1153 1154//1154
f 1105//1105 1154//1154 1106//1106
f 1106//1106 1154//1154 1155//1155
f 1106//1106 1155//1155 1107//1107
f 1107//1107 1155//1155 1156//1156
f 1107//1107 1156//1156 1108//1108
f 1108//1108 1156//1156 1157//1157
f 1108//1108 1157//1157 1109//1109
f 1109//1109 1157//1157 1158//1158
f 1109//1109 1158//1158 1110//1110
f 1110//1110 1158//1158 1159//1159
f 1110//1110 1159//1159 1111//1111
f 1111//1111 1159//1159 1160//1160
f 1111//1111 1160//1160 1112//1112
f 1112//1112 1160//1160 1161//1161
f 1112//1112 1161//1161 1113//1113
f 1113//1113 1161//1161 1162//1162
f 1113//1113 1162//1162 1114//1114
f 1114//1114 1162//1162 1163//1163
f 1114//1114 1163//1163 1115//1115
f 1115//1115 1163//1163 1164//1164
f 1115//1115 1164//1164 1116//1116
f 1116//1116 1164//1164 1165//1165
f 1116//1116 1165//1165 1117//1117
f 1117//1117 1165//1165 1166//1166
f 1117//1117 1166//1166 1118//1118
f 1118//1118 1166//1166 1167//1167
f 1118//1118 1167//1167 1119//1119
f 1119//1119 1167//1167 1168//1168
f 1119//1119 1168//1168 1120//1120
f 1120//1120 1168//1168 1169//1169
f 1120//1120 1169//1169 1121//1121
f 1121//1121 1169//1169 1170//1170
f 1121//1121 1170//1170 1122//1122
f 1122//1122 1170//1170 1171//1171
f 1122//1122 1171//1171 1123//1123
f 1123//1123 1171//1171 1172//1172
f 1123//1123 1172//1172 1124//1124
f 1124//1124 1172//1172 1173//1173
f 1124//1124 1173//1173 1125//1125
f 1125//1125 1173//1173 1174//1174
f 1125//1125 1174//1174 1126//1126
f 1126//1126 1174//1174 1175//1175
f 1126//1126 1175//1175 1127//1127
f 1127//1127 1175//1175 1176//1176
f 1127//1127 1176//1176 1128//1128
f 1128//1128 1176//1176 1177//1177
f 1128//1128 1177//1177 1129//1129
f 1129//1129 1177//1177 1178//1178
f 1129//1129 1178//1178 1130//1130
f 1130//1130 1178//1178 1179//1179
f 1130//1130 1179//1179 1131//1131
f 1131//1131 1179//1179 1180//1180
f 1131//1131 1180//1180 1132//1132
f 1132//1132 1180//1180 1181//1181
f 1132//1132 1181//1181 1133//1133
f 1133//1133 1181//1181 1182//1182
f 1133//1133 1182//1182 1134//1134
f 1134//1134 1182//1182 1183//1183
f 1134//1134 1183//1183 1135//1135
f 1135//1135 1183//1183 1184//1184
f 1135//1135 1184//1184 1136//1136
f 1136//1136 1184//1184 1185//1185
f 1136//1136 1185//1185 1137//1137
f 1137//1137 1185//1185 1186//1186
f 1137//1137 1186//1186 1138//1138
f 1138//1138 1186//1186 1187//1187
f 1138//1138 1187//1187 1139//1139
f 1139//1139 1187//1187 1188//1188
f 1139//1139 1188//1188 1140//1140
f 1140//1140 1188//1188 1189//1189
f 1140//1140 1189//1189 1141//1141
f 1141//1141 1189//1189 1190//1190
f 1141//1141 1190//1190 1142//1142
f 1142//1142 1190//1190 1191//1191
f 1142//1142 1191//1191 1143//1143
f 1143//1143 1191//1191 1192//1192
f 1143//1143 1192//1192 1144//1144
f 1144//1144 1192//1192 1193//1193
f 1144//1144 1193//1193 1145//1145
f 1145//1145 1193//1193 1194//1194
f 1145//1145 1194//1194 1146//1146
f 1146//1146 1194//1194 1195//1195
f 1146//1146 1195//1195 1147//1147
f 1147//1147 1195//1195 1196//1196
f 1147//1147 1196//1196 1148//1148
f 1148//1148 1196//1196 1197//1197
f 1148//1148 1197//1197 1149//1149
f 1149//1149 1197//1197 1198//1198
f 1149//1149 1198//1198 1150//1150
f 1150//1150 1198//1198 1199//1199
f 1150//1150 1199//1199 1151//1151
f 1151//1151 1199//1199 1200//1200
f 1151//1151 1200//1200 1152//1152
f 1152//1152 1200//1200 1153//1153
f 1152//1152 1153//1153 1105//1105
f 1153//1153 1201//1201 1202//1202
f 1153//1153 1202//1202 1154//1154
f 1154//1154 1202//1202 1203//1203
f 1154//1154 1203//1203 1155//1155
f 1155//1155 1203//1203 1204//1204
f 1155//1155 1204//1204 1156//1156
f 1156//1156 1204//1204 1205//1205
f 1156//1156 1205//1205 1157//1157
f 1157//1157 1205//1205 1206//1206
f 1157//1157 1206//1206 1158//1158
f 1158//1158 1206//1206 1207//1207
f 1158//1158 1207//1207 1159//1159
f 1159//1159 1207//1207 1208//1208
f 1159//1159 1208//1208 1160//1160
f 1160//1160 1208//1208 1209//1209
f 1160//1160 1209//1209 1161//1161
f 1161//1161 1209//1209 1210//1210
f 1161//1161 1210//1210 1162//1162
f 1162//1162 1210//1210 1211//1211
f 1162//1162 1211//1211 1163//1163
f 1163//1163 1211//1211 1212//1212
f 1163//1163 1212//1212 1164//1164
f 1164//1164 1212//1212 1213//1213
f 1164//1164 1213//1213 1165//1165
f 1165//1165 1213//1213 1214//1214
f 1165//1165 1214//1214 1166//1166
f 1166//1166 1214//1214 1215//1215
f 1166//1166 1215//1215 1167//1167
f 1167//1167 1215//1215 1216//1216
f 1167//1167 1216//1216 1168//1168
f 1168//1168 1216//1216 1217//1217
f 1168//1168 1217//1217 1169//1169
f 1169//1169 1217//1217 1218//1218
f 1169//1169 1218//1218 1170//1170
f 1170//1170 1218//1218 1219//1219
f 1170//1170 1219//1219 1171//1171
f 1171//1171 1219//1219 1220//1220
f 1171//1171 1220//1220 1172//1172
f 1172//1172 1220//1220 1221//1221
f 1172//1172 1221//1221 1173//1173
f 1173//1173 1221//1221 1222//1222
f 1173//1173 1222//1222 1174//1174
f 1174//1174 1222//1222 1223//1223
f 1174//1174 1223//1223 1175//1175
f 1175//1175 1223//1223 1224//1224
f 1175//1175 1224//1224 1176//1176
f 1176//1176 1224//1224 1225//1225
f 1176//1176 1225//1225 1177//1177
f 1177//1177 1225//1225 1226//1226
f 1177//1177 1226//1226 1178//1178
f 1178//1178 1226//1226 1227//1227
f 1178//1178 1227//1227 1179//1179
f 1179//1179 1227//1227 1228//1228
f 1179//1179 1228//1228 1180//1180
f 1180//1180 1228//1228 1229//1229
f 1180//1180 1229//1229 1181//1181
f 1181//1181 1229//1229 1230//1230
f 1181//1181 1230//1230 1182//1182
f 1182//1182 1230//1230 1231//1231
f 1182//1182 1231//1231 1183//1183
f 1183//1183 1231//1231 1232//1232
f 1183//1183 1232//1232 1184//1184
f 1184//1184 1232//1232 1233//1233
f 1184//1184 1233//1233 1185//1185
f 1185//1185 1233//1233 1234//1234
f 1185//1185 1234//1234 1186//1186
f 1186//1186 1234//1234 1235//1235
f 1186//1186 1235//1235 1187//1187
f 1187//1187 1235//1235 1236//1236
f 1187//1187 1236//1236 1188//1188
f 1188//1188 1236//1236 1237//1237
f 1188//1188 1237//1237 1189//1189
f 1189//1189 1237//1237 1238//1238
f 1189//1189 1238//1238 1190//1190
f 1190//1190 1238//1238 1239//1239
f 1190//1190 1239//1239 1191//1191
f 1191//1191 1239//1239 1240//1240
f 1191//1191 1240//1240 1192//1192
f 1192//1192 1240//1240 1241//1241
f 1192//1192 1241//1241 1193//1193
f 1193//1193 1241//1241 1242//1242
f 1193//1193 1242//1242 1194//1194
f 1194//1194 1242//1242 1243//1243
f 1194//1194 1243//1243 1195//1195
f 1195//1195 1243//1243 1244//1244
f 1195//1195 1244//1244 1196//1196
f 1196//1196 1244//1244 1245//1245
f 1196//1196 1245//1245 1197//1197
f 1197//1197 1245//1245 1246//1246
f 1197//1197 1246//1246 1198//1198
f 1198//1198 1246//1246 1247//1247
f 1198//1198 1247//1247 1199//1199
f 1199//1199 1247//1247 1248//1248
f 1199//1199 1248//1248 1200//1200
f 1200//1200 1248//1248 1201//1201
f 1200//1200 1201//1201 1153//1153
f 1201//1201 1249//1249 1250//1250
f 1201//1201 1250//1250 1202//1202
f 1202//1202 1250//1250 1251//1251
f 1202//1202 1251//1251 1203//1203
f 1203//1203 1251//1251 1252//1252
f 1203//1203 1252//1252 1204//1204
f 1204//1204 1252//1252 1253//1253
f 1204//1204 1253//1253 1205//1205
f 1205//1205 1253//1253 1254//1254
f 1205//1205 1254//1254 1206//1206
f 1206//1206 1254//1254 1255//1255
f 1206//1206 1255//1255 1207//1207
f 1207//1207 1255//1255 1256//1256
f 1207//1207 1256//1256 1208//1208
f 1208//1208 1256//1256 1257//1257
f 1208//1208 1257//1257 1209//1209
f 1209//1209 1257//1257 1258//1258
f 1209//1209 1258//1258 1210//1210
f 1210//1210 1258//1258 1259//1259
f 1210//1210 1259//1259 1211//1211
f 1211//1211 1259//1259 1260//1260
f 1211//1211 1260//1260 1212//1212
f 1212//1212 1260//1260 1261//1261
f 1212//1212 1261//1261 1213//1213
f 1213//1213 1261//1261 1262//1262
f 1213//1213 1262//1262 1214//1214
f 1214//1214 1262//1262 1263//1263
f 1214//1214 1263//1263 1215//1215
f 1215//1215 1263//1263 1264//1264
f 1215//1215 1264//1264 1216//1216
f 1216//1216 1264//1264 1265//1265
f 1216//1216 1265//1265 1217//1217
f 1217//1217 1265//1265 1266//1266
f 1217//1217 1266//1266 1218//1218
f 1218//1218 1266//1266 1267//1267
f 1218//1218 1267//1267 1219//1219
f 1219//1219 1267//1267 1268//1268
f 1219//1219 1268//1268 1220//1220
f 1220//1220 1268//1268 1269//1269
f 1220//1220 1269//1269 1221//1221
f 1221//1221 1269//1269 1270//1270
f 1221//1221 1270//1270 1222//1222
f 1222//1222 1270//1270 1271//1271
f 1222//1222 1271//1271 1223//1223
f 1223//1223 1271//1271 1272//1272
f 1223//1223 1272//1272 1224//1224
f 1224//1224 1272//1272 1273//1273
f 1224//1224 1273//1273 1225//1225
f 1225//1225 1273//1273 1274//1274
f 1225//1225 1274//1274 1226//1226
f 1226//1226 1274//1274 1275//1275
f 1226//1226 1275//1275 1227//1227
f 1227//1227 1275//1275 1276//1276
f 1227//1227 1276//1276 1228//1228
f 1228//1228 1276//1276 1277//1277
f 1228//1228 1277//1277 1229//1229
f 1229//1229 1277//1277 1278//1278
f 1229//1229 1278//1278 1230//1230
f 1230//1230 1278//1278 1279//1279
f 1230//1230 1279//1279 1231//1231
f 1231//1231 1279//1279 1280//1280
f 1231//1231 1280//1280 1232//1232
f 1232//1232 1280//1280 1281//1281
f 1232//1232 1281//1281 1233//1233
f 1233//1233 1281//1281 1282//1282
f 1233//1233 1282//1282 1234//1234
f 1234//1234 1282//1282 1283//1283
f 1234//1234 1283//1283 1235//1235
f 1235//1235 1283//1283 1284//1284
f 1235//1235 1284//1284 1236//1236
f 1236//1236 1284//1284 1285//1285
f 1236//1236 1285//1285 1237//1237
f 1237//1237 1285//1285 1286//1286
f 1237//1237 1286//1286 1238//1238
f 1238//1238 1286//1286 1287//1287
f 1238//1238 1287//1287 1239//1239
f 1239//1239 1287//1287 1288//1288
f 1239//1239 1288//1288 1240//1240
f 1240//1240 1288//1288 1289//1289
f 1240//1240 1289//1289 1241//1241
f 1241//1241 1289//1289 1290//1290
f 1241//1241 1290//1290 1242//1242
f 1242//1242 1290//1290 1291//1291
f 1242//1242 1291//1291 1243//1243
f 1243//1243 1291//1291 1292//1292
f 1243//1243 1292//1292 1244//1244
f 1244//1244 1292//1292 1293//1293
f 1244//1244 1293//1293 1245//1245
f 1245//1245 1293//1293 1294//1294
f 1245//1245 1294//1294 1246//1246
f 1246//1246 1294//1294 1295//1295
f 1246//1246 1295//1295 1247//1247
f 1247//1247 1295//1295 1296//1296
f 1247//1247 1296//1296 1248//1248
f 1248//1248 1296//1296 1249//1249
f 1248//1248 1249//1249 1201//1201
usemtl bin_57
f 1249//1249 1297//1297 1298//1298
f 1249//1249 1298//1298 1250//1250
f 1250//1250 1298//1298 1299//1299
f 1250//1250 1299//1299 1251//1251
f 1251//1251 1299//1299 1300//1300
f 1251//1251 1300//1300 1252//1252
f 1252//1252 1300//1300 1301//1301
f 1252//1252 1301//1301 1253//1253
f 1253//1253 1301//1301 1302//1302
f 1253//1253 1302//1302 1254//1254
f 1254//1254 1302//1302 1303//1303
f 1254//1254 1303//1303 1255//1255
f 1255//1255 1303//1303 1304//1304
f 1255//1255 1304//1304 1256//1256
f 1256//1256 1304//1304 1305//1305
f 1256//1256 1305//1305 1257//1257
f 1257//1257 1305//1305 1306//1306
f 1257//1257 1306//1306 1258//1258
f 1258//1258 1306//1306 1307//1307
f 1258//1258 1307//1307 1259//1259
f 1259//1259 1307//1307 1308//1308
f 1259//1259 1308//1308 1260//1260
f 1260//1260 1308//1308 1309//1309
f 1260//1260 1309//1309 1261//1261
f 1261//1261 1309//1309 1310//1310
f 1261//1261 1310//1310 1262//1262
f 1262//1262 1310//1310 1311//1311
f 1262//1262 1311//1311 1263//1263
f 1263//1263 1311//1311 1312//1312
f 1263//1263 1312//1312 1264//1264
f 1264//1264 1312//1312 1313//1313
f 1264//1264 1313//1313 1265//1265
f 1265//1265 1313//1313 1314//1314
f 1265//1265 1314//1314 1266//1266
f 1266//1266 1314//1314 1315//1315
f 1266//1266 1315//1315 1267//1267
f 1267//1267 1315//1315 1316//1316
f 1267//1267 1316//1316 1268//1268
f 1268//1268 1316//1316 1317//1317
f 1268//1268 1317//1317 1269//1269
f 1269//1269 1317//1317 1318//1318
f 1269//1269 1318//1318 1270//1270
f 1270//1270 1318//1318 1319//1319
f 1270//1270 1319//1319 1271//1271
f 1271//1271 1319//1319 1320//1320
f 1271//1271 1320//1320 1272//1272
f 1272//1272 1320//1320 1321//1321
f 1272//1272 1321//1321 1273//1273
f 1273//1273 1321//1321 1322//1322
f 1273//1273 1322//1322 1274//1274
f 1274//1274 1322//1322 1323//1323
f 1274//1274 1323//1323 1275//1275
f 1275//1275 1323//1323 1324//1324
f 1275//1275 1324//1324 1276//1276
f 1276//1276 1324//1324 1325//1325
f 1276//1276 1325//1325 1277//1277
f 1277//1277 1325//1325 1326//1326
f 1277//1277 1326//1326 1278//1278
f 1278//1278 1326//1326 1327//1327
f 1278//1278 1327//1327 1279//1279
f 1279//1279 1327//1327 1328//1328
f 1279//1279 1328//1328 1280//1280
f 1280//1280 1328//1328 1329//1329
f 1280//1280 1329//1329 1281//1281
f 1281//1281 1329//1329 1330//1330
f 1281//1281 1330//1330 1282//1282
f 1282//1282 1330//1330 1331//1331
f 1282//1282 1331//1331 1283//1283
f 1283//1283 1331//1331 1332//1332
f 1283//1283 1332//1332 1284//1284
f 1284//1284 1332//1332 1333//1333
f 1284//1284 1333//1333 1285//1285
f 1285//1285 1333//1333 1334//1334
f 1285//1285 1334//1334 1286//1286
f 1286//1286 1334//1334 1335//1335
f 1286//1286 1335//1335 1287//1287
f 1287//1287 1335//1335 1336//1336
f 1287//1287 1336//1336 1288//1288
f 1288//1288 1336//1336 1337//1337
f 1288//1288 1337//1337 1289//1289
f 1289//1289 1337//1337 1338//1338
f 1289//1289 1338//1338 1290//1290
f 1290//1290 1338//1338 1339//1339
f 1290//1290 1339//1339 1291//1291
f 1291//1291 1339//1339 1340//1340
f 1291//1291 1340//1340 1292//1292
f 1292//1292 1340//1340 1341//1341
f 1292//1292 1341//1341 1293//1293
f 1293//1293 1341//1341 1342//1342
f 1293//1293 1342//1342 1294//1294
f 1294//1294 1342//1342 1343//1343
f 1294//1294 1343//1343 1295//1295
f 1295//1295 1343//1343 1344//1344
f 1295//1295 1344//1344 1296//1296
f 1296//1296 1344//1344 1297//1297
f 1296//1296 1297//1297 1249//1249
usemtl bin_56
f 1297//1297 1345//1345 1346//1346
f 1297//1297 1346//1346 1298//1298
f 1298//1298 1346//1346 1347//1347
f 1298//1298 1347//1347 1299//1299
f 1299//1299 1347//1347 1348//1348
f 1299//1299 1348//1348 1300//1300
f 1300//1300 1348//1348 1349//1349
f 1300//1300 1349//1349 1301//1301
f 1301//1301 1349//1349 1350//1350
f 1301//1301 1350//1350 1302//1302
f 1302//1302 1350//1350 1351//1351
f 1302//1302 1351//1351 1303//1303
f 1303//1303 1351//1351 1352//1352
f 1303//1303 1352//1352 1304//1304
f 1304//1304 1352//1352 1353//1353
f 1304//1304 1353//1353 1305//1305
f 1305//1305 1353//1353 1354//1354
f 1305//1305 1354//1354 1306//1306
f 1306//1306 1354//1354 1355//1355
f 1306//1306 1355//1355 1307//1307
f 1307//1307 1355//1355 1356//1356
f 1307//1307 1356//1356 1308//1308
f 1308//1308 1356//1356 1357//1357
f 1308//1308 1357//1357 1309//1309
f 1309//1309 1357//1357 1358//1358
f 1309//1309 1358//1358 1310//1310
f 1310//1310 1358//1358 1359//1359
f 1310//1310 1359//1359 1311//1311
f 1311//1311 1359//1359 1360//1360
f 1311//1311 1360//1360 1312//1312
f 1312//1312 1360//1360 1361//1361
f 1312//1312 1361//1361 1313//1313
f 1313//1313 1361//1361 1362//1362
f 1313//1313 1362//1362 1314//1314
f 1314//1314 1362//1362 1363//1363
f 1314//1314 1363//1363 1315//1315
f 1315//1315 1363//1363 1364//1364
f 1315//1315 1364//1364 1316//1316
f 1316//1316 1364//1364 1365//1365
f 1316//1316 1365//1365 1317//1317
f 1317//1317 1365//1365 1366//1366
f 1317//1317 1366//1366 1318//1318
f 1318//1318 1366//1366 1367//1367
f 1318//1318 1367//1367 1319//1319
f 1319//1319 1367//1367 1368//1368
f 1319//1319 1368//1368 1320//1320
f 1320//1320 1368//1368 1369//1369
f 1320//1320 1369//1369 1321//1321
f 1321//1321 1369//1369 1370//1370
f 1321//1321 1370//1370 1322//1322
f 1322//1322 1370//1370 1371//1371
f 1322//1322 1371//1371 1323//1323
f 1323//1323 1371//1371 1372//1372
f 1323//1323 1372//1372 1324//1324
f 1324//1324 1372//1372 1373//1373
f 1324//1324 1373//1373 1325//1325
f 1325//1325 1373//1373 1374//1374
f 1325//1325 1374//1374 1326//1326
f 1326//1326 1374//1374 1375//1375
f 1326//1326 1375//1375 1327//1327
f 1327//1327 1375//1375 1376//1376
f 1327//1327 1376//1376 1328//1328
f 1328//1328 1376//1376 1377//1377
f 1328//1328 1377//1377 1329//1329
f 1329//1329 1377//1377 1378//1378
f 1329//1329 1378//1378 1330//1330
f 1330//1330 1378//1378 1379//1379
f 1330//1330 1379//1379 1331//1331
f 1331//1331 1379//1379 1380//1380
f 1331//1331 1380//1380 1332//1332
f 1332//1332 1380//1380 1381//1381
f 1332//1332 1381//1381 1333//1333
f 1333//1333 1381//1381 1382//1382
f 1333//1333 1382//1382 1334//1334
f 1334//1334 1382//1382 1383//1383
f 1334//1334 1383//1383 1335//1335
f 1335//1335 1383//1383 1384//1384
f 1335//1335 1384//1384 1336//1336
f 1336//1336 1384//1384 1385//1385
f 1336//1336 1385//1385 1337//1337
f 1337//1337 1385//1385 1386//1386
f 1337//1337 1386//1386 1338//1338
f 1338//1338 1386//1386 1387//1387
f 1338//1338 1387//1387 1339//1339
f 1339//1339 1387//1387 1388//1388
f 1339//1339 1388//1388 1340//1340
f 1340//1340 1388//1388 1389//1389
f 1340//1340 1389//1389 1341//1341
f 1341//1341 1389//1389 1390//1390
f 1341//1341 1390//1390 1342//1342
f 1342//1342 1390//1390 1391//1391
f 1342//1342 1391//1391 1343//1343
f 1343//1343 1391//1391 1392//1392
f 1343//1343 1392//1392 1344//1344
f 1344//1344 1392//1392 1345//1345
f 1344//1344 1345//1345 1297//1297
f 1345//1345 1393//1393 1394//1394
f 1345//1345 1394//1394 1346//1346
f 1346//1346 1394//1394 1395//1395
f 1346//1346 1395//1395 1347//1347
f 1347//1347 1395//1395 1396//1396
f 1347//1347 1396//1396 1348//1348
f 1348//1348 1396//1396 1397//1397
f 1348//1348 1397//1397 1349//1349
f 1349//1349 1397//1397 1398//1398
f 1349//1349 1398//1398 1350//1350
f 1350//1350 1398//1398 1399//1399
f 1350//1350 1399//1399 1351//1351
f 1351//1351 1399//1399 1400//1400
f 1351//1351 1400//1400 1352//1352
f 1352//1352 1400//1400 1401//1401
f 1352//1352 1401//1401 1353//1353
f 1353//1353 1401//1401 1402//1402
f 1353//1353 1402//1402 1354//1354
f 1354//1354 1402//1402 1403//1403
f 1354//1354 1403//1403 1355//1355
f 1355//1355 1403//1403 1404//1404
f 1355//1355 1404//1404 1356//1356
f 1356//1356 1404//1404 1405//1405
f 1356//1356 1405//1405 1357//1357
f 1357//1357 1405//1405 1406//1406
f 1357//1357 1406//1406 1358//1358
f 1358//1358 1406//1406 1407//1407
f 1358//1358 1407//1407 1359//1359
f 1359//1359 1407//1407 1408//1408
f 1359//1359 1408//1408 1360//1360
f 1360//1360 1408//1408 1409//1409
f 1360//1360 1409//1409 1361//1361
f 1361//1361 1409//1409 1410//1410
f 1361//1361 1410//1410 1362//1362
f 1362//1362 1410//1410 1411//1411
f 1362//1362 1411//1411 1363//1363
f 1363//1363 1411//1411 1412//1412
f 1363//1363 1412//1412 1364//1364
f 1364//1364 1412//1412 1413//1413
f 1364//1364 1413//1413 1365//1365
f 1365//1365 1413//1413 1414//1414
f 1365//1365 1414//1414 1366//1366
f 1366//1366 1414//1414 1415//1415
f 1366//1366 1415//1415 1367//1367
f 1367//1367 1415//1415 1416//1416
f 1367//1367 1416//1416 1368//1368
f 1368//1368 1416//1416 1417//1417
f 1368//1368 1417//1417 1369//1369
f 1369//1369 1417//1417 1418//1418
f 1369//1369 1418//1418 1370//1370
f 1370//1370 1418//1418 1419//1419
f 1370//1370 1419//1419 1371//1371
f 1371//1371 1419//1419 1420//1420
f 1371//1371 1420//1420 1372//1372
f 1372//1372 1420//1420 1421//1421
f 1372//1372 1421//1421 1373//1373
f 1373//1373 1421//1421 1422//1422
f 1373//1373 1422//1422 1374//1374
f 1374//1374 1422//1422 1423//1423
f 1374//1374 1423//1423 1375//1375
f 1375//1375 1423//1423 1424//1424
f 1375//1375 1424//1424 1376//1376
f 1376//1376 1424//1424 1425//1425
f 1376//1376 1425//1425 1377//1377
f 1377//1377 1425//1425 1426//1426
f 1377//1377 1426//1426 1378//1378
f 1378//1378 1426//1426 1427//1427
f 1378//1378 1427//1427 1379//1379
f 1379//1379 1427//1427 1428//1428
f 1379//1379 1428//1428 1380//1380
f 1380//1380 1428//1428 1429//1429
f 1380//1380 1429//1429 1381//1381
f 1381//1381 1429//1429 1430//1430
f 1381//1381 1430//1430 1382//1382
f 1382//1382 1430//1430 1431//1431
f 1382//1382 1431//1431 1383//1383
f 1383//1383 1431//1431 1432//1432
f 1383//1383 1432//1432 1384//1384
f 1384//1384 1432//1432 1433//1433
f 1384//1384 1433//1433 1385//1385
f 1385//1385 1433//1433 1434//1434
f 1385//1385 1434//1434 1386//1386
f 1386//1386 1434//1434 1435//1435
f 1386//1386 1435//1435 1387//1387
f 1387//1387 1435//1435 1436//1436
f 1387//1387 1436//1436 1388//1388
f 1388//1388 1436//1436 1437//1437
f 1388//1388 1437//1437 1389//1389
f 1389//1389 1437//1437 1438//1438
f 1389//1389 1438//1438 1390//1390
f 1390//1390 1438//1438 1439//1439
f 1390//1390 1439//1439 1391//1391
f 1391//1391 1439//1439 1440//1440
f 1391//1391 1440//1440 1392//1392
f 1392//1392 1440//1440 1393//1393
f 1392//1392 1393//1393 1345//1345
f 1393//1393 1441//1441 1442//1442
f 1393//1393 1442//1442 1394//1394
f 1394//1394 1442//1442 1443//1443
f 1394//1394 1443//1443 1395//1395
f 1395//1395 1443//1443 1444//1444
f 1395//1395 1444//1444 1396//1396
f 1396//1396 1444//1444 1445//1445
f 1396//1396 1445//1445 1397//1397
f 1397//1397 1445//1445 1446//1446
f 1397//1397 1446//1446 1398//1398
f 1398//1398 1446//1446 1447//1447
f 1398//1398 1447//1447 1399//1399
f 1399//1399 1447//1447 1448//1448
f 1399//1399 1448//1448 1400//1400
f 1400//1400 1448//1448 1449//1449
f 1400//1400 1449//1449 1401//1401
f 1401//1401 1449//1449 1450//1450
f 1401//1401 1450//1450 1402//1402
f 1402//1402 1450//1450 1451//1451
f 1402//1402 1451//1451 1403//1403
f 1403//1403 1451//1451 1452//1452
f 1403//1403 1452//1452 1404//1404
f 1404//1404 1452//1452 1453//1453
f 1404//1404 1453//1453 1405//1405
f 1405//1405 1453//1453 1454//1454
f 1405//1405 1454//1454 1406//1406
f 1406//1406 1454//1454 1455//1455
f 1406//1406 1455//1455 1407//1407
f 1407//1407 1455//1455 1456//1456
f 1407//1407 1456//1456 1408//1408
f 1408//1408 1456//1456 1457//1457
f 1408//1408 1457//1457 1409//1409
f 1409//1409 1457//1457 1458//1458
f 1409//1409 1458//1458 1410//1410
f 1410//1410 1458//1458 1459//1459
f 1410//1410 1459//1459 1411//1411
f 1411//1411 1459//1459 1460//1460
f 1411//1411 1460//1460 1412//1412
f 1412//1412 1460//1460 1461//1461
f 1412//1412 1461//1461 1413//1413
f 1413//1413 1461//1461 1462//1462
f 1413//1413 1462//1462 1414//1414
f 1414//1414 1462//1462 1463//1463
f 1414//1414 1463//1463 1415//1415
f 1415//1415 1463//1463 1464//1464
f 1415//1415 1464//1464 1416//1416
f 1416//1416 1464//1464 1465//1465
f 1416//1416 1465//1465 1417//1417
f 1417//1417 1465//1465 1466//1466
f 1417//1417 1466//1466 1418//1418
f 1418//1418 1466//1466 1467//1467
f 1418//1418 1467//1467 1419//1419
f 1419//1419 1467//1467 1468//1468
f 1419//1419 1468//1468 1420//1420
f 1420//1420 1468//1468 1469//1469
f 1420//1420 1469//1469 1421//1421
f 1421//1421 1469//1469 1470//1470
f 1421//1421 1470//1470 1422//1422
f 1422//1422 1470//1470 1471//1471
f 1422//1422 1471//1471 1423//1423
f 1423//1423 1471//1471 1472//1472
f 1423//1423 1472//1472 1424//1424
f 1424//1424 1472//1472 1473//1473
f 1424//1424 1473//1473 1425//1425
f 1425//1425 1473//1473 1474//1474
f 1425//1425 1474//1474 1426//1426
f 1426//1426 1474//1474 1475//1475
f 1426//1426 1475//1475 1427//1427
f 1427//1427 1475//1475 1476//1476
f 1427//1427 1476//1476 1428//1428
f 1428//1428 1476//1476 1477//1477
f 1428//1428 1477//1477 1429//1429
f 1429//1429 1477//1477 1478//1478
f 1429//1429 1478//1478 1430//1430
f 1430//1430 1478//1478 1479//1479
f 1430//1430 1479//1479 1431//1431
f 1431//1431 1479//1479 1480//1480
f 1431//1431 1480//1480 1432//1432
f 1432//1432 1480//1480 1481//1481
f 1432//1432 1481//1481 1433//1433
f 1433//1433 1481//1481 1482//1482
f 1433//1433 1482//1482 1434//1434
f 1434//1434 1482//1482 1483//1483
f 1434//1434 1483//1483 1435//1435
f 1435//1435 1483//1483 1484//1484
f 1435//1435 1484//1484 1436//1436
f 1436//1436 1484//1484 1485//1485
f 1436//1436 1485//1485 1437//1437
f 1437//1437 1485//1485 1486//1486
f 1437//1437 1486//1486 1438//1438
f 1438//1438 1486//1486 1487//1487
f 1438//1438 1487//1487 1439//1439
f 1439//1439 1487//1487 1488//1488
f 1439//1439 1488//1488 1440//1440
f 1440//1440 1488//1488 1441//1441
f 1440//1440 1441//1441 1393//1393
usemtl bin_55
f 1441//1441 1489//1489 1490//1490
f 1441//1441 1490//1490 1442//1442
f 1442//1442 1490//1490 1491//1491
f 1442//1442 1491//1491 1443//1443
f 1443//1443 1491//1491 1492//1492
f 1443//1443 1492//1492 1444//1444
f 1444//1444 1492//1492 1493//1493
f 1444//1444 1493//1493 1445//1445
f 1445//1445 1493//1493 1494//1494
f 1445//1445 1494//1494 1446//1446
f 1446//1446 1494//1494 1495//1495
f 1446//1446 1495//1495 1447//1447
f 1447//1447 1495//1495 1496//1496
f 1447//1447 1496//1496 1448//1448
f 1448//1448 1496//1496 1497//1497
f 1448//1448 1497//1497 1449//1449
f 1449//1449 1497//1497 1498//1498
f 1449//1449 1498//1498 1450//1450
f 1450//1450 1498//1498 1499//1499
f 1450//1450 1499//1499 1451//1451
f 1451//1451 1499//1499 1500//1500
f 1451//1451 1500//1500 1452//1452
f 1452//1452 1500//1500 1501//1501
f 1452//1452 1501//1501 1453//1453
f 1453//1453 1501//1501 1502//1502
f 1453//1453 1502//1502 1454//1454
f 1454//1454 1502//1502 1503//1503
f 1454//1454 1503//1503 1455//1455
f 1455//1455 1503//1503 1504//1504
f 1455//1455 1504//1504 1456//1456
f 1456//1456 1504//1504 1505//1505
f 1456//1456 1505//1505 1457//1457
f 1457//1457 1505//1505 1506//1506
f 1457//1457 1506//1506 1458//1458
f 1458//1458 1506//1506 1507//1507
f 1458//1458 1507//1507 1459//1459
f 1459//1459 1507//1507 1508//1508
f 1459//1459 1508//1508 1460//1460
f 1460//1460 1508//1508 1509//1509
f 1460//1460 1509//1509 1461//1461
f 1461//1461 1509//1509 1510//1510
f 1461//1461 1510//1510 1462//1462
f 1462//1462 1510//1510 1511//1511
f 1462//1462 1511//1511 1463//1463
f 1463//1463 1511//1511 1512//1512
f 1463//1463 1512//1512 1464//1464
f 1464//1464 1512//1512 1513//1513
f 1464//1464 1513//1513 1465//1465
f 1465//1465 1513//1513 1514//1514
f 1465//1465 1514//1514 1466//1466
f 1466//1466 1514//1514 1515//1515
f 1466//1466 1515//1515 1467//1467
f 1467//1467 1515//1515 1516//1516
f 1467//1467 1516//1516 1468//1468
f 1468//1468 1516//1516 1517//1517
f 1468//1468 1517//1517 1469//1469
f 1469//1469 1517//1517 1518//1518
f 1469//1469 1518//1518 1470//1470
f 1470//1470 1518//1518 1519//1519
f 1470//1470 1519//1519 1471//1471
f 1471//1471 1519//1519 1520//1520
f 1471//1471 1520//1520 1472//1472
f 1472//1472 1520//1520 1521//1521
f 1472//1472 1521//1521 1473//1473
f 1473//1473 1521//1521 1522//1522
f 1473//1473 1522//1522 1474//1474
f 1474//1474 1522//1522 1523//1523
f 1474//1474 1523//1523 1475//1475
f 1475//1475 1523//1523 1524//1524
f 1475//1475 1524//1524 1476//1476
f 1476//1476 1524//1524 1525//1525
f 1476//1476 1525//1525 1477//1477
f 1477//1477 1525//1525 1526//1526
f 1477//1477 1526//1526 1478//1478
f 1478//1478 1526//1526 1527//1527
f 1478//1478 1527//1527 1479//1479
f 1479//1479 1527//1527 1528//1528
f 1479//1479 1528//1528 1480//1480
f 1480//1480 1528//1528 1529//1529
f 1480//1480 1529//1529 1481//1481
f 1481//1481 1529//1529 1530//1530
f 1481//1481 1530//1530 1482//1482
f 1482//1482 1530//1530 1531//1531
f 1482//1482 1531//1531 1483//1483
f 1483//1483 1531//1531 1532//1532
f 1483//1483 1532//1532 1484//1484
f 1484//1484 1532//1532 1533//1533
f 1484//1484 1533//1533 1485//1485
f 1485//1485 1533//1533 1534//1534
f 1485//1485 1534//1534 1486//1486
f 1486//1486 1534//1534 1535//1535
f 1486//1486 1535//1535 1487//1487
f 1487//1487 1535//1535 1536//1536
f 1487//1487 1536//1536 1488//1488
f 1488//1488 1536//1536 1489//1489
f 1488//1488 1489//1489 1441//1441
usemtl bin_54
f 1489//1489 1537//1537 1538//1538
f 1489//1489 1538//1538 1490//1490
f 1490//1490 1538//1538 1539//1539
f 1490//1490 1539//1539 1491//1491
f 1491//1491 1539//1539 1540//1540
f 1491//1491 1540//1540 1492//1492
f 1492//1492 1540//1540 1541//1541
f 1492//1492 1541//1541 1493//1493
f 1493//1493 1541//1541 1542//1542
f 1493//1493 1542//1542 1494//1494
f 1494//1494 1542//1542 1543//1543
f 1494//1494 1543//1543 1495//1495
f 1495//1495 1543//1543 1544//1544
f 1495//1495 1544//1544 1496//1496
f 1496//1496 1544//1544 1545//1545
f 1496//1496 1545//1545 1497//1497
f 1497//1497 1545//1545 1546//1546
f 1497//1497 1546//1546 1498//1498
f 1498//1498 1546//1546 1547//1547
f 1498//1498 1547//1547 1499//1499
f 1499//1499 1547//1547 1548//1548
f 1499//1499 1548//1548 1500//1500
f 1500//1500 1548//1548 1549//1549
f 1500//1500 1549//1549 1501//1501
f 1501//1501 1549//1549 1550//1550
f 1501//1501 1550//1550 1502//1502
f 1502//1502 1550//1550 1551//1551
f 1502//1502 1551//1551 1503//1503
f 1503//1503 1551//1551 1552//1552
f 1503//1503 1552//1552 1504//1504
f 1504//1504 1552//1552 1553//1553
f 1504//1504 1553//1553 1505//1505
f 1505//1505 1553//1553 1554//1554
f 1505//1505 1554//1554 1506//1506
f 1506//1506 1554//1554 1555//1555
f 1506//1506 1555//1555 1507//1507
f 1507//1507 1555//1555 1556//1556
f 1507//1507 1556//1556 1508//1508
f 1508//1508 1556//1556 1557//1557
f 1508//1508 1557//1557 1509//1509
f 1509//1509 1557//1557 1558//1558
f 1509//1509 1558//1558 1510//1510
f 1510//1510 1558//1558 1559//1559
f 1510//1510 1559//1559 1511//1511
f 1511//1511 1559//1559 1560//1560
f 1511//1511 1560//1560 1512//1512
f 1512//1512 1560//1560 1561//1561
f 1512//1512 1561//1561 1513//1513
f 1513//1513 1561//1561 1562//1562
f 1513//1513 1562//1562 1514//1514
f 1514//1514 1562//1562 1563//1563
f 1514//1514 1563//1563 1515//1515
f 1515//1515 1563//1563 1564//1564
f 1515//1515 1564//1564 1516//1516
f 1516//1516 1564//1564 1565//1565
f 1516//1516 1565//1565 1517//1517
f 1517//1517 1565//1565 1566//1566
f 1517//1517 1566//1566 1518//1518
f 1518//1518 1566//1566 1567//1567
f 1518//1518 1567//1567 1519//1519
f 1519//1519 1567//1567 1568//1568
f 1519//1519 1568//1568 1520//1520
f 1520//1520 1568//1568 1569//1569
f 1520//1520 1569//1569 1521//1521
f 1521//1521 1569//1569 1570//1570
f 1521//1521 1570//1570 1522//1522
f 1522//1522 1570//1570 1571//1571
f 1522//1522 1571//1571 1523//1523
f 1523//1523 1571//1571 1572//1572
f 1523//1523 1572//1572 1524//1524
f 1524//1524 1572//1572 1573//1573
f 1524//1524 1573//1573 1525//1525
f 1525//1525 1573//1573 1574//1574
f 1525//1525 1574//1574 1526//1526
f 1526//1526 1574//1574 1575//1575
f 1526//1526 1575//1575 1527//1527
f 1527//1527 1575//1575 1576//1576
f 1527//1527 1576//1576 1528//1528
f 1528//1528 1576//1576 1577//1577
f 1528//1528 1577//1577 1529//1529
f 1529//1529 1577//1577 1578//1578
f 1529//1529 1578//1578 1530//1530
f 1530//1530 1578//1578 1579//1579
f 1530//1530 1579//1579 1531//1531
f 1531//1531 1579//1579 1580//1580
f 1531//1531 1580//1580 1532//1532
f 1532//1532 1580//1580 1581//1581
f 1532//1532 1581//1581 1533//1533
f 1533//1533 1581//1581 1582//1582
f 1533//1533 1582//1582 1534//1534
f 1534//1534 1582//1582 1583//1583
f 1534//1534 1583//1583 1535//1535
f 1535//1535 1583//1583 1584//1584
f 1535//1535 1584//1584 1536//1536
f 1536//1536 1584//1584 1537//1537
f 1536//1536 1537//1537 1489//1489
f 1537//1537 1585//1585 1586//1586
f 1537//1537 1586//1586 1538//1538
f 1538//1538 1586//1586 1587//1587
f 1538//1538 1587//1587 1539//1539
f 1539//1539 1587//1587 1588//1588
f 1539//1539 1588//1588 1540//1540
f 1540//1540 1588//1588 1589//1589
f 1540//1540 1589//1589 1541//1541
f 1541//1541 1589//1589 1590//1590
f 1541//1541 1590//1590 1542//1542
f 1542//1542 1590//1590 1591//1591
f 1542//1542 1591//1591 1543//1543
f 1543//1543 1591//1591 1592//1592
f 1543//1543 1592//1592 1544//1544
f 1544//1544 1592//1592 1593//1593
f 1544//1544 1593//1593 1545//1545
f 1545//1545 1593//1593 1594//1594
f 1545//1545 1594//1594 1546//1546
f 1546//1546 1594//1594 1595//1595
f 1546//1546 1595//1595 1547//1547
f 1547//1547 1595//1595 1596//1596
f 1547//1547 1596//1596 1548//1548
f 1548//1548 1596//1596 1597//1597
f 1548//1548 1597//1597 1549//1549
f 1549//1549 1597//1597 1598//1598
f 1549//1549 1598//1598 1550//1550
f 1550//1550 1598//1598 1599//1599
f 1550//1550 1599//1599 1551//1551
f 1551//1551 1599//1599 1600//1600
f 1551//1551 1600//1600 1552//1552
f 1552//1552 1600//1600 1601//1601
f 1552//1552 1601//1601 1553//1553
f 1553//1553 1601//1601 1602//1602
f 1553//1553 1602//1602 1554//1554
f 1554//1554 1602//1602 1603//1603
f 1554//1554 1603//1603 1555//1555
f 1555//1555 1603//1603 1604//1604
f 1555//1555 1604//1604 1556//1556
f 1556//1556 1604//1604 1605//1605
f 1556//1556 1605//1605 1557//1557
f 1557//1557 1605//1605 1606//1606
f 1557//1557 1606//1606 1558//1558
f 1558//1558 1606//1606 1607//1607
f 1558//1558 1607//1607 1559//1559
f 1559//1559 1607//1607 1608//1608
f 1559//1559 1608//1608 1560//1560
f 1560//1560 1608//1608 1609//1609
f 1560//1560 1609//1609 1561//1561
f 1561//1561 1609//1609 1610//1610
f 1561//1561 1610//1610 1562//1562
f 1562//1562 1610//1610 1611//1611
f 1562//1562 1611//1611 1563//1563
f 1563//1563 1611//1611 1612//1612
f 1563//1563 1612//1612 1564//1564
f 1564//1564 1612//1612 1613//1613
f 1564//1564 1613//1613 1565//1565
f 1565//1565 1613//1613 1614//1614
f 1565//1565 1614//1614 1566//1566
f 1566//1566 1614//1614 1615//1615
f 1566//1566 1615//1615 1567//1567
f 1567//1567 1615//1615 1616//1616
f 1567//1567 1616//1616 1568//1568
f 1568//1568 1616//1616 1617//1617
f 1568//1568 1617//1617 1569//1569
f 1569//1569 1617//1617 1618//1618
f 1569//1569 1618//1618 1570//1570
f 1570//1570 1618//1618 1619//1619
f 1570//1570 1619//1619 1571//1571
f 1571//1571 1619//1619 1620//1620
f 1571//1571 1620//1620 1572//1572
f 1572//1572 1620//1620 1621//1621
f 1572//1572 1621//1621 1573//1573
f 1573//1573 1621//1621 1622//1622
f 1573//1573 1622//1622 1574//1574
f 1574//1574 1622//1622 1623//1623
f 1574//1574 1623//1623 1575//1575
f 1575//1575 1623//1623 1624//1624
f 1575//1575 1624//1624 1576//1576
f 1576//1576 1624//1624 1625//1625
f 1576//1576 1625//1625 1577//1577
f 1577//1577 1625//1625 1626//1626
f 1577//1577 1626//1626 1578//1578
f 1578//1578 1626//1626 1627//1627
f 1578//1578 1627//1627 1579//1579
f 1579//1579 1627//1627 1628//1628
f 1579//1579 1628//1628 1580//1580
f 1580//1580 1628//1628 1629//1629
f 1580//1580 1629//1629 1581//1581
f 1581//1581 1629//1629 1630//1630
f 1581//1581 1630//1630 1582//1582
f 1582//1582 1630//1630 1631//1631
f 1582//1582 1631//1631 1583//1583
f 1583//1583 1631//1631 1632//1632
f 1583//1583 1632//1632 1584//1584
f 1584//1584 1632//1632 1585//1585
f 1584//1584 1585//1585 1537//1537
usemtl bin_53
f 1585//1585 1633//1633 1634//1634
f 1585//1585 1634//1634 1586//1586
f 1586//1586 1634//1634 1635//1635
f 1586//1586 1635//1635 1587//1587
f 1587//1587 1635//1635 1636//1636
f 1587//1587 1636//1636 1588//1588
f 1588//1588 1636//1636 1637//1637
f 1588//1588 1637//1637 1589//1589
f 1589//1589 1637//1637 1638//1638
f 1589//1589 1638//1638 1590//1590
f 1590//1590 1638//1638 1639//1639
f 1590//1590 1639//1639 1591//1591
f 1591//1591 1639//1639 1640//1640
f 1591//1591 1640//1640 1592//1592
f 1592//1592 1640//1640 1641//1641
f 1592//1592 1641//1641 1593//1593
f 1593//1593 1641//1641 1642//1642
f 1593//1593 1642//1642 1594//1594
f 1594//1594 1642//1642 1643//1643
f 1594//1594 1643//1643 1595//1595
f 1595//1595 1643//1643 1644//1644
f 1595//1595 1644//1644 1596//1596
f 1596//1596 1644//1644 1645//1645
f 1596//1596 1645//1645 1597//1597
f 1597//1597 1645//1645 1646//1646
f 1597//1597 1646//1646 1598//1598
f 1598//1598 1646//1646 1647//1647
f 1598//1598 1647//1647 1599//1599
f 1599//1599 1647//1647 1648//1648
f 1599//1599 1648//1648 1600//1600
f 1600//1600 1648//1648 1649//1649
f 1600//1600 1649//1649 1601//1601
f 1601//1601 1649//1649 1650//1650
f 1601//1601 1650//1650 1602//1602
f 1602//1602 1650//1650 1651//1651
f 1602//1602 1651//1651 1603//1603
f 1603//1603 1651//1651 1652//1652
f 1603//1603 1652//1652 1604//1604
f 1604//1604 1652//1652 1653//1653
f 1604//1604 1653//1653 1605//1605
f 1605//1605 1653//1653 1654//1654
f 1605//1605 1654//1654 1606//1606
f 1606//1606 1654//1654 1655//1655
f 1606//1606 1655//1655 1607//1607
f 1607//1607 1655//1655 1656//1656
f 1607//1607 1656//1656 1608//1608
f 1608//1608 1656//1656 1657//1657
f 1608//1608 1657//1657 1609//1609
f 1609//1609 1657//1657 1658//1658
f 1609//1609 1658//1658 1610//1610
f 1610//1610 1658//1658 1659//1659
f 1610//1610 1659//1659 1611//1611
f 1611//1611 1659//1659 1660//1660
f 1611//1611 1660//1660 1612//1612
f 1612//1612 1660//1660 1661//1661
f 1612//1612 1661//1661 1613//1613
f 1613//1613 1661//1661 1662//1662
f 1613//1613 1662//1662 1614//1614
f 1614//1614 1662//1662 1663//1663
f 1614//1614 1663//1663 1615//1615
f 1615//1615 1663//1663 1664//1664
f 1615//1615 1664//1664 1616//1616
f 1616//1616 1664//1664 1665//1665
f 1616//1616 1665//1665 1617//1617
f 1617//1617 1665//1665 1666//1666
f 1617//1617 1666//1666 1618//1618
f 1618//1618 1666//1666 1667//1667
f 1618//1618 1667//1667 1619//1619
f 1619//1619 1667//1667 1668//1668
f 1619//1619 1668//1668 1620//1620
f 1620//1620 1668//1668 1669//1669
f 1620//1620 1669//1669 1621//1621
f 1621//1621 1669//1669 1670//1670
f 1621//1621 1670//1670 1622//1622
f 1622//1622 1670//1670 1671//1671
f 1622//1622 1671//1671 1623//1623
f 1623//1623 1671//1671 1672//1672
f 1623//1623 1672//1672 1624//1624
f 1624//1624 1672//1672 1673//1673
f 1624//1624 1673//1673 1625//1625
f 1625//1625 1673//1673 1674//1674
f 1625//1625 1674//1674 1626//1626
f 1626//1626 1674//1674 1675//1675
f 1626//1626 1675//1675 1627//1627
f 1627//1627 1675//1675 1676//1676
f 1627//1627 1676//1676 1628//1628
f 1628//1628 1676//1676 1677//1677
f 1628//1628 1677//1677 1629//1629
f 1629//1629 1677//1677 1678//1678
f 1629//1629 1678//1678 1630//1630
f 1630//1630 1678//1678 1679//1679
f 1630//1630 1679//1679 1631//1631
f 1631//1631 1679//1679 1680//1680
f 1631//1631 1680//1680 1632//1632
f 1632//1632 1680//1680 1633//1633
f 1632//1632 1633//1633 1585//1585
usemtl bin_52
f 1633//1633 1681//1681 1682//1682
f 1633//1633 1682//1682 1634//1634
f 1634//1634 1682//1682 1683//1683
f 1634//1634 1683//1683 1635//1635
f 1635//1635 1683//1683 1684//1684
f 1635//1635 1684//1684 1636//1636
f 1636//1636 1684//1684 1685//1685
f 1636//1636 1685//1685 1637//1637
f 1637//1637 1685//1685 1686//1686
f 1637//1637 1686//1686 1638//1638
f 1638//1638 1686//1686 1687//1687
f 1638//1638 1687//1687 1639//1639
f 1639//1639 1687//1687 1688//1688
f 1639//1639 1688//1688 1640//1640
f 1640//1640 1688//1688 1689//1689
f 1640//1640 1689//1689 1641//1641
f 1641//1641 1689//1689 1690//1690
f 1641//1641 1690//1690 1642//1642
f 1642//1642 1690//1690 1691//1691
f 1642//1642 1691//1691 1643//1643
f 1643//1643 1691//1691 1692//1692
f 1643//1643 1692//1692 1644//1644
f 1644//1644 1692//1692 1693//1693
f 1644//1644 1693//1693 1645//1645
f 1645//1645 1693//1693 1694//1694
f 1645//1645 1694//1694 1646//1646
f 1646//1646 1694//1694 1695//1695
f 1646//1646 1695//1695 1647//1647
f 1647//1647 1695//1695 1696//1696
f 1647//1647 1696//1696 1648//1648
f 1648//1648 1696//1696 1697//1697
f 1648//1648 1697//1697 1649//1649
f 1649//1649 1697//1697 1698//1698
f 1649//1649 1698//1698 1650//1650
f 1650//1650 1698//1698 1699//1699
f 1650//1650 1699//1699 1651//1651
f 1651//1651 1699//1699 1700//1700
f 1651//1651 1700//1700 1652//1652
f 1652//1652 1700//1700 1701//1701
f 1652//1652 1701//1701 1653//1653
f 1653//1653 1701//1701 1702//1702
f 1653//1653 1702//1702 1654//1654
f 1654//1654 1702//1702 1703//1703
f 1654//1654 1703//1703 1655//1655
f 1655//1655 1703//1703 1704//1704
f 1655//1655 1704//1704 1656//1656
f 1656//1656 1704//1704 1705//1705
f 1656//1656 1705//1705 1657//1657
f 1657//1657 1705//1705 1706//1706
f 1657//1657 1706//1706 1658//1658
f 1658//1658 1706//1706 1707//1707
f 1658//1658 1707//1707 1659//1659
f 1659//1659 1707//1707 1708//1708
f 1659//1659 1708//1708 1660//1660
f 1660//1660 1708//1708 1709//1709
f 1660//1660 1709//1709 1661//1661
f 1661//1661 1709//1709 1710//1710
f 1661//1661 1710//1710 1662//1662
f 1662//1662 1710//1710 1711//1711
f 1662//1662 1711//1711 1663//1663
f 1663//1663 1711//1711 1712//1712
f 1663//1663 1712//1712 1664//1664
f 1664//1664 1712//1712 1713//1713
f 1664//1664 1713//1713 1665//1665
f 1665//1665 1713//1713 1714//1714
f 1665//1665 1714//1714 1666//1666
f 1666//1666 1714//1714 1715//1715
f 1666//1666 1715//1715 1667//1667
f 1667//1667 1715//1715 1716//1716
f 1667//1667 1716//1716 1668//1668
f 1668//1668 1716//1716 1717//1717
f 1668//1668 1717//1717 1669//1669
f 1669//1669 1717//1717 1718//1718
f 1669//1669 1718//1718 1670//1670
f 1670//1670 1718//1718 1719//1719
f 1670//1670 1719//1719 1671//1671
f 1671//1671 1719//1719 1720//1720
f 1671//1671 1720//1720 1672//1672
f 1672//1672 1720//1720 1721//1721
f 1672//1672 1721//1721 1673//1673
f 1673//1673 1721//1721 1722//1722
f 1673//1673 1722//1722 1674//1674
f 1674//1674 1722//1722 1723//1723
f 1674//1674 1723//1723 1675//1675
f 1675//1675 1723//1723 1724//1724
f 1675//1675 1724//1724 1676//1676
f 1676//1676 1724//1724 1725//1725
f 1676//1676 1725//1725 1677//1677
f 1677//1677 1725//1725 1726//1726
f 1677//1677 1726//1726 1678//1678
f 1678//1678 1726//1726 1727//1727
f 1678//1678 1727//1727 1679//1679
f 1679//1679 1727//1727 1728//1728
f 1679//1679 1728//1728 1680//1680
f 1680//1680 1728//1728 1681//1681
f 1680//1680 1681//1681 1633//1633
f 1681//1681 1729//1729 1730//1730
f 1681//1681 1730//1730 1682//1682
f 1682//1682 1730//1730 1731//1731
f 1682//1682 1731//1731 1683//1683
f 1683//1683 1731//1731 1732//1732
f 1683//1683 1732//1732 1684//1684
f 1684//1684 1732//1732 1733//1733
f 1684//1684 1733//1733 1685//1685
f 1685//1685 1733//1733 1734//1734
f 1685//1685 1734//1734 1686//1686
f 1686//1686 1734//1734 1735//1735
f 1686//1686 1735//1735 1687//1687
f 1687//1687 1735//1735 1736//1736
f 1687//1687 1736//1736 1688//1688
f 1688//1688 1736//1736 1737//1737
f 1688//1688 1737//1737 1689//1689
f 1689//1689 1737//1737 1738//1738
f 1689//1689 1738//1738 1690//1690
f 1690//1690 1738//1738 1739//1739
f 1690//1690 1739//1739 1691//1691
f 1691//1691 1739//1739 1740//1740
f 1691//1691 1740//1740 1692//1692
f 1692//1692 1740//1740 1741//1741
f 1692//1692 1741//1741 1693//1693
f 1693//1693 1741//1741 1742//1742
f 1693//1693 1742//1742 1694//1694
f 1694//1694 1742//1742 1743//1743
f 1694//1694 1743//1743 1695//1695
f 1695//1695 1743//1743 1744//1744
f 1695//1695 1744//1744 1696//1696
f 1696//1696 1744//1744 1745//1745
f 1696//1696 1745//1745 1697//1697
f 1697//1697 1745//1745 1746//1746
f 1697//1697 1746//1746 1698//1698
f 1698//1698 1746//1746 1747//1747
f 1698//1698 1747//1747 1699//1699
f 1699//1699 1747//1747 1748//1748
f 1699//1699 1748//1748 1700//1700
f 1700//1700 1748//1748 1749//1749
f 1700//1700 1749//1749 1701//1701
f 1701//1701 1749//1749 1750//1750
f 1701//1701 1750//1750 1702//1702
f 1702//1702 1750//1750 1751//1751
f 1702//1702 1751//1751 1703//1703
f 1703//1703 1751//1751 1752//1752
f 1703//1703 1752//1752 1704//1704
f 1704//1704 1752//1752 1753//1753
f 1704//1704 1753//1753 1705//1705
f 1705//1705 1753//1753 1754//1754
f 1705//1705 1754//1754 1706//1706
f 1706//1706 1754//1754 1755//1755
f 1706//1706 1755//1755 1707//1707
f 1707//1707 1755//1755 1756//1756
f 1707//1707 1756//1756 1708//1708
f 1708//1708 1756//1756 1757//1757
f 1708//1708 1757//1757 1709//1709
f 1709//1709 1757//1757 1758//1758
f 1709//1709 1758//1758 1710//1710
f 1710//1710 1758//1758 1759//1759
f 1710//1710 1759//1759 1711//1711
f 1711//1711 1759//1759 1760//1760
f 1711//1711 1760//1760 1712//1712
f 1712//1712 1760//1760 1761//1761
f 1712//1712 1761//1761 1713//1713
f 1713//1713 1761//1761 1762//1762
f 1713//1713 1762//1762 1714//1714
f 1714//1714 1762//1762 1763//1763
f 1714//1714 1763//1763 1715//1715
f 1715//1715 1763//1763 1764//1764
f 1715//1715 1764//1764 1716//1716
f 1716//1716 1764//1764 1765//1765
f 1716//1716 1765//1765 1717//1717
f 1717//1717 1765//1765 1766//1766
f 1717//1717 1766//1766 1718//1718
f 1718//1718 1766//1766 1767//1767
f 1718//1718 1767//1767 1719//1719
f 1719//1719 1767//1767 1768//1768
f 1719//1719 1768//1768 1720//1720
f 1720//1720 1768//1768 1769//1769
f 1720//1720 1769//1769 1721//1721
f 1721//1721 1769//1769 1770//1770
f 1721//1721 1770//1770 1722//1722
f 1722//1722 1770//1770 1771//1771
f 1722//1722 1771//1771 1723//1723
f 1723//1723 1771//1771 1772//1772
f 1723//1723 1772//1772 1724//1724
f 1724//1724 1772//1772 1773//1773
f 1724//1724 1773//1773 1725//1725
f 1725//1725 1773//1773 1774//1774
f 1725//1725 1774//1774 1726//1726
f 1726//1726 1774//1774 1775//1775
f 1726//1726 1775//1775 1727//1727
f 1727//1727 1775//1775 1776//1776
f 1727//1727 1776//1776 1728//1728
f 1728//1728 1776//1776 1729//1729
f 1728//1728 1729//1729 1681//1681
f 1729//1729 1777//1777 1778//1778
f 1729//1729 1778//1778 1730//1730
f 1730//1730 1778//1778 1779//1779
f 1730//1730 1779//1779 1731//1731
f 1731//1731 1779//1779 1780//1780
f 1731//1731 1780//1780 1732//1732
f 1732//1732 1780//1780 1781//1781
f 1732//1732 1781//1781 1733//1733
f 1733//1733 1781//1781 1782//1782
f 1733//1733 1782//1782 1734//1734
f 1734//1734 1782//1782 1783//1783
f 1734//1734 1783//1783 1735//1735
f 1735//1735 1783//1783 1784//1784
f 1735//1735 1784//1784 1736//1736
f 1736//1736 1784//1784 1785//1785
f 1736//1736 1785//1785 1737//1737
f 1737//1737 1785//1785 1786//1786
f 1737//1737 1786//1786 1738//1738
f 1738//1738 1786//1786 1787//1787
f 1738//1738 1787//1787 1739//1739
f 1739//1739 1787//1787 1788//1788
f 1739//1739 1788//1788 1740//1740
f 1740//1740 1788//1788 1789//1789
f 1740//1740 1789//1789 1741//1741
f 1741//1741 1789//1789 1790//1790
f 1741//1741 1790//1790 1742//1742
f 1742//1742 1790//1790 1791//1791
f 1742//1742 1791//1791 1743//1743
f 1743//1743 1791//1791 1792//1792
f 1743//1743 1792//1792 1744//1744
f 1744//1744 1792//1792 1793//1793
f 1744//1744 1793//1793 1745//1745
f 1745//1745 1793//1793 1794//1794
f 1745//1745 1794//1794 1746//1746
f 1746//1746 1794//1794 1795//1795
f 1746//1746 1795//1795 1747//1747
f 1747//1747 1795//1795 1796//1796
f 1747//1747 1796//1796 1748//1748
f 1748//1748 1796//1796 1797//1797
f 1748//1748 1797//1797 1749//1749
f 1749//1749 1797//1797 1798//1798
f 1749//1749 1798//1798 1750//1750
f 1750//1750 1798//1798 1799//1799
f 1750//1750 1799//1799 1751//1751
f 1751//1751 1799//1799 1800//1800
f 1751//1751 1800//1800 1752//1752
f 1752//1752 1800//1800 1801//1801
f 1752//1752 1801//1801 1753//1753
f 1753//1753 1801//1801 1802//1802
f 1753//1753 1802//1802 1754//1754
f 1754//1754 1802//1802 1803//1803
f 1754//1754 1803//1803 1755//1755
f 1755//1755 1803//1803 1804//1804
f 1755//1755 1804//1804 1756//1756
f 1756//1756 1804//1804 1805//1805
f 1756//1756 1805//1805 1757//1757
f 1757//1757 1805//1805 1806//1806
f 1757//1757 1806//1806 1758//1758
f 1758//1758 1806//1806 1807//1807
f 1758//1758 1807//1807 1759//1759
f 1759//1759 1807//1807 1808//1808
f 1759//1759 1808//1808 1760//1760
f 1760//1760 1808//1808 1809//1809
f 1760//1760 1809//1809 1761//1761
f 1761//1761 1809//1809 1810//1810
f 1761//1761 1810//1810 1762//1762
f 1762//1762 1810//1810 1811//1811
f 1762//1762 1811//1811 1763//1763
f 1763//1763 1811//1811 1812//1812
f 1763//1763 1812//1812 1764//1764
f 1764//1764 1812//1812 1813//1813
f 1764//1764 1813//1813 1765//1765
f 1765//1765 1813//1813 1814//1814
f 1765//1765 1814//1814 1766//1766
f 1766//1766 1814//1814 1815//1815
f 1766//1766 1815//1815 1767//1767
f 1767//1767 1815//1815 1816//1816
f 1767//1767 1816//1816 1768//1768
f 1768//1768 1816//1816 1817//1817
f 1768//1768 1817//1817 1769//1769
f 1769//1769 1817//1817 1818//1818
f 1769//1769 1818//1818 1770//1770
f 1770//1770 1818//1818 1819//1819
f 1770//1770 1819//1819 1771//1771
f 1771//1771 1819//1819 1820//1820
f 1771//1771 1820//1820 1772//1772
f 1772//1772 1820//1820 1821//1821
f 1772//1772 1821//1821 1773//1773
f 1773//1773 1821//1821 1822//1822
f 1773//1773 1822//1822 1774//1774
f 1774//1774 1822//1822 1823//1823
f 1774//1774 1823//1823 1775//1775
f 1775//1775 1823//1823 1824//1824
f 1775//1775 1824//1824 1776//1776
f 1776//1776 1824//1824 1777//1777
f 1776//1776 1777//1777 1729//1729
usemtl bin_50
f 1777//1777 1825//1825 1826//1826
f 1777//1777 1826//1826 1778//1778
f 1778//1778 1826//1826 1827//1827
f 1778//1778 1827//1827 1779//1779
f 1779//1779 1827//1827 1828//1828
f 1779//1779 1828//1828 1780//1780
f 1780//1780 1828//1828 1829//1829
f 1780//1780 1829//1829 1781//1781
f 1781//1781 1829//1829 1830//1830
f 1781//1781 1830//1830 1782//1782
f 1782//1782 1830//1830 1831//1831
f 1782//1782 1831//1831 1783//1783
f 1783//1783 1831//1831 1832//1832
f 1783//1783 1832//1832 1784//1784
f 1784//1784 1832//1832 1833//1833
f 1784//1784 1833//1833 1785//1785
f 1785//1785 1833//1833 1834//1834
f 1785//1785 1834//1834 1786//1786
f 1786//1786 1834//1834 1835//1835
f 1786//1786 1835//1835 1787//1787
f 1787//1787 1835//1835 1836//1836
f 1787//1787 1836//1836 1788//1788
f 1788//1788 1836//1836 1837//1837
f 1788//1788 1837//1837 1789//1789
f 1789//1789 1837//1837 1838//1838
f 1789//1789 1838//1838 1790//1790
f 1790//1790 1838//1838 1839//1839
f 1790//1790 1839//1839 1791//1791
f 1791//1791 1839//1839 1840//1840
f 1791//1791 1840//1840 1792//1792
f 1792//1792 1840//1840 1841//1841
f 1792//1792 1841//1841 1793//1793
f 1793//1793 1841//1841 1842//1842
f 1793//1793 1842//1842 1794//1794
f 1794//1794 1842//1842 1843//1843
f 1794//1794 1843//1843 1795//1795
f 1795//1795 1843//1843 1844//1844
f 1795//1795 1844//1844 1796//1796
f 1796//1796 1844//1844 1845//1845
f 1796//1796 1845//1845 1797//1797
f 1797//1797 1845//1845 1846//1846
f 1797//1797 1846//1846 1798//1798
f 1798//1798 1846//1846 1847//1847
f 1798//1798 1847//1847 1799//1799
f 1799//1799 1847//1847 1848//1848
f 1799//1799 1848//1848 1800//1800
f 1800//1800 1848//1848 1849//1849
f 1800//1800 1849//1849 1801//1801
f 1801//1801 1849//1849 1850//1850
f 1801//1801 1850//1850 1802//1802
f 1802//1802 1850//1850 1851//1851
f 1802//1802 1851//1851 1803//1803
f 1803//1803 1851//1851 1852//1852
f 1803//1803 1852//1852 1804//1804
f 1804//1804 1852//1852 1853//1853
f 1804//1804 1853//1853 1805//1805
f 1805//1805 1853//1853 1854//1854
f 1805//1805 1854//1854 1806//1806
f 1806//1806 1854//1854 1855//1855
f 1806//1806 1855//1855 1807//1807
f 1807//1807 1855//1855 1856//1856
f 1807//1807 1856//1856 1808//1808
f 1808//1808 1856//1856 1857//1857
f 1808//1808 1857//1857 1809//1809
f 1809//1809 1857//1857 1858//1858
f 1809//1809 1858//1858 1810//1810
f 1810//1810 1858//1858 1859//1859
f 1810//1810 1859//1859 1811//1811
f 1811//1811 1859//1859 1860//1860
f 1811//1811 1860//1860 1812//1812
f 1812//1812 1860//1860 1861//1861
f 1812//1812 1861//1861 1813//1813
f 1813//1813 1861//1861 1862//1862
f 1813//1813 1862//1862 1814//1814
f 1814//1814 1862//1862 1863//1863
f 1814//1814 1863//1863 1815//1815
f 1815//1815 1863//1863 1864//1864
f 1815//1815 1864//1864 1816//1816
f 1816//1816 1864//1864 1865//1865
f 1816//1816 1865//1865 1817//1817
f 1817//1817 1865//1865 1866//1866
f 1817//1817 1866//1866 1818//1818
f 1818//1818 1866//1866 1867//1867
f 1818//1818 1867//1867 1819//1819
f 1819//1819 1867//1867 1868//1868
f 1819//1819 1868//1868 1820//1820
f 1820//1820 1868//1868 1869//1869
f 1820//1820 1869//1869 1821//1821
f 1821//1821 1869//1869 1870//1870
f 1821//1821 1870//1870 1822//1822
f 1822//1822 1870//1870 1871//1871
f 1822//1822 1871//1871 1823//1823
f 1823//1823 1871//1871 1872//1872
f 1823//1823 1872//1872 1824//1824
f 1824//1824 1872//1872 1825//1825
f 1824//1824 1825//1825 1777//1777
f 1825//1825 1873//1873 1874//1874
f 1825//1825 1874//1874 1826//1826
f 1826//1826 1874//1874 1875//1875
f 1826//1826 1875//1875 1827//1827
f 1827//1827 1875//1875 1876//1876
f 1827//1827 1876//1876 1828//1828
f 1828//1828 1876//1876 1877//1877
f 1828//1828 1877//1877 1829//1829
f 1829//1829 1877//1877 1878//1878
f 1829//1829 1878//1878 1830//1830
f 1830//1830 1878//1878 1879//1879
f 1830//1830 1879//1879 1831//1831
f 1831//1831 1879//1879 1880//1880
f 1831//1831 1880//1880 1832//1832
f 1832//1832 1880//1880 1881//1881
f 1832//1832 1881//1881 1833//1833
f 1833//1833 1881//1881 1882//1882
f 1833//1833 1882//1882 1834//1834
f 1834//1834 1882//1882 1883//1883
f 1834//1834 1883//1883 1835//1835
f 1835//1835 1883//1883 1884//1884
f 1835//1835 1884//1884 1836//1836
f 1836//1836 1884//1884 1885//1885
f 1836//1836 1885//1885 1837//1837
f 1837//1837 1885//1885 1886//1886
f 1837//1837 1886//1886 1838//1838
f 1838//1838 1886//1886 1887//1887
f 1838//1838 1887//1887 1839//1839
f 1839//1839 1887//1887 1888//1888
f 1839//1839 1888//1888 1840//1840
f 1840//1840 1888//1888 1889//1889
f 1840//1840 1889//1889 1841//1841
f 1841//1841 1889//1889 1890//1890
f 1841//1841 1890//1890 1842//1842
f 1842//1842 1890//1890 1891//1891
f 1842//1842 1891//1891 1843//1843
f 1843//1843 1891//1891 1892//1892
f 1843//1843 1892//1892 1844//1844
f 1844//1844 1892//1892 1893//1893
f 1844//1844 1893//1893 1845//1845
f 1845//1845 1893//1893 1894//1894
f 1845//1845 1894//1894 1846//1846
f 1846//1846 1894//1894 1895//1895
f 1846//1846 1895//1895 1847//1847
f 1847//1847 1895//1895 1896//1896
f 1847//1847 1896//1896 1848//1848
f 1848//1848 1896//1896 1897//1897
f 1848//1848 1897//1897 1849//1849
f 1849//1849 1897//1897 1898//1898
f 1849//1849 1898//1898 1850//1850
f 1850//1850 1898//1898 1899//1899
f 1850//1850 1899//1899 1851//1851
f 1851//1851 1899//1899 1900//1900
f 1851//1851 1900//1900 1852//1852
f 1852//1852 1900//1900 1901//1901
f 1852//1852 1901//1901 1853//1853
f 1853//1853 1901//1901 1902//1902
f 1853//1853 1902//1902 1854//1854
f 1854//1854 1902//1902 1903//1903
f 1854//1854 1903//1903 1855//1855
f 1855//1855 1903//1903 1904//1904
f 1855//1855 1904//1904 1856//1856
f 1856//1856 1904//1904 1905//1905
f 1856//1856 1905//1905 1857//1857
f 1857//1857 1905//1905 1906//1906
f 1857//1857 1906//1906 1858//1858
f 1858//1858 1906//1906 1907//1907
f 1858//1858 1907//1907 1859//1859
f 1859//1859 1907//1907 1908//1908
f 1859//1859 1908//1908 1860//1860
f 1860//1860 1908//1908 1909//1909
f 1860//1860 1909//1909 1861//1861
f 1861//1861 1909//1909 1910//1910
f 1861//1861 1910//1910 1862//1862
f 1862//1862 1910//1910 1911//1911
f 1862//1862 1911//1911 1863//1863
f 1863//1863 1911//1911 1912//1912
f 1863//1863 1912//1912 1864//1864
f 1864//1864 1912//1912 1913//1913
f 1864//1864 1913//1913 1865//1865
f 1865//1865 1913//1913 1914//1914
f 1865//1865 1914//1914 1866//1866
f 1866//1866 1914//1914 1915//1915
f 1866//1866 1915//1915 1867//1867
f 1867//1867 1915//1915 1916//1916
f 1867//1867 1916//1916 1868//1868
f 1868//1868 1916//1916 1917//1917
f 1868//1868 1917//1917 1869//1869
f 1869//1869 1917//1917 1918//1918
f 1869//1869 1918//1918 1870//1870
f 1870//1870 1918//1918 1919//1919
f 1870//1870 1919//1919 1871//1871
f 1871//1871 1919//1919 1920//1920
f 1871//1871 1920//1920 1872//1872
f 1872//1872 1920//1920 1873//1873
f 1872//1872 1873//1873 1825//1825
f 1873//1873 1921//1921 1922//1922
f 1873//1873 1922//1922 1874//1874
f 1874//1874 1922//1922 1923//1923
f 1874//1874 1923//1923 1875//1875
f 1875//1875 1923//1923 1924//1924
f 1875//1875 1924//1924 1876//1876
f 1876//1876 1924//1924 1925//1925
f 1876//1876 1925//1925 1877//1877
f 1877//1877 1925//1925 1926//1926
f 1877//1877 1926//1926 1878//1878
f 1878//1878 1926//1926 1927//1927
f 1878//1878 1927//1927 1879//1879
f 1879//1879 1927//1927 1928//1928
f 1879//1879 1928//1928 1880//1880
f 1880//1880 1928//1928 1929//1929
f 1880//1880 1929//1929 1881//1881
f 1881//1881 1929//1929 1930//1930
f 1881//1881 1930//1930 1882//1882
f 1882//1882 1930//1930 1931//1931
f 1882//1882 1931//1931 1883//1883
f 1883//1883 1931//1931 1932//1932
f 1883//1883 1932//1932 1884//1884
f 1884//1884 1932//1932 1933//1933
f 1884//1884 1933//1933 1885//1885
f 1885//1885 1933//1933 1934//1934
f 1885//1885 1934//1934 1886//1886
f 1886//1886 1934//1934 1935//1935
f 1886//1886 1935//1935 1887//1887
f 1887//1887 1935//1935 1936//1936
f 1887//1887 1936//1936 1888//1888
f 1888//1888 1936//1936 1937//1937
f 1888//1888 1937//1937 1889//1889
f 1889//1889 1937//1937 1938//1938
f 1889//1889 1938//1938 1890//1890
f 1890//1890 1938//1938 1939//1939
f 1890//1890 1939//1939 1891//1891
f 1891//1891 1939//1939 1940//1940
f 1891//1891 1940//1940 1892//1892
f 1892//1892 1940//1940 1941//1941
f 1892//1892 1941//1941 1893//1893
f 1893//1893 1941//1941 1942//1942
f 1893//1893 1942//1942 1894//1894
f 1894//1894 1942//1942 1943//1943
f 1894//1894 1943//1943 1895//1895
f 1895//1895 1943//1943 1944//1944
f 1895//1895 1944//1944 1896//1896
f 1896//1896 1944//1944 1945//1945
f 1896//1896 1945//1945 1897//1897
f 1897//1897 1945//1945 1946//1946
f 1897//1897 1946//1946 1898//1898
f 1898//1898 1946//1946 1947//1947
f 1898//1898 1947//1947 1899//1899
f 1899//1899 1947//1947 1948//1948
f 1899//1899 1948//1948 1900//1900
f 1900//1900 1948//1948 1949//1949
f 1900//1900 1949//1949 1901//1901
f 1901//1901 1949//1949 1950//1950
f 1901//1901 1950//1950 1902//1902
f 1902//1902 1950//1950 1951//1951
f 1902//1902 1951//1951 1903//1903
f 1903//1903 1951//1951 1952//1952
f 1903//1903 1952//1952 1904//1904
f 1904//1904 1952//1952 1953//1953
f 1904//1904 1953//1953 1905//1905
f 1905//1905 1953//1953 1954//1954
f 1905//1905 1954//1954 1906//1906
f 1906//1906 1954//1954 1955//1955
f 1906//1906 1955//1955 1907//1907
f 1907//1907 1955//1955 1956//1956
f 1907//1907 1956//1956 1908//1908
f 1908//1908 1956//1956 1957//1957
f 1908//1908 1957//1957 1909//1909
f 1909//1909 1957//1957 1958//1958
f 1909//1909 1958//1958 1910//1910
f 1910//1910 1958//1958 1959//1959
f 1910//1910 1959//1959 1911//1911
f 1911//1911 1959//1959 1960//1960
f 1911//1911 1960//1960 1912//1912
f 1912//1912 1960//1960 1961//1961
f 1912//1912 1961//1961 1913//1913
f 1913//1913 1961//1961 1962//1962
f 1913//1913 1962//1962 1914//1914
f 1914//1914 1962//1962 1963//1963
f 1914//1914 1963//1963 1915//1915
f 1915//1915 1963//1963 1964//1964
f 1915//1915 1964//1964 1916//1916
f 1916//1916 1964//1964 1965//1965
f 1916//1916 1965//1965 1917//1917
f 1917//1917 1965//1965 1966//1966
f 1917//1917 1966//1966 1918//1918
f 1918//1918 1966//1966 1967//1967
f 1918//1918 1967//1967 1919//1919
f 1919//1919 1967//1967 1968//1968
f 1919//1919 1968//1968 1920//1920
f 1920//1920 1968//1968 1921//1921
f 1920//1920 1921//1921 1873//1873
usemtl bin_48
f 1921//1921 1969//1969 1970//1970
f 1921//1921 1970//1970 1922//1922
f 1922//1922 1970//1970 1971//1971
f 1922//1922 1971//1971 1923//1923
f 1923//1923 1971//1971 1972//1972
f 1923//1923 1972//1972 1924//1924
f 1924//1924 1972//1972 1973//1973
f 1924//1924 1973//1973 1925//1925
f 1925//1925 1973//1973 1974//1974
f 1925//1925 1974//1974 1926//1926
f 1926//1926 1974//1974 1975//1975
f 1926//1926 1975//1975 1927//1927
f 1927//1927 1975//1975 1976//1976
f 1927//1927 1976//1976 1928//1928
f 1928//1928 1976//1976 1977//1977
f 1928//1928 1977//1977 1929//1929
f 1929//1929 1977//1977 1978//1978
f 1929//1929 1978//1978 1930//1930
f 1930//1930 1978//1978 1979//1979
f 1930//1930 1979//1979 1931//1931
f 1931//1931 1979//1979 1980//1980
f 1931//1931 1980//1980 1932//1932
f 1932//1932 1980//1980 1981//1981
f 1932//1932 1981//1981 1933//1933
f 1933//1933 1981//1981 1982//1982
f 1933//1933 1982//1982 1934//1934
f 1934//1934 1982//1982 1983//1983
f 1934//1934 1983//1983 1935//1935
f 1935//1935 1983//1983 1984//1984
f 1935//1935 1984//1984 1936//1936
f 1936//1936 1984//1984 1985//1985
f 1936//1936 1985//1985 1937//1937
f 1937//1937 1985//1985 1986//1986
f 1937//1937 1986//1986 1938//1938
f 1938//1938 1986//1986 1987//1987
f 1938//1938 1987//1987 1939//1939
f 1939//1939 1987//1987 1988//1988
f 1939//1939 1988//1988 1940//1940
f 1940//1940 1988//1988 1989//1989
f 1940//1940 1989//1989 1941//1941
f 1941//1941 1989//1989 1990//1990
f 1941//1941 1990//1990 1942//1942
f 1942//1942 1990//1990 1991//1991
f 1942//1942 1991//1991 1943//1943
f 1943//1943 1991//1991 1992//1992
f 1943//1943 1992//1992 1944//1944
f 1944//1944 1992//1992 1993//1993
f 1944//1944 1993//1993 1945//1945
f 1945//1945 1993//1993 1994//1994
f 1945//1945 1994//1994 1946//1946
f 1946//1946 1994//1994 1995//1995
f 1946//1946 1995//1995 1947//1947
f 1947//1947 1995//1995 1996//1996
f 1947//1947 1996//1996 1948//1948
f 1948//1948 1996//1996 1997//1997
f 1948//1948 1997//1997 1949//1949
f 1949//1949 1997//1997 1998//1998
f 1949//1949 1998//1998 1950//1950
f 1950//1950 1998//1998 1999//1999
f 1950//1950 1999//1999 1951//1951
f 1951//1951 1999//1999 2000//2000
f 1951//1951 2000//2000 1952//1952
f 1952//1952 2000//2000 2001//2001
f 1952//1952 2001//2001 1953//1953
f 1953//1953 2001//2001 2002//2002
f 1953//1953 2002//2002 1954//1954
f 1954//1954 2002//2002 2003//2003
f 1954//1954 2003//2003 1955//1955
f 1955//1955 2003//2003 2004//2004
f 1955//1955 2004//2004 1956//1956
f 1956//1956 2004//2004 2005//2005
f 1956//1956 2005//2005 1957//1957
f 1957//1957 2005//2005 2006//2006
f 1957//1957 2006//2006 1958//1958
f 1958//1958 2006//2006 2007//2007
f 1958//1958 2007//2007 1959//1959
f 1959//1959 2007//2007 2008//2008
f 1959//1959 2008//2008 1960//1960
f 1960//1960 2008//2008 2009//2009
f 1960//1960 2009//2009 1961//1961
f 1961//1961 2009//2009 2010//2010
f 1961//1961 2010//2010 1962//1962
f 1962//1962 2010//2010 2011//2011
f 1962//1962 2011//2011 1963//1963
f 1963//1963 2011//2011 2012//2012
f 1963//1963 2012//2012 1964//1964
f 1964//1964 2012//2012 2013//2013
f 1964//1964 2013//2013 1965//1965
f 1965//1965 2013//2013 2014//2014
f 1965//1965 2014//2014 1966//1966
f 1966//1966 2014//2014 2015//2015
f 1966//1966 2015//2015 1967//1967
f 1967//1967 2015//2015 2016//2016
f 1967//1967 2016//2016 1968//1968
f 1968//1968 2016//2016 1969//1969
f 1968//1968 1969//1969 1921//1921
f 1969//1969 2017//2017 2018//2018
f 1969//1969 2018//2018 1970//1970
f 1970//1970 2018//2018 2019//2019
f 1970//1970 2019//2019 1971//1971
f 1971//1971 2019//2019 2020//2020
f 1971//1971 2020//2020 1972//1972
f 1972//1972 2020//2020 2021//2021
f 1972//1972 2021//2021 1973//1973
f 1973//1973 2021//2021 2022//2022
f 1973//1973 2022//2022 1974//1974
f 1974//1974 2022//2022 2023//2023
f 1974//1974 2023//2023 1975//1975
f 1975//1975 2023//2023 2024//2024
f 1975//1975 2024//2024 1976//1976
f 1976//1976 2024//2024 2025//2025
f 1976//1976 2025//2025 1977//1977
f 1977//1977 2025//2025 2026//2026
f 1977//1977 2026//2026 1978//1978
f 1978//1978 2026//2026 2027//2027
f 1978//1978 2027//2027 1979//1979
f 1979//1979 2027//2027 2028//2028
f 1979//1979 2028//2028 1980//1980
f 1980//1980 2028//2028 2029//2029
f 1980//1980 2029//2029 1981//1981
f 1981//1981 2029//2029 2030//2030
f 1981//1981 2030//2030 1982//1982
f 1982//1982 2030//2030 2031//2031
f 1982//1982 2031//2031 1983//1983
f 1983//1983 2031//2031 2032//2032
f 1983//1983 2032//2032 1984//1984
f 1984//1984 2032//2032 2033//2033
f 1984//1984 2033//2033 1985//1985
f 1985//1985 2033//2033 2034//2034
f 1985//1985 2034//2034 1986//1986
f 1986//1986 2034//2034 2035//2035
f 1986//1986 2035//2035 1987//1987
f 1987//1987 2035//2035 2036//2036
f 1987//1987 2036//2036 1988//1988
f 1988//1988 2036//2036 2037//2037
f 1988//1988 2037//2037 1989//1989
f 1989//1989 2037//2037 2038//2038
f 1989//1989 2038//2038 1990//1990
f 1990//1990 2038//2038 2039//2039
f 1990//1990 2039//2039 1991//1991
f 1991//1991 2039//2039 2040//2040
f 1991//1991 2040//2040 1992//1992
f 1992//1992 2040//2040 2041//2041
f 1992//1992 2041//2041 1993//1993
f 1993//1993 2041//2041 2042//2042
f 1993//1993 2042//2042 1994//1994
f 1994//1994 2042//2042 2043//2043
f 1994//1994 2043//2043 1995//1995
f 1995//1995 2043//2043 2044//2044
f 1995//1995 2044//2044 1996//1996
f 1996//1996 2044//2044 2045//2045
f 1996//1996 2045//2045 1997//1997
f 1997//1997 2045//2045 2046//2046
f 1997//1997 2046//2046 1998//1998
f 1998//1998 2046//2046 2047//2047
f 1998//1998 2047//2047 1999//1999
f 1999//1999 2047//2047 2048//2048
f 1999//1999 2048//2048 2000//2000
f 2000//2000 2048//2048 2049//2049
f 2000//2000 2049//2049 2001//2001
f 2001//2001 2049//2049 2050//2050
f 2001//2001 2050//2050 2002//2002
f 2002//2002 2050//2050 2051//2051
f 2002//2002 2051//2051 2003//2003
f 2003//2003 2051//2051 2052//2052
f 2003//2003 2052//2052 2004//2004
f 2004//2004 2052//2052 2053//2053
f 2004//2004 2053//2053 2005//2005
f 2005//2005 2053//2053 2054//2054
f 2005//2005 2054//2054 2006//2006
f 2006//2006 2054//2054 2055//2055
f 2006//2006 2055//2055 2007//2007
f 2007//2007 2055//2055 2056//2056
f 2007//2007 2056//2056 2008//2008
f 2008//2008 2056//2056 2057//2057
f 2008//2008 2057//2057 2009//2009
f 2009//2009 2057//2057 2058//2058
f 2009//2009 2058//2058 2010//2010
f 2010//2010 2058//2058 2059//2059
f 2010//2010 2059//2059 2011//2011
f 2011//2011 2059//2059 2060//2060
f 2011//2011 2060//2060 2012//2012
f 2012//2012 2060//2060 2061//2061
f 2012//2012 2061//2061 2013//2013
f 2013//2013 2061//2061 2062//2062
f 2013//2013 2062//2062 2014//2014
f 2014//2014 2062//2062 2063//2063
f 2014//2014 2063//2063 2015//2015
f 2015//2015 2063//2063 2064//2064
f 2015//2015 2064//2064 2016//2016
f 2016//2016 2064//2064 2017//2017
f 2016//2016 2017//2017 1969//1969
usemtl bin_47
f 2017//2017 2065//2065 2066//2066
f 2017//2017 2066//2066 2018//2018
f 2018//2018 2066//2066 2067//2067
f 2018//2018 2067//2067 2019//2019
f 2019//2019 2067//2067 2068//2068
f 2019//2019 2068//2068 2020//2020
f 2020//2020 2068//2068 2069//2069
f 2020//2020 2069//2069 2021//2021
f 2021//2021 2069//2069 2070//2070
f 2021//2021 2070//2070 2022//2022
f 2022//2022 2070//2070 2071//2071
f 2022//2022 2071//2071 2023//2023
f 2023//2023 2071//2071 2072//2072
f 2023//2023 2072//2072 2024//2024
f 2024//2024 2072//2072 2073//2073
f 2024//2024 2073//2073 2025//2025
f 2025//2025 2073//2073 2074//2074
f 2025//2025 2074//2074 2026//2026
f 2026//2026 2074//2074 2075//2075
f 2026//2026 2075//2075 2027//2027
f 2027//2027 2075//2075 2076//2076
f 2027//2027 2076//2076 2028//2028
f 2028//2028 2076//2076 2077//2077
f 2028//2028 2077//2077 2029//2029
f 2029//2029 2077//2077 2078//2078
f 2029//2029 2078//2078 2030//2030
f 2030//2030 2078//2078 2079//2079
f 2030//2030 2079//2079 2031//2031
f 2031//2031 2079//2079 2080//2080
f 2031//2031 2080//2080 2032//2032
f 2032//2032 2080//2080 2081//2081
f 2032//2032 2081//2081 2033//2033
f 2033//2033 2081//2081 2082//2082
f 2033//2033 2082//2082 2034//2034
f 2034//2034 2082//2082 2083//2083
f 2034//2034 2083//2083 2035//2035
f 2035//2035 2083//2083 2084//2084
f 2035//2035 2084//2084 2036//2036
f 2036//2036 2084//2084 2085//2085
f 2036//2036 2085//2085 2037//2037
f 2037//2037 2085//2085 2086//2086
f 2037//2037 2086//2086 2038//2038
f 2038//2038 2086//2086 2087//2087
f 2038//2038 2087//2087 2039//2039
f 2039//2039 2087//2087 2088//2088
f 2039//2039 2088//2088 2040//2040
f 2040//2040 2088//2088 2089//2089
f 2040//2040 2089//2089 2041//2041
f 2041//2041 2089//2089 2090//2090
f 2041//2041 2090//2090 2042//2042
f 2042//2042 2090//2090 2091//2091
f 2042//2042 2091//2091 2043//2043
f 2043//2043 2091//2091 2092//2092
f 2043//2043 2092//2092 2044//2044
f 2044//2044 2092//2092 2093//2093
f 2044//2044 2093//2093 2045//2045
f 2045//2045 2093//2093 2094//2094
f 2045//2045 2094//2094 2046//2046
f 2046//2046 2094//2094 2095//2095
f 2046//2046 2095//2095 2047//2047
f 2047//2047 2095//2095 2096//2096
f 2047//2047 2096//2096 2048//2048
f 2048//2048 2096//2096 2097//2097
f 2048//2048 2097//2097 2049//2049
f 2049//2049 2097//2097 2098//2098
f 2049//2049 2098//2098 2050//2050
f 2050//2050 2098//2098 2099//2099
f 2050//2050 2099//2099 2051//2051
f 2051//2051 2099//2099 2100//2100
f 2051//2051 2100//2100 2052//2052
f 2052//2052 2100//2100 2101//2101
f 2052//2052 2101//2101 2053//2053
f 2053//2053 2101//2101 2102//2102
f 2053//2053 2102//2102 2054//2054
f 2054//2054 2102//2102 2103//2103
f 2054//2054 2103//2103 2055//2055
f 2055//2055 2103//2103 2104//2104
f 2055//2055 2104//2104 2056//2056
f 2056//2056 2104//2104 2105//2105
f 2056//2056 2105//2105 2057//2057
f 2057//2057 2105//2105 2106//2106
f 2057//2057 2106//2106 2058//2058
f 2058//2058 2106//2106 2107//2107
f 2058//2058 2107//2107 2059//2059
f 2059//2059 2107//2107 2108//2108
f 2059//2059 2108//2108 2060//2060
f 2060//2060 2108//2108 2109//2109
f 2060//2060 2109//2109 2061//2061
f 2061//2061 2109//2109 2110//2110
f 2061//2061 2110//2110 2062//2062
f 2062//2062 2110//2110 2111//2111
f 2062//2062 2111//2111 2063//2063
f 2063//2063 2111//2111 2112//2112
f 2063//2063 2112//2112 2064//2064
f 2064//2064 2112//2112 2065//2065
f 2064//2064 2065//2065 2017//2017
usemtl bin_46
f 2065//2065 2113//2113 2114//2114
f 2065//2065 2114//2114 2066//2066
f 2066//2066 2114//2114 2115//2115
f 2066//2066 2115//2115 2067//2067
f 2067//2067 2115//2115 2116//2116
f 2067//2067 2116//2116 2068//2068
f 2068//2068 2116//2116 2117//2117
f 2068//2068 2117//2117 2069//2069
f 2069//2069 2117//2117 2118//2118
f 2069//2069 2118//2118 2070//2070
f 2070//2070 2118//2118 2119//2119
f 2070//2070 2119//2119 2071//2071
f 2071//2071 2119//2119 2120//2120
f 2071//2071 2120//2120 2072//2072
f 2072//2072 2120//2120 2121//2121
f 2072//2072 2121//2121 2073//2073
f 2073//2073 2121//2121 2122//2122
f 2073//2073 2122//2122 2074//2074
f 2074//2074 2122//2122 2123//2123
f 2074//2074 2123//2123 2075//2075
f 2075//2075 2123//2123 2124//2124
f 2075//2075 2124//2124 2076//2076
f 2076//2076 2124//2124 2125//2125
f 2076//2076 2125//2125 2077//2077
f 2077//2077 2125//2125 2126//2126
f 2077//2077 2126//2126 2078//2078
f 2078//2078 2126//2126 2127//2127
f 2078//2078 2127//2127 2079//2079
f 2079//2079 2127//2127 2128//2128
f 2079//2079 2128//2128 2080//2080
f 2080//2080 2128//2128 2129//2129
f 2080//2080 2129//2129 2081//2081
f 2081//2081 2129//2129 2130//2130
f 2081//2081 2130//2130 2082//2082
f 2082//2082 2130//2130 2131//2131
f 2082//2082 2131//2131 2083//2083
f 2083//2083 2131//2131 2132//2132
f 2083//2083 2132//2132 2084//2084
f 2084//2084 2132//2132 2133//2133
f 2084//2084 2133//2133 2085//2085
f 2085//2085 2133//2133 2134//2134
f 2085//2085 2134//2134 2086//2086
f 2086//2086 2134//2134 2135//2135
f 2086//2086 2135//2135 2087//2087
f 2087//2087 2135//2135 2136//2136
f 2087//2087 2136//2136 2088//2088
f 2088//2088 2136//2136 2137//2137
f 2088//2088 2137//2137 2089//2089
f 2089//2089 2137//2137 2138//2138
f 2089//2089 2138//2138 2090//2090
f 2090//2090 2138//2138 2139//2139
f 2090//2090 2139//2139 2091//2091
f 2091//2091 2139//2139 2140//2140
f 2091//2091 2140//2140 2092//2092
f 2092//2092 2140//2140 2141//2141
f 2092//2092 2141//2141 2093//2093
f 2093//2093 2141//2141 2142//2142
f 2093//2093 2142//2142 2094//2094
f 2094//2094 2142//2142 2143//2143
f 2094//2094 2143//2143 2095//2095
f 2095//2095 2143//2143 2144//2144
f 2095//2095 2144//2144 2096//2096
f 2096//2096 2144//2144 2145//2145
f 2096//2096 2145//2145 2097//2097
f 2097//2097 2145//2145 2146//2146
f 2097//2097 2146//2146 2098//2098
f 2098//2098 2146//2146 2147//2147
f 2098//2098 2147//2147 2099//2099
f 2099//2099 2147//2147 2148//2148
f 2099//2099 2148//2148 2100//2100
f 2100//2100 2148//2148 2149//2149
f 2100//2100 2149//2149 2101//2101
f 2101//2101 2149//2149 2150//2150
f 2101//2101 2150//2150 2102//2102
f 2102//2102 2150//2150 2151//2151
f 2102//2102 2151//2151 2103//2103
f 2103//2103 2151//2151 2152//2152
f 2103//2103 2152//2152 2104//2104
f 2104//2104 2152//2152 2153//2153
f 2104//2104 2153//2153 2105//2105
f 2105//2105 2153//2153 2154//2154
f 2105//2105 2154//2154 2106//2106
f 2106//2106 2154//2154 2155//2155
f 2106//2106 2155//2155 2107//2107
f 2107//2107 2155//2155 2156//2156
f 2107//2107 2156//2156 2108//2108
f 2108//2108 2156//2156 2157//2157
f 2108//2108 2157//2157 2109//2109
f 2109//2109 2157//2157 2158//2158
f 2109//2109 2158//2158 2110//2110
f 2110//2110 2158//2158 2159//2159
f 2110//2110 2159//2159 2111//2111
f 2111//2111 2159//2159 2160//2160
f 2111//2111 2160//2160 2112//2112
f 2112//2112 2160//2160 2113//2113
f 2112//2112 2113//2113 2065//2065
f 2113//2113 2161//2161 2162//2162
f 2113//2113 2162//2162 2114//2114
f 2114//2114 2162//2162 2163//2163
f 2114//2114 2163//2163 2115//2115
f 2115//2115 2163//2163 2164//2164
f 2115//2115 2164//2164 2116//2116
f 2116//2116 2164//2164 2165//2165
f 2116//2116 2165//2165 2117//2117
f 2117//2117 2165//2165 2166//2166
f 2117//2117 2166//2166 2118//2118
f 2118//2118 2166//2166 2167//2167
f 2118//2118 2167//2167 2119//2119
f 2119//2119 2167//2167 2168//2168
f 2119//2119 2168//2168 2120//2120
f 2120//2120 2168//2168 2169//2169
f 2120//2120 2169//2169 2121//2121
f 2121//2121 2169//2169 2170//2170
f 2121//2121 2170//2170 2122//2122
f 2122//2122 2170//2170 2171//2171
f 2122//2122 2171//2171 2123//2123
f 2123//2123 2171//2171 2172//2172
f 2123//2123 2172//2172 2124//2124
f 2124//2124 2172//2172 2173//2173
f 2124//2124 2173//2173 2125//2125
f 2125//2125 2173//2173 2174//2174
f 2125//2125 2174//2174 2126//2126
f 2126//2126 2174//2174 2175//2175
f 2126//2126 2175//2175 2127//2127
f 2127//2127 2175//2175 2176//2176
f 2127//2127 2176//2176 2128//2128
f 2128//2128 2176//2176 2177//2177
f 2128//2128 2177//2177 2129//2129
f 2129//2129 2177//2177 2178//2178
f 2129//2129 2178//2178 2130//2130
f 2130//2130 2178//2178 2179//2179
f 2130//2130 2179//2179 2131//2131
f 2131//2131 2179//2179 2180//2180
f 2131//2131 2180//2180 2132//2132
f 2132//2132 2180//2180 2181//2181
f 2132//2132 2181//2181 2133//2133
f 2133//2133 2181//2181 2182//2182
f 2133//2133 2182//2182 2134//2134
f 2134//2134 2182//2182 2183//2183
f 2134//2134 2183//2183 2135//2135
f 2135//2135 2183//2183 2184//2184
f 2135//2135 2184//2184 2136//2136
f 2136//2136 2184//2184 2185//2185
f 2136//2136 2185//2185 2137//2137
f 2137//2137 2185//2185 2186//2186
f 2137//2137 2186//2186 2138//2138
f 2138//2138 2186//2186 2187//2187
f 2138//2138 2187//2187 2139//2139
f 2139//2139 2187//2187 2188//2188
f 2139//2139 2188//2188 2140//2140
f 2140//2140 2188//2188 2189//2189
f 2140//2140 2189//2189 2141//2141
f 2141//2141 2189//2189 2190//2190
f 2141//2141 2190//2190 2142//2142
f 2142//2142 2190//2190 2191//2191
f 2142//2142 2191//2191 2143//2143
f 2143//2143 2191//2191 2192//2192
f 2143//2143 2192//2192 2144//2144
f 2144//2144 2192//2192 2193//2193
f 2144//2144 2193//2193 2145//2145
f 2145//2145 2193//2193 2194//2194
f 2145//2145 2194//2194 2146//2146
f 2146//2146 2194//2194 2195//2195
f 2146//2146 2195//2195 2147//2147
f 2147//2147 2195//2195 2196//2196
f 2147//2147 2196//2196 2148//2148
f 2148//2148 2196//2196 2197//2197
f 2148//2148 2197//2197 2149//2149
f 2149//2149 2197//2197 2198//2198
f 2149//2149 2198//2198 2150//2150
f 2150//2150 2198//2198 2199//2199
f 2150//2150 2199//2199 2151//2151
f 2151//2151 2199//2199 2200//2200
f 2151//2151 2200//2200 2152//2152
f 2152//2152 2200//2200 2201//2201
f 2152//2152 2201//2201 2153//2153
f 2153//2153 2201//2201 2202//2202
f 2153//2153 2202//2202 2154//2154
f 2154//2154 2202//2202 2203//2203
f 2154//2154 2203//2203 2155//2155
f 2155//2155 2203//2203 2204//2204
f 2155//2155 2204//2204 2156//2156
f 2156//2156 2204//2204 2205//2205
f 2156//2156 2205//2205 2157//2157
f 2157//2157 2205//2205 2206//2206
f 2157//2157 2206//2206 2158//2158
f 2158//2158 2206//2206 2207//2207
f 2158//2158 2207//2207 2159//2159
f 2159//2159 2207//2207 2208//2208
f 2159//2159 2208//2208 2160//2160
f 2160//2160 2208//2208 2161//2161
f 2160//2160 2161//2161 2113//2113
usemtl bin_44
f 2161//2161 2209//2209 2210//2210
f 2161//2161 2210//2210 2162//2162
f 2162//2162 2210//2210 2211//2211
f 2162//2162 2211//2211 2163//2163
f 2163//2163 2211//2211 2212//2212
f 2163//2163 2212//2212 2164//2164
f 2164//2164 2212//2212 2213//2213
f 2164//2164 2213//2213 2165//2165
f 2165//2165 2213//2213 2214//2214
f 2165//2165 2214//2214 2166//2166
f 2166//2166 2214//2214 2215//2215
f 2166//2166 2215//2215 2167//2167
f 2167//2167 2215//2215 2216//2216
f 2167//2167 2216//2216 2168//2168
f 2168//2168 2216//2216 2217//2217
f 2168//2168 2217//2217 2169//2169
f 2169//2169 2217//2217 2218//2218
f 2169//2169 2218//2218 2170//2170
f 2170//2170 2218//2218 2219//2219
f 2170//2170 2219//2219 2171//2171
f 2171//2171 2219//2219 2220//2220
f 2171//2171 2220//2220 2172//2172
f 2172//2172 2220//2220 2221//2221
f 2172//2172 2221//2221 2173//2173
f 2173//2173 2221//2221 2222//2222
f 2173//2173 2222//2222 2174//2174
f 2174//2174 2222//2222 2223//2223
f 2174//2174 2223//2223 2175//2175
f 2175//2175 2223//2223 2224//2224
f 2175//2175 2224//2224 2176//2176
f 2176//2176 2224//2224 2225//2225
f 2176//2176 2225//2225 2177//2177
f 2177//2177 2225//2225 2226//2226
f 2177//2177 2226//2226 2178//2178
f 2178//2178 2226//2226 2227//2227
f 2178//2178 2227//2227 2179//2179
f 2179//2179 2227//2227 2228//2228
f 2179//2179 2228//2228 2180//2180
f 2180//2180 2228//2228 2229//2229
f 2180//2180 2229//2229 2181//2181
f 2181//2181 2229//2229 2230//2230
f 2181//2181 2230//2230 2182//2182
f 2182//2182 2230//2230 2231//2231
f 2182//2182 2231//2231 2183//2183
f 2183//2183 2231//2231 2232//2232
f 2183//2183 2232//2232 2184//2184
f 2184//2184 2232//2232 2233//2233
f 2184//2184 2233//2233 2185//2185
f 2185//2185 2233//2233 2234//2234
f 2185//2185 2234//2234 2186//2186
f 2186//2186 2234//2234 2235//2235
f 2186//2186 2235//2235 2187//2187
f 2187//2187 2235//2235 2236//2236
f 2187//2187 2236//2236 2188//2188
f 2188//2188 2236//2236 2237//2237
f 2188//2188 2237//2237 2189//2189
f 2189//2189 2237//2237 2238//2238
f 2189//2189 2238//2238 2190//2190
f 2190//2190 2238//2238 2239//2239
f 2190//2190 2239//2239 2191//2191
f 2191//2191 2239//2239 2240//2240
f 2191//2191 2240//2240 2192//2192
f 2192//2192 2240//2240 2241//2241
f 2192//2192 2241//2241 2193//2193
f 2193//2193 2241//2241 2242//2242
f 2193//2193 2242//2242 2194//2194
f 2194//2194 2242//2242 2243//2243
f 2194//2194 2243//2243 2195//2195
f 2195//2195 2243//2243 2244//2244
f 2195//2195 2244//2244 2196//2196
f 2196//2196 2244//2244 2245//2245
f 2196//2196 2245//2245 2197//2197
f 2197//2197 2245//2245 2246//2246
f 2197//2197 2246//2246 2198//2198
f 2198//2198 2246//2246 2247//2247
f 2198//2198 2247//2247 2199//2199
f 2199//2199 2247//2247 2248//2248
f 2199//2199 2248//2248 2200//2200
f 2200//2200 2248//2248 2249//2249
f 2200//2200 2249//2249 2201//2201
f 2201//2201 2249//2249 2250//2250
f 2201//2201 2250//2250 2202//2202
f 2202//2202 2250//2250 2251//2251
f 2202//2202 2251//2251 2203//2203
f 2203//2203 2251//2251 2252//2252
f 2203//2203 2252//2252 2204//2204
f 2204//2204 2252//2252 2253//2253
f 2204//2204 2253//2253 2205//2205
f 2205//2205 2253//2253 2254//2254
f 2205//2205 2254//2254 2206//2206
f 2206//2206 2254//2254 2255//2255
f 2206//2206 2255//2255 2207//2207
f 2207//2207 2255//2255 2256//2256
f 2207//2207 2256//2256 2208//2208
f 2208//2208 2256//2256 2209//2209
f 2208//2208 2209//2209 2161//2161
f 2209//2209 2257//2257 2258//2258
f 2209//2209 2258//2258 2210//2210
f 2210//2210 2258//2258 2259//2259
f 2210//2210 2259//2259 2211//2211
f 2211//2211 2259//2259 2260//2260
f 2211//2211 2260//2260 2212//2212
f 2212//2212 2260//2260 2261//2261
f 2212//2212 2261//2261 2213//2213
f 2213//2213 2261//2261 2262//2262
f 2213//2213 2262//2262 2214//2214
f 2214//2214 2262//2262 2263//2263
f 2214//2214 2263//2263 2215//2215
f 2215//2215 2263//2263 2264//2264
f 2215//2215 2264//2264 2216//2216
f 2216//2216 2264//2264 2265//2265
f 2216//2216 2265//2265 2217//2217
f 2217//2217 2265//2265 2266//2266
f 2217//2217 2266//2266 2218//2218
f 2218//2218 2266//2266 2267//2267
f 2218//2218 2267//2267 2219//2219
f 2219//2219 2267//2267 2268//2268
f 2219//2219 2268//2268 2220//2220
f 2220//2220 2268//2268 2269//2269
f 2220//2220 2269//2269 2221//2221
f 2221//2221 2269//2269 2270//2270
f 2221//2221 2270//2270 2222//2222
f 2222//2222 2270//2270 2271//2271
f 2222//2222 2271//2271 2223//2223
f 2223//2223 2271//2271 2272//2272
f 2223//2223 2272//2272 2224//2224
f 2224//2224 2272//2272 2273//2273
f 2224//2224 2273//2273 2225//2225
f 2225//2225 2273//2273 2274//2274
f 2225//2225 2274//2274 2226//2226
f 2226//2226 2274//2274 2275//2275
f 2226//2226 2275//2275 2227//2227
f 2227//2227 2275//2275 2276//2276
f 2227//2227 2276//2276 2228//2228
f 2228//2228 2276//2276 2277//2277
f 2228//2228 2277//2277 2229//2229
f 2229//2229 2277//2277 2278//2278
f 2229//2229 2278//2278 2230//2230
f 2230//2230 2278//2278 2279//2279
f 2230//2230 2279//2279 2231//2231
f 2231//2231 2279//2279 2280//2280
f 2231//2231 2280//2280 2232//2232
f 2232//2232 2280//2280 2281//2281
f 2232//2232 2281//2281 2233//2233
f 2233//2233 2281//2281 2282//2282
f 2233//2233 2282//2282 2234//2234
f 2234//2234 2282//2282 2283//2283
f 2234//2234 2283//2283 2235//2235
f 2235//2235 2283//2283 2284//2284
f 2235//2235 2284//2284 2236//2236
f 2236//2236 2284//2284 2285//2285
f 2236//2236 2285//2285 2237//2237
f 2237//2237 2285//2285 2286//2286
f 2237//2237 2286//2286 2238//2238
f 2238//2238 2286//2286 2287//2287
f 2238//2238 2287//2287 2239//2239
f 2239//2239 2287//2287 2288//2288
f 2239//2239 2288//2288 2240//2240
f 2240//2240 2288//2288 2289//2289
f 2240//2240 2289//2289 2241//2241
f 2241//2241 2289//2289 2290//2290
f 2241//2241 2290//2290 2242//2242
f 2242//2242 2290//2290 2291//2291
f 2242//2242 2291//2291 2243//2243
f 2243//2243 2291//2291 2292//2292
f 2243//2243 2292//2292 2244//2244
f 2244//2244 2292//2292 2293//2293
f 2244//2244 2293//2293 2245//2245
f 2245//2245 2293//2293 2294//2294
f 2245//2245 2294//2294 2246//2246
f 2246//2246 2294//2294 2295//2295
f 2246//2246 2295//2295 2247//2247
f 2247//2247 2295//2295 2296//2296
f 2247//2247 2296//2296 2248//2248
f 2248//2248 2296//2296 2297//2297
f 2248//2248 2297//2297 2249//2249
f 2249//2249 2297//2297 2298//2298
f 2249//2249 2298//2298 2250//2250
f 2250//2250 2298//2298 2299//2299
f 2250//2250 2299//2299 2251//2251
f 2251//2251 2299//2299 2300//2300
f 2251//2251 2300//2300 2252//2252
f 2252//2252 2300//2300 2301//2301
f 2252//2252 2301//2301 2253//2253
f 2253//2253 2301//2301 2302//2302
f 2253//2253 2302//2302 2254//2254
f 2254//2254 2302//2302 2303//2303
f 2254//2254 2303//2303 2255//2255
f 2255//2255 2303//2303 2304//2304
f 2255//2255 2304//2304 2256//2256
f 2256//2256 2304//2304 2257//2257
f 2256//2256 2257//2257 2209//2209
f 2257//2257 2305//2305 2306//2306
f 2257//2257 2306//2306 2258//2258
f 2258//2258 2306//2306 2307//2307
f 2258//2258 2307//2307 2259//2259
f 2259//2259 2307//2307 2308//2308
f 2259//2259 2308//2308 2260//2260
f 2260//2260 2308//2308 2309//2309
f 2260//2260 2309//2309 2261//2261
f 2261//2261 2309//2309 2310//2310
f 2261//2261 2310//2310 2262//2262
f 2262//2262 2310//2310 2311//2311
f 2262//2262 2311//2311 2263//2263
f 2263//2263 2311//2311 2312//2312
f 2263//2263 2312//2312 2264//2264
f 2264//2264 2312//2312 2313//2313
f 2264//2264 2313//2313 2265//2265
f 2265//2265 2313//2313 2314//2314
f 2265//2265 2314//2314 2266//2266
f 2266//2266 2314//2314 2315//2315
f 2266//2266 2315//2315 2267//2267
f 2267//2267 2315//2315 2316//2316
f 2267//2267 2316//2316 2268//2268
f 2268//2268 2316//2316 2317//2317
f 2268//2268 2317//2317 2269//2269
f 2269//2269 2317//2317 2318//2318
f 2269//2269 2318//2318 2270//2270
f 2270//2270 2318//2318 2319//2319
f 2270//2270 2319//2319 2271//2271
f 2271//2271 2319//2319 2320//2320
f 2271//2271 2320//2320 2272//2272
f 2272//2272 2320//2320 2321//2321
f 2272//2272 2321//2321 2273//2273
f 2273//2273 2321//2321 2322//2322
f 2273//2273 2322//2322 2274//2274
f 2274//2274 2322//2322 2323//2323
f 2274//2274 2323//2323 2275//2275
f 2275//2275 2323//2323 2324//2324
f 2275//2275 2324//2324 2276//2276
f 2276//2276 2324//2324 2325//2325
f 2276//2276 2325//2325 2277//2277
f 2277//2277 2325//2325 2326//2326
f 2277//2277 2326//2326 2278//2278
f 2278//2278 2326//2326 2327//2327
f 2278//2278 2327//2327 2279//2279
f 2279//2279 2327//2327 2328//2328
f 2279//2279 2328//2328 2280//2280
f 2280//2280 2328//2328 2329//2329
f 2280//2280 2329//2329 2281//2281
f 2281//2281 2329//2329 2330//2330
f 2281//2281 2330//2330 2282//2282
f 2282//2282 2330//2330 2331//2331
f 2282//2282 2331//2331 2283//2283
f 2283//2283 2331//2331 2332//2332
f 2283//2283 2332//2332 2284//2284
f 2284//2284 2332//2332 2333//2333
f 2284//2284 2333//2333 2285//2285
f 2285//2285 2333//2333 2334//2334
f 2285//2285 2334//2334 2286//2286
f 2286//2286 2334//2334 2335//2335
f 2286//2286 2335//2335 2287//2287
f 2287//2287 2335//2335 2336//2336
f 2287//2287 2336//2336 2288//2288
f 2288//2288 2336//2336 2337//2337
f 2288//2288 2337//2337 2289//2289
f 2289//2289 2337//2337 2338//2338
f 2289//2289 2338//2338 2290//2290
f 2290//2290 2338//2338 2339//2339
f 2290//2290 2339//2339 2291//2291
f 2291//2291 2339//2339 2340//2340
f 2291//2291 2340//2340 2292//2292
f 2292//2292 2340//2340 2341//2341
f 2292//2292 2341//2341 2293//2293
f 2293//2293 2341//2341 2342//2342
f 2293//2293 2342//2342 2294//2294
f 2294//2294 2342//2342 2343//2343
f 2294//2294 2343//2343 2295//2295
f 2295//2295 2343//2343 2344//2344
f 2295//2295 2344//2344 2296//2296
f 2296//2296 2344//2344 2345//2345
f 2296//2296 2345//2345 2297//2297
f 2297//2297 2345//2345 2346//2346
f 2297//2297 2346//2346 2298//2298
f 2298//2298 2346//2346 2347//2347
f 2298//2298 2347//2347 2299//2299
f 2299//2299 2347//2347 2348//2348
f 2299//2299 2348//2348 2300//2300
f 2300//2300 2348//2348 2349//2349
f 2300//2300 2349//2349 2301//2301
f 2301//2301 2349//2349 2350//2350
f 2301//2301 2350//2350 2302//2302
f 2302//2302 2350//2350 2351//2351
f 2302//2302 2351//2351 2303//2303
f 2303//2303 2351//2351 2352//2352
f 2303//2303 2352//2352 2304//2304
f 2304//2304 2352//2352 2305//2305
f 2304//2304 2305//2305 2257//2257
usemtl bin_42
f 2305//2305 2353//2353 2354//2354
f 2305//2305 2354//2354 2306//2306
f 2306//2306 2354//2354 2355//2355
f 2306//2306 2355//2355 2307//2307
f 2307//2307 2355//2355 2356//2356
f 2307//2307 2356//2356 2308//2308
f 2308//2308 2356//2356 2357//2357
f 2308//2308 2357//2357 2309//2309
f 2309//2309 2357//2357 2358//2358
f 2309//2309 2358//2358 2310//2310
f 2310//2310 2358//2358 2359//2359
f 2310//2310 2359//2359 2311//2311
f 2311//2311 2359//2359 2360//2360
f 2311//2311 2360//2360 2312//2312
f 2312//2312 2360//2360 2361//2361
f 2312//2312 2361//2361 2313//2313
f 2313//2313 2361//2361 2362//2362
f 2313//2313 2362//2362 2314//2314
f 2314//2314 2362//2362 2363//2363
f 2314//2314 2363//2363 2315//2315
f 2315//2315 2363//2363 2364//2364
f 2315//2315 2364//2364 2316//2316
f 2316//2316 2364//2364 2365//2365
f 2316//2316 2365//2365 2317//2317
f 2317//2317 2365//2365 2366//2366
f 2317//2317 2366//2366 2318//2318
f 2318//2318 2366//2366 2367//2367
f 2318//2318 2367//2367 2319//2319
f 2319//2319 2367//2367 2368//2368
f 2319//2319 2368//2368 2320//2320
f 2320//2320 2368//2368 2369//2369
f 2320//2320 2369//2369 2321//2321
f 2321//2321 2369//2369 2370//2370
f 2321//2321 2370//2370 2322//2322
f 2322//2322 2370//2370 2371//2371
f 2322//2322 2371//2371 2323//2323
f 2323//2323 2371//2371 2372//2372
f 2323//2323 2372//2372 2324//2324
f 2324//2324 2372//2372 2373//2373
f 2324//2324 2373//2373 2325//2325
f 2325//2325 2373//2373 2374//2374
f 2325//2325 2374//2374 2326//2326
f 2326//2326 2374//2374 2375//2375
f 2326//2326 2375//2375 2327//2327
f 2327//2327 2375//2375 2376//2376
f 2327//2327 2376//2376 2328//2328
f 2328//2328 2376//2376 2377//2377
f 2328//2328 2377//2377 2329//2329
f 2329//2329 2377//2377 2378//2378
f 2329//2329 2378//2378 2330//2330
f 2330//2330 2378//2378 2379//2379
f 2330//2330 2379//2379 2331//2331
f 2331//2331 2379//2379 2380//2380
f 2331//2331 2380//2380 2332//2332
f 2332//2332 2380//2380 2381//2381
f 2332//2332 2381//2381 2333//2333
f 2333//2333 2381//2381 2382//2382
f 2333//2333 2382//2382 2334//2334
f 2334//2334 2382//2382 2383//2383
f 2334//2334 2383//2383 2335//2335
f 2335//2335 2383//2383 2384//2384
f 2335//2335 2384//2384 2336//2336
f 2336//2336 2384//2384 2385//2385
f 2336//2336 2385//2385 2337//2337
f 2337//2337 2385//2385 2386//2386
f 2337//2337 2386//2386 2338//2338
f 2338//2338 2386//2386 2387//2387
f 2338//2338 2387//2387 2339//2339
f 2339//2339 2387//2387 2388//2388
f 2339//2339 2388//2388 2340//2340
f 2340//2340 2388//2388 2389//2389
f 2340//2340 2389//2389 2341//2341
f 2341//2341 2389//2389 2390//2390
f 2341//2341 2390//2390 2342//2342
f 2342//2342 2390//2390 2391//2391
f 2342//2342 2391//2391 2343//2343
f 2343//2343 2391//2391 2392//2392
f 2343//2343 2392//2392 2344//2344
f 2344//2344 2392//2392 2393//2393
f 2344//2344 2393//2393 2345//2345
f 2345//2345 2393//2393 2394//2394
f 2345//2345 2394//2394 2346//2346
f 2346//2346 2394//2394 2395//2395
f 2346//2346 2395//2395 2347//2347
f 2347//2347 2395//2395 2396//2396
f 2347//2347 2396//2396 2348//2348
f 2348//2348 2396//2396 2397//2397
f 2348//2348 2397//2397 2349//2349
f 2349//2349 2397//2397 2398//2398
f 2349//2349 2398//2398 2350//2350
f 2350//2350 2398//2398 2399//2399
f 2350//2350 2399//2399 2351//2351
f 2351//2351 2399//2399 2400//2400
f 2351//2351 2400//2400 2352//2352
f 2352//2352 2400//2400 2353//2353
f 2352//2352 2353//2353 2305//2305
f 2353//2353 2401//2401 2402//2402
f 2353//2353 2402//2402 2354//2354
f 2354//2354 2402//2402 2403//2403
f 2354//2354 2403//2403 2355//2355
f 2355//2355 2403//2403 2404//2404
f 2355//2355 2404//2404 2356//2356
f 2356//2356 2404//2404 2405//2405
f 2356//2356 2405//2405 2357//2357
f 2357//2357 2405//2405 2406//2406
f 2357//2357 2406//2406 2358//2358
f 2358//2358 2406//2406 2407//2407
f 2358//2358 2407//2407 2359//2359
f 2359//2359 2407//2407 2408//2408
f 2359//2359 2408//2408 2360//2360
f 2360//2360 2408//2408 2409//2409
f 2360//2360 2409//2409 2361//2361
f 2361//2361 2409//2409 2410//2410
f 2361//2361 2410//2410 2362//2362
f 2362//2362 2410//2410 2411//2411
f 2362//2362 2411//2411 2363//2363
f 2363//2363 2411//2411 2412//2412
f 2363//2363 2412//2412 2364//2364
f 2364//2364 2412//2412 2413//2413
f 2364//2364 2413//2413 2365//2365
f 2365//2365 2413//2413 2414//2414
f 2365//2365 2414//2414 2366//2366
f 2366//2366 2414//2414 2415//2415
f 2366//2366 2415//2415 2367//2367
f 2367//2367 2415//2415 2416//2416
f 2367//2367 2416//2416 2368//2368
f 2368//2368 2416//2416 2417//2417
f 2368//2368 2417//2417 2369//2369
f 2369//2369 2417//2417 2418//2418
f 2369//2369 2418//2418 2370//2370
f 2370//2370 2418//2418 2419//2419
f 2370//2370 2419//2419 2371//2371
f 2371//2371 2419//2419 2420//2420
f 2371//2371 2420//2420 2372//2372
f 2372//2372 2420//2420 2421//2421
f 2372//2372 2421//2421 2373//2373
f 2373//2373 2421//2421 2422//2422
f 2373//2373 2422//2422 2374//2374
f 2374//2374 2422//2422 2423//2423
f 2374//2374 2423//2423 2375//2375
f 2375//2375 2423//2423 2424//2424
f 2375//2375 2424//2424 2376//2376
f 2376//2376 2424//2424 2425//2425
f 2376//2376 2425//2425 2377//2377
f 2377//2377 2425//2425 2426//2426
f 2377//2377 2426//2426 2378//2378
f 2378//2378 2426//2426 2427//2427
f 2378//2378 2427//2427 2379//2379
f 2379//2379 2427//2427 2428//2428
f 2379//2379 2428//2428 2380//2380
f 2380//2380 2428//2428 2429//2429
f 2380//2380 2429//2429 2381//2381
f 2381//2381 2429//2429 2430//2430
f 2381//2381 2430//2430 2382//2382
f 2382//2382 2430//2430 2431//2431
f 2382//2382 2431//2431 2383//2383
f 2383//2383 2431//2431 2432//2432
f 2383//2383 2432//2432 2384//2384
f 2384//2384 2432//2432 2433//2433
f 2384//2384 2433//2433 2385//2385
f 2385//2385 2433//2433 2434//2434
f 2385//2385 2434//2434 2386//2386
f 2386//2386 2434//2434 2435//2435
f 2386//2386 2435//2435 2387//2387
f 2387//2387 2435//2435 2436//2436
f 2387//2387 2436//2436 2388//2388
f 2388//2388 2436//2436 2437//2437
f 2388//2388 2437//2437 2389//2389
f 2389//2389 2437//2437 2438//2438
f 2389//2389 2438//2438 2390//2390
f 2390//2390 2438//2438 2439//2439
f 2390//2390 2439//2439 2391//2391
f 2391//2391 2439//2439 2440//2440
f 2391//2391 2440//2440 2392//2392
f 2392//2392 2440//2440 2441//2441
f 2392//2392 2441//2441 2393//2393
f 2393//2393 2441//2441 2442//2442
f 2393//2393 2442//2442 2394//2394
f 2394//2394 2442//2442 2443//2443
f 2394//2394 2443//2443 2395//2395
f 2395//2395 2443//2443 2444//2444
f 2395//2395 2444//2444 2396//2396
f 2396//2396 2444//2444 2445//2445
f 2396//2396 2445//2445 2397//2397
f 2397//2397 2445//2445 2446//2446
f 2397//2397 2446//2446 2398//2398
f 2398//2398 2446//2446 2447//2447
f 2398//2398 2447//2447 2399//2399
f 2399//2399 2447//2447 2448//2448
f 2399//2399 2448//2448 2400//2400
f 2400//2400 2448//2448 2401//2401
f 2400//2400 2401//2401 2353//2353
usemtl bin_40
f 2401//2401 2449//2449 2450//2450
f 2401//2401 2450//2450 2402//2402
f 2402//2402 2450//2450 2451//2451
f 2402//2402 2451//2451 2403//2403
f 2403//2403 2451//2451 2452//2452
f 2403//2403 2452//2452 2404//2404
f 2404//2404 2452//2452 2453//2453
f 2404//2404 2453//2453 2405//2405
f 2405//2405 2453//2453 2454//2454
f 2405//2405 2454//2454 2406//2406
f 2406//2406 2454//2454 2455//2455
f 2406//2406 2455//2455 2407//2407
f 2407//2407 2455//2455 2456//2456
f 2407//2407 2456//2456 2408//2408
f 2408//2408 2456//2456 2457//2457
f 2408//2408 2457//2457 2409//2409
f 2409//2409 2457//2457 2458//2458
f 2409//2409 2458//2458 2410//2410
f 2410//2410 2458//2458 2459//2459
f 2410//2410 2459//2459 2411//2411
f 2411//2411 2459//2459 2460//2460
f 2411//2411 2460//2460 2412//2412
f 2412//2412 2460//2460 2461//2461
f 2412//2412 2461//2461 2413//2413
f 2413//2413 2461//2461 2462//2462
f 2413//2413 2462//2462 2414//2414
f 2414//2414 2462//2462 2463//2463
f 2414//2414 2463//2463 2415//2415
f 2415//2415 2463//2463 2464//2464
f 2415//2415 2464//2464 2416//2416
f 2416//2416 2464//2464 2465//2465
f 2416//2416 2465//2465 2417//2417
f 2417//2417 2465//2465 2466//2466
f 2417//2417 2466//2466 2418//2418
f 2418//2418 2466//2466 2467//2467
f 2418//2418 2467//2467 2419//2419
f 2419//2419 2467//2467 2468//2468
f 2419//2419 2468//2468 2420//2420
f 2420//2420 2468//2468 2469//2469
f 2420//2420 2469//2469 2421//2421
f 2421//2421 2469//2469 2470//2470
f 2421//2421 2470//2470 2422//2422
f 2422//2422 2470//2470 2471//2471
f 2422//2422 2471//2471 2423//2423
f 2423//2423 2471//2471 2472//2472
f 2423//2423 2472//2472 2424//2424
f 2424//2424 2472//2472 2473//2473
f 2424//2424 2473//2473 2425//2425
f 2425//2425 2473//2473 2474//2474
f 2425//2425 2474//2474 2426//2426
f 2426//2426 2474//2474 2475//2475
f 2426//2426 2475//2475 2427//2427
f 2427//2427 2475//2475 2476//2476
f 2427//2427 2476//2476 2428//2428
f 2428//2428 2476//2476 2477//2477
f 2428//2428 2477//2477 2429//2429
f 2429//2429 2477//2477 2478//2478
f 2429//2429 2478//2478 2430//2430
f 2430//2430 2478//2478 2479//2479
f 2430//2430 2479//2479 2431//2431
f 2431//2431 2479//2479 2480//2480
f 2431//2431 2480//2480 2432//2432
f 2432//2432 2480//2480 2481//2481
f 2432//2432 2481//2481 2433//2433
f 2433//2433 2481//2481 2482//2482
f 2433//2433 2482//2482 2434//2434
f 2434//2434 2482//2482 2483//2483
f 2434//2434 2483//2483 2435//2435
f 2435//2435 2483//2483 2484//2484
f 2435//2435 2484//2484 2436//2436
f 2436//2436 2484//2484 2485//2485
f 2436//2436 2485//2485 2437//2437
f 2437//2437 2485//2485 2486//2486
f 2437//2437 2486//2486 2438//2438
f 2438//2438 2486//2486 2487//2487
f 2438//2438 2487//2487 2439//2439
f 2439//2439 2487//2487 2488//2488
f 2439//2439 2488//2488 2440//2440
f 2440//2440 2488//2488 2489//2489
f 2440//2440 2489//2489 2441//2441
f 2441//2441 2489//2489 2490//2490
f 2441//2441 2490//2490 2442//2442
f 2442//2442 2490//2490 2491//2491
f 2442//2442 2491//2491 2443//2443
f 2443//2443 2491//2491 2492//2492
f 2443//2443 2492//2492 2444//2444
f 2444//2444 2492//2492 2493//2493
f 2444//2444 2493//2493 2445//2445
f 2445//2445 2493//2493 2494//2494
f 2445//2445 2494//2494 2446//2446
f 2446//2446 2494//2494 2495//2495
f 2446//2446 2495//2495 2447//2447
f 2447//2447 2495//2495 2496//2496
f 2447//2447 2496//2496 2448//2448
f 2448//2448 2496//2496 2449//2449
f 2448//2448 2449//2449 2401//2401
f 2449//2449 2497//2497 2498//2498
f 2449//2449 2498//2498 2450//2450
f 2450//2450 2498//2498 2499//2499
f 2450//2450 2499//2499 2451//2451
f 2451//2451 2499//2499 2500//2500
f 2451//2451 2500//2500 2452//2452
f 2452//2452 2500//2500 2501//2501
f 2452//2452 2501//2501 2453//2453
f 2453//2453 2501//2501 2502//2502
f 2453//2453 2502//2502 2454//2454
f 2454//2454 2502//2502 2503//2503
f 2454//2454 2503//2503 2455//2455
f 2455//2455 2503//2503 2504//2504
f 2455//2455 2504//2504 2456//2456
f 2456//2456 2504//2504 2505//2505
f 2456//2456 2505//2505 2457//2457
f 2457//2457 2505//2505 2506//2506
f 2457//2457 2506//2506 2458//2458
f 2458//2458 2506//2506 2507//2507
f 2458//2458 2507//2507 2459//2459
f 2459//2459 2507//2507 2508//2508
f 2459//2459 2508//2508 2460//2460
f 2460//2460 2508//2508 2509//2509
f 2460//2460 2509//2509 2461//2461
f 2461//2461 2509//2509 2510//2510
f 2461//2461 2510//2510 2462//2462
f 2462//2462 2510//2510 2511//2511
f 2462//2462 2511//2511 2463//2463
f 2463//2463 2511//2511 2512//2512
f 2463//2463 2512//2512 2464//2464
f 2464//2464 2512//2512 2513//2513
f 2464//2464 2513//2513 2465//2465
f 2465//2465 2513//2513 2514//2514
f 2465//2465 2514//2514 2466//2466
f 2466//2466 2514//2514 2515//2515
f 2466//2466 2515//2515 2467//2467
f 2467//2467 2515//2515 2516//2516
f 2467//2467 2516//2516 2468//2468
f 2468//2468 2516//2516 2517//2517
f 2468//2468 2517//2517 2469//2469
f 2469//2469 2517//2517 2518//2518
f 2469//2469 2518//2518 2470//2470
f 2470//2470 2518//2518 2519//2519
f 2470//2470 2519//2519 2471//2471
f 2471//2471 2519//2519 2520//2520
f 2471//2471 2520//2520 2472//2472
f 2472//2472 2520//2520 2521//2521
f 2472//2472 2521//2521 2473//2473
f 2473//2473 2521//2521 2522//2522
f 2473//2473 2522//2522 2474//2474
f 2474//2474 2522//2522 2523//2523
f 2474//2474 2523//2523 2475//2475
f 2475//2475 2523//2523 2524//2524
f 2475//2475 2524//2524 2476//2476
f 2476//2476 2524//2524 2525//2525
f 2476//2476 2525//2525 2477//2477
f 2477//2477 2525//2525 2526//2526
f 2477//2477 2526//2526 2478//2478
f 2478//2478 2526//2526 2527//2527
f 2478//2478 2527//2527 2479//2479
f 2479//2479 2527//2527 2528//2528
f 2479//2479 2528//2528 2480//2480
f 2480//2480 2528//2528 2529//2529
f 2480//2480 2529//2529 2481//2481
f 2481//2481 2529//2529 2530//2530
f 2481//2481 2530//2530 2482//2482
f 2482//2482 2530//2530 2531//2531
f 2482//2482 2531//2531 2483//2483
f 2483//2483 2531//2531 2532//2532
f 2483//2483 2532//2532 2484//2484
f 2484//2484 2532//2532 2533//2533
f 2484//2484 2533//2533 2485//2485
f 2485//2485 2533//2533 2534//2534
f 2485//2485 2534//2534 2486//2486
f 2486//2486 2534//2534 2535//2535
f 2486//2486 2535//2535 2487//2487
f 2487//2487 2535//2535 2536//2536
f 2487//2487 2536//2536 2488//2488
f 2488//2488 2536//2536 2537//2537
f 2488//2488 2537//2537 2489//2489
f 2489//2489 2537//2537 2538//2538
f 2489//2489 2538//2538 2490//2490
f 2490//2490 2538//2538 2539//2539
f 2490//2490 2539//2539 2491//2491
f 2491//2491 2539//2539 2540//2540
f 2491//2491 2540//2540 2492//2492
f 2492//2492 2540//2540 2541//2541
f 2492//2492 2541//2541 2493//2493
f 2493//2493 2541//2541 2542//2542
f 2493//2493 2542//2542 2494//2494
f 2494//2494 2542//2542 2543//2543
f 2494//2494 2543//2543 2495//2495
f 2495//2495 2543//2543 2544//2544
f 2495//2495 2544//2544 2496//2496
f 2496//2496 2544//2544 2497//2497
f 2496//2496 2497//2497 2449//2449
f 2497//2497 2545//2545 2546//2546
f 2497//2497 2546//2546 2498//2498
f 2498//2498 2546//2546 2547//2547
f 2498//2498 2547//2547 2499//2499
f 2499//2499 2547//2547 2548//2548
f 2499//2499 2548//2548 2500//2500
f 2500//2500 2548//2548 2549//2549
f 2500//2500 2549//2549 2501//2501
f 2501//2501 2549//2549 2550//2550
f 2501//2501 2550//2550 2502//2502
f 2502//2502 2550//2550 2551//2551
f 2502//2502 2551//2551 2503//2503
f 2503//2503 2551//2551 2552//2552
f 2503//2503 2552//2552 2504//2504
f 2504//2504 2552//2552 2553//2553
f 2504//2504 2553//2553 2505//2505
f 2505//2505 2553//2553 2554//2554
f 2505//2505 2554//2554 2506//2506
f 2506//2506 2554//2554 2555//2555
f 2506//2506 2555//2555 2507//2507
f 2507//2507 2555//2555 2556//2556
f 2507//2507 2556//2556 2508//2508
f 2508//2508 2556//2556 2557//2557
f 2508//2508 2557//2557 2509//2509
f 2509//2509 2557//2557 2558//2558
f 2509//2509 2558//2558 2510//2510
f 2510//2510 2558//2558 2559//2559
f 2510//2510 2559//2559 2511//2511
f 2511//2511 2559//2559 2560//2560
f 2511//2511 2560//2560 2512//2512
f 2512//2512 2560//2560 2561//2561
f 2512//2512 2561//2561 2513//2513
f 2513//2513 2561//2561 2562//2562
f 2513//2513 2562//2562 2514//2514
f 2514//2514 2562//2562 2563//2563
f 2514//2514 2563//2563 2515//2515
f 2515//2515 2563//2563 2564//2564
f 2515//2515 2564//2564 2516//2516
f 2516//2516 2564//2564 2565//2565
f 2516//2516 2565//2565 2517//2517
f 2517//2517 2565//2565 2566//2566
f 2517//2517 2566//2566 2518//2518
f 2518//2518 2566//2566 2567//2567
f 2518//2518 2567//2567 2519//2519
f 2519//2519 2567//2567 2568//2568
f 2519//2519 2568//2568 2520//2520
f 2520//2520 2568//2568 2569//2569
f 2520//2520 2569//2569 2521//2521
f 2521//2521 2569//2569 2570//2570
f 2521//2521 2570//2570 2522//2522
f 2522//2522 2570//2570 2571//2571
f 2522//2522 2571//2571 2523//2523
f 2523//2523 2571//2571 2572//2572
f 2523//2523 2572//2572 2524//2524
f 2524//2524 2572//2572 2573//2573
f 2524//2524 2573//2573 2525//2525
f 2525//2525 2573//2573 2574//2574
f 2525//2525 2574//2574 2526//2526
f 2526//2526 2574//2574 2575//2575
f 2526//2526 2575//2575 2527//2527
f 2527//2527 2575//2575 2576//2576
f 2527//2527 2576//2576 2528//2528
f 2528//2528 2576//2576 2577//2577
f 2528//2528 2577//2577 2529//2529
f 2529//2529 2577//2577 2578//2578
f 2529//2529 2578//2578 2530//2530
f 2530//2530 2578//2578 2579//2579
f 2530//2530 2579//2579 2531//2531
f 2531//2531 2579//2579 2580//2580
f 2531//2531 2580//2580 2532//2532
f 2532//2532 2580//2580 2581//2581
f 2532//2532 2581//2581 2533//2533
f 2533//2533 2581//2581 2582//2582
f 2533//2533 2582//2582 2534//2534
f 2534//2534 2582//2582 2583//2583
f 2534//2534 2583//2583 2535//2535
f 2535//2535 2583//2583 2584//2584
f 2535//2535 2584//2584 2536//2536
f 2536//2536 2584//2584 2585//2585
f 2536//2536 2585//2585 2537//2537
f 2537//2537 2585//2585 2586//2586
f 2537//2537 2586//2586 2538//2538
f 2538//2538 2586//2586 2587//2587
f 2538//2538 2587//2587 2539//2539
f 2539//2539 2587//2587 2588//2588
f 2539//2539 2588//2588 2540//2540
f 2540//2540 2588//2588 2589//2589
f 2540//2540 2589//2589 2541//2541
f 2541//2541 2589//2589 2590//2590
f 2541//2541 2590//2590 2542//2542
f 2542//2542 2590//2590 2591//2591
f 2542//2542 2591//2591 2543//2543
f 2543//2543 2591//2591 2592//2592
f 2543//2543 2592//2592 2544//2544
f 2544//2544 2592//2592 2545//2545
f 2544//2544 2545//2545 2497//2497
usemtl bin_38
f 2545//2545 2593//2593 2594//2594
f 2545//2545 2594//2594 2546//2546
f 2546//2546 2594//2594 2595//2595
f 2546//2546 2595//2595 2547//2547
f 2547//2547 2595//2595 2596//2596
f 2547//2547 2596//2596 2548//2548
f 2548//2548 2596//2596 2597//2597
f 2548//2548 2597//2597 2549//2549
f 2549//2549 2597//2597 2598//2598
f 2549//2549 2598//2598 2550//2550
f 2550//2550 2598//2598 2599//2599
f 2550//2550 2599//2599 2551//2551
f 2551//2551 2599//2599 2600//2600
f 2551//2551 2600//2600 2552//2552
f 2552//2552 2600//2600 2601//2601
f 2552//2552 2601//2601 2553//2553
f 2553//2553 2601//2601 2602//2602
f 2553//2553 2602//2602 2554//2554
f 2554//2554 2602//2602 2603//2603
f 2554//2554 2603//2603 2555//2555
f 2555//2555 2603//2603 2604//2604
f 2555//2555 2604//2604 2556//2556
f 2556//2556 2604//2604 2605//2605
f 2556//2556 2605//2605 2557//2557
f 2557//2557 2605//2605 2606//2606
f 2557//2557 2606//2606 2558//2558
f 2558//2558 2606//2606 2607//2607
f 2558//2558 2607//2607 2559//2559
f 2559//2559 2607//2607 2608//2608
f 2559//2559 2608//2608 2560//2560
f 2560//2560 2608//2608 2609//2609
f 2560//2560 2609//2609 2561//2561
f 2561//2561 2609//2609 2610//2610
f 2561//2561 2610//2610 2562//2562
f 2562//2562 2610//2610 2611//2611
f 2562//2562 2611//2611 2563//2563
f 2563//2563 2611//2611 2612//2612
f 2563//2563 2612//2612 2564//2564
f 2564//2564 2612//2612 2613//2613
f 2564//2564 2613//2613 2565//2565
f 2565//2565 2613//2613 2614//2614
f 2565//2565 2614//2614 2566//2566
f 2566//2566 2614//2614 2615//2615
f 2566//2566 2615//2615 2567//2567
f 2567//2567 2615//2615 2616//2616
f 2567//2567 2616//2616 2568//2568
f 2568//2568 2616//2616 2617//2617
f 2568//2568 2617//2617 2569//2569
f 2569//2569 2617//2617 2618//2618
f 2569//2569 2618//2618 2570//2570
f 2570//2570 2618//2618 2619//2619
f 2570//2570 2619//2619 2571//2571
f 2571//2571 2619//2619 2620//2620
f 2571//2571 2620//2620 2572//2572
f 2572//2572 2620//2620 2621//2621
f 2572//2572 2621//2621 2573//2573
f 2573//2573 2621//2621 2622//2622
f 2573//2573 2622//2622 2574//2574
f 2574//2574 2622//2622 2623//2623
f 2574//2574 2623//2623 2575//2575
f 2575//2575 2623//2623 2624//2624
f 2575//2575 2624//2624 2576//2576
f 2576//2576 2624//2624 2625//2625
f 2576//2576 2625//2625 2577//2577
f 2577//2577 2625//2625 2626//2626
f 2577//2577 2626//2626 2578//2578
f 2578//2578 2626//2626 2627//2627
f 2578//2578 2627//2627 2579//2579
f 2579//2579 2627//2627 2628//2628
f 2579//2579 2628//2628 2580//2580
f 2580//2580 2628//2628 2629//2629
f 2580//2580 2629//2629 2581//2581
f 2581//2581 2629//2629 2630//2630
f 2581//2581 2630//2630 2582//2582
f 2582//2582 2630//2630 2631//2631
f 2582//2582 2631//2631 2583//2583
f 2583//2583 2631//2631 2632//2632
f 2583//2583 2632//2632 2584//2584
f 2584//2584 2632//2632 2633//2633
f 2584//2584 2633//2633 2585//2585
f 2585//2585 2633//2633 2634//2634
f 2585//2585 2634//2634 2586//2586
f 2586//2586 2634//2634 2635//2635
f 2586//2586 2635//2635 2587//2587
f 2587//2587 2635//2635 2636//2636
f 2587//2587 2636//2636 2588//2588
f 2588//2588 2636//2636 2637//2637
f 2588//2588 2637//2637 2589//2589
f 2589//2589 2637//2637 2638//2638
f 2589//2589 2638//2638 2590//2590
f 2590//2590 2638//2638 2639//2639
f 2590//2590 2639//2639 2591//2591
f 2591//2591 2639//2639 2640//2640
f 2591//2591 2640//2640 2592//2592
f 2592//2592 2640//2640 2593//2593
f 2592//2592 2593//2593 2545//2545
f 2593//2593 2641//2641 2642//2642
f 2593//2593 2642//2642 2594//2594
f 2594//2594 2642//2642 2643//2643
f 2594//2594 2643//2643 2595//2595
f 2595//2595 2643//2643 2644//2644
f 2595//2595 2644//2644 2596//2596
f 2596//2596 2644//2644 2645//2645
f 2596//2596 2645//2645 2597//2597
f 2597//2597 2645//2645 2646//2646
f 2597//2597 2646//2646 2598//2598
f 2598//2598 2646//2646 2647//2647
f 2598//2598 2647//2647 2599//2599
f 2599//2599 2647//2647 2648//2648
f 2599//2599 2648//2648 2600//2600
f 2600//2600 2648//2648 2649//2649
f 2600//2600 2649//2649 2601//2601
f 2601//2601 2649//2649 2650//2650
f 2601//2601 2650//2650 2602//2602
f 2602//2602 2650//2650 2651//2651
f 2602//2602 2651//2651 2603//2603
f 2603//2603 2651//2651 2652//2652
f 2603//2603 2652//2652 2604//2604
f 2604//2604 2652//2652 2653//2653
f 2604//2604 2653//2653 2605//2605
f 2605//2605 2653//2653 2654//2654
f 2605//2605 2654//2654 2606//2606
f 2606//2606 2654//2654 2655//2655
f 2606//2606 2655//2655 2607//2607
f 2607//2607 2655//2655 2656//2656
f 2607//2607 2656//2656 2608//2608
f 2608//2608 2656//2656 2657//2657
f 2608//2608 2657//2657 2609//2609
f 2609//2609 2657//2657 2658//2658
f 2609//2609 2658//2658 2610//2610
f 2610//2610 2658//2658 2659//2659
f 2610//2610 2659//2659 2611//2611
f 2611//2611 2659//2659 2660//2660
f 2611//2611 2660//2660 2612//2612
f 2612//2612 2660//2660 2661//2661
f 2612//2612 2661//2661 2613//2613
f 2613//2613 2661//2661 2662//2662
f 2613//2613 2662//2662 2614//2614
f 2614//2614 2662//2662 2663//2663
f 2614//2614 2663//2663 2615//2615
f 2615//2615 2663//2663 2664//2664
f 2615//2615 2664//2664 2616//2616
f 2616//2616 2664//2664 2665//2665
f 2616//2616 2665//2665 2617//2617
f 2617//2617 2665//2665 2666//2666
f 2617//2617 2666//2666 2618//2618
f 2618//2618 2666//2666 2667//2667
f 2618//2618 2667//2667 2619//2619
f 2619//2619 2667//2667 2668//2668
f 2619//2619 2668//2668 2620//2620
f 2620//2620 2668//2668 2669//2669
f 2620//2620 2669//2669 2621//2621
f 2621//2621 2669//2669 2670//2670
f 2621//2621 2670//2670 2622//2622
f 2622//2622 2670//2670 2671//2671
f 2622//2622 2671//2671 2623//2623
f 2623//2623 2671//2671 2672//2672
f 2623//2623 2672//2672 2624//2624
f 2624//2624 2672//2672 2673//2673
f 2624//2624 2673//2673 2625//2625
f 2625//2625 2673//2673 2674//2674
f 2625//2625 2674//2674 2626//2626
f 2626//2626 2674//2674 2675//2675
f 2626//2626 2675//2675 2627//2627
f 2627//2627 2675//2675 2676//2676
f 2627//2627 2676//2676 2628//2628
f 2628//2628 2676//2676 2677//2677
f 2628//2628 2677//2677 2629//2629
f 2629//2629 2677//2677 2678//2678
f 2629//2629 2678//2678 2630//2630
f 2630//2630 2678//2678 2679//2679
f 2630//2630 2679//2679 2631//2631
f 2631//2631 2679//2679 2680//2680
f 2631//2631 2680//2680 2632//2632
f 2632//2632 2680//2680 2681//2681
f 2632//2632 2681//2681 2633//2633
f 2633//2633 2681//2681 2682//2682
f 2633//2633 2682//2682 2634//2634
f 2634//2634 2682//2682 2683//2683
f 2634//2634 2683//2683 2635//2635
f 2635//2635 2683//2683 2684//2684
f 2635//2635 2684//2684 2636//2636
f 2636//2636 2684//2684 2685//2685
f 2636//2636 2685//2685 2637//2637
f 2637//2637 2685//2685 2686//2686
f 2637//2637 2686//2686 2638//2638
f 2638//2638 2686//2686 2687//2687
f 2638//2638 2687//2687 2639//2639
f 2639//2639 2687//2687 2688//2688
f 2639//2639 2688//2688 2640//2640
f 2640//2640 2688//2688 2641//2641
f 2640//2640 2641//2641 2593//2593
f 2641//2641 2689//2689 2690//2690
f 2641//2641 2690//2690 2642//2642
f 2642//2642 2690//2690 2691//2691
f 2642//2642 2691//2691 2643//2643
f 2643//2643 2691//2691 2692//2692
f 2643//2643 2692//2692 2644//2644
f 2644//2644 2692//2692 2693//2693
f 2644//2644 2693//2693 2645//2645
f 2645//2645 2693//2693 2694//2694
f 2645//2645 2694//2694 2646//2646
f 2646//2646 2694//2694 2695//2695
f 2646//2646 2695//2695 2647//2647
f 2647//2647 2695//2695 2696//2696
f 2647//2647 2696//2696 2648//2648
f 2648//2648 2696//2696 2697//2697
f 2648//2648 2697//2697 2649//2649
f 2649//2649 2697//2697 2698//2698
f 2649//2649 2698//2698 2650//2650
f 2650//2650 2698//2698 2699//2699
f 2650//2650 2699//2699 2651//2651
f 2651//2651 2699//2699 2700//2700
f 2651//2651 2700//2700 2652//2652
f 2652//2652 2700//2700 2701//2701
f 2652//2652 2701//2701 2653//2653
f 2653//2653 2701//2701 2702//2702
f 2653//2653 2702//2702 2654//2654
f 2654//2654 2702//2702 2703//2703
f 2654//2654 2703//2703 2655//2655
f 2655//2655 2703//2703 2704//2704
f 2655//2655 2704//2704 2656//2656
f 2656//2656 2704//2704 2705//2705
f 2656//2656 2705//2705 2657//2657
f 2657//2657 2705//2705 2706//2706
f 2657//2657 2706//2706 2658//2658
f 2658//2658 2706//2706 2707//2707
f 2658//2658 2707//2707 2659//2659
f 2659//2659 2707//2707 2708//2708
f 2659//2659 2708//2708 2660//2660
f 2660//2660 2708//2708 2709//2709
f 2660//2660 2709//2709 2661//2661
f 2661//2661 2709//2709 2710//2710
f 2661//2661 2710//2710 2662//2662
f 2662//2662 2710//2710 2711//2711
f 2662//2662 2711//2711 2663//2663
f 2663//2663 2711//2711 2712//2712
f 2663//2663 2712//2712 2664//2664
f 2664//2664 2712//2712 2713//2713
f 2664//2664 2713//2713 2665//2665
f 2665//2665 2713//2713 2714//2714
f 2665//2665 2714//2714 2666//2666
f 2666//2666 2714//2714 2715//2715
f 2666//2666 2715//2715 2667//2667
f 2667//2667 2715//2715 2716//2716
f 2667//2667 2716//2716 2668//2668
f 2668//2668 2716//2716 2717//2717
f 2668//2668 2717//2717 2669//2669
f 2669//2669 2717//2717 2718//2718
f 2669//2669 2718//2718 2670//2670
f 2670//2670 2718//2718 2719//2719
f 2670//2670 2719//2719 2671//2671
f 2671//2671 2719//2719 2720//2720
f 2671//2671 2720//2720 2672//2672
f 2672//2672 2720//2720 2721//2721
f 2672//2672 2721//2721 2673//2673
f 2673//2673 2721//2721 2722//2722
f 2673//2673 2722//2722 2674//2674
f 2674//2674 2722//2722 2723//2723
f 2674//2674 2723//2723 2675//2675
f 2675//2675 2723//2723 2724//2724
f 2675//2675 2724//2724 2676//2676
f 2676//2676 2724//2724 2725//2725
f 2676//2676 2725//2725 2677//2677
f 2677//2677 2725//2725 2726//2726
f 2677//2677 2726//2726 2678//2678
f 2678//2678 2726//2726 2727//2727
f 2678//2678 2727//2727 2679//2679
f 2679//2679 2727//2727 2728//2728
f 2679//2679 2728//2728 2680//2680
f 2680//2680 2728//2728 2729//2729
f 2680//2680 2729//2729 2681//2681
f 2681//2681 2729//2729 2730//2730
f 2681//2681 2730//2730 2682//2682
f 2682//2682 2730//2730 2731//2731
f 2682//2682 2731//2731 2683//2683
f 2683//2683 2731//2731 2732//2732
f 2683//2683 2732//2732 2684//2684
f 2684//2684 2732//2732 2733//2733
f 2684//2684 2733//2733 2685//2685
f 2685//2685 2733//2733 2734//2734
f 2685//2685 2734//2734 2686//2686
f 2686//2686 2734//2734 2735//2735
f 2686//2686 2735//2735 2687//2687
f 2687//2687 2735//2735 2736//2736
f 2687//2687 2736//2736 2688//2688
f 2688//2688 2736//2736 2689//2689
f 2688//2688 2689//2689 2641//2641
usemtl bin_36
f 2689//2689 2737//2737 2738//2738
f 2689//2689 2738//2738 2690//2690
f 2690//2690 2738//2738 2739//2739
f 2690//2690 2739//2739 2691//2691
f 2691//2691 2739//2739 2740//2740
f 2691//2691 2740//2740 2692//2692
f 2692//2692 2740//2740 2741//2741
f 2692//2692 2741//2741 2693//2693
f 2693//2693 2741//2741 2742//2742
f 2693//2693 2742//2742 2694//2694
f 2694//2694 2742//2742 2743//2743
f 2694//2694 2743//2743 2695//2695
f 2695//2695 2743//2743 2744//2744
f 2695//2695 2744//2744 2696//2696
f 2696//2696 2744//2744 2745//2745
f 2696//2696 2745//2745 2697//2697
f 2697//2697 2745//2745 2746//2746
f 2697//2697 2746//2746 2698//2698
f 2698//2698 2746//2746 2747//2747
f 2698//2698 2747//2747 2699//2699
f 2699//2699 2747//2747 2748//2748
f 2699//2699 2748//2748 2700//2700
f 2700//2700 2748//2748 2749//2749
f 2700//2700 2749//2749 2701//2701
f 2701//2701 2749//2749 2750//2750
f 2701//2701 2750//2750 2702//2702
f 2702//2702 2750//2750 2751//2751
f 2702//2702 2751//2751 2703//2703
f 2703//2703 2751//2751 2752//2752
f 2703//2703 2752//2752 2704//2704
f 2704//2704 2752//2752 2753//2753
f 2704//2704 2753//2753 2705//2705
f 2705//2705 2753//2753 2754//2754
f 2705//2705 2754//2754 2706//2706
f 2706//2706 2754//2754 2755//2755
f 2706//2706 2755//2755 2707//2707
f 2707//2707 2755//2755 2756//2756
f 2707//2707 2756//2756 2708//2708
f 2708//2708 2756//2756 2757//2757
f 2708//2708 2757//2757 2709//2709
f 2709//2709 2757//2757 2758//2758
f 2709//2709 2758//2758 2710//2710
f 2710//2710 2758//2758 2759//2759
f 2710//2710 2759//2759 2711//2711
f 2711//2711 2759//2759 2760//2760
f 2711//2711 2760//2760 2712//2712
f 2712//2712 2760//2760 2761//2761
f 2712//2712 2761//2761 2713//2713
f 2713//2713 2761//2761 2762//2762
f 2713//2713 2762//2762 2714//2714
f 2714//2714 2762//2762 2763//2763
f 2714//2714 2763//2763 2715//2715
f 2715//2715 2763//2763 2764//2764
f 2715//2715 2764//2764 2716//2716
f 2716//2716 2764//2764 2765//2765
f 2716//2716 2765//2765 2717//2717
f 2717//2717 2765//2765 2766//2766
f 2717//2717 2766//2766 2718//2718
f 2718//2718 2766//2766 2767//2767
f 2718//2718 2767//2767 2719//2719
f 2719//2719 2767//2767 2768//2768
f 2719//2719 2768//2768 2720//2720
f 2720//2720 2768//2768 2769//2769
f 2720//2720 2769//2769 2721//2721
f 2721//2721 2769//2769 2770//2770
f 2721//2721 2770//2770 2722//2722
f 2722//2722 2770//2770 2771//2771
f 2722//2722 2771//2771 2723//2723
f 2723//2723 2771//2771 2772//2772
f 2723//2723 2772//2772 2724//2724
f 2724//2724 2772//2772 2773//2773
f 2724//2724 2773//2773 2725//2725
f 2725//2725 2773//2773 2774//2774
f 2725//2725 2774//2774 2726//2726
f 2726//2726 2774//2774 2775//2775
f 2726//2726 2775//2775 2727//2727
f 2727//2727 2775//2775 2776//2776
f 2727//2727 2776//2776 2728//2728
f 2728//2728 2776//2776 2777//2777
f 2728//2728 2777//2777 2729//2729
f 2729//2729 2777//2777 2778//2778
f 2729//2729 2778//2778 2730//2730
f 2730//2730 2778//2778 2779//2779
f 2730//2730 2779//2779 2731//2731
f 2731//2731 2779//2779 2780//2780
f 2731//2731 2780//2780 2732//2732
f 2732//2732 2780//2780 2781//2781
f 2732//2732 2781//2781 2733//2733
f 2733//2733 2781//2781 2782//2782
f 2733//2733 2782//2782 2734//2734
f 2734//2734 2782//2782 2783//2783
f 2734//2734 2783//2783 2735//2735
f 2735//2735 2783//2783 2784//2784
f 2735//2735 2784//2784 2736//2736
f 2736//2736 2784//2784 2737//2737
f 2736//2736 2737//2737 2689//2689
f 2737//2737 2785//2785 2786//2786
f 2737//2737 2786//2786 2738//2738
f 2738//2738 2786//2786 2787//2787
f 2738//2738 2787//2787 2739//2739
f 2739//2739 2787//2787 2788//2788
f 2739//2739 2788//2788 2740//2740
f 2740//2740 2788//2788 2789//2789
f 2740//2740 2789//2789 2741//2741
f 2741//2741 2789//2789 2790//2790
f 2741//2741 2790//2790 2742//2742
f 2742//2742 2790//2790 2791//2791
f 2742//2742 2791//2791 2743//2743
f 2743//2743 2791//2791 2792//2792
f 2743//2743 2792//2792 2744//2744
f 2744//2744 2792//2792 2793//2793
f 2744//2744 2793//2793 2745//2745
f 2745//2745 2793//2793 2794//2794
f 2745//2745 2794//2794 2746//2746
f 2746//2746 2794//2794 2795//2795
f 2746//2746 2795//2795 2747//2747
f 2747//2747 2795//2795 2796//2796
f 2747//2747 2796//2796 2748//2748
f 2748//2748 2796//2796 2797//2797
f 2748//2748 2797//2797 2749//2749
f 2749//2749 2797//2797 2798//2798
f 2749//2749 2798//2798 2750//2750
f 2750//2750 2798//2798 2799//2799
f 2750//2750 2799//2799 2751//2751
f 2751//2751 2799//2799 2800//2800
f 2751//2751 2800//2800 2752//2752
f 2752//2752 2800//2800 2801//2801
f 2752//2752 2801//2801 2753//2753
f 2753//2753 2801//2801 2802//2802
f 2753//2753 2802//2802 2754//2754
f 2754//2754 2802//2802 2803//2803
f 2754//2754 2803//2803 2755//2755
f 2755//2755 2803//2803 2804//2804
f 2755//2755 2804//2804 2756//2756
f 2756//2756 2804//2804 2805//2805
f 2756//2756 2805//2805 2757//2757
f 2757//2757 2805//2805 2806//2806
f 2757//2757 2806//2806 2758//2758
f 2758//2758 2806//2806 2807//2807
f 2758//2758 2807//2807 2759//2759
f 2759//2759 2807//2807 2808//2808
f 2759//2759 2808//2808 2760//2760
f 2760//2760 2808//2808 2809//2809
f 2760//2760 2809//2809 2761//2761
f 2761//2761 2809//2809 2810//2810
f 2761//2761 2810//2810 2762//2762
f 2762//2762 2810//2810 2811//2811
f 2762//2762 2811//2811 2763//2763
f 2763//2763 2811//2811 2812//2812
f 2763//2763 2812//2812 2764//2764
f 2764//2764 2812//2812 2813//2813
f 2764//2764 2813//2813 2765//2765
f 2765//2765 2813//2813 2814//2814
f 2765//2765 2814//2814 2766//2766
f 2766//2766 2814//2814 2815//2815
f 2766//2766 2815//2815 2767//2767
f 2767//2767 2815//2815 2816//2816
f 2767//2767 2816//2816 2768//2768
f 2768//2768 2816//2816 2817//2817
f 2768//2768 2817//2817 2769//2769
f 2769//2769 2817//2817 2818//2818
f 2769//2769 2818//2818 2770//2770
f 2770//2770 2818//2818 2819//2819
f 2770//2770 2819//2819 2771//2771
f 2771//2771 2819//2819 2820//2820
f 2771//2771 2820//2820 2772//2772
f 2772//2772 2820//2820 2821//2821
f 2772//2772 2821//2821 2773//2773
f 2773//2773 2821//2821 2822//2822
f 2773//2773 2822//2822 2774//2774
f 2774//2774 2822//2822 2823//2823
f 2774//2774 2823//2823 2775//2775
f 2775//2775 2823//2823 2824//2824
f 2775//2775 2824//2824 2776//2776
f 2776//2776 2824//2824 2825//2825
f 2776//2776 2825//2825 2777//2777
f 2777//2777 2825//2825 2826//2826
f 2777//2777 2826//2826 2778//2778
f 2778//2778 2826//2826 2827//2827
f 2778//2778 2827//2827 2779//2779
f 2779//2779 2827//2827 2828//2828
f 2779//2779 2828//2828 2780//2780
f 2780//2780 2828//2828 2829//2829
f 2780//2780 2829//2829 2781//2781
f 2781//2781 2829//2829 2830//2830
f 2781//2781 2830//2830 2782//2782
f 2782//2782 2830//2830 2831//2831
f 2782//2782 2831//2831 2783//2783
f 2783//2783 2831//2831 2832//2832
f 2783//2783 2832//2832 2784//2784
f 2784//2784 2832//2832 2785//2785
f 2784//2784 2785//2785 2737//2737
f 2785//2785 2833//2833 2834//2834
f 2785//2785 2834//2834 2786//2786
f 2786//2786 2834//2834 2835//2835
f 2786//2786 2835//2835 2787//2787
f 2787//2787 2835//2835 2836//2836
f 2787//2787 2836//2836 2788//2788
f 2788//2788 2836//2836 2837//2837
f 2788//2788 2837//2837 2789//2789
f 2789//2789 2837//2837 2838//2838
f 2789//2789 2838//2838 2790//2790
f 2790//2790 2838//2838 2839//2839
f 2790//2790 2839//2839 2791//2791
f 2791//2791 2839//2839 2840//2840
f 2791//2791 2840//2840 2792//2792
f 2792//2792 2840//2840 2841//2841
f 2792//2792 2841//2841 2793//2793
f 2793//2793 2841//2841 2842//2842
f 2793//2793 2842//2842 2794//2794
f 2794//2794 2842//2842 2843//2843
f 2794//2794 2843//2843 2795//2795
f 2795//2795 2843//2843 2844//2844
f 2795//2795 2844//2844 2796//2796
f 2796//2796 2844//2844 2845//2845
f 2796//2796 2845//2845 2797//2797
f 2797//2797 2845//2845 2846//2846
f 2797//2797 2846//2846 2798//2798
f 2798//2798 2846//2846 2847//2847
f 2798//2798 2847//2847 2799//2799
f 2799//2799 2847//2847 2848//2848
f 2799//2799 2848//2848 2800//2800
f 2800//2800 2848//2848 2849//2849
f 2800//2800 2849//2849 2801//2801
f 2801//2801 2849//2849 2850//2850
f 2801//2801 2850//2850 2802//2802
f 2802//2802 2850//2850 2851//2851
f 2802//2802 2851//2851 2803//2803
f 2803//2803 2851//2851 2852//2852
f 2803//2803 2852//2852 2804//2804
f 2804//2804 2852//2852 2853//2853
f 2804//2804 2853//2853 2805//2805
f 2805//2805 2853//2853 2854//2854
f 2805//2805 2854//2854 2806//2806
f 2806//2806 2854//2854 2855//2855
f 2806//2806 2855//2855 2807//2807
f 2807//2807 2855//2855 2856//2856
f 2807//2807 2856//2856 2808//2808
f 2808//2808 2856//2856 2857//2857
f 2808//2808 2857//2857 2809//2809
f 2809//2809 2857//2857 2858//2858
f 2809//2809 2858//2858 2810//2810
f 2810//2810 2858//2858 2859//2859
f 2810//2810 2859//2859 2811//2811
f 2811//2811 2859//2859 2860//2860
f 2811//2811 2860//2860 2812//2812
f 2812//2812 2860//2860 2861//2861
f 2812//2812 2861//2861 2813//2813
f 2813//2813 2861//2861 2862//2862
f 2813//2813 2862//2862 2814//2814
f 2814//2814 2862//2862 2863//2863
f 2814//2814 2863//2863 2815//2815
f 2815//2815 2863//2863 2864//2864
f 2815//2815 2864//2864 2816//2816
f 2816//2816 2864//2864 2865//2865
f 2816//2816 2865//2865 2817//2817
f 2817//2817 2865//2865 2866//2866
f 2817//2817 2866//2866 2818//2818
f 2818//2818 2866//2866 2867//2867
f 2818//2818 2867//2867 2819//2819
f 2819//2819 2867//2867 2868//2868
f 2819//2819 2868//2868 2820//2820
f 2820//2820 2868//2868 2869//2869
f 2820//2820 2869//2869 2821//2821
f 2821//2821 2869//2869 2870//2870
f 2821//2821 2870//2870 2822//2822
f 2822//2822 2870//2870 2871//2871
f 2822//2822 2871//2871 2823//2823
f 2823//2823 2871//2871 2872//2872
f 2823//2823 2872//2872 2824//2824
f 2824//2824 2872//2872 2873//2873
f 2824//2824 2873//2873 2825//2825
f 2825//2825 2873//2873 2874//2874
f 2825//2825 2874//2874 2826//2826
f 2826//2826 2874//2874 2875//2875
f 2826//2826 2875//2875 2827//2827
f 2827//2827 2875//2875 2876//2876
f 2827//2827 2876//2876 2828//2828
f 2828//2828 2876//2876 2877//2877
f 2828//2828 2877//2877 2829//2829
f 2829//2829 2877//2877 2878//2878
f 2829//2829 2878//2878 2830//2830
f 2830//2830 2878//2878 2879//2879
f 2830//2830 2879//2879 2831//2831
f 2831//2831 2879//2879 2880//2880
f 2831//2831 2880//2880 2832//2832
f 2832//2832 2880//2880 2833//2833
f 2832//2832 2833//2833 2785//2785
usemtl bin_34
f 2833//2833 2881//2881 2882//2882
f 2833//2833 2882//2882 2834//2834
f 2834//2834 2882//2882 2883//2883
f 2834//2834 2883//2883 2835//2835
f 2835//2835 2883//2883 2884//2884
f 2835//2835 2884//2884 2836//2836
f 2836//2836 2884//2884 2885//2885
f 2836//2836 2885//2885 2837//2837
f 2837//2837 2885//2885 2886//2886
f 2837//2837 2886//2886 2838//2838
f 2838//2838 2886//2886 2887//2887
f 2838//2838 2887//2887 2839//2839
f 2839//2839 2887//2887 2888//2888
f 2839//2839 2888//2888 2840//2840
f 2840//2840 2888//2888 2889//2889
f 2840//2840 2889//2889 2841//2841
f 2841//2841 2889//2889 2890//2890
f 2841//2841 2890//2890 2842//2842
f 2842//2842 2890//2890 2891//2891
f 2842//2842 2891//2891 2843//2843
f 2843//2843 2891//2891 2892//2892
f 2843//2843 2892//2892 2844//2844
f 2844//2844 2892//2892 2893//2893
f 2844//2844 2893//2893 2845//2845
f 2845//2845 2893//2893 2894//2894
f 2845//2845 2894//2894 2846//2846
f 2846//2846 2894//2894 2895//2895
f 2846//2846 2895//2895 2847//2847
f 2847//2847 2895//2895 2896//2896
f 2847//2847 2896//2896 2848//2848
f 2848//2848 2896//2896 2897//2897
f 2848//2848 2897//2897 2849//2849
f 2849//2849 2897//2897 2898//2898
f 2849//2849 2898//2898 2850//2850
f 2850//2850 2898//2898 2899//2899
f 2850//2850 2899//2899 2851//2851
f 2851//2851 2899//2899 2900//2900
f 2851//2851 2900//2900 2852//2852
f 2852//2852 2900//2900 2901//2901
f 2852//2852 2901//2901 2853//2853
f 2853//2853 2901//2901 2902//2902
f 2853//2853 2902//2902 2854//2854
f 2854//2854 2902//2902 2903//2903
f 2854//2854 2903//2903 2855//2855
f 2855//2855 2903//2903 2904//2904
f 2855//2855 2904//2904 2856//2856
f 2856//2856 2904//2904 2905//2905
f 2856//2856 2905//2905 2857//2857
f 2857//2857 2905//2905 2906//2906
f 2857//2857 2906//2906 2858//2858
f 2858//2858 2906//2906 2907//2907
f 2858//2858 2907//2907 2859//2859
f 2859//2859 2907//2907 2908//2908
f 2859//2859 2908//2908 2860//2860
f 2860//2860 2908//2908 2909//2909
f 2860//2860 2909//2909 2861//2861
f 2861//2861 2909//2909 2910//2910
f 2861//2861 2910//2910 2862//2862
f 2862//2862 2910//2910 2911//2911
f 2862//2862 2911//2911 2863//2863
f 2863//2863 2911//2911 2912//2912
f 2863//2863 2912//2912 2864//2864
f 2864//2864 2912//2912 2913//2913
f 2864//2864 2913//2913 2865//2865
f 2865//2865 2913//2913 2914//2914
f 2865//2865 2914//2914 2866//2866
f 2866//2866 2914//2914 2915//2915
f 2866//2866 2915//2915 2867//2867
f 2867//2867 2915//2915 2916//2916
f 2867//2867 2916//2916 2868//2868
f 2868//2868 2916//2916 2917//2917
f 2868//2868 2917//2917 2869//2869
f 2869//2869 2917//2917 2918//2918
f 2869//2869 2918//2918 2870//2870
f 2870//2870 2918//2918 2919//2919
f 2870//2870 2919//2919 2871//2871
f 2871//2871 2919//2919 2920//2920
f 2871//2871 2920//2920 2872//2872
f 2872//2872 2920//2920 2921//2921
f 2872//2872 2921//2921 2873//2873
f 2873//2873 2921//2921 2922//2922
f 2873//2873 2922//2922 2874//2874
f 2874//2874 2922//2922 2923//2923
f 2874//2874 2923//2923 2875//2875
f 2875//2875 2923//2923 2924//2924
f 2875//2875 2924//2924 2876//2876
f 2876//2876 2924//2924 2925//2925
f 2876//2876 2925//2925 2877//2877
f 2877//2877 2925//2925 2926//2926
f 2877//2877 2926//2926 2878//2878
f 2878//2878 2926//2926 2927//2927
f 2878//2878 2927//2927 2879//2879
f 2879//2879 2927//2927 2928//2928
f 2879//2879 2928//2928 2880//2880
f 2880//2880 2928//2928 2881//2881
f 2880//2880 2881//2881 2833//2833
f 2881//2881 2929//2929 2930//2930
f 2881//2881 2930//2930 2882//2882
f 2882//2882 2930//2930 2931//2931
f 2882//2882 2931//2931 2883//2883
f 2883//2883 2931//2931 2932//2932
f 2883//2883 2932//2932 2884//2884
f 2884//2884 2932//2932 2933//2933
f 2884//2884 2933//2933 2885//2885
f 2885//2885 2933//2933 2934//2934
f 2885//2885 2934//2934 2886//2886
f 2886//2886 2934//2934 2935//2935
f 2886//2886 2935//2935 2887//2887
f 2887//2887 2935//2935 2936//2936
f 2887//2887 2936//2936 2888//2888
f 2888//2888 2936//2936 2937//2937
f 2888//2888 2937//2937 2889//2889
f 2889//2889 2937//2937 2938//2938
f 2889//2889 2938//2938 2890//2890
f 2890//2890 2938//2938 2939//2939
f 2890//2890 2939//2939 2891//2891
f 2891//2891 2939//2939 2940//2940
f 2891//2891 2940//2940 2892//2892
f 2892//2892 2940//2940 2941//2941
f 2892//2892 2941//2941 2893//2893
f 2893//2893 2941//2941 2942//2942
f 2893//2893 2942//2942 2894//2894
f 2894//2894 2942//2942 2943//2943
f 2894//2894 2943//2943 2895//2895
f 2895//2895 2943//2943 2944//2944
f 2895//2895 2944//2944 2896//2896
f 2896//2896 2944//2944 2945//2945
f 2896//2896 2945//2945 2897//2897
f 2897//2897 2945//2945 2946//2946
f 2897//2897 2946//2946 2898//2898
f 2898//2898 2946//2946 2947//2947
f 2898//2898 2947//2947 2899//2899
f 2899//2899 2947//2947 2948//2948
f 2899//2899 2948//2948 2900//2900
f 2900//2900 2948//2948 2949//2949
f 2900//2900 2949//2949 2901//2901
f 2901//2901 2949//2949 2950//2950
f 2901//2901 2950//2950 2902//2902
f 2902//2902 2950//2950 2951//2951
f 2902//2902 2951//2951 2903//2903
f 2903//2903 2951//2951 2952//2952
f 2903//2903 2952//2952 2904//2904
f 2904//2904 2952//2952 2953//2953
f 2904//2904 2953//2953 2905//2905
f 2905//2905 2953//2953 2954//2954
f 2905//2905 2954//2954 2906//2906
f 2906//2906 2954//2954 2955//2955
f 2906//2906 2955//2955 2907//2907
f 2907//2907 2955//2955 2956//2956
f 2907//2907 2956//2956 2908//2908
f 2908//2908 2956//2956 2957//2957
f 2908//2908 2957//2957 2909//2909
f 2909//2909 2957//2957 2958//2958
f 2909//2909 2958//2958 2910//2910
f 2910//2910 2958//2958 2959//2959
f 2910//2910 2959//2959 2911//2911
f 2911//2911 2959//2959 2960//2960
f 2911//2911 2960//2960 2912//2912
f 2912//2912 2960//2960 2961//2961
f 2912//2912 2961//2961 2913//2913
f 2913//2913 2961//2961 2962//2962
f 2913//2913 2962//2962 2914//2914
f 2914//2914 2962//2962 2963//2963
f 2914//2914 2963//2963 2915//2915
f 2915//2915 2963//2963 2964//2964
f 2915//2915 2964//2964 2916//2916
f 2916//2916 2964//2964 2965//2965
f 2916//2916 2965//2965 2917//2917
f 2917//2917 2965//2965 2966//2966
f 2917//2917 2966//2966 2918//2918
f 2918//2918 2966//2966 2967//2967
f 2918//2918 2967//2967 2919//2919
f 2919//2919 2967//2967 2968//2968
f 2919//2919 2968//2968 2920//2920
f 2920//2920 2968//2968 2969//2969
f 2920//2920 2969//2969 2921//2921
f 2921//2921 2969//2969 2970//2970
f 2921//2921 2970//2970 2922//2922
f 2922//2922 2970//2970 2971//2971
f 2922//2922 2971//2971 2923//2923
f 2923//2923 2971//2971 2972//2972
f 2923//2923 2972//2972 2924//2924
f 2924//2924 2972//2972 2973//2973
f 2924//2924 2973//2973 2925//2925
f 2925//2925 2973//2973 2974//2974
f 2925//2925 2974//2974 2926//2926
f 2926//2926 2974//2974 2975//2975
f 2926//2926 2975//2975 2927//2927
f 2927//2927 2975//2975 2976//2976
f 2927//2927 2976//2976 2928//2928
f 2928//2928 2976//2976 2929//2929
f 2928//2928 2929//2929 2881//2881
f 2929//2929 2977//2977 2978//2978
f 2929//2929 2978//2978 2930//2930
f 2930//2930 2978//2978 2979//2979
f 2930//2930 2979//2979 2931//2931
f 2931//2931 2979//2979 2980//2980
f 2931//2931 2980//2980 2932//2932
f 2932//2932 2980//2980 2981//2981
f 2932//2932 2981//2981 2933//2933
f 2933//2933 2981//2981 2982//2982
f 2933//2933 2982//2982 2934//2934
f 2934//2934 2982//2982 2983//2983
f 2934//2934 2983//2983 2935//2935
f 2935//2935 2983//2983 2984//2984
f 2935//2935 2984//2984 2936//2936
f 2936//2936 2984//2984 2985//2985
f 2936//2936 2985//2985 2937//2937
f 2937//2937 2985//2985 2986//2986
f 2937//2937 2986//2986 2938//2938
f 2938//2938 2986//2986 2987//2987
f 2938//2938 2987//2987 2939//2939
f 2939//2939 2987//2987 2988//2988
f 2939//2939 2988//2988 2940//2940
f 2940//2940 2988//2988 2989//2989
f 2940//2940 2989//2989 2941//2941
f 2941//2941 2989//2989 2990//2990
f 2941//2941 2990//2990 2942//2942
f 2942//2942 2990//2990 2991//2991
f 2942//2942 2991//2991 2943//2943
f 2943//2943 2991//2991 2992//2992
f 2943//2943 2992//2992 2944//2944
f 2944//2944 2992//2992 2993//2993
f 2944//2944 2993//2993 2945//2945
f 2945//2945 2993//2993 2994//2994
f 2945//2945 2994//2994 2946//2946
f 2946//2946 2994//2994 2995//2995
f 2946//2946 2995//2995 2947//2947
f 2947//2947 2995//2995 2996//2996
f 2947//2947 2996//2996 2948//2948
f 2948//2948 2996//2996 2997//2997
f 2948//2948 2997//2997 2949//2949
f 2949//2949 2997//2997 2998//2998
f 2949//2949 2998//2998 2950//2950
f 2950//2950 2998//2998 2999//2999
f 2950//2950 2999//2999 2951//2951
f 2951//2951 2999//2999 3000//3000
f 2951//2951 3000//3000 2952//2952
f 2952//2952 3000//3000 3001//3001
f 2952//2952 3001//3001 2953//2953
f 2953//2953 3001//3001 3002//3002
f 2953//2953 3002//3002 2954//2954
f 2954//2954 3002//3002 3003//3003
f 2954//2954 3003//3003 2955//2955
f 2955//2955 3003//3003 3004//3004
f 2955//2955 3004//3004 2956//2956
f 2956//2956 3004//3004 3005//3005
f 2956//2956 3005//3005 2957//2957
f 2957//2957 3005//3005 3006//3006
f 2957//2957 3006//3006 2958//2958
f 2958//2958 3006//3006 3007//3007
f 2958//2958 3007//3007 2959//2959
f 2959//2959 3007//3007 3008//3008
f 2959//2959 3008//3008 2960//2960
f 2960//2960 3008//3008 3009//3009
f 2960//2960 3009//3009 2961//2961
f 2961//2961 3009//3009 3010//3010
f 2961//2961 3010//3010 2962//2962
f 2962//2962 3010//3010 3011//3011
f 2962//2962 3011//3011 2963//2963
f 2963//2963 3011//3011 3012//3012
f 2963//2963 3012//3012 2964//2964
f 2964//2964 3012//3012 3013//3013
f 2964//2964 3013//3013 2965//2965
f 2965//2965 3013//3013 3014//3014
f 2965//2965 3014//3014 2966//2966
f 2966//2966 3014//3014 3015//3015
f 2966//2966 3015//3015 2967//2967
f 2967//2967 3015//3015 3016//3016
f 2967//2967 3016//3016 2968//2968
f 2968//2968 3016//3016 3017//3017
f 2968//2968 3017//3017 2969//2969
f 2969//2969 3017//3017 3018//3018
f 2969//2969 3018//3018 2970//2970
f 2970//2970 3018//3018 3019//3019
f 2970//2970 3019//3019 2971//2971
f 2971//2971 3019//3019 3020//3020
f 2971//2971 3020//3020 2972//2972
f 2972//2972 3020//3020 3021//3021
f 2972//2972 3021//3021 2973//2973
f 2973//2973 3021//3021 3022//3022
f 2973//2973 3022//3022 2974//2974
f 2974//2974 3022//3022 3023//3023
f 2974//2974 3023//3023 2975//2975
f 2975//2975 3023//3023 3024//3024
f 2975//2975 3024//3024 2976//2976
f 2976//2976 3024//3024 2977//2977
f 2976//2976 2977//2977 2929//2929
usemtl bin_33
f 2977//2977 3025//3025 3026//3026
f 2977//2977 3026//3026 2978//2978
f 2978//2978 3026//3026 3027//3027
f 2978//2978 3027//3027 2979//2979
f 2979//2979 3027//3027 3028//3028
f 2979//2979 3028//3028 2980//2980
f 2980//2980 3028//3028 3029//3029
f 2980//2980 3029//3029 2981//2981
f 2981//2981 3029//3029 3030//3030
f 2981//2981 3030//3030 2982//2982
f 2982//2982 3030//3030 3031//3031
f 2982//2982 3031//3031 2983//2983
f 2983//2983 3031//3031 3032//3032
f 2983//2983 3032//3032 2984//2984
f 2984//2984 3032//3032 3033//3033
f 2984//2984 3033//3033 2985//2985
f 2985//2985 3033//3033 3034//3034
f 2985//2985 3034//3034 2986//2986
f 2986//2986 3034//3034 3035//3035
f 2986//2986 3035//3035 2987//2987
f 2987//2987 3035//3035 3036//3036
f 2987//2987 3036//3036 2988//2988
f 2988//2988 3036//3036 3037//3037
f 2988//2988 3037//3037 2989//2989
f 2989//2989 3037//3037 3038//3038
f 2989//2989 3038//3038 2990//2990
f 2990//2990 3038//3038 3039//3039
f 2990//2990 3039//3039 2991//2991
f 2991//2991 3039//3039 3040//3040
f 2991//2991 3040//3040 2992//2992
f 2992//2992 3040//3040 3041//3041
f 2992//2992 3041//3041 2993//2993
f 2993//2993 3041//3041 3042//3042
f 2993//2993 3042//3042 2994//2994
f 2994//2994 3042//3042 3043//3043
f 2994//2994 3043//3043 2995//2995
f 2995//2995 3043//3043 3044//3044
f 2995//2995 3044//3044 2996//2996
f 2996//2996 3044//3044 3045//3045
f 2996//2996 3045//3045 2997//2997
f 2997//2997 3045//3045 3046//3046
f 2997//2997 3046//3046 2998//2998
f 2998//2998 3046//3046 3047//3047
f 2998//2998 3047//3047 2999//2999
f 2999//2999 3047//3047 3048//3048
f 2999//2999 3048//3048 3000//3000
f 3000//3000 3048//3048 3049//3049
f 3000//3000 3049//3049 3001//3001
f 3001//3001 3049//3049 3050//3050
f 3001//3001 3050//3050 3002//3002
f 3002//3002 3050//3050 3051//3051
f 3002//3002 3051//3051 3003//3003
f 3003//3003 3051//3051 3052//3052
f 3003//3003 3052//3052 3004//3004
f 3004//3004 3052//3052 3053//3053
f 3004//3004 3053//3053 3005//3005
f 3005//3005 3053//3053 3054//3054
f 3005//3005 3054//3054 3006//3006
f 3006//3006 3054//3054 3055//3055
f 3006//3006 3055//3055 3007//3007
f 3007//3007 3055//3055 3056//3056
f 3007//3007 3056//3056 3008//3008
f 3008//3008 3056//3056 3057//3057
f 3008//3008 3057//3057 3009//3009
f 3009//3009 3057//3057 3058//3058
f 3009//3009 3058//3058 3010//3010
f 3010//3010 3058//3058 3059//3059
f 3010//3010 3059//3059 3011//3011
f 3011//3011 3059//3059 3060//3060
f 3011//3011 3060//3060 3012//3012
f 3012//3012 3060//3060 3061//3061
f 3012//3012 3061//3061 3013//3013
f 3013//3013 3061//3061 3062//3062
f 3013//3013 3062//3062 3014//3014
f 3014//3014 3062//3062 3063//3063
f 3014//3014 3063//3063 3015//3015
f 3015//3015 3063//3063 3064//3064
f 3015//3015 3064//3064 3016//3016
f 3016//3016 3064//3064 3065//3065
f 3016//3016 3065//3065 3017//3017
f 3017//3017 3065//3065 3066//3066
f 3017//3017 3066//3066 3018//3018
f 3018//3018 3066//3066 3067//3067
f 3018//3018 3067//3067 3019//3019
f 3019//3019 3067//3067 3068//3068
f 3019//3019 3068//3068 3020//3020
f 3020//3020 3068//3068 3069//3069
f 3020//3020 3069//3069 3021//3021
f 3021//3021 3069//3069 3070//3070
f 3021//3021 3070//3070 3022//3022
f 3022//3022 3070//3070 3071//3071
f 3022//3022 3071//3071 3023//3023
f 3023//3023 3071//3071 3072//3072
f 3023//3023 3072//3072 3024//3024
f 3024//3024 3072//3072 3025//3025
f 3024//3024 3025//3025 2977//2977
usemtl bin_32
f 3025//3025 3073//3073 3074//3074
f 3025//3025 3074//3074 3026//3026
f 3026//3026 3074//3074 3075//3075
f 3026//3026 3075//3075 3027//3027
f 3027//3027 3075//3075 3076//3076
f 3027//3027 3076//3076 3028//3028
f 3028//3028 3076//3076 3077//3077
f 3028//3028 3077//3077 3029//3029
f 3029//3029 3077//3077 3078//3078
f 3029//3029 3078//3078 3030//3030
f 3030//3030 3078//3078 3079//3079
f 3030//3030 3079//3079 3031//3031
f 3031//3031 3079//3079 3080//3080
f 3031//3031 3080//3080 3032//3032
f 3032//3032 3080//3080 3081//3081
f 3032//3032 3081//3081 3033//3033
f 3033//3033 3081//3081 3082//3082
f 3033//3033 3082//3082 3034//3034
f 3034//3034 3082//3082 3083//3083
f 3034//3034 3083//3083 3035//3035
f 3035//3035 3083//3083 3084//3084
f 3035//3035 3084//3084 3036//3036
f 3036//3036 3084//3084 3085//3085
f 3036//3036 3085//3085 3037//3037
f 3037//3037 3085//3085 3086//3086
f 3037//3037 3086//3086 3038//3038
f 3038//3038 3086//3086 3087//3087
f 3038//3038 3087//3087 3039//3039
f 3039//3039 3087//3087 3088//3088
f 3039//3039 3088//3088 3040//3040
f 3040//3040 3088//3088 3089//3089
f 3040//3040 3089//3089 3041//3041
f 3041//3041 3089//3089 3090//3090
f 3041//3041 3090//3090 3042//3042
f 3042//3042 3090//3090 3091//3091
f 3042//3042 3091//3091 3043//3043
f 3043//3043 3091//3091 3092//3092
f 3043//3043 3092//3092 3044//3044
f 3044//3044 3092//3092 3093//3093
f 3044//3044 3093//3093 3045//3045
f 3045//3045 3093//3093 3094//3094
f 3045//3045 3094//3094 3046//3046
f 3046//3046 3094//3094 3095//3095
f 3046//3046 3095//3095 3047//3047
f 3047//3047 3095//3095 3096//3096
f 3047//3047 3096//3096 3048//3048
f 3048//3048 3096//3096 3097//3097
f 3048//3048 3097//3097 3049//3049
f 3049//3049 3097//3097 3098//3098
f 3049//3049 3098//3098 3050//3050
f 3050//3050 3098//3098 3099//3099
f 3050//3050 3099//3099 3051//3051
f 3051//3051 3099//3099 3100//3100
f 3051//3051 3100//3100 3052//3052
f 3052//3052 3100//3100 3101//3101
f 3052//3052 3101//3101 3053//3053
f 3053//3053 3101//3101 3102//3102
f 3053//3053 3102//3102 3054//3054
f 3054//3054 3102//3102 3103//3103
f 3054//3054 3103//3103 3055//3055
f 3055//3055 3103//3103 3104//3104
f 3055//3055 3104//3104 3056//3056
f 3056//3056 3104//3104 3105//3105
f 3056//3056 3105//3105 3057//3057
f 3057//3057 3105//3105 3106//3106
f 3057//3057 3106//3106 3058//3058
f 3058//3058 3106//3106 3107//3107
f 3058//3058 3107//3107 3059//3059
f 3059//3059 3107//3107 3108//3108
f 3059//3059 3108//3108 3060//3060
f 3060//3060 3108//3108 3109//3109
f 3060//3060 3109//3109 3061//3061
f 3061//3061 3109//3109 3110//3110
f 3061//3061 3110//3110 3062//3062
f 3062//3062 3110//3110 3111//3111
f 3062//3062 3111//3111 3063//3063
f 3063//3063 3111//3111 3112//3112
f 3063//3063 3112//3112 3064//3064
f 3064//3064 3112//3112 3113//3113
f 3064//3064 3113//3113 3065//3065
f 3065//3065 3113//3113 3114//3114
f 3065//3065 3114//3114 3066//3066
f 3066//3066 3114//3114 3115//3115
f 3066//3066 3115//3115 3067//3067
f 3067//3067 3115//3115 3116//3116
f 3067//3067 3116//3116 3068//3068
f 3068//3068 3116//3116 3117//3117
f 3068//3068 3117//3117 3069//3069
f 3069//3069 3117//3117 3118//3118
f 3069//3069 3118//3118 3070//3070
f 3070//3070 3118//3118 3119//3119
f 3070//3070 3119//3119 3071//3071
f 3071//3071 3119//3119 3120//3120
f 3071//3071 3120//3120 3072//3072
f 3072//3072 3120//3120 3073//3073
f 3072//3072 3073//3073 3025//3025
f 3073//3073 3121//3121 3122//3122
f 3073//3073 3122//3122 3074//3074
f 3074//3074 3122//3122 3123//3123
f 3074//3074 3123//3123 3075//3075
f 3075//3075 3123//3123 3124//3124
f 3075//3075 3124//3124 3076//3076
f 3076//3076 3124//3124 3125//3125
f 3076//3076 3125//3125 3077//3077
f 3077//3077 3125//3125 3126//3126
f 3077//3077 3126//3126 3078//3078
f 3078//3078 3126//3126 3127//3127
f 3078//3078 3127//3127 3079//3079
f 3079//3079 3127//3127 3128//3128
f 3079//3079 3128//3128 3080//3080
f 3080//3080 3128//3128 3129//3129
f 3080//3080 3129//3129 3081//3081
f 3081//3081 3129//3129 3130//3130
f 3081//3081 3130//3130 3082//3082
f 3082//3082 3130//3130 3131//3131
f 3082//3082 3131//3131 3083//3083
f 3083//3083 3131//3131 3132//3132
f 3083//3083 3132//3132 3084//3084
f 3084//3084 3132//3132 3133//3133
f 3084//3084 3133//3133 3085//3085
f 3085//3085 3133//3133 3134//3134
f 3085//3085 3134//3134 3086//3086
f 3086//3086 3134//3134 3135//3135
f 3086//3086 3135//3135 3087//3087
f 3087//3087 3135//3135 3136//3136
f 3087//3087 3136//3136 3088//3088
f 3088//3088 3136//3136 3137//3137
f 3088//3088 3137//3137 3089//3089
f 3089//3089 3137//3137 3138//3138
f 3089//3089 3138//3138 3090//3090
f 3090//3090 3138//3138 3139//3139
f 3090//3090 3139//3139 3091//3091
f 3091//3091 3139//3139 3140//3140
f 3091//3091 3140//3140 3092//3092
f 3092//3092 3140//3140 3141//3141
f 3092//3092 3141//3141 3093//3093
f 3093//3093 3141//3141 3142//3142
f 3093//3093 3142//3142 3094//3094
f 3094//3094 3142//3142 3143//3143
f 3094//3094 3143//3143 3095//3095
f 3095//3095 3143//3143 3144//3144
f 3095//3095 3144//3144 3096//3096
f 3096//3096 3144//3144 3145//3145
f 3096//3096 3145//3145 3097//3097
f 3097//3097 3145//3145 3146//3146
f 3097//3097 3146//3146 3098//3098
f 3098//3098 3146//3146 3147//3147
f 3098//3098 3147//3147 3099//3099
f 3099//3099 3147//3147 3148//3148
f 3099//3099 3148//3148 3100//3100
f 3100//3100 3148//3148 3149//3149
f 3100//3100 3149//3149 3101//3101
f 3101//3101 3149//3149 3150//3150
f 3101//3101 3150//3150 3102//3102
f 3102//3102 3150//3150 3151//3151
f 3102//3102 3151//3151 3103//3103
f 3103//3103 3151//3151 3152//3152
f 3103//3103 3152//3152 3104//3104
f 3104//3104 3152//3152 3153//3153
f 3104//3104 3153//3153 3105//3105
f 3105//3105 3153//3153 3154//3154
f 3105//3105 3154//3154 3106//3106
f 3106//3106 3154//3154 3155//3155
f 3106//3106 3155//3155 3107//3107
f 3107//3107 3155//3155 3156//3156
f 3107//3107 3156//3156 3108//3108
f 3108//3108 3156//3156 3157//3157
f 3108//3108 3157//3157 3109//3109
f 3109//3109 3157//3157 3158//3158
f 3109//3109 3158//3158 3110//3110
f 3110//3110 3158//3158 3159//3159
f 3110//3110 3159//3159 3111//3111
f 3111//3111 3159//3159 3160//3160
f 3111//3111 3160//3160 3112//3112
f 3112//3112 3160//3160 3161//3161
f 3112//3112 3161//3161 3113//3113
f 3113//3113 3161//3161 3162//3162
f 3113//3113 3162//3162 3114//3114
f 3114//3114 3162//3162 3163//3163
f 3114//3114 3163//3163 3115//3115
f 3115//3115 3163//3163 3164//3164
f 3115//3115 3164//3164 3116//3116
f 3116//3116 3164//3164 3165//3165
f 3116//3116 3165//3165 3117//3117
f 3117//3117 3165//3165 3166//3166
f 3117//3117 3166//3166 3118//3118
f 3118//3118 3166//3166 3167//3167
f 3118//3118 3167//3167 3119//3119
f 3119//3119 3167//3167 3168//3168
f 3119//3119 3168//3168 3120//3120
f 3120//3120 3168//3168 3121//3121
f 3120//3120 3121//3121 3073//3073
f 3121//3121 3169//3169 3170//3170
f 3121//3121 3170//3170 3122//3122
f 3122//3122 3170//3170 3171//3171
f 3122//3122 3171//3171 3123//3123
f 3123//3123 3171//3171 3172//3172
f 3123//3123 3172//3172 3124//3124
f 3124//3124 3172//3172 3173//3173
f 3124//3124 3173//3173 3125//3125
f 3125//3125 3173//3173 3174//3174
f 3125//3125 3174//3174 3126//3126
f 3126//3126 3174//3174 3175//3175
f 3126//3126 3175//3175 3127//3127
f 3127//3127 3175//3175 3176//3176
f 3127//3127 3176//3176 3128//3128
f 3128//3128 3176//3176 3177//3177
f 3128//3128 3177//3177 3129//3129
f 3129//3129 3177//3177 3178//3178
f 3129//3129 3178//3178 3130//3130
f 3130//3130 3178//3178 3179//3179
f 3130//3130 3179//3179 3131//3131
f 3131//3131 3179//3179 3180//3180
f 3131//3131 3180//3180 3132//3132
f 3132//3132 3180//3180 3181//3181
f 3132//3132 3181//3181 3133//3133
f 3133//3133 3181//3181 3182//3182
f 3133//3133 3182//3182 3134//3134
f 3134//3134 3182//3182 3183//3183
f 3134//3134 3183//3183 3135//3135
f 3135//3135 3183//3183 3184//3184
f 3135//3135 3184//3184 3136//3136
f 3136//3136 3184//3184 3185//3185
f 3136//3136 3185//3185 3137//3137
f 3137//3137 3185//3185 3186//3186
f 3137//3137 3186//3186 3138//3138
f 3138//3138 3186//3186 3187//3187
f 3138//3138 3187//3187 3139//3139
f 3139//3139 3187//3187 3188//3188
f 3139//3139 3188//3188 3140//3140
f 3140//3140 3188//3188 3189//3189
f 3140//3140 3189//3189 3141//3141
f 3141//3141 3189//3189 3190//3190
f 3141//3141 3190//3190 3142//3142
f 3142//3142 3190//3190 3191//3191
f 3142//3142 3191//3191 3143//3143
f 3143//3143 3191//3191 3192//3192
f 3143//3143 3192//3192 3144//3144
f 3144//3144 3192//3192 3193//3193
f 3144//3144 3193//3193 3145//3145
f 3145//3145 3193//3193 3194//3194
f 3145//3145 3194//3194 3146//3146
f 3146//3146 3194//3194 3195//3195
f 3146//3146 3195//3195 3147//3147
f 3147//3147 3195//3195 3196//3196
f 3147//3147 3196//3196 3148//3148
f 3148//3148 3196//3196 3197//3197
f 3148//3148 3197//3197 3149//3149
f 3149//3149 3197//3197 3198//3198
f 3149//3149 3198//3198 3150//3150
f 3150//3150 3198//3198 3199//3199
f 3150//3150 3199//3199 3151//3151
f 3151//3151 3199//3199 3200//3200
f 3151//3151 3200//3200 3152//3152
f 3152//3152 3200//3200 3201//3201
f 3152//3152 3201//3201 3153//3153
f 3153//3153 3201//3201 3202//3202
f 3153//3153 3202//3202 3154//3154
f 3154//3154 3202//3202 3203//3203
f 3154//3154 3203//3203 3155//3155
f 3155//3155 3203//3203 3204//3204
f 3155//3155 3204//3204 3156//3156
f 3156//3156 3204//3204 3205//3205
f 3156//3156 3205//3205 3157//3157
f 3157//3157 3205//3205 3206//3206
f 3157//3157 3206//3206 3158//3158
f 3158//3158 3206//3206 3207//3207
f 3158//3158 3207//3207 3159//3159
f 3159//3159 3207//3207 3208//3208
f 3159//3159 3208//3208 3160//3160
f 3160//3160 3208//3208 3209//3209
f 3160//3160 3209//3209 3161//3161
f 3161//3161 3209//3209 3210//3210
f 3161//3161 3210//3210 3162//3162
f 3162//3162 3210//3210 3211//3211
f 3162//3162 3211//3211 3163//3163
f 3163//3163 3211//3211 3212//3212
f 3163//3163 3212//3212 3164//3164
f 3164//3164 3212//3212 3213//3213
f 3164//3164 3213//3213 3165//3165
f 3165//3165 3213//3213 3214//3214
f 3165//3165 3214//3214 3166//3166
f 3166//3166 3214//3214 3215//3215
f 3166//3166 3215//3215 3167//3167
f 3167//3167 3215//3215 3216//3216
f 3167//3167 3216//3216 3168//3168
f 3168//3168 3216//3216 3169//3169
f 3168//3168 3169//3169 3121//3121
usemtl bin_31
f 3169//3169 3217//3217 3218//3218
f 3169//3169 3218//3218 3170//3170
f 3170//3170 3218//3218 3219//3219
f 3170//3170 3219//3219 3171//3171
f 3171//3171 3219//3219 3220//3220
f 3171//3171 3220//3220 3172//3172
f 3172//3172 3220//3220 3221//3221
f 3172//3172 3221//3221 3173//3173
f 3173//3173 3221//3221 3222//3222
f 3173//3173 3222//3222 3174//3174
f 3174//3174 3222//3222 3223//3223
f 3174//3174 3223//3223 3175//3175
f 3175//3175 3223//3223 3224//3224
f 3175//3175 3224//3224 3176//3176
f 3176//3176 3224//3224 3225//3225
f 3176//3176 3225//3225 3177//3177
f 3177//3177 3225//3225 3226//3226
f 3177//3177 3226//3226 3178//3178
f 3178//3178 3226//3226 3227//3227
f 3178//3178 3227//3227 3179//3179
f 3179//3179 3227//3227 3228//3228
f 3179//3179 3228//3228 3180//3180
f 3180//3180 3228//3228 3229//3229
f 3180//3180 3229//3229 3181//3181
f 3181//3181 3229//3229 3230//3230
f 3181//3181 3230//3230 3182//3182
f 3182//3182 3230//3230 3231//3231
f 3182//3182 3231//3231 3183//3183
f 3183//3183 3231//3231 3232//3232
f 3183//3183 3232//3232 3184//3184
f 3184//3184 3232//3232 3233//3233
f 3184//3184 3233//3233 3185//3185
f 3185//3185 3233//3233 3234//3234
f 3185//3185 3234//3234 3186//3186
f 3186//3186 3234//3234 3235//3235
f 3186//3186 3235//3235 3187//3187
f 3187//3187 3235//3235 3236//3236
f 3187//3187 3236//3236 3188//3188
f 3188//3188 3236//3236 3237//3237
f 3188//3188 3237//3237 3189//3189
f 3189//3189 3237//3237 3238//3238
f 3189//3189 3238//3238 3190//3190
f 3190//3190 3238//3238 3239//3239
f 3190//3190 3239//3239 3191//3191
f 3191//3191 3239//3239 3240//3240
f 3191//3191 3240//3240 3192//3192
f 3192//3192 3240//3240 3241//3241
f 3192//3192 3241//3241 3193//3193
f 3193//3193 3241//3241 3242//3242
f 3193//3193 3242//3242 3194//3194
f 3194//3194 3242//3242 3243//3243
f 3194//3194 3243//3243 3195//3195
f 3195//3195 3243//3243 3244//3244
f 3195//3195 3244//3244 3196//3196
f 3196//3196 3244//3244 3245//3245
f 3196//3196 3245//3245 3197//3197
f 3197//3197 3245//3245 3246//3246
f 3197//3197 3246//3246 3198//3198
f 3198//3198 3246//3246 3247//3247
f 3198//3198 3247//3247 3199//3199
f 3199//3199 3247//3247 3248//3248
f 3199//3199 3248//3248 3200//3200
f 3200//3200 3248//3248 3249//3249
f 3200//3200 3249//3249 3201//3201
f 3201//3201 3249//3249 3250//3250
f 3201//3201 3250//3250 3202//3202
f 3202//3202 3250//3250 3251//3251
f 3202//3202 3251//3251 3203//3203
f 3203//3203 3251//3251 3252//3252
f 3203//3203 3252//3252 3204//3204
f 3204//3204 3252//3252 3253//3253
f 3204//3204 3253//3253 3205//3205
f 3205//3205 3253//3253 3254//3254
f 3205//3205 3254//3254 3206//3206
f 3206//3206 3254//3254 3255//3255
f 3206//3206 3255//3255 3207//3207
f 3207//3207 3255//3255 3256//3256
f 3207//3207 3256//3256 3208//3208
f 3208//3208 3256//3256 3257//3257
f 3208//3208 3257//3257 3209//3209
f 3209//3209 3257//3257 3258//3258
f 3209//3209 3258//3258 3210//3210
f 3210//3210 3258//3258 3259//3259
f 3210//3210 3259//3259 3211//3211
f 3211//3211 3259//3259 3260//3260
f 3211//3211 3260//3260 3212//3212
f 3212//3212 3260//3260 3261//3261
f 3212//3212 3261//3261 3213//3213
f 3213//3213 3261//3261 3262//3262
f 3213//3213 3262//3262 3214//3214
f 3214//3214 3262//3262 3263//3263
f 3214//3214 3263//3263 3215//3215
f 3215//3215 3263//3263 3264//3264
f 3215//3215 3264//3264 3216//3216
f 3216//3216 3264//3264 3217//3217
f 3216//3216 3217//3217 3169//3169
f 3217//3217 3265//3265 3266//3266
f 3217//3217 3266//3266 3218//3218
f 3218//3218 3266//3266 3267//3267
f 3218//3218 3267//3267 3219//3219
f 3219//3219 3267//3267 3268//3268
f 3219//3219 3268//3268 3220//3220
f 3220//3220 3268//3268 3269//3269
f 3220//3220 3269//3269 3221//3221
f 3221//3221 3269//3269 3270//3270
f 3221//3221 3270//3270 3222//3222
f 3222//3222 3270//3270 3271//3271
f 3222//3222 3271//3271 3223//3223
f 3223//3223 3271//3271 3272//3272
f 3223//3223 3272//3272 3224//3224
f 3224//3224 3272//3272 3273//3273
f 3224//3224 3273//3273 3225//3225
f 3225//3225 3273//3273 3274//3274
f 3225//3225 3274//3274 3226//3226
f 3226//3226 3274//3274 3275//3275
f 3226//3226 3275//3275 3227//3227
f 3227//3227 3275//3275 3276//3276
f 3227//3227 3276//3276 3228//3228
f 3228//3228 3276//3276 3277//3277
f 3228//3228 3277//3277 3229//3229
f 3229//3229 3277//3277 3278//3278
f 3229//3229 3278//3278 3230//3230
f 3230//3230 3278//3278 3279//3279
f 3230//3230 3279//3279 3231//3231
f 3231//3231 3279//3279 3280//3280
f 3231//3231 3280//3280 3232//3232
f 3232//3232 3280//3280 3281//3281
f 3232//3232 3281//3281 3233//3233
f 3233//3233 3281//3281 3282//3282
f 3233//3233 3282//3282 3234//3234
f 3234//3234 3282//3282 3283//3283
f 3234//3234 3283//3283 3235//3235
f 3235//3235 3283//3283 3284//3284
f 3235//3235 3284//3284 3236//3236
f 3236//3236 3284//3284 3285//3285
f 3236//3236 3285//3285 3237//3237
f 3237//3237 3285//3285 3286//3286
f 3237//3237 3286//3286 3238//3238
f 3238//3238 3286//3286 3287//3287
f 3238//3238 3287//3287 3239//3239
f 3239//3239 3287//3287 3288//3288
f 3239//3239 3288//3288 3240//3240
f 3240//3240 3288//3288 3289//3289
f 3240//3240 3289//3289 3241//3241
f 3241//3241 3289//3289 3290//3290
f 3241//3241 3290//3290 3242//3242
f 3242//3242 3290//3290 3291//3291
f 3242//3242 3291//3291 3243//3243
f 3243//3243 3291//3291 3292//3292
f 3243//3243 3292//3292 3244//3244
f 3244//3244 3292//3292 3293//3293
f 3244//3244 3293//3293 3245//3245
f 3245//3245 3293//3293 3294//3294
f 3245//3245 3294//3294 3246//3246
f 3246//3246 3294//3294 3295//3295
f 3246//3246 3295//3295 3247//3247
f 3247//3247 3295//3295 3296//3296
f 3247//3247 3296//3296 3248//3248
f 3248//3248 3296//3296 3297//3297
f 3248//3248 3297//3297 3249//3249
f 3249//3249 3297//3297 3298//3298
f 3249//3249 3298//3298 3250//3250
f 3250//3250 3298//3298 3299//3299
f 3250//3250 3299//3299 3251//3251
f 3251//3251 3299//3299 3300//3300
f 3251//3251 3300//3300 3252//3252
f 3252//3252 3300//3300 3301//3301
f 3252//3252 3301//3301 3253//3253
f 3253//3253 3301//3301 3302//3302
f 3253//3253 3302//3302 3254//3254
f 3254//3254 3302//3302 3303//3303
f 3254//3254 3303//3303 3255//3255
f 3255//3255 3303//3303 3304//3304
f 3255//3255 3304//3304 3256//3256
f 3256//3256 3304//3304 3305//3305
f 3256//3256 3305//3305 3257//3257
f 3257//3257 3305//3305 3306//3306
f 3257//3257 3306//3306 3258//3258
f 3258//3258 3306//3306 3307//3307
f 3258//3258 3307//3307 3259//3259
f 3259//3259 3307//3307 3308//3308
f 3259//3259 3308//3308 3260//3260
f 3260//3260 3308//3308 3309//3309
f 3260//3260 3309//3309 3261//3261
f 3261//3261 3309//3309 3310//3310
f 3261//3261 3310//3310 3262//3262
f 3262//3262 3310//3310 3311//3311
f 3262//3262 3311//3311 3263//3263
f 3263//3263 3311//3311 3312//3312
f 3263//3263 3312//3312 3264//3264
f 3264//3264 3312//3312 3265//3265
f 3264//3264 3265//3265 3217//3217
usemtl bin_30
f 3265//3265 3313//3313 3314//3314
f 3265//3265 3314//3314 3266//3266
f 3266//3266 3314//3314 3315//3315
f 3266//3266 3315//3315 3267//3267
f 3267//3267 3315//3315 3316//3316
f 3267//3267 3316//3316 3268//3268
f 3268//3268 3316//3316 3317//3317
f 3268//3268 3317//3317 3269//3269
f 3269//3269 3317//3317 3318//3318
f 3269//3269 3318//3318 3270//3270
f 3270//3270 3318//3318 3319//3319
f 3270//3270 3319//3319 3271//3271
f 3271//3271 3319//3319 3320//3320
f 3271//3271 3320//3320 3272//3272
f 3272//3272 3320//3320 3321//3321
f 3272//3272 3321//3321 3273//3273
f 3273//3273 3321//3321 3322//3322
f 3273//3273 3322//3322 3274//3274
f 3274//3274 3322//3322 3323//3323
f 3274//3274 3323//3323 3275//3275
f 3275//3275 3323//3323 3324//3324
f 3275//3275 3324//3324 3276//3276
f 3276//3276 3324//3324 3325//3325
f 3276//3276 3325//3325 3277//3277
f 3277//3277 3325//3325 3326//3326
f 3277//3277 3326//3326 3278//3278
f 3278//3278 3326//3326 3327//3327
f 3278//3278 3327//3327 3279//3279
f 3279//3279 3327//3327 3328//3328
f 3279//3279 3328//3328 3280//3280
f 3280//3280 3328//3328 3329//3329
f 3280//3280 3329//3329 3281//3281
f 3281//3281 3329//3329 3330//3330
f 3281//3281 3330//3330 3282//3282
f 3282//3282 3330//3330 3331//3331
f 3282//3282 3331//3331 3283//3283
f 3283//3283 3331//3331 3332//3332
f 3283//3283 3332//3332 3284//3284
f 3284//3284 3332//3332 3333//3333
f 3284//3284 3333//3333 3285//3285
f 3285//3285 3333//3333 3334//3334
f 3285//3285 3334//3334 3286//3286
f 3286//3286 3334//3334 3335//3335
f 3286//3286 3335//3335 3287//3287
f 3287//3287 3335//3335 3336//3336
f 3287//3287 3336//3336 3288//3288
f 3288//3288 3336//3336 3337//3337
f 3288//3288 3337//3337 3289//3289
f 3289//3289 3337//3337 3338//3338
f 3289//3289 3338//3338 3290//3290
f 3290//3290 3338//3338 3339//3339
f 3290//3290 3339//3339 3291//3291
f 3291//3291 3339//3339 3340//3340
f 3291//3291 3340//3340 3292//3292
f 3292//3292 3340//3340 3341//3341
f 3292//3292 3341//3341 3293//3293
f 3293//3293 3341//3341 3342//3342
f 3293//3293 3342//3342 3294//3294
f 3294//3294 3342//3342 3343//3343
f 3294//3294 3343//3343 3295//3295
f 3295//3295 3343//3343 3344//3344
f 3295//3295 3344//3344 3296//3296
f 3296//3296 3344//3344 3345//3345
f 3296//3296 3345//3345 3297//3297
f 3297//3297 3345//3345 3346//3346
f 3297//3297 3346//3346 3298//3298
f 3298//3298 3346//3346 3347//3347
f 3298//3298 3347//3347 3299//3299
f 3299//3299 3347//3347 3348//3348
f 3299//3299 3348//3348 3300//3300
f 3300//3300 3348//3348 3349//3349
f 3300//3300 3349//3349 3301//3301
f 3301//3301 3349//3349 3350//3350
f 3301//3301 3350//3350 3302//3302
f 3302//3302 3350//3350 3351//3351
f 3302//3302 3351//3351 3303//3303
f 3303//3303 3351//3351 3352//3352
f 3303//3303 3352//3352 3304//3304
f 3304//3304 3352//3352 3353//3353
f 3304//3304 3353//3353 3305//3305
f 3305//3305 3353//3353 3354//3354
f 3305//3305 3354//3354 3306//3306
f 3306//3306 3354//3354 3355//3355
f 3306//3306 3355//3355 3307//3307
f 3307//3307 3355//3355 3356//3356
f 3307//3307 3356//3356 3308//3308
f 3308//3308 3356//3356 3357//3357
f 3308//3308 3357//3357 3309//3309
f 3309//3309 3357//3357 3358//3358
f 3309//3309 3358//3358 3310//3310
f 3310//3310 3358//3358 3359//3359
f 3310//3310 3359//3359 3311//3311
f 3311//3311 3359//3359 3360//3360
f 3311//3311 3360//3360 3312//3312
f 3312//3312 3360//3360 3313//3313
f 3312//3312 3313//3313 3265//3265
f 3313//3313 3361//3361 3362//3362
f 3313//3313 3362//3362 3314//3314
f 3314//3314 3362//3362 3363//3363
f 3314//3314 3363//3363 3315//3315
f 3315//3315 3363//3363 3364//3364
f 3315//3315 3364//3364 3316//3316
f 3316//3316 3364//3364 3365//3365
f 3316//3316 3365//3365 3317//3317
f 3317//3317 3365//3365 3366//3366
f 3317//3317 3366//3366 3318//3318
f 3318//3318 3366//3366 3367//3367
f 3318//3318 3367//3367 3319//3319
f 3319//3319 3367//3367 3368//3368
f 3319//3319 3368//3368 3320//3320
f 3320//3320 3368//3368 3369//3369
f 3320//3320 3369//3369 3321//3321
f 3321//3321 3369//3369 3370//3370
f 3321//3321 3370//3370 3322//3322
f 3322//3322 3370//3370 3371//3371
f 3322//3322 3371//3371 3323//3323
f 3323//3323 3371//3371 3372//3372
f 3323//3323 3372//3372 3324//3324
f 3324//3324 3372//3372 3373//3373
f 3324//3324 3373//3373 3325//3325
f 3325//3325 3373//3373 3374//3374
f 3325//3325 3374//3374 3326//3326
f 3326//3326 3374//3374 3375//3375
f 3326//3326 3375//3375 3327//3327
f 3327//3327 3375//3375 3376//3376
f 3327//3327 3376//3376 3328//3328
f 3328//3328 3376//3376 3377//3377
f 3328//3328 3377//3377 3329//3329
f 3329//3329 3377//3377 3378//3378
f 3329//3329 3378//3378 3330//3330
f 3330//3330 3378//3378 3379//3379
f 3330//3330 3379//3379 3331//3331
f 3331//3331 3379//3379 3380//3380
f 3331//3331 3380//3380 3332//3332
f 3332//3332 3380//3380 3381//3381
f 3332//3332 3381//3381 3333//3333
f 3333//3333 3381//3381 3382//3382
f 3333//3333 3382//3382 3334//3334
f 3334//3334 3382//3382 3383//3383
f 3334//3334 3383//3383 3335//3335
f 3335//3335 3383//3383 3384//3384
f 3335//3335 3384//3384 3336//3336
f 3336//3336 3384//3384 3385//3385
f 3336//3336 3385//3385 3337//3337
f 3337//3337 3385//3385 3386//3386
f 3337//3337 3386//3386 3338//3338
f 3338//3338 3386//3386 3387//3387
f 3338//3338 3387//3387 3339//3339
f 3339//3339 3387//3387 3388//3388
f 3339//3339 3388//3388 3340//3340
f 3340//3340 3388//3388 3389//3389
f 3340//3340 3389//3389 3341//3341
f 3341//3341 3389//3389 3390//3390
f 3341//3341 3390//3390 3342//3342
f 3342//3342 3390//3390 3391//3391
f 3342//3342 3391//3391 3343//3343
f 3343//3343 3391//3391 3392//3392
f 3343//3343 3392//3392 3344//3344
f 3344//3344 3392//3392 3393//3393
f 3344//3344 3393//3393 3345//3345
f 3345//3345 3393//3393 3394//3394
f 3345//3345 3394//3394 3346//3346
f 3346//3346 3394//3394 3395//3395
f 3346//3346 3395//3395 3347//3347
f 3347//3347 3395//3395 3396//3396
f 3347//3347 3396//3396 3348//3348
f 3348//3348 3396//3396 3397//3397
f 3348//3348 3397//3397 3349//3349
f 3349//3349 3397//3397 3398//3398
f 3349//3349 3398//3398 3350//3350
f 3350//3350 3398//3398 3399//3399
f 3350//3350 3399//3399 3351//3351
f 3351//3351 3399//3399 3400//3400
f 3351//3351 3400//3400 3352//3352
f 3352//3352 3400//3400 3401//3401
f 3352//3352 3401//3401 3353//3353
f 3353//3353 3401//3401 3402//3402
f 3353//3353 3402//3402 3354//3354
f 3354//3354 3402//3402 3403//3403
f 3354//3354 3403//3403 3355//3355
f 3355//3355 3403//3403 3404//3404
f 3355//3355 3404//3404 3356//3356
f 3356//3356 3404//3404 3405//3405
f 3356//3356 3405//3405 3357//3357
f 3357//3357 3405//3405 3406//3406
f 3357//3357 3406//3406 3358//3358
f 3358//3358 3406//3406 3407//3407
f 3358//3358 3407//3407 3359//3359
f 3359//3359 3407//3407 3408//3408
f 3359//3359 3408//3408 3360//3360
f 3360//3360 3408//3408 3361//3361
f 3360//3360 3361//3361 3313//3313
f 3361//3361 3409//3409 3410//3410
f 3361//3361 3410//3410 3362//3362
f 3362//3362 3410//3410 3411//3411
f 3362//3362 3411//3411 3363//3363
f 3363//3363 3411//3411 3412//3412
f 3363//3363 3412//3412 3364//3364
f 3364//3364 3412//3412 3413//3413
f 3364//3364 3413//3413 3365//3365
f 3365//3365 3413//3413 3414//3414
f 3365//3365 3414//3414 3366//3366
f 3366//3366 3414//3414 3415//3415
f 3366//3366 3415//3415 3367//3367
f 3367//3367 3415//3415 3416//3416
f 3367//3367 3416//3416 3368//3368
f 3368//3368 3416//3416 3417//3417
f 3368//3368 3417//3417 3369//3369
f 3369//3369 3417//3417 3418//3418
f 3369//3369 3418//3418 3370//3370
f 3370//3370 3418//3418 3419//3419
f 3370//3370 3419//3419 3371//3371
f 3371//3371 3419//3419 3420//3420
f 3371//3371 3420//3420 3372//3372
f 3372//3372 3420//3420 3421//3421
f 3372//3372 3421//3421 3373//3373
f 3373//3373 3421//3421 3422//3422
f 3373//3373 3422//3422 3374//3374
f 3374//3374 3422//3422 3423//3423
f 3374//3374 3423//3423 3375//3375
f 3375//3375 3423//3423 3424//3424
f 3375//3375 3424//3424 3376//3376
f 3376//3376 3424//3424 3425//3425
f 3376//3376 3425//3425 3377//3377
f 3377//3377 3425//3425 3426//3426
f 3377//3377 3426//3426 3378//3378
f 3378//3378 3426//3426 3427//3427
f 3378//3378 3427//3427 3379//3379
f 3379//3379 3427//3427 3428//3428
f 3379//3379 3428//3428 3380//3380
f 3380//3380 3428//3428 3429//3429
f 3380//3380 3429//3429 3381//3381
f 3381//3381 3429//3429 3430//3430
f 3381//3381 3430//3430 3382//3382
f 3382//3382 3430//3430 3431//3431
f 3382//3382 3431//3431 3383//3383
f 3383//3383 3431//3431 3432//3432
f 3383//3383 3432//3432 3384//3384
f 3384//3384 3432//3432 3433//3433
f 3384//3384 3433//3433 3385//3385
f 3385//3385 3433//3433 3434//3434
f 3385//3385 3434//3434 3386//3386
f 3386//3386 3434//3434 3435//3435
f 3386//3386 3435//3435 3387//3387
f 3387//3387 3435//3435 3436//3436
f 3387//3387 3436//3436 3388//3388
f 3388//3388 3436//3436 3437//3437
f 3388//3388 3437//3437 3389//3389
f 3389//3389 3437//3437 3438//3438
f 3389//3389 3438//3438 3390//3390
f 3390//3390 3438//3438 3439//3439
f 3390//3390 3439//3439 3391//3391
f 3391//3391 3439//3439 3440//3440
f 3391//3391 3440//3440 3392//3392
f 3392//3392 3440//3440 3441//3441
f 3392//3392 3441//3441 3393//3393
f 3393//3393 3441//3441 3442//3442
f 3393//3393 3442//3442 3394//3394
f 3394//3394 3442//3442 3443//3443
f 3394//3394 3443//3443 3395//3395
f 3395//3395 3443//3443 3444//3444
f 3395//3395 3444//3444 3396//3396
f 3396//3396 3444//3444 3445//3445
f 3396//3396 3445//3445 3397//3397
f 3397//3397 3445//3445 3446//3446
f 3397//3397 3446//3446 3398//3398
f 3398//3398 3446//3446 3447//3447
f 3398//3398 3447//3447 3399//3399
f 3399//3399 3447//3447 3448//3448
f 3399//3399 3448//3448 3400//3400
f 3400//3400 3448//3448 3449//3449
f 3400//3400 3449//3449 3401//3401
f 3401//3401 3449//3449 3450//3450
f 3401//3401 3450//3450 3402//3402
f 3402//3402 3450//3450 3451//3451
f 3402//3402 3451//3451 3403//3403
f 3403//3403 3451//3451 3452//3452
f 3403//3403 3452//3452 3404//3404
f 3404//3404 3452//3452 3453//3453
f 3404//3404 3453//3453 3405//3405
f 3405//3405 3453//3453 3454//3454
f 3405//3405 3454//3454 3406//3406
f 3406//3406 3454//3454 3455//3455
f 3406//3406 3455//3455 3407//3407
f 3407//3407 3455//3455 3456//3456
f 3407//3407 3456//3456 3408//3408
f 3408//3408 3456//3456 3409//3409
f 3408//3408 3409//3409 3361//3361
f 3409//3409 3457//3457 3458//3458
f 3409//3409 3458//3458 3410//3410
f 3410//3410 3458//3458 3459//3459
f 3410//3410 3459//3459 3411//3411
f 3411//3411 3459//3459 3460//3460
f 3411//3411 3460//3460 3412//3412
f 3412//3412 3460//3460 3461//3461
f 3412//3412 3461//3461 3413//3413
f 3413//3413 3461//3461 3462//3462
f 3413//3413 3462//3462 3414//3414
f 3414//3414 3462//3462 3463//3463
f 3414//3414 3463//3463 3415//3415
f 3415//3415 3463//3463 3464//3464
f 3415//3415 3464//3464 3416//3416
f 3416//3416 3464//3464 3465//3465
f 3416//3416 3465//3465 3417//3417
f 3417//3417 3465//3465 3466//3466
f 3417//3417 3466//3466 3418//3418
f 3418//3418 3466//3466 3467//3467
f 3418//3418 3467//3467 3419//3419
f 3419//3419 3467//3467 3468//3468
f 3419//3419 3468//3468 3420//3420
f 3420//3420 3468//3468 3469//3469
f 3420//3420 3469//3469 3421//3421
f 3421//3421 3469//3469 3470//3470
f 3421//3421 3470//3470 3422//3422
f 3422//3422 3470//3470 3471//3471
f 3422//3422 3471//3471 3423//3423
f 3423//3423 3471//3471 3472//3472
f 3423//3423 3472//3472 3424//3424
f 3424//3424 3472//3472 3473//3473
f 3424//3424 3473//3473 3425//3425
f 3425//3425 3473//3473 3474//3474
f 3425//3425 3474//3474 3426//3426
f 3426//3426 3474//3474 3475//3475
f 3426//3426 3475//3475 3427//3427
f 3427//3427 3475//3475 3476//3476
f 3427//3427 3476//3476 3428//3428
f 3428//3428 3476//3476 3477//3477
f 3428//3428 3477//3477 3429//3429
f 3429//3429 3477//3477 3478//3478
f 3429//3429 3478//3478 3430//3430
f 3430//3430 3478//3478 3479//3479
f 3430//3430 3479//3479 3431//3431
f 3431//3431 3479//3479 3480//3480
f 3431//3431 3480//3480 3432//3432
f 3432//3432 3480//3480 3481//3481
f 3432//3432 3481//3481 3433//3433
f 3433//3433 3481//3481 3482//3482
f 3433//3433 3482//3482 3434//3434
f 3434//3434 3482//3482 3483//3483
f 3434//3434 3483//3483 3435//3435
f 3435//3435 3483//3483 3484//3484
f 3435//3435 3484//3484 3436//3436
f 3436//3436 3484//3484 3485//3485
f 3436//3436 3485//3485 3437//3437
f 3437//3437 3485//3485 3486//3486
f 3437//3437 3486//3486 3438//3438
f 3438//3438 3486//3486 3487//3487
f 3438//3438 3487//3487 3439//3439
f 3439//3439 3487//3487 3488//3488
f 3439//3439 3488//3488 3440//3440
f 3440//3440 3488//3488 3489//3489
f 3440//3440 3489//3489 3441//3441
f 3441//3441 3489//3489 3490//3490
f 3441//3441 3490//3490 3442//3442
f 3442//3442 3490//3490 3491//3491
f 3442//3442 3491//3491 3443//3443
f 3443//3443 3491//3491 3492//3492
f 3443//3443 3492//3492 3444//3444
f 3444//3444 3492//3492 3493//3493
f 3444//3444 3493//3493 3445//3445
f 3445//3445 3493//3493 3494//3494
f 3445//3445 3494//3494 3446//3446
f 3446//3446 3494//3494 3495//3495
f 3446//3446 3495//3495 3447//3447
f 3447//3447 3495//3495 3496//3496
f 3447//3447 3496//3496 3448//3448
f 3448//3448 3496//3496 3497//3497
f 3448//3448 3497//3497 3449//3449
f 3449//3449 3497//3497 3498//3498
f 3449//3449 3498//3498 3450//3450
f 3450//3450 3498//3498 3499//3499
f 3450//3450 3499//3499 3451//3451
f 3451//3451 3499//3499 3500//3500
f 3451//3451 3500//3500 3452//3452
f 3452//3452 3500//3500 3501//3501
f 3452//3452 3501//3501 3453//3453
f 3453//3453 3501//3501 3502//3502
f 3453//3453 3502//3502 3454//3454
f 3454//3454 3502//3502 3503//3503
f 3454//3454 3503//3503 3455//3455
f 3455//3455 3503//3503 3504//3504
f 3455//3455 3504//3504 3456//3456
f 3456//3456 3504//3504 3457//3457
f 3456//3456 3457//3457 3409//3409
f 3457//3457 3505//3505 3506//3506
f 3457//3457 3506//3506 3458//3458
f 3458//3458 3506//3506 3507//3507
f 3458//3458 3507//3507 3459//3459
f 3459//3459 3507//3507 3508//3508
f 3459//3459 3508//3508 3460//3460
f 3460//3460 3508//3508 3509//3509
f 3460//3460 3509//3509 3461//3461
f 3461//3461 3509//3509 3510//3510
f 3461//3461 3510//3510 3462//3462
f 3462//3462 3510//3510 3511//3511
f 3462//3462 3511//3511 3463//3463
f 3463//3463 3511//3511 3512//3512
f 3463//3463 3512//3512 3464//3464
f 3464//3464 3512//3512 3513//3513
f 3464//3464 3513//3513 3465//3465
f 3465//3465 3513//3513 3514//3514
f 3465//3465 3514//3514 3466//3466
f 3466//3466 3514//3514 3515//3515
f 3466//3466 3515//3515 3467//3467
f 3467//3467 3515//3515 3516//3516
f 3467//3467 3516//3516 3468//3468
f 3468//3468 3516//3516 3517//3517
f 3468//3468 3517//3517 3469//3469
f 3469//3469 3517//3517 3518//3518
f 3469//3469 3518//3518 3470//3470
f 3470//3470 3518//3518 3519//3519
f 3470//3470 3519//3519 3471//3471
f 3471//3471 3519//3519 3520//3520
f 3471//3471 3520//3520 3472//3472
f 3472//3472 3520//3520 3521//3521
f 3472//3472 3521//3521 3473//3473
f 3473//3473 3521//3521 3522//3522
f 3473//3473 3522//3522 3474//3474
f 3474//3474 3522//3522 3523//3523
f 3474//3474 3523//3523 3475//3475
f 3475//3475 3523//3523 3524//3524
f 3475//3475 3524//3524 3476//3476
f 3476//3476 3524//3524 3525//3525
f 3476//3476 3525//3525 3477//3477
f 3477//3477 3525//3525 3526//3526
f 3477//3477 3526//3526 3478//3478
f 3478//3478 3526//3526 3527//3527
f 3478//3478 3527//3527 3479//3479
f 3479//3479 3527//3527 3528//3528
f 3479//3479 3528//3528 3480//3480
f 3480//3480 3528//3528 3529//3529
f 3480//3480 3529//3529 3481//3481
f 3481//3481 3529//3529 3530//3530
f 3481//3481 3530//3530 3482//3482
f 3482//3482 3530//3530 3531//3531
f 3482//3482 3531//3531 3483//3483
f 3483//3483 3531//3531 3532//3532
f 3483//3483 3532//3532 3484//3484
f 3484//3484 3532//3532 3533//3533
f 3484//3484 3533//3533 3485//3485
f 3485//3485 3533//3533 3534//3534
f 3485//3485 3534//3534 3486//3486
f 3486//3486 3534//3534 3535//3535
f 3486//3486 3535//3535 3487//3487
f 3487//3487 3535//3535 3536//3536
f 3487//3487 3536//3536 3488//3488
f 3488//3488 3536//3536 3537//3537
f 3488//3488 3537//3537 3489//3489
f 3489//3489 3537//3537 3538//3538
f 3489//3489 3538//3538 3490//3490
f 3490//3490 3538//3538 3539//3539
f 3490//3490 3539//3539 3491//3491
f 3491//3491 3539//3539 3540//3540
f 3491//3491 3540//3540 3492//3492
f 3492//3492 3540//3540 3541//3541
f 3492//3492 3541//3541 3493//3493
f 3493//3493 3541//3541 3542//3542
f 3493//3493 3542//3542 3494//3494
f 3494//3494 3542//3542 3543//3543
f 3494//3494 3543//3543 3495//3495
f 3495//3495 3543//3543 3544//3544
f 3495//3495 3544//3544 3496//3496
f 3496//3496 3544//3544 3545//3545
f 3496//3496 3545//3545 3497//3497
f 3497//3497 3545//3545 3546//3546
f 3497//3497 3546//3546 3498//3498
f 3498//3498 3546//3546 3547//3547
f 3498//3498 3547//3547 3499//3499
f 3499//3499 3547//3547 3548//3548
f 3499//3499 3548//3548 3500//3500
f 3500//3500 3548//3548 3549//3549
f 3500//3500 3549//3549 3501//3501
f 3501//3501 3549//3549 3550//3550
f 3501//3501 3550//3550 3502//3502
f 3502//3502 3550//3550 3551//3551
f 3502//3502 3551//3551 3503//3503
f 3503//3503 3551//3551 3552//3552
f 3503//3503 3552//3552 3504//3504
f 3504//3504 3552//3552 3505//3505
f 3504//3504 3505//3505 3457//3457
f 3505//3505 3553//3553 3554//3554
f 3505//3505 3554//3554 3506//3506
f 3506//3506 3554//3554 3555//3555
f 3506//3506 3555//3555 3507//3507
f 3507//3507 3555//3555 3556//3556
f 3507//3507 3556//3556 3508//3508
f 3508//3508 3556//3556 3557//3557
f 3508//3508 3557//3557 3509//3509
f 3509//3509 3557//3557 3558//3558
f 3509//3509 3558//3558 3510//3510
f 3510//3510 3558//3558 3559//3559
f 3510//3510 3559//3559 3511//3511
f 3511//3511 3559//3559 3560//3560
f 3511//3511 3560//3560 3512//3512
f 3512//3512 3560//3560 3561//3561
f 3512//3512 3561//3561 3513//3513
f 3513//3513 3561//3561 3562//3562
f 3513//3513 3562//3562 3514//3514
f 3514//3514 3562//3562 3563//3563
f 3514//3514 3563//3563 3515//3515
f 3515//3515 3563//3563 3564//3564
f 3515//3515 3564//3564 3516//3516
f 3516//3516 3564//3564 3565//3565
f 3516//3516 3565//3565 3517//3517
f 3517//3517 3565//3565 3566//3566
f 3517//3517 3566//3566 3518//3518
f 3518//3518 3566//3566 3567//3567
f 3518//3518 3567//3567 3519//3519
f 3519//3519 3567//3567 3568//3568
f 3519//3519 3568//3568 3520//3520
f 3520//3520 3568//3568 3569//3569
f 3520//3520 3569//3569 3521//3521
f 3521//3521 3569//3569 3570//3570
f 3521//3521 3570//3570 3522//3522
f 3522//3522 3570//3570 3571//3571
f 3522//3522 3571//3571 3523//3523
f 3523//3523 3571//3571 3572//3572
f 3523//3523 3572//3572 3524//3524
f 3524//3524 3572//3572 3573//3573
f 3524//3524 3573//3573 3525//3525
f 3525//3525 3573//3573 3574//3574
f 3525//3525 3574//3574 3526//3526
f 3526//3526 3574//3574 3575//3575
f 3526//3526 3575//3575 3527//3527
f 3527//3527 3575//3575 3576//3576
f 3527//3527 3576//3576 3528//3528
f 3528//3528 3576//3576 3577//3577
f 3528//3528 3577//3577 3529//3529
f 3529//3529 3577//3577 3578//3578
f 3529//3529 3578//3578 3530//3530
f 3530//3530 3578//3578 3579//3579
f 3530//3530 3579//3579 3531//3531
f 3531//3531 3579//3579 3580//3580
f 3531//3531 3580//3580 3532//3532
f 3532//3532 3580//3580 3581//3581
f 3532//3532 3581//3581 3533//3533
f 3533//3533 3581//3581 3582//3582
f 3533//3533 3582//3582 3534//3534
f 3534//3534 3582//3582 3583//3583
f 3534//3534 3583//3583 3535//3535
f 3535//3535 3583//3583 3584//3584
f 3535//3535 3584//3584 3536//3536
f 3536//3536 3584//3584 3585//3585
f 3536//3536 3585//3585 3537//3537
f 3537//3537 3585//3585 3586//3586
f 3537//3537 3586//3586 3538//3538
f 3538//3538 3586//3586 3587//3587
f 3538//3538 3587//3587 3539//3539
f 3539//3539 3587//3587 3588//3588
f 3539//3539 3588//3588 3540//3540
f 3540//3540 3588//3588 3589//3589
f 3540//3540 3589//3589 3541//3541
f 3541//3541 3589//3589 3590//3590
f 3541//3541 3590//3590 3542//3542
f 3542//3542 3590//3590 3591//3591
f 3542//3542 3591//3591 3543//3543
f 3543//3543 3591//3591 3592//3592
f 3543//3543 3592//3592 3544//3544
f 3544//3544 3592//3592 3593//3593
f 3544//3544 3593//3593 3545//3545
f 3545//3545 3593//3593 3594//3594
f 3545//3545 3594//3594 3546//3546
f 3546//3546 3594//3594 3595//3595
f 3546//3546 3595//3595 3547//3547
f 3547//3547 3595//3595 3596//3596
f 3547//3547 3596//3596 3548//3548
f 3548//3548 3596//3596 3597//3597
f 3548//3548 3597//3597 3549//3549
f 3549//3549 3597//3597 3598//3598
f 3549//3549 3598//3598 3550//3550
f 3550//3550 3598//3598 3599//3599
f 3550//3550 3599//3599 3551//3551
f 3551//3551 3599//3599 3600//3600
f 3551//3551 3600//3600 3552//3552
f 3552//3552 3600//3600 3553//3553
f 3552//3552 3553//3553 3505//3505
f 3553//3553 3601//3601 3602//3602
f 3553//3553 3602//3602 3554//3554
f 3554//3554 3602//3602 3603//3603
f 3554//3554 3603//3603 3555//3555
f 3555//3555 3603//3603 3604//3604
f 3555//3555 3604//3604 3556//3556
f 3556//3556 3604//3604 3605//3605
f 3556//3556 3605//3605 3557//3557
f 3557//3557 3605//3605 3606//3606
f 3557//3557 3606//3606 3558//3558
f 3558//3558 3606//3606 3607//3607
f 3558//3558 3607//3607 3559//3559
f 3559//3559 3607//3607 3608//3608
f 3559//3559 3608//3608 3560//3560
f 3560//3560 3608//3608 3609//3609
f 3560//3560 3609//3609 3561//3561
f 3561//3561 3609//3609 3610//3610
f 3561//3561 3610//3610 3562//3562
f 3562//3562 3610//3610 3611//3611
f 3562//3562 3611//3611 3563//3563
f 3563//3563 3611//3611 3612//3612
f 3563//3563 3612//3612 3564//3564
f 3564//3564 3612//3612 3613//3613
f 3564//3564 3613//3613 3565//3565
f 3565//3565 3613//3613 3614//3614
f 3565//3565 3614//3614 3566//3566
f 3566//3566 3614//3614 3615//3615
f 3566//3566 3615//3615 3567//3567
f 3567//3567 3615//3615 3616//3616
f 3567//3567 3616//3616 3568//3568
f 3568//3568 3616//3616 3617//3617
f 3568//3568 3617//3617 3569//3569
f 3569//3569 3617//3617 3618//3618
f 3569//3569 3618//3618 3570//3570
f 3570//3570 3618//3618 3619//3619
f 3570//3570 3619//3619 3571//3571
f 3571//3571 3619//3619 3620//3620
f 3571//3571 3620//3620 3572//3572
f 3572//3572 3620//3620 3621//3621
f 3572//3572 3621//3621 3573//3573
f 3573//3573 3621//3621 3622//3622
f 3573//3573 3622//3622 3574//3574
f 3574//3574 3622//3622 3623//3623
f 3574//3574 3623//3623 3575//3575
f 3575//3575 3623//3623 3624//3624
f 3575//3575 3624//3624 3576//3576
f 3576//3576 3624//3624 3625//3625
f 3576//3576 3625//3625 3577//3577
f 3577//3577 3625//3625 3626//3626
f 3577//3577 3626//3626 3578//3578
f 3578//3578 3626//3626 3627//3627
f 3578//3578 3627//3627 3579//3579
f 3579//3579 3627//3627 3628//3628
f 3579//3579 3628//3628 3580//3580
f 3580//3580 3628//3628 3629//3629
f 3580//3580 3629//3629 3581//3581
f 3581//3581 3629//3629 3630//3630
f 3581//3581 3630//3630 3582//3582
f 3582//3582 3630//3630 3631//3631
f 3582//3582 3631//3631 3583//3583
f 3583//3583 3631//3631 3632//3632
f 3583//3583 3632//3632 3584//3584
f 3584//3584 3632//3632 3633//3633
f 3584//3584 3633//3633 3585//3585
f 3585//3585 3633//3633 3634//3634
f 3585//3585 3634//3634 3586//3586
f 3586//3586 3634//3634 3635//3635
f 3586//3586 3635//3635 3587//3587
f 3587//3587 3635//3635 3636//3636
f 3587//3587 3636//3636 3588//3588
f 3588//3588 3636//3636 3637//3637
f 3588//3588 3637//3637 3589//3589
f 3589//3589 3637//3637 3638//3638
f 3589//3589 3638//3638 3590//3590
f 3590//3590 3638//3638 3639//3639
f 3590//3590 3639//3639 3591//3591
f 3591//3591 3639//3639 3640//3640
f 3591//3591 3640//3640 3592//3592
f 3592//3592 3640//3640 3641//3641
f 3592//3592 3641//3641 3593//3593
f 3593//3593 3641//3641 3642//3642
f 3593//3593 3642//3642 3594//3594
f 3594//3594 3642//3642 3643//3643
f 3594//3594 3643//3643 3595//3595
f 3595//3595 3643//3643 3644//3644
f 3595//3595 3644//3644 3596//3596
f 3596//3596 3644//3644 3645//3645
f 3596//3596 3645//3645 3597//3597
f 3597//3597 3645//3645 3646//3646
f 3597//3597 3646//3646 3598//3598
f 3598//3598 3646//3646 3647//3647
f 3598//3598 3647//3647 3599//3599
f 3599//3599 3647//3647 3648//3648
f 3599//3599 3648//3648 3600//3600
f 3600//3600 3648//3648 3601//3601
f 3600//3600 3601//3601 3553//3553
f 3601//3601 3649//3649 3650//3650
f 3601//3601 3650//3650 3602//3602
f 3602//3602 3650//3650 3651//3651
f 3602//3602 3651//3651 3603//3603
f 3603//3603 3651//3651 3652//3652
f 3603//3603 3652//3652 3604//3604
f 3604//3604 3652//3652 3653//3653
f 3604//3604 3653//3653 3605//3605
f 3605//3605 3653//3653 3654//3654
f 3605//3605 3654//3654 3606//3606
f 3606//3606 3654//3654 3655//3655
f 3606//3606 3655//3655 3607//3607
f 3607//3607 3655//3655 3656//3656
f 3607//3607 3656//3656 3608//3608
f 3608//3608 3656//3656 3657//3657
f 3608//3608 3657//3657 3609//3609
f 3609//3609 3657//3657 3658//3658
f 3609//3609 3658//3658 3610//3610
f 3610//3610 3658//3658 3659//3659
f 3610//3610 3659//3659 3611//3611
f 3611//3611 3659//3659 3660//3660
f 3611//3611 3660//3660 3612//3612
f 3612//3612 3660//3660 3661//3661
f 3612//3612 3661//3661 3613//3613
f 3613//3613 3661//3661 3662//3662
f 3613//3613 3662//3662 3614//3614
f 3614//3614 3662//3662 3663//3663
f 3614//3614 3663//3663 3615//3615
f 3615//3615 3663//3663 3664//3664
f 3615//3615 3664//3664 3616//3616
f 3616//3616 3664//3664 3665//3665
f 3616//3616 3665//3665 3617//3617
f 3617//3617 3665//3665 3666//3666
f 3617//3617 3666//3666 3618//3618
f 3618//3618 3666//3666 3667//3667
f 3618//3618 3667//3667 3619//3619
f 3619//3619 3667//3667 3668//3668
f 3619//3619 3668//3668 3620//3620
f 3620//3620 3668//3668 3669//3669
f 3620//3620 3669//3669 3621//3621
f 3621//3621 3669//3669 3670//3670
f 3621//3621 3670//3670 3622//3622
f 3622//3622 3670//3670 3671//3671
f 3622//3622 3671//3671 3623//3623
f 3623//3623 3671//3671 3672//3672
f 3623//3623 3672//3672 3624//3624
f 3624//3624 3672//3672 3673//3673
f 3624//3624 3673//3673 3625//3625
f 3625//3625 3673//3673 3674//3674
f 3625//3625 3674//3674 3626//3626
f 3626//3626 3674//3674 3675//3675
f 3626//3626 3675//3675 3627//3627
f 3627//3627 3675//3675 3676//3676
f 3627//3627 3676//3676 3628//3628
f 3628//3628 3676//3676 3677//3677
f 3628//3628 3677//3677 3629//3629
f 3629//3629 3677//3677 3678//3678
f 3629//3629 3678//3678 3630//3630
f 3630//3630 3678//3678 3679//3679
f 3630//3630 3679//3679 3631//3631
f 3631//3631 3679//3679 3680//3680
f 3631//3631 3680//3680 3632//3632
f 3632//3632 3680//3680 3681//3681
f 3632//3632 3681//3681 3633//3633
f 3633//3633 3681//3681 3682//3682
f 3633//3633 3682//3682 3634//3634
f 3634//3634 3682//3682 3683//3683
f 3634//3634 3683//3683 3635//3635
f 3635//3635 3683//3683 3684//3684
f 3635//3635 3684//3684 3636//3636
f 3636//3636 3684//3684 3685//3685
f 3636//3636 3685//3685 3637//3637
f 3637//3637 3685//3685 3686//3686
f 3637//3637 3686//3686 3638//3638
f 3638//3638 3686//3686 3687//3687
f 3638//3638 3687//3687 3639//3639
f 3639//3639 3687//3687 3688//3688
f 3639//3639 3688//3688 3640//3640
f 3640//3640 3688//3688 3689//3689
f 3640//3640 3689//3689 3641//3641
f 3641//3641 3689//3689 3690//3690
f 3641//3641 3690//3690 3642//3642
f 3642//3642 3690//3690 3691//3691
f 3642//3642 3691//3691 3643//3643
f 3643//3643 3691//3691 3692//3692
f 3643//3643 3692//3692 3644//3644
f 3644//3644 3692//3692 3693//3693
f 3644//3644 3693//3693 3645//3645
f 3645//3645 3693//3693 3694//3694
f 3645//3645 3694//3694 3646//3646
f 3646//3646 3694//3694 3695//3695
f 3646//3646 3695//3695 3647//3647
f 3647//3647 3695//3695 3696//3696
f 3647//3647 3696//3696 3648//3648
f 3648//3648 3696//3696 3649//3649
f 3648//3648 3649//3649 3601//3601
f 3649//3649 3697//3697 3698//3698
f 3649//3649 3698//3698 3650//3650
f 3650//3650 3698//3698 3699//3699
f 3650//3650 3699//3699 3651//3651
f 3651//3651 3699//3699 3700//3700
f 3651//3651 3700//3700 3652//3652
f 3652//3652 3700//3700 3701//3701
f 3652//3652 3701//3701 3653//3653
f 3653//3653 3701//3701 3702//3702
f 3653//3653 3702//3702 3654//3654
f 3654//3654 3702//3702 3703//3703
f 3654//3654 3703//3703 3655//3655
f 3655//3655 3703//3703 3704//3704
f 3655//3655 3704//3704 3656//3656
f 3656//3656 3704//3704 3705//3705
f 3656//3656 3705//3705 3657//3657
f 3657//3657 3705//3705 3706//3706
f 3657//3657 3706//3706 3658//3658
f 3658//3658 3706//3706 3707//3707
f 3658//3658 3707//3707 3659//3659
f 3659//3659 3707//3707 3708//3708
f 3659//3659 3708//3708 3660//3660
f 3660//3660 3708//3708 3709//3709
f 3660//3660 3709//3709 3661//3661
f 3661//3661 3709//3709 3710//3710
f 3661//3661 3710//3710 3662//3662
f 3662//3662 3710//3710 3711//3711
f 3662//3662 3711//3711 3663//3663
f 3663//3663 3711//3711 3712//3712
f 3663//3663 3712//3712 3664//3664
f 3664//3664 3712//3712 3713//3713
f 3664//3664 3713//3713 3665//3665
f 3665//3665 3713//3713 3714//3714
f 3665//3665 3714//3714 3666//3666
f 3666//3666 3714//3714 3715//3715
f 3666//3666 3715//3715 3667//3667
f 3667//3667 3715//3715 3716//3716
f 3667//3667 3716//3716 3668//3668
f 3668//3668 3716//3716 3717//3717
f 3668//3668 3717//3717 3669//3669
f 3669//3669 3717//3717 3718//3718
f 3669//3669 3718//3718 3670//3670
f 3670//3670 3718//3718 3719//3719
f 3670//3670 3719//3719 3671//3671
f 3671//3671 3719//3719 3720//3720
f 3671//3671 3720//3720 3672//3672
f 3672//3672 3720//3720 3721//3721
f 3672//3672 3721//3721 3673//3673
f 3673//3673 3721//3721 3722//3722
f 3673//3673 3722//3722 3674//3674
f 3674//3674 3722//3722 3723//3723
f 3674//3674 3723//3723 3675//3675
f 3675//3675 3723//3723 3724//3724
f 3675//3675 3724//3724 3676//3676
f 3676//3676 3724//3724 3725//3725
f 3676//3676 3725//3725 3677//3677
f 3677//3677 3725//3725 3726//3726
f 3677//3677 3726//3726 3678//3678
f 3678//3678 3726//3726 3727//3727
f 3678//3678 3727//3727 3679//3679
f 3679//3679 3727//3727 3728//3728
f 3679//3679 3728//3728 3680//3680
f 3680//3680 3728//3728 3729//3729
f 3680//3680 3729//3729 3681//3681
f 3681//3681 3729//3729 3730//3730
f 3681//3681 3730//3730 3682//3682
f 3682//3682 3730//3730 3731//3731
f 3682//3682 3731//3731 3683//3683
f 3683//3683 3731//3731 3732//3732
f 3683//3683 3732//3732 3684//3684
f 3684//3684 3732//3732 3733//3733
f 3684//3684 3733//3733 3685//3685
f 3685//3685 3733//3733 3734//3734
f 3685//3685 3734//3734 3686//3686
f 3686//3686 3734//3734 3735//3735
f 3686//3686 3735//3735 3687//3687
f 3687//3687 3735//3735 3736//3736
f 3687//3687 3736//3736 3688//3688
f 3688//3688 3736//3736 3737//3737
f 3688//3688 3737//3737 3689//3689
f 3689//3689 3737//3737 3738//3738
f 3689//3689 3738//3738 3690//3690
f 3690//3690 3738//3738 3739//3739
f 3690//3690 3739//3739 3691//3691
f 3691//3691 3739//3739 3740//3740
f 3691//3691 3740//3740 3692//3692
f 3692//3692 3740//3740 3741//3741
f 3692//3692 3741//3741 3693//3693
f 3693//3693 3741//3741 3742//3742
f 3693//3693 3742//3742 3694//3694
f 3694//3694 3742//3742 3743//3743
f 3694//3694 3743//3743 3695//3695
f 3695//3695 3743//3743 3744//3744
f 3695//3695 3744//3744 3696//3696
f 3696//3696 3744//3744 3697//3697
f 3696//3696 3697//3697 3649//3649
f 3697//3697 3745//3745 3746//3746
f 3697//3697 3746//3746 3698//3698
f 3698//3698 3746//3746 3747//3747
f 3698//3698 3747//3747 3699//3699
f 3699//3699 3747//3747 3748//3748
f 3699//3699 3748//3748 3700//3700
f 3700//3700 3748//3748 3749//3749
f 3700//3700 3749//3749 3701//3701
f 3701//3701 3749//3749 3750//3750
f 3701//3701 3750//3750 3702//3702
f 3702//3702 3750//3750 3751//3751
f 3702//3702 3751//3751 3703//3703
f 3703//3703 3751//3751 3752//3752
f 3703//3703 3752//3752 3704//3704
f 3704//3704 3752//3752 3753//3753
f 3704//3704 3753//3753 3705//3705
f 3705//3705 3753//3753 3754//3754
f 3705//3705 3754//3754 3706//3706
f 3706//3706 3754//3754 3755//3755
f 3706//3706 3755//3755 3707//3707
f 3707//3707 3755//3755 3756//3756
f 3707//3707 3756//3756 3708//3708
f 3708//3708 3756//3756 3757//3757
f 3708//3708 3757//3757 3709//3709
f 3709//3709 3757//3757 3758//3758
f 3709//3709 3758//3758 3710//3710
f 3710//3710 3758//3758 3759//3759
f 3710//3710 3759//3759 3711//3711
f 3711//3711 3759//3759 3760//3760
f 3711//3711 3760//3760 3712//3712
f 3712//3712 3760//3760 3761//3761
f 3712//3712 3761//3761 3713//3713
f 3713//3713 3761//3761 3762//3762
f 3713//3713 3762//3762 3714//3714
f 3714//3714 3762//3762 3763//3763
f 3714//3714 3763//3763 3715//3715
f 3715//3715 3763//3763 3764//3764
f 3715//3715 3764//3764 3716//3716
f 3716//3716 3764//3764 3765//3765
f 3716//3716 3765//3765 3717//3717
f 3717//3717 3765//3765 3766//3766
f 3717//3717 3766//3766 3718//3718
f 3718//3718 3766//3766 3767//3767
f 3718//3718 3767//3767 3719//3719
f 3719//3719 3767//3767 3768//3768
f 3719//3719 3768//3768 3720//3720
f 3720//3720 3768//3768 3769//3769
f 3720//3720 3769//3769 3721//3721
f 3721//3721 3769//3769 3770//3770
f 3721//3721 3770//3770 3722//3722
f 3722//3722 3770//3770 3771//3771
f 3722//3722 3771//3771 3723//3723
f 3723//3723 3771//3771 3772//3772
f 3723//3723 3772//3772 3724//3724
f 3724//3724 3772//3772 3773//3773
f 3724//3724 3773//3773 3725//3725
f 3725//3725 3773//3773 3774//3774
f 3725//3725 3774//3774 3726//3726
f 3726//3726 3774//3774 3775//3775
f 3726//3726 3775//3775 3727//3727
f 3727//3727 3775//3775 3776//3776
f 3727//3727 3776//3776 3728//3728
f 3728//3728 3776//3776 3777//3777
f 3728//3728 3777//3777 3729//3729
f 3729//3729 3777//3777 3778//3778
f 3729//3729 3778//3778 3730//3730
f 3730//3730 3778//3778 3779//3779
f 3730//3730 3779//3779 3731//3731
f 3731//3731 3779//3779 3780//3780
f 3731//3731 3780//3780 3732//3732
f 3732//3732 3780//3780 3781//3781
f 3732//3732 3781//3781 3733//3733
f 3733//3733 3781//3781 3782//3782
f 3733//3733 3782//3782 3734//3734
f 3734//3734 3782//3782 3783//3783
f 3734//3734 3783//3783 3735//3735
f 3735//3735 3783//3783 3784//3784
f 3735//3735 3784//3784 3736//3736
f 3736//3736 3784//3784 3785//3785
f 3736//3736 3785//3785 3737//3737
f 3737//3737 3785//3785 3786//3786
f 3737//3737 3786//3786 3738//3738
f 3738//3738 3786//3786 3787//3787
f 3738//3738 3787//3787 3739//3739
f 3739//3739 3787//3787 3788//3788
f 3739//3739 3788//3788 3740//3740
f 3740//3740 3788//3788 3789//3789
f 3740//3740 3789//3789 3741//3741
f 3741//3741 3789//3789 3790//3790
f 3741//3741 3790//3790 3742//3742
f 3742//3742 3790//3790 3791//3791
f 3742//3742 3791//3791 3743//3743
f 3743//3743 3791//3791 3792//3792
f 3743//3743 3792//3792 3744//3744
f 3744//3744 3792//3792 3745//3745
f 3744//3744 3745//3745 3697//3697
f 3745//3745 3793//3793 3794//3794
f 3745//3745 3794//3794 3746//3746
f 3746//3746 3794//3794 3795//3795
f 3746//3746 3795//3795 3747//3747
f 3747//3747 3795//3795 3796//3796
f 3747//3747 3796//3796 3748//3748
f 3748//3748 3796//3796 3797//3797
f 3748//3748 3797//3797 3749//3749
f 3749//3749 3797//3797 3798//3798
f 3749//3749 3798//3798 3750//3750
f 3750//3750 3798//3798 3799//3799
f 3750//3750 3799//3799 3751//3751
f 3751//3751 3799//3799 3800//3800
f 3751//3751 3800//3800 3752//3752
f 3752//3752 3800//3800 3801//3801
f 3752//3752 3801//3801 3753//3753
f 3753//3753 3801//3801 3802//3802
f 3753//3753 3802//3802 3754//3754
f 3754//3754 3802//3802 3803//3803
f 3754//3754 3803//3803 3755//3755
f 3755//3755 3803//3803 3804//3804
f 3755//3755 3804//3804 3756//3756
f 3756//3756 3804//3804 3805//3805
f 3756//3756 3805//3805 3757//3757
f 3757//3757 3805//3805 3806//3806
f 3757//3757 3806//3806 3758//3758
f 3758//3758 3806//3806 3807//3807
f 3758//3758 3807//3807 3759//3759
f 3759//3759 3807//3807 3808//3808
f 3759//3759 3808//3808 3760//3760
f 3760//3760 3808//3808 3809//3809
f 3760//3760 3809//3809 3761//3761
f 3761//3761 3809//3809 3810//3810
f 3761//3761 3810//3810 3762//3762
f 3762//3762 3810//3810 3811//3811
f 3762//3762 3811//3811 3763//3763
f 3763//3763 3811//3811 3812//3812
f 3763//3763 3812//3812 3764//3764
f 3764//3764 3812//3812 3813//3813
f 3764//3764 3813//3813 3765//3765
f 3765//3765 3813//3813 3814//3814
f 3765//3765 3814//3814 3766//3766
f 3766//3766 3814//3814 3815//3815
f 3766//3766 3815//3815 3767//3767
f 3767//3767 3815//3815 3816//3816
f 3767//3767 3816//3816 3768//3768
f 3768//3768 3816//3816 3817//3817
f 3768//3768 3817//3817 3769//3769
f 3769//3769 3817//3817 3818//3818
f 3769//3769 3818//3818 3770//3770
f 3770//3770 3818//3818 3819//3819
f 3770//3770 3819//3819 3771//3771
f 3771//3771 3819//3819 3820//3820
f 3771//3771 3820//3820 3772//3772
f 3772//3772 3820//3820 3821//3821
f 3772//3772 3821//3821 3773//3773
f 3773//3773 3821//3821 3822//3822
f 3773//3773 3822//3822 3774//3774
f 3774//3774 3822//3822 3823//3823
f 3774//3774 3823//3823 3775//3775
f 3775//3775 3823//3823 3824//3824
f 3775//3775 3824//3824 3776//3776
f 3776//3776 3824//3824 3825//3825
f 3776//3776 3825//3825 3777//3777
f 3777//3777 3825//3825 3826//3826
f 3777//3777 3826//3826 3778//3778
f 3778//3778 3826//3826 3827//3827
f 3778//3778 3827//3827 3779//3779
f 3779//3779 3827//3827 3828//3828
f 3779//3779 3828//3828 3780//3780
f 3780//3780 3828//3828 3829//3829
f 3780//3780 3829//3829 3781//3781
f 3781//3781 3829//3829 3830//3830
f 3781//3781 3830//3830 3782//3782
f 3782//3782 3830//3830 3831//3831
f 3782//3782 3831//3831 3783//3783
f 3783//3783 3831//3831 3832//3832
f 3783//3783 3832//3832 3784//3784
f 3784//3784 3832//3832 3833//3833
f 3784//3784 3833//3833 3785//3785
f 3785//3785 3833//3833 3834//3834
f 3785//3785 3834//3834 3786//3786
f 3786//3786 3834//3834 3835//3835
f 3786//3786 3835//3835 3787//3787
f 3787//3787 3835//3835 3836//3836
f 3787//3787 3836//3836 3788//3788
f 3788//3788 3836//3836 3837//3837
f 3788//3788 3837//3837 3789//3789
f 3789//3789 3837//3837 3838//3838
f 3789//3789 3838//3838 3790//3790
f 3790//3790 3838//3838 3839//3839
f 3790//3790 3839//3839 3791//3791
f 3791//3791 3839//3839 3840//3840
f 3791//3791 3840//3840 3792//3792
f 3792//3792 3840//3840 3793//3793
f 3792//3792 3793//3793 3745//3745
f 3793//3793 3841//3841 3842//3842
f 3793//3793 3842//3842 3794//3794
f 3794//3794 3842//3842 3843//3843
f 3794//3794 3843//3843 3795//3795
f 3795//3795 3843//3843 3844//3844
f 3795//3795 3844//3844 3796//3796
f 3796//3796 3844//3844 3845//3845
f 3796//3796 3845//3845 3797//3797
f 3797//3797 3845//3845 3846//3846
f 3797//3797 3846//3846 3798//3798
f 3798//3798 3846//3846 3847//3847
f 3798//3798 3847//3847 3799//3799
f 3799//3799 3847//3847 3848//3848
f 3799//3799 3848//3848 3800//3800
f 3800//3800 3848//3848 3849//3849
f 3800//3800 3849//3849 3801//3801
f 3801//3801 3849//3849 3850//3850
f 3801//3801 3850//3850 3802//3802
f 3802//3802 3850//3850 3851//3851
f 3802//3802 3851//3851 3803//3803
f 3803//3803 3851//3851 3852//3852
f 3803//3803 3852//3852 3804//3804
f 3804//3804 3852//3852 3853//3853
f 3804//3804 3853//3853 3805//3805
f 3805//3805 3853//3853 3854//3854
f 3805//3805 3854//3854 3806//3806
f 3806//3806 3854//3854 3855//3855
f 3806//3806 3855//3855 3807//3807
f 3807//3807 3855//3855 3856//3856
f 3807//3807 3856//3856 3808//3808
f 3808//3808 3856//3856 3857//3857
f 3808//3808 3857//3857 3809//3809
f 3809//3809 3857//3857 3858//3858
f 3809//3809 3858//3858 3810//3810
f 3810//3810 3858//3858 3859//3859
f 3810//3810 3859//3859 3811//3811
f 3811//3811 3859//3859 3860//3860
f 3811//3811 3860//3860 3812//3812
f 3812//3812 3860//3860 3861//3861
f 3812//3812 3861//3861 3813//3813
f 3813//3813 3861//3861 3862//3862
f 3813//3813 3862//3862 3814//3814
f 3814//3814 3862//3862 3863//3863
f 3814//3814 3863//3863 3815//3815
f 3815//3815 3863//3863 3864//3864
f 3815//3815 3864//3864 3816//3816
f 3816//3816 3864//3864 3865//3865
f 3816//3816 3865//3865 3817//3817
f 3817//3817 3865//3865 3866//3866
f 3817//3817 3866//3866 3818//3818
f 3818//3818 3866//3866 3867//3867
f 3818//3818 3867//3867 3819//3819
f 3819//3819 3867//3867 3868//3868
f 3819//3819 3868//3868 3820//3820
f 3820//3820 3868//3868 3869//3869
f 3820//3820 3869//3869 3821//3821
f 3821//3821 3869//3869 3870//3870
f 3821//3821 3870//3870 3822//3822
f 3822//3822 3870//3870 3871//3871
f 3822//3822 3871//3871 3823//3823
f 3823//3823 3871//3871 3872//3872
f 3823//3823 3872//3872 3824//3824
f 3824//3824 3872//3872 3873//3873
f 3824//3824 3873//3873 3825//3825
f 3825//3825 3873//3873 3874//3874
f 3825//3825 3874//3874 3826//3826
f 3826//3826 3874//3874 3875//3875
f 3826//3826 3875//3875 3827//3827
f 3827//3827 3875//3875 3876//3876
f 3827//3827 3876//3876 3828//3828
f 3828//3828 3876//3876 3877//3877
f 3828//3828 3877//3877 3829//3829
f 3829//3829 3877//3877 3878//3878
f 3829//3829 3878//3878 3830//3830
f 3830//3830 3878//3878 3879//3879
f 3830//3830 3879//3879 3831//3831
f 3831//3831 3879//3879 3880//3880
f 3831//3831 3880//3880 3832//3832
f 3832//3832 3880//3880 3881//3881
f 3832//3832 3881//3881 3833//3833
f 3833//3833 3881//3881 3882//3882
f 3833//3833 3882//3882 3834//3834
f 3834//3834 3882//3882 3883//3883
f 3834//3834 3883//3883 3835//3835
f 3835//3835 3883//3883 3884//3884
f 3835//3835 3884//3884 3836//3836
f 3836//3836 3884//3884 3885//3885
f 3836//3836 3885//3885 3837//3837
f 3837//3837 3885//3885 3886//3886
f 3837//3837 3886//3886 3838//3838
f 3838//3838 3886//3886 3887//3887
f 3838//3838 3887//3887 3839//3839
f 3839//3839 3887//3887 3888//3888
f 3839//3839 3888//3888 3840//3840
f 3840//3840 3888//3888 3841//3841
f 3840//3840 3841//3841 3793//3793
f 3841//3841 3889//3889 3890//3890
f 3841//3841 3890//3890 3842//3842
f 3842//3842 3890//3890 3891//3891
f 3842//3842 3891//3891 3843//3843
f 3843//3843 3891//3891 3892//3892
f 3843//3843 3892//3892 3844//3844
f 3844//3844 3892//3892 3893//3893
f 3844//3844 3893//3893 3845//3845
f 3845//3845 3893//3893 3894//3894
f 3845//3845 3894//3894 3846//3846
f 3846//3846 3894//3894 3895//3895
f 3846//3846 3895//3895 3847//3847
f 3847//3847 3895//3895 3896//3896
f 3847//3847 3896//3896 3848//3848
f 3848//3848 3896//3896 3897//3897
f 3848//3848 3897//3897 3849//3849
f 3849//3849 3897//3897 3898//3898
f 3849//3849 3898//3898 3850//3850
f 3850//3850 3898//3898 3899//3899
f 3850//3850 3899//3899 3851//3851
f 3851//3851 3899//3899 3900//3900
f 3851//3851 3900//3900 3852//3852
f 3852//3852 3900//3900 3901//3901
f 3852//3852 3901//3901 3853//3853
f 3853//3853 3901//3901 3902//3902
f 3853//3853 3902//3902 3854//3854
f 3854//3854 3902//3902 3903//3903
f 3854//3854 3903//3903 3855//3855
f 3855//3855 3903//3903 3904//3904
f 3855//3855 3904//3904 3856//3856
f 3856//3856 3904//3904 3905//3905
f 3856//3856 3905//3905 3857//3857
f 3857//3857 3905//3905 3906//3906
f 3857//3857 3906//3906 3858//3858
f 3858//3858 3906//3906 3907//3907
f 3858//3858 3907//3907 3859//3859
f 3859//3859 3907//3907 3908//3908
f 3859//3859 3908//3908 3860//3860
f 3860//3860 3908//3908 3909//3909
f 3860//3860 3909//3909 3861//3861
f 3861//3861 3909//3909 3910//3910
f 3861//3861 3910//3910 3862//3862
f 3862//3862 3910//3910 3911//3911
f 3862//3862 3911//3911 3863//3863
f 3863//3863 3911//3911 3912//3912
f 3863//3863 3912//3912 3864//3864
f 3864//3864 3912//3912 3913//3913
f 3864//3864 3913//3913 3865//3865
f 3865//3865 3913//3913 3914//3914
f 3865//3865 3914//3914 3866//3866
f 3866//3866 3914//3914 3915//3915
f 3866//3866 3915//3915 3867//3867
f 3867//3867 3915//3915 3916//3916
f 3867//3867 3916//3916 3868//3868
f 3868//3868 3916//3916 3917//3917
f 3868//3868 3917//3917 3869//3869
f 3869//3869 3917//3917 3918//3918
f 3869//3869 3918//3918 3870//3870
f 3870//3870 3918//3918 3919//3919
f 3870//3870 3919//3919 3871//3871
f 3871//3871 3919//3919 3920//3920
f 3871//3871 3920//3920 3872//3872
f 3872//3872 3920//3920 3921//3921
f 3872//3872 3921//3921 3873//3873
f 3873//3873 3921//3921 3922//3922
f 3873//3873 3922//3922 3874//3874
f 3874//3874 3922//3922 3923//3923
f 3874//3874 3923//3923 3875//3875
f 3875//3875 3923//3923 3924//3924
f 3875//3875 3924//3924 3876//3876
f 3876//3876 3924//3924 3925//3925
f 3876//3876 3925//3925 3877//3877
f 3877//3877 3925//3925 3926//3926
f 3877//3877 3926//3926 3878//3878
f 3878//3878 3926//3926 3927//3927
f 3878//3878 3927//3927 3879//3879
f 3879//3879 3927//3927 3928//3928
f 3879//3879 3928//3928 3880//3880
f 3880//3880 3928//3928 3929//3929
f 3880//3880 3929//3929 3881//3881
f 3881//3881 3929//3929 3930//3930
f 3881//3881 3930//3930 3882//3882
f 3882//3882 3930//3930 3931//3931
f 3882//3882 3931//3931 3883//3883
f 3883//3883 3931//3931 3932//3932
f 3883//3883 3932//3932 3884//3884
f 3884//3884 3932//3932 3933//3933
f 3884//3884 3933//3933 3885//3885
f 3885//3885 3933//3933 3934//3934
f 3885//3885 3934//3934 3886//3886
f 3886//3886 3934//3934 3935//3935
f 3886//3886 3935//3935 3887//3887
f 3887//3887 3935//3935 3936//3936
f 3887//3887 3936//3936 3888//3888
f 3888//3888 3936//3936 3889//3889
f 3888//3888 3889//3889 3841//3841
usemtl bin_31
f 3889//3889 3937//3937 3938//3938
f 3889//3889 3938//3938 3890//3890
f 3890//3890 3938//3938 3939//3939
f 3890//3890 3939//3939 3891//3891
f 3891//3891 3939//3939 3940//3940
f 3891//3891 3940//3940 3892//3892
f 3892//3892 3940//3940 3941//3941
f 3892//3892 3941//3941 3893//3893
f 3893//3893 3941//3941 3942//3942
f 3893//3893 3942//3942 3894//3894
f 3894//3894 3942//3942 3943//3943
f 3894//3894 3943//3943 3895//3895
f 3895//3895 3943//3943 3944//3944
f 3895//3895 3944//3944 3896//3896
f 3896//3896 3944//3944 3945//3945
f 3896//3896 3945//3945 3897//3897
f 3897//3897 3945//3945 3946//3946
f 3897//3897 3946//3946 3898//3898
f 3898//3898 3946//3946 3947//3947
f 3898//3898 3947//3947 3899//3899
f 3899//3899 3947//3947 3948//3948
f 3899//3899 3948//3948 3900//3900
f 3900//3900 3948//3948 3949//3949
f 3900//3900 3949//3949 3901//3901
f 3901//3901 3949//3949 3950//3950
f 3901//3901 3950//3950 3902//3902
f 3902//3902 3950//3950 3951//3951
f 3902//3902 3951//3951 3903//3903
f 3903//3903 3951//3951 3952//3952
f 3903//3903 3952//3952 3904//3904
f 3904//3904 3952//3952 3953//3953
f 3904//3904 3953//3953 3905//3905
f 3905//3905 3953//3953 3954//3954
f 3905//3905 3954//3954 3906//3906
f 3906//3906 3954//3954 3955//3955
f 3906//3906 3955//3955 3907//3907
f 3907//3907 3955//3955 3956//3956
f 3907//3907 3956//3956 3908//3908
f 3908//3908 3956//3956 3957//3957
f 3908//3908 3957//3957 3909//3909
f 3909//3909 3957//3957 3958//3958
f 3909//3909 3958//3958 3910//3910
f 3910//3910 3958//3958 3959//3959
f 3910//3910 3959//3959 3911//3911
f 3911//3911 3959//3959 3960//3960
f 3911//3911 3960//3960 3912//3912
f 3912//3912 3960//3960 3961//3961
f 3912//3912 3961//3961 3913//3913
f 3913//3913 3961//3961 3962//3962
f 3913//3913 3962//3962 3914//3914
f 3914//3914 3962//3962 3963//3963
f 3914//3914 3963//3963 3915//3915
f 3915//3915 3963//3963 3964//3964
f 3915//3915 3964//3964 3916//3916
f 3916//3916 3964//3964 3965//3965
f 3916//3916 3965//3965 3917//3917
f 3917//3917 3965//3965 3966//3966
f 3917//3917 3966//3966 3918//3918
f 3918//3918 3966//3966 3967//3967
f 3918//3918 3967//3967 3919//3919
f 3919//3919 3967//3967 3968//3968
f 3919//3919 3968//3968 3920//3920
f 3920//3920 3968//3968 3969//3969
f 3920//3920 3969//3969 3921//3921
f 3921//3921 3969//3969 3970//3970
f 3921//3921 3970//3970 3922//3922
f 3922//3922 3970//3970 3971//3971
f 3922//3922 3971//3971 3923//3923
f 3923//3923 3971//3971 3972//3972
f 3923//3923 3972//3972 3924//3924
f 3924//3924 3972//3972 3973//3973
f 3924//3924 3973//3973 3925//3925
f 3925//3925 3973//3973 3974//3974
f 3925//3925 3974//3974 3926//3926
f 3926//3926 3974//3974 3975//3975
f 3926//3926 3975//3975 3927//3927
f 3927//3927 3975//3975 3976//3976
f 3927//3927 3976//3976 3928//3928
f 3928//3928 3976//3976 3977//3977
f 3928//3928 3977//3977 3929//3929
f 3929//3929 3977//3977 3978//3978
f 3929//3929 3978//3978 3930//3930
f 3930//3930 3978//3978 3979//3979
f 3930//3930 3979//3979 3931//3931
f 3931//3931 3979//3979 3980//3980
f 3931//3931 3980//3980 3932//3932
f 3932//3932 3980//3980 3981//3981
f 3932//3932 3981//3981 3933//3933
f 3933//3933 3981//3981 3982//3982
f 3933//3933 3982//3982 3934//3934
f 3934//3934 3982//3982 3983//3983
f 3934//3934 3983//3983 3935//3935
f 3935//3935 3983//3983 3984//3984
f 3935//3935 3984//3984 3936//3936
f 3936//3936 3984//3984 3937//3937
f 3936//3936 3937//3937 3889//3889
f 3937//3937 3985//3985 3986//3986
f 3937//3937 3986//3986 3938//3938
f 3938//3938 3986//3986 3987//3987
f 3938//3938 3987//3987 3939//3939
f 3939//3939 3987//3987 3988//3988
f 3939//3939 3988//3988 3940//3940
f 3940//3940 3988//3988 3989//3989
f 3940//3940 3989//3989 3941//3941
f 3941//3941 3989//3989 3990//3990
f 3941//3941 3990//3990 3942//3942
f 3942//3942 3990//3990 3991//3991
f 3942//3942 3991//3991 3943//3943
f 3943//3943 3991//3991 3992//3992
f 3943//3943 3992//3992 3944//3944
f 3944//3944 3992//3992 3993//3993
f 3944//3944 3993//3993 3945//3945
f 3945//3945 3993//3993 3994//3994
f 3945//3945 3994//3994 3946//3946
f 3946//3946 3994//3994 3995//3995
f 3946//3946 3995//3995 3947//3947
f 3947//3947 3995//3995 3996//3996
f 3947//3947 3996//3996 3948//3948
f 3948//3948 3996//3996 3997//3997
f 3948//3948 3997//3997 3949//3949
f 3949//3949 3997//3997 3998//3998
f 3949//3949 3998//3998 3950//3950
f 3950//3950 3998//3998 3999//3999
f 3950//3950 3999//3999 3951//3951
f 3951//3951 3999//3999 4000//4000
f 3951//3951 4000//4000 3952//3952
f 3952//3952 4000//4000 4001//4001
f 3952//3952 4001//4001 3953//3953
f 3953//3953 4001//4001 4002//4002
f 3953//3953 4002//4002 3954//3954
f 3954//3954 4002//4002 4003//4003
f 3954//3954 4003//4003 3955//3955
f 3955//3955 4003//4003 4004//4004
f 3955//3955 4004//4004 3956//3956
f 3956//3956 4004//4004 4005//4005
f 3956//3956 4005//4005 3957//3957
f 3957//3957 4005//4005 4006//4006
f 3957//3957 4006//4006 3958//3958
f 3958//3958 4006//4006 4007//4007
f 3958//3958 4007//4007 3959//3959
f 3959//3959 4007//4007 4008//4008
f 3959//3959 4008//4008 3960//3960
f 3960//3960 4008//4008 4009//4009
f 3960//3960 4009//4009 3961//3961
f 3961//3961 4009//4009 4010//4010
f 3961//3961 4010//4010 3962//3962
f 3962//3962 4010//4010 4011//4011
f 3962//3962 4011//4011 3963//3963
f 3963//3963 4011//4011 4012//4012
f 3963//3963 4012//4012 3964//3964
f 3964//3964 4012//4012 4013//4013
f 3964//3964 4013//4013 3965//3965
f 3965//3965 4013//4013 4014//4014
f 3965//3965 4014//4014 3966//3966
f 3966//3966 4014//4014 4015//4015
f 3966//3966 4015//4015 3967//3967
f 3967//3967 4015//4015 4016//4016
f 3967//3967 4016//4016 3968//3968
f 3968//3968 4016//4016 4017//4017
f 3968//3968 4017//4017 3969//3969
f 3969//3969 4017//4017 4018//4018
f 3969//3969 4018//4018 3970//3970
f 3970//3970 4018//4018 4019//4019
f 3970//3970 4019//4019 3971//3971
f 3971//3971 4019//4019 4020//4020
f 3971//3971 4020//4020 3972//3972
f 3972//3972 4020//4020 4021//4021
f 3972//3972 4021//4021 3973//3973
f 3973//3973 4021//4021 4022//4022
f 3973//3973 4022//4022 3974//3974
f 3974//3974 4022//4022 4023//4023
f 3974//3974 4023//4023 3975//3975
f 3975//3975 4023//4023 4024//4024
f 3975//3975 4024//4024 3976//3976
f 3976//3976 4024//4024 4025//4025
f 3976//3976 4025//4025 3977//3977
f 3977//3977 4025//4025 4026//4026
f 3977//3977 4026//4026 3978//3978
f 3978//3978 4026//4026 4027//4027
f 3978//3978 4027//4027 3979//3979
f 3979//3979 4027//4027 4028//4028
f 3979//3979 4028//4028 3980//3980
f 3980//3980 4028//4028 4029//4029
f 3980//3980 4029//4029 3981//3981
f 3981//3981 4029//4029 4030//4030
f 3981//3981 4030//4030 3982//3982
f 3982//3982 4030//4030 4031//4031
f 3982//3982 4031//4031 3983//3983
f 3983//3983 4031//4031 4032//4032
f 3983//3983 4032//4032 3984//3984
f 3984//3984 4032//4032 3985//3985
f 3984//3984 3985//3985 3937//3937
usemtl bin_32
f 3985//3985 4033//4033 4034//4034
f 3985//3985 4034//4034 3986//3986
f 3986//3986 4034//4034 4035//4035
f 3986//3986 4035//4035 3987//3987
f 3987//3987 4035//4035 4036//4036
f 3987//3987 4036//4036 3988//3988
f 3988//3988 4036//4036 4037//4037
f 3988//3988 4037//4037 3989//3989
f 3989//3989 4037//4037 4038//4038
f 3989//3989 4038//4038 3990//3990
f 3990//3990 4038//4038 4039//4039
f 3990//3990 4039//4039 3991//3991
f 3991//3991 4039//4039 4040//4040
f 3991//3991 4040//4040 3992//3992
f 3992//3992 4040//4040 4041//4041
f 3992//3992 4041//4041 3993//3993
f 3993//3993 4041//4041 4042//4042
f 3993//3993 4042//4042 3994//3994
f 3994//3994 4042//4042 4043//4043
f 3994//3994 4043//4043 3995//3995
f 3995//3995 4043//4043 4044//4044
f 3995//3995 4044//4044 3996//3996
f 3996//3996 4044//4044 4045//4045
f 3996//3996 4045//4045 3997//3997
f 3997//3997 4045//4045 4046//4046
f 3997//3997 4046//4046 3998//3998
f 3998//3998 4046//4046 4047//4047
f 3998//3998 4047//4047 3999//3999
f 3999//3999 4047//4047 4048//4048
f 3999//3999 4048//4048 4000//4000
f 4000//4000 4048//4048 4049//4049
f 4000//4000 4049//4049 4001//4001
f 4001//4001 4049//4049 4050//4050
f 4001//4001 4050//4050 4002//4002
f 4002//4002 4050//4050 4051//4051
f 4002//4002 4051//4051 4003//4003
f 4003//4003 4051//4051 4052//4052
f 4003//4003 4052//4052 4004//4004
f 4004//4004 4052//4052 4053//4053
f 4004//4004 4053//4053 4005//4005
f 4005//4005 4053//4053 4054//4054
f 4005//4005 4054//4054 4006//4006
f 4006//4006 4054//4054 4055//4055
f 4006//4006 4055//4055 4007//4007
f 4007//4007 4055//4055 4056//4056
f 4007//4007 4056//4056 4008//4008
f 4008//4008 4056//4056 4057//4057
f 4008//4008 4057//4057 4009//4009
f 4009//4009 4057//4057 4058//4058
f 4009//4009 4058//4058 4010//4010
f 4010//4010 4058//4058 4059//4059
f 4010//4010 4059//4059 4011//4011
f 4011//4011 4059//4059 4060//4060
f 4011//4011 4060//4060 4012//4012
f 4012//4012 4060//4060 4061//4061
f 4012//4012 4061//4061 4013//4013
f 4013//4013 4061//4061 4062//4062
f 4013//4013 4062//4062 4014//4014
f 4014//4014 4062//4062 4063//4063
f 4014//4014 4063//4063 4015//4015
f 4015//4015 4063//4063 4064//4064
f 4015//4015 4064//4064 4016//4016
f 4016//4016 4064//4064 4065//4065
f 4016//4016 4065//4065 4017//4017
f 4017//4017 4065//4065 4066//4066
f 4017//4017 4066//4066 4018//4018
f 4018//4018 4066//4066 4067//4067
f 4018//4018 4067//4067 4019//4019
f 4019//4019 4067//4067 4068//4068
f 4019//4019 4068//4068 4020//4020
f 4020//4020 4068//4068 4069//4069
f 4020//4020 4069//4069 4021//4021
f 4021//4021 4069//4069 4070//4070
f 4021//4021 4070//4070 4022//4022
f 4022//4022 4070//4070 4071//4071
f 4022//4022 4071//4071 4023//4023
f 4023//4023 4071//4071 4072//4072
f 4023//4023 4072//4072 4024//4024
f 4024//4024 4072//4072 4073//4073
f 4024//4024 4073//4073 4025//4025
f 4025//4025 4073//4073 4074//4074
f 4025//4025 4074//4074 4026//4026
f 4026//4026 4074//4074 4075//4075
f 4026//4026 4075//4075 4027//4027
f 4027//4027 4075//4075 4076//4076
f 4027//4027 4076//4076 4028//4028
f 4028//4028 4076//4076 4077//4077
f 4028//4028 4077//4077 4029//4029
f 4029//4029 4077//4077 4078//4078
f 4029//4029 4078//4078 4030//4030
f 4030//4030 4078//4078 4079//4079
f 4030//4030 4079//4079 4031//4031
f 4031//4031 4079//4079 4080//4080
f 4031//4031 4080//4080 4032//4032
f 4032//4032 4080//4080 4033//4033
f 4032//4032 4033//4033 3985//3985
f 4033//4033 4081//4081 4082//4082
f 4033//4033 4082//4082 4034//4034
f 4034//4034 4082//4082 4083//4083
f 4034//4034 4083//4083 4035//4035
f 4035//4035 4083//4083 4084//4084
f 4035//4035 4084//4084 4036//4036
f 4036//4036 4084//4084 4085//4085
f 4036//4036 4085//4085 4037//4037
f 4037//4037 4085//4085 4086//4086
f 4037//4037 4086//4086 4038//4038
f 4038//4038 4086//4086 4087//4087
f 4038//4038 4087//4087 4039//4039
f 4039//4039 4087//4087 4088//4088
f 4039//4039 4088//4088 4040//4040
f 4040//4040 4088//4088 4089//4089
f 4040//4040 4089//4089 4041//4041
f 4041//4041 4089//4089 4090//4090
f 4041//4041 4090//4090 4042//4042
f 4042//4042 4090//4090 4091//4091
f 4042//4042 4091//4091 4043//4043
f 4043//4043 4091//4091 4092//4092
f 4043//4043 4092//4092 4044//4044
f 4044//4044 4092//4092 4093//4093
f 4044//4044 4093//4093 4045//4045
f 4045//4045 4093//4093 4094//4094
f 4045//4045 4094//4094 4046//4046
f 4046//4046 4094//4094 4095//4095
f 4046//4046 4095//4095 4047//4047
f 4047//4047 4095//4095 4096//4096
f 4047//4047 4096//4096 4048//4048
f 4048//4048 4096//4096 4097//4097
f 4048//4048 4097//4097 4049//4049
f 4049//4049 4097//4097 4098//4098
f 4049//4049 4098//4098 4050//4050
f 4050//4050 4098//4098 4099//4099
f 4050//4050 4099//4099 4051//4051
f 4051//4051 4099//4099 4100//4100
f 4051//4051 4100//4100 4052//4052
f 4052//4052 4100//4100 4101//4101
f 4052//4052 4101//4101 4053//4053
f 4053//4053 4101//4101 4102//4102
f 4053//4053 4102//4102 4054//4054
f 4054//4054 4102//4102 4103//4103
f 4054//4054 4103//4103 4055//4055
f 4055//4055 4103//4103 4104//4104
f 4055//4055 4104//4104 4056//4056
f 4056//4056 4104//4104 4105//4105
f 4056//4056 4105//4105 4057//4057
f 4057//4057 4105//4105 4106//4106
f 4057//4057 4106//4106 4058//4058
f 4058//4058 4106//4106 4107//4107
f 4058//4058 4107//4107 4059//4059
f 4059//4059 4107//4107 4108//4108
f 4059//4059 4108//4108 4060//4060
f 4060//4060 4108//4108 4109//4109
f 4060//4060 4109//4109 4061//4061
f 4061//4061 4109//4109 4110//4110
f 4061//4061 4110//4110 4062//4062
f 4062//4062 4110//4110 4111//4111
f 4062//4062 4111//4111 4063//4063
f 4063//4063 4111//4111 4112//4112
f 4063//4063 4112//4112 4064//4064
f 4064//4064 4112//4112 4113//4113
f 4064//4064 4113//4113 4065//4065
f 4065//4065 4113//4113 4114//4114
f 4065//4065 4114//4114 4066//4066
f 4066//4066 4114//4114 4115//4115
f 4066//4066 4115//4115 4067//4067
f 4067//4067 4115//4115 4116//4116
f 4067//4067 4116//4116 4068//4068
f 4068//4068 4116//4116 4117//4117
f 4068//4068 4117//4117 4069//4069
f 4069//4069 4117//4117 4118//4118
f 4069//4069 4118//4118 4070//4070
f 4070//4070 4118//4118 4119//4119
f 4070//4070 4119//4119 4071//4071
f 4071//4071 4119//4119 4120//4120
f 4071//4071 4120//4120 4072//4072
f 4072//4072 4120//4120 4121//4121
f 4072//4072 4121//4121 4073//4073
f 4073//4073 4121//4121 4122//4122
f 4073//4073 4122//4122 4074//4074
f 4074//4074 4122//4122 4123//4123
f 4074//4074 4123//4123 4075//4075
f 4075//4075 4123//4123 4124//4124
f 4075//4075 4124//4124 4076//4076
f 4076//4076 4124//4124 4125//4125
f 4076//4076 4125//4125 4077//4077
f 4077//4077 4125//4125 4126//4126
f 4077//4077 4126//4126 4078//4078
f 4078//4078 4126//4126 4127//4127
f 4078//4078 4127//4127 4079//4079
f 4079//4079 4127//4127 4128//4128
f 4079//4079 4128//4128 4080//4080
f 4080//4080 4128//4128 4081//4081
f 4080//4080 4081//4081 4033//4033
f 4081//4081 4129//4129 4130//4130
f 4081//4081 4130//4130 4082//4082
f 4082//4082 4130//4130 4131//4131
f 4082//4082 4131//4131 4083//4083
f 4083//4083 4131//4131 4132//4132
f 4083//4083 4132//4132 4084//4084
f 4084//4084 4132//4132 4133//4133
f 4084//4084 4133//4133 4085//4085
f 4085//4085 4133//4133 4134//4134
f 4085//4085 4134//4134 4086//4086
f 4086//4086 4134//4134 4135//4135
f 4086//4086 4135//4135 4087//4087
f 4087//4087 4135//4135 4136//4136
f 4087//4087 4136//4136 4088//4088
f 4088//4088 4136//4136 4137//4137
f 4088//4088 4137//4137 4089//4089
f 4089//4089 4137//4137 4138//4138
f 4089//4089 4138//4138 4090//4090
f 4090//4090 4138//4138 4139//4139
f 4090//4090 4139//4139 4091//4091
f 4091//4091 4139//4139 4140//4140
f 4091//4091 4140//4140 4092//4092
f 4092//4092 4140//4140 4141//4141
f 4092//4092 4141//4141 4093//4093
f 4093//4093 4141//4141 4142//4142
f 4093//4093 4142//4142 4094//4094
f 4094//4094 4142//4142 4143//4143
f 4094//4094 4143//4143 4095//4095
f 4095//4095 4143//4143 4144//4144
f 4095//4095 4144//4144 4096//4096
f 4096//4096 4144//4144 4145//4145
f 4096//4096 4145//4145 4097//4097
f 4097//4097 4145//4145 4146//4146
f 4097//4097 4146//4146 4098//4098
f 4098//4098 4146//4146 4147//4147
f 4098//4098 4147//4147 4099//4099
f 4099//4099 4147//4147 4148//4148
f 4099//4099 4148//4148 4100//4100
f 4100//4100 4148//4148 4149//4149
f 4100//4100 4149//4149 4101//4101
f 4101//4101 4149//4149 4150//4150
f 4101//4101 4150//4150 4102//4102
f 4102//4102 4150//4150 4151//4151
f 4102//4102 4151//4151 4103//4103
f 4103//4103 4151//4151 4152//4152
f 4103//4103 4152//4152 4104//4104
f 4104//4104 4152//4152 4153//4153
f 4104//4104 4153//4153 4105//4105
f 4105//4105 4153//4153 4154//4154
f 4105//4105 4154//4154 4106//4106
f 4106//4106 4154//4154 4155//4155
f 4106//4106 4155//4155 4107//4107
f 4107//4107 4155//4155 4156//4156
f 4107//4107 4156//4156 4108//4108
f 4108//4108 4156//4156 4157//4157
f 4108//4108 4157//4157 4109//4109
f 4109//4109 4157//4157 4158//4158
f 4109//4109 4158//4158 4110//4110
f 4110//4110 4158//4158 4159//4159
f 4110//4110 4159//4159 4111//4111
f 4111//4111 4159//4159 4160//4160
f 4111//4111 4160//4160 4112//4112
f 4112//4112 4160//4160 4161//4161
f 4112//4112 4161//4161 4113//4113
f 4113//4113 4161//4161 4162//4162
f 4113//4113 4162//4162 4114//4114
f 4114//4114 4162//4162 4163//4163
f 4114//4114 4163//4163 4115//4115
f 4115//4115 4163//4163 4164//4164
f 4115//4115 4164//4164 4116//4116
f 4116//4116 4164//4164 4165//4165
f 4116//4116 4165//4165 4117//4117
f 4117//4117 4165//4165 4166//4166
f 4117//4117 4166//4166 4118//4118
f 4118//4118 4166//4166 4167//4167
f 4118//4118 4167//4167 4119//4119
f 4119//4119 4167//4167 4168//4168
f 4119//4119 4168//4168 4120//4120
f 4120//4120 4168//4168 4169//4169
f 4120//4120 4169//4169 4121//4121
f 4121//4121 4169//4169 4170//4170
f 4121//4121 4170//4170 4122//4122
f 4122//4122 4170//4170 4171//4171
f 4122//4122 4171//4171 4123//4123
f 4123//4123 4171//4171 4172//4172
f 4123//4123 4172//4172 4124//4124
f 4124//4124 4172//4172 4173//4173
f 4124//4124 4173//4173 4125//4125
f 4125//4125 4173//4173 4174//4174
f 4125//4125 4174//4174 4126//4126
f 4126//4126 4174//4174 4175//4175
f 4126//4126 4175//4175 4127//4127
f 4127//4127 4175//4175 4176//4176
f 4127//4127 4176//4176 4128//4128
f 4128//4128 4176//4176 4129//4129
f 4128//4128 4129//4129 4081//4081
usemtl bin_33
f 4129//4129 4177//4177 4178//4178
f 4129//4129 4178//4178 4130//4130
f 4130//4130 4178//4178 4179//4179
f 4130//4130 4179//4179 4131//4131
f 4131//4131 4179//4179 4180//4180
f 4131//4131 4180//4180 4132//4132
f 4132//4132 4180//4180 4181//4181
f 4132//4132 4181//4181 4133//4133
f 4133//4133 4181//4181 4182//4182
f 4133//4133 4182//4182 4134//4134
f 4134//4134 4182//4182 4183//4183
f 4134//4134 4183//4183 4135//4135
f 4135//4135 4183//4183 4184//4184
f 4135//4135 4184//4184 4136//4136
f 4136//4136 4184//4184 4185//4185
f 4136//4136 4185//4185 4137//4137
f 4137//4137 4185//4185 4186//4186
f 4137//4137 4186//4186 4138//4138
f 4138//4138 4186//4186 4187//4187
f 4138//4138 4187//4187 4139//4139
f 4139//4139 4187//4187 4188//4188
f 4139//4139 4188//4188 4140//4140
f 4140//4140 4188//4188 4189//4189
f 4140//4140 4189//4189 4141//4141
f 4141//4141 4189//4189 4190//4190
f 4141//4141 4190//4190 4142//4142
f 4142//4142 4190//4190 4191//4191
f 4142//4142 4191//4191 4143//4143
f 4143//4143 4191//4191 4192//4192
f 4143//4143 4192//4192 4144//4144
f 4144//4144 4192//4192 4193//4193
f 4144//4144 4193//4193 4145//4145
f 4145//4145 4193//4193 4194//4194
f 4145//4145 4194//4194 4146//4146
f 4146//4146 4194//4194 4195//4195
f 4146//4146 4195//4195 4147//4147
f 4147//4147 4195//4195 4196//4196
f 4147//4147 4196//4196 4148//4148
f 4148//4148 4196//4196 4197//4197
f 4148//4148 4197//4197 4149//4149
f 4149//4149 4197//4197 4198//4198
f 4149//4149 4198//4198 4150//4150
f 4150//4150 4198//4198 4199//4199
f 4150//4150 4199//4199 4151//4151
f 4151//4151 4199//4199 4200//4200
f 4151//4151 4200//4200 4152//4152
f 4152//4152 4200//4200 4201//4201
f 4152//4152 4201//4201 4153//4153
f 4153//4153 4201//4201 4202//4202
f 4153//4153 4202//4202 4154//4154
f 4154//4154 4202//4202 4203//4203
f 4154//4154 4203//4203 4155//4155
f 4155//4155 4203//4203 4204//4204
f 4155//4155 4204//4204 4156//4156
f 4156//4156 4204//4204 4205//4205
f 4156//4156 4205//4205 4157//4157
f 4157//4157 4205//4205 4206//4206
f 4157//4157 4206//4206 4158//4158
f 4158//4158 4206//4206 4207//4207
f 4158//4158 4207//4207 4159//4159
f 4159//4159 4207//4207 4208//4208
f 4159//4159 4208//4208 4160//4160
f 4160//4160 4208//4208 4209//4209
f 4160//4160 4209//4209 4161//4161
f 4161//4161 4209//4209 4210//4210
f 4161//4161 4210//4210 4162//4162
f 4162//4162 4210//4210 4211//4211
f 4162//4162 4211//4211 4163//4163
f 4163//4163 4211//4211 4212//4212
f 4163//4163 4212//4212 4164//4164
f 4164//4164 4212//4212 4213//4213
f 4164//4164 4213//4213 4165//4165
f 4165//4165 4213//4213 4214//4214
f 4165//4165 4214//4214 4166//4166
f 4166//4166 4214//4214 4215//4215
f 4166//4166 4215//4215 4167//4167
f 4167//4167 4215//4215 4216//4216
f 4167//4167 4216//4216 4168//4168
f 4168//4168 4216//4216 4217//4217
f 4168//4168 4217//4217 4169//4169
f 4169//4169 4217//4217 4218//4218
f 4169//4169 4218//4218 4170//4170
f 4170//4170 4218//4218 4219//4219
f 4170//4170 4219//4219 4171//4171
f 4171//4171 4219//4219 4220//4220
f 4171//4171 4220//4220 4172//4172
f 4172//4172 4220//4220 4221//4221
f 4172//4172 4221//4221 4173//4173
f 4173//4173 4221//4221 4222//4222
f 4173//4173 4222//4222 4174//4174
f 4174//4174 4222//4222 4223//4223
f 4174//4174 4223//4223 4175//4175
f 4175//4175 4223//4223 4224//4224
f 4175//4175 4224//4224 4176//4176
f 4176//4176 4224//4224 4177//4177
f 4176//4176 4177//4177 4129//4129
usemtl bin_34
f 4177//4177 4225//4225 4226//4226
f 4177//4177 4226//4226 4178//4178
f 4178//4178 4226//4226 4227//4227
f 4178//4178 4227//4227 4179//4179
f 4179//4179 4227//4227 4228//4228
f 4179//4179 4228//4228 4180//4180
f 4180//4180 4228//4228 4229//4229
f 4180//4180 4229//4229 4181//4181
f 4181//4181 4229//4229 4230//4230
f 4181//4181 4230//4230 4182//4182
f 4182//4182 4230//4230 4231//4231
f 4182//4182 4231//4231 4183//4183
f 4183//4183 4231//4231 4232//4232
f 4183//4183 4232//4232 4184//4184
f 4184//4184 4232//4232 4233//4233
f 4184//4184 4233//4233 4185//4185
f 4185//4185 4233//4233 4234//4234
f 4185//4185 4234//4234 4186//4186
f 4186//4186 4234//4234 4235//4235
f 4186//4186 4235//4235 4187//4187
f 4187//4187 4235//4235 4236//4236
f 4187//4187 4236//4236 4188//4188
f 4188//4188 4236//4236 4237//4237
f 4188//4188 4237//4237 4189//4189
f 4189//4189 4237//4237 4238//4238
f 4189//4189 4238//4238 4190//4190
f 4190//4190 4238//4238 4239//4239
f 4190//4190 4239//4239 4191//4191
f 4191//4191 4239//4239 4240//4240
f 4191//4191 4240//4240 4192//4192
f 4192//4192 4240//4240 4241//4241
f 4192//4192 4241//4241 4193//4193
f 4193//4193 4241//4241 4242//4242
f 4193//4193 4242//4242 4194//4194
f 4194//4194 4242//4242 4243//4243
f 4194//4194 4243//4243 4195//4195
f 4195//4195 4243//4243 4244//4244
f 4195//4195 4244//4244 4196//4196
f 4196//4196 4244//4244 4245//4245
f 4196//4196 4245//4245 4197//4197
f 4197//4197 4245//4245 4246//4246
f 4197//4197 4246//4246 4198//4198
f 4198//4198 4246//4246 4247//4247
f 4198//4198 4247//4247 4199//4199
f 4199//4199 4247//4247 4248//4248
f 4199//4199 4248//4248 4200//4200
f 4200//4200 4248//4248 4249//4249
f 4200//4200 4249//4249 4201//4201
f 4201//4201 4249//4249 4250//4250
f 4201//4201 4250//4250 4202//4202
f 4202//4202 4250//4250 4251//4251
f 4202//4202 4251//4251 4203//4203
f 4203//4203 4251//4251 4252//4252
f 4203//4203 4252//4252 4204//4204
f 4204//4204 4252//4252 4253//4253
f 4204//4204 4253//4253 4205//4205
f 4205//4205 4253//4253 4254//4254
f 4205//4205 4254//4254 4206//4206
f 4206//4206 4254//4254 4255//4255
f 4206//4206 4255//4255 4207//4207
f 4207//4207 4255//4255 4256//4256
f 4207//4207 4256//4256 4208//4208
f 4208//4208 4256//4256 4257//4257
f 4208//4208 4257//4257 4209//4209
f 4209//4209 4257//4257 4258//4258
f 4209//4209 4258//4258 4210//4210
f 4210//4210 4258//4258 4259//4259
f 4210//4210 4259//4259 4211//4211
f 4211//4211 4259//4259 4260//4260
f 4211//4211 4260//4260 4212//4212
f 4212//4212 4260//4260 4261//4261
f 4212//4212 4261//4261 4213//4213
f 4213//4213 4261//4261 4262//4262
f 4213//4213 4262//4262 4214//4214
f 4214//4214 4262//4262 4263//4263
f 4214//4214 4263//4263 4215//4215
f 4215//4215 4263//4263 4264//4264
f 4215//4215 4264//4264 4216//4216
f 4216//4216 4264//4264 4265//4265
f 4216//4216 4265//4265 4217//4217
f 4217//4217 4265//4265 4266//4266
f 4217//4217 4266//4266 4218//4218
f 4218//4218 4266//4266 4267//4267
f 4218//4218 4267//4267 4219//4219
f 4219//4219 4267//4267 4268//4268
f 4219//4219 4268//4268 4220//4220
f 4220//4220 4268//4268 4269//4269
f 4220//4220 4269//4269 4221//4221
f 4221//4221 4269//4269 4270//4270
f 4221//4221 4270//4270 4222//4222
f 4222//4222 4270//4270 4271//4271
f 4222//4222 4271//4271 4223//4223
f 4223//4223 4271//4271 4272//4272
f 4223//4223 4272//4272 4224//4224
f 4224//4224 4272//4272 4225//4225
f 4224//4224 4225//4225 4177//4177
f 4225//4225 4273//4273 4274//4274
f 4225//4225 4274//4274 4226//4226
f 4226//4226 4274//4274 4275//4275
f 4226//4226 4275//4275 4227//4227
f 4227//4227 4275//4275 4276//4276
f 4227//4227 4276//4276 4228//4228
f 4228//4228 4276//4276 4277//4277
f 4228//4228 4277//4277 4229//4229
f 4229//4229 4277//4277 4278//4278
f 4229//4229 4278//4278 4230//4230
f 4230//4230 4278//4278 4279//4279
f 4230//4230 4279//4279 4231//4231
f 4231//4231 4279//4279 4280//4280
f 4231//4231 4280//4280 4232//4232
f 4232//4232 4280//4280 4281//4281
f 4232//4232 4281//4281 4233//4233
f 4233//4233 4281//4281 4282//4282
f 4233//4233 4282//4282 4234//4234
f 4234//4234 4282//4282 4283//4283
f 4234//4234 4283//4283 4235//4235
f 4235//4235 4283//4283 4284//4284
f 4235//4235 4284//4284 4236//4236
f 4236//4236 4284//4284 4285//4285
f 4236//4236 4285//4285 4237//4237
f 4237//4237 4285//4285 4286//4286
f 4237//4237 4286//4286 4238//4238
f 4238//4238 4286//4286 4287//4287
f 4238//4238 4287//4287 4239//4239
f 4239//4239 4287//4287 4288//4288
f 4239//4239 4288//4288 4240//4240
f 4240//4240 4288//4288 4289//4289
f 4240//4240 4289//4289 4241//4241
f 4241//4241 4289//4289 4290//4290
f 4241//4241 4290//4290 4242//4242
f 4242//4242 4290//4290 4291//4291
f 4242//4242 4291//4291 4243//4243
f 4243//4243 4291//4291 4292//4292
f 4243//4243 4292//4292 4244//4244
f 4244//4244 4292//4292 4293//4293
f 4244//4244 4293//4293 4245//4245
f 4245//4245 4293//4293 4294//4294
f 4245//4245 4294//4294 4246//4246
f 4246//4246 4294//4294 4295//4295
f 4246//4246 4295//4295 4247//4247
f 4247//4247 4295//4295 4296//4296
f 4247//4247 4296//4296 4248//4248
f 4248//4248 4296//4296 4297//4297
f 4248//4248 4297//4297 4249//4249
f 4249//4249 4297//4297 4298//4298
f 4249//4249 4298//4298 4250//4250
f 4250//4250 4298//4298 4299//4299
f 4250//4250 4299//4299 4251//4251
f 4251//4251 4299//4299 4300//4300
f 4251//4251 4300//4300 4252//4252
f 4252//4252 4300//4300 4301//4301
f 4252//4252 4301//4301 4253//4253
f 4253//4253 4301//4301 4302//4302
f 4253//4253 4302//4302 4254//4254
f 4254//4254 4302//4302 4303//4303
f 4254//4254 4303//4303 4255//4255
f 4255//4255 4303//4303 4304//4304
f 4255//4255 4304//4304 4256//4256
f 4256//4256 4304//4304 4305//4305
f 4256//4256 4305//4305 4257//4257
f 4257//4257 4305//4305 4306//4306
f 4257//4257 4306//4306 4258//4258
f 4258//4258 4306//4306 4307//4307
f 4258//4258 4307//4307 4259//4259
f 4259//4259 4307//4307 4308//4308
f 4259//4259 4308//4308 4260//4260
f 4260//4260 4308//4308 4309//4309
f 4260//4260 4309//4309 4261//4261
f 4261//4261 4309//4309 4310//4310
f 4261//4261 4310//4310 4262//4262
f 4262//4262 4310//4310 4311//4311
f 4262//4262 4311//4311 4263//4263
f 4263//4263 4311//4311 4312//4312
f 4263//4263 4312//4312 4264//4264
f 4264//4264 4312//4312 4313//4313
f 4264//4264 4313//4313 4265//4265
f 4265//4265 4313//4313 4314//4314
f 4265//4265 4314//4314 4266//4266
f 4266//4266 4314//4314 4315//4315
f 4266//4266 4315//4315 4267//4267
f 4267//4267 4315//4315 4316//4316
f 4267//4267 4316//4316 4268//4268
f 4268//4268 4316//4316 4317//4317
f 4268//4268 4317//4317 4269//4269
f 4269//4269 4317//4317 4318//4318
f 4269//4269 4318//4318 4270//4270
f 4270//4270 4318//4318 4319//4319
f 4270//4270 4319//4319 4271//4271
f 4271//4271 4319//4319 4320//4320
f 4271//4271 4320//4320 4272//4272
f 4272//4272 4320//4320 4273//4273
f 4272//4272 4273//4273 4225//4225
f 4273//4273 4321//4321 4322//4322
f 4273//4273 4322//4322 4274//4274
f 4274//4274 4322//4322 4323//4323
f 4274//4274 4323//4323 4275//4275
f 4275//4275 4323//4323 4324//4324
f 4275//4275 4324//4324 4276//4276
f 4276//4276 4324//4324 4325//4325
f 4276//4276 4325//4325 4277//4277
f 4277//4277 4325//4325 4326//4326
f 4277//4277 4326//4326 4278//4278
f 4278//4278 4326//4326 4327//4327
f 4278//4278 4327//4327 4279//4279
f 4279//4279 4327//4327 4328//4328
f 4279//4279 4328//4328 4280//4280
f 4280//4280 4328//4328 4329//4329
f 4280//4280 4329//4329 4281//4281
f 4281//4281 4329//4329 4330//4330
f 4281//4281 4330//4330 4282//4282
f 4282//4282 4330//4330 4331//4331
f 4282//4282 4331//4331 4283//4283
f 4283//4283 4331//4331 4332//4332
f 4283//4283 4332//4332 4284//4284
f 4284//4284 4332//4332 4333//4333
f 4284//4284 4333//4333 4285//4285
f 4285//4285 4333//4333 4334//4334
f 4285//4285 4334//4334 4286//4286
f 4286//4286 4334//4334 4335//4335
f 4286//4286 4335//4335 4287//4287
f 4287//4287 4335//4335 4336//4336
f 4287//4287 4336//4336 4288//4288
f 4288//4288 4336//4336 4337//4337
f 4288//4288 4337//4337 4289//4289
f 4289//4289 4337//4337 4338//4338
f 4289//4289 4338//4338 4290//4290
f 4290//4290 4338//4338 4339//4339
f 4290//4290 4339//4339 4291//4291
f 4291//4291 4339//4339 4340//4340
f 4291//4291 4340//4340 4292//4292
f 4292//4292 4340//4340 4341//4341
f 4292//4292 4341//4341 4293//4293
f 4293//4293 4341//4341 4342//4342
f 4293//4293 4342//4342 4294//4294
f 4294//4294 4342//4342 4343//4343
f 4294//4294 4343//4343 4295//4295
f 4295//4295 4343//4343 4344//4344
f 4295//4295 4344//4344 4296//4296
f 4296//4296 4344//4344 4345//4345
f 4296//4296 4345//4345 4297//4297
f 4297//4297 4345//4345 4346//4346
f 4297//4297 4346//4346 4298//4298
f 4298//4298 4346//4346 4347//4347
f 4298//4298 4347//4347 4299//4299
f 4299//4299 4347//4347 4348//4348
f 4299//4299 4348//4348 4300//4300
f 4300//4300 4348//4348 4349//4349
f 4300//4300 4349//4349 4301//4301
f 4301//4301 4349//4349 4350//4350
f 4301//4301 4350//4350 4302//4302
f 4302//4302 4350//4350 4351//4351
f 4302//4302 4351//4351 4303//4303
f 4303//4303 4351//4351 4352//4352
f 4303//4303 4352//4352 4304//4304
f 4304//4304 4352//4352 4353//4353
f 4304//4304 4353//4353 4305//4305
f 4305//4305 4353//4353 4354//4354
f 4305//4305 4354//4354 4306//4306
f 4306//4306 4354//4354 4355//4355
f 4306//4306 4355//4355 4307//4307
f 4307//4307 4355//4355 4356//4356
f 4307//4307 4356//4356 4308//4308
f 4308//4308 4356//4356 4357//4357
f 4308//4308 4357//4357 4309//4309
f 4309//4309 4357//4357 4358//4358
f 4309//4309 4358//4358 4310//4310
f 4310//4310 4358//4358 4359//4359
f 4310//4310 4359//4359 4311//4311
f 4311//4311 4359//4359 4360//4360
f 4311//4311 4360//4360 4312//4312
f 4312//4312 4360//4360 4361//4361
f 4312//4312 4361//4361 4313//4313
f 4313//4313 4361//4361 4362//4362
f 4313//4313 4362//4362 4314//4314
f 4314//4314 4362//4362 4363//4363
f 4314//4314 4363//4363 4315//4315
f 4315//4315 4363//4363 4364//4364
f 4315//4315 4364//4364 4316//4316
f 4316//4316 4364//4364 4365//4365
f 4316//4316 4365//4365 4317//4317
f 4317//4317 4365//4365 4366//4366
f 4317//4317 4366//4366 4318//4318
f 4318//4318 4366//4366 4367//4367
f 4318//4318 4367//4367 4319//4319
f 4319//4319 4367//4367 4368//4368
f 4319//4319 4368//4368 4320//4320
f 4320//4320 4368//4368 4321//4321
f 4320//4320 4321//4321 4273//4273
usemtl bin_36
f 4321//4321 4369//4369 4370//4370
f 4321//4321 4370//4370 4322//4322
f 4322//4322 4370//4370 4371//4371
f 4322//4322 4371//4371 4323//4323
f 4323//4323 4371//4371 4372//4372
f 4323//4323 4372//4372 4324//4324
f 4324//4324 4372//4372 4373//4373
f 4324//4324 4373//4373 4325//4325
f 4325//4325 4373//4373 4374//4374
f 4325//4325 4374//4374 4326//4326
f 4326//4326 4374//4374 4375//4375
f 4326//4326 4375//4375 4327//4327
f 4327//4327 4375//4375 4376//4376
f 4327//4327 4376//4376 4328//4328
f 4328//4328 4376//4376 4377//4377
f 4328//4328 4377//4377 4329//4329
f 4329//4329 4377//4377 4378//4378
f 4329//4329 4378//4378 4330//4330
f 4330//4330 4378//4378 4379//4379
f 4330//4330 4379//4379 4331//4331
f 4331//4331 4379//4379 4380//4380
f 4331//4331 4380//4380 4332//4332
f 4332//4332 4380//4380 4381//4381
f 4332//4332 4381//4381 4333//4333
f 4333//4333 4381//4381 4382//4382
f 4333//4333 4382//4382 4334//4334
f 4334//4334 4382//4382 4383//4383
f 4334//4334 4383//4383 4335//4335
f 4335//4335 4383//4383 4384//4384
f 4335//4335 4384//4384 4336//4336
f 4336//4336 4384//4384 4385//4385
f 4336//4336 4385//4385 4337//4337
f 4337//4337 4385//4385 4386//4386
f 4337//4337 4386//4386 4338//4338
f 4338//4338 4386//4386 4387//4387
f 4338//4338 4387//4387 4339//4339
f 4339//4339 4387//4387 4388//4388
f 4339//4339 4388//4388 4340//4340
f 4340//4340 4388//4388 4389//4389
f 4340//4340 4389//4389 4341//4341
f 4341//4341 4389//4389 4390//4390
f 4341//4341 4390//4390 4342//4342
f 4342//4342 4390//4390 4391//4391
f 4342//4342 4391//4391 4343//4343
f 4343//4343 4391//4391 4392//4392
f 4343//4343 4392//4392 4344//4344
f 4344//4344 4392//4392 4393//4393
f 4344//4344 4393//4393 4345//4345
f 4345//4345 4393//4393 4394//4394
f 4345//4345 4394//4394 4346//4346
f 4346//4346 4394//4394 4395//4395
f 4346//4346 4395//4395 4347//4347
f 4347//4347 4395//4395 4396//4396
f 4347//4347 4396//4396 4348//4348
f 4348//4348 4396//4396 4397//4397
f 4348//4348 4397//4397 4349//4349
f 4349//4349 4397//4397 4398//4398
f 4349//4349 4398//4398 4350//4350
f 4350//4350 4398//4398 4399//4399
f 4350//4350 4399//4399 4351//4351
f 4351//4351 4399//4399 4400//4400
f 4351//4351 4400//4400 4352//4352
f 4352//4352 4400//4400 4401//4401
f 4352//4352 4401//4401 4353//4353
f 4353//4353 4401//4401 4402//4402
f 4353//4353 4402//4402 4354//4354
f 4354//4354 4402//4402 4403//4403
f 4354//4354 4403//4403 4355//4355
f 4355//4355 4403//4403 4404//4404
f 4355//4355 4404//4404 4356//4356
f 4356//4356 4404//4404 4405//4405
f 4356//4356 4405//4405 4357//4357
f 4357//4357 4405//4405 4406//4406
f 4357//4357 4406//4406 4358//4358
f 4358//4358 4406//4406 4407//4407
f 4358//4358 4407//4407 4359//4359
f 4359//4359 4407//4407 4408//4408
f 4359//4359 4408//4408 4360//4360
f 4360//4360 4408//4408 4409//4409
f 4360//4360 4409//4409 4361//4361
f 4361//4361 4409//4409 4410//4410
f 4361//4361 4410//4410 4362//4362
f 4362//4362 4410//4410 4411//4411
f 4362//4362 4411//4411 4363//4363
f 4363//4363 4411//4411 4412//4412
f 4363//4363 4412//4412 4364//4364
f 4364//4364 4412//4412 4413//4413
f 4364//4364 4413//4413 4365//4365
f 4365//4365 4413//4413 4414//4414
f 4365//4365 4414//4414 4366//4366
f 4366//4366 4414//4414 4415//4415
f 4366//4366 4415//4415 4367//4367
f 4367//4367 4415//4415 4416//4416
f 4367//4367 4416//4416 4368//4368
f 4368//4368 4416//4416 4369//4369
f 4368//4368 4369//4369 4321//4321
f 4369//4369 4417//4417 4418//4418
f 4369//4369 4418//4418 4370//4370
f 4370//4370 4418//4418 4419//4419
f 4370//4370 4419//4419 4371//4371
f 4371//4371 4419//4419 4420//4420
f 4371//4371 4420//4420 4372//4372
f 4372//4372 4420//4420 4421//4421
f 4372//4372 4421//4421 4373//4373
f 4373//4373 4421//4421 4422//4422
f 4373//4373 4422//4422 4374//4374
f 4374//4374 4422//4422 4423//4423
f 4374//4374 4423//4423 4375//4375
f 4375//4375 4423//4423 4424//4424
f 4375//4375 4424//4424 4376//4376
f 4376//4376 4424//4424 4425//4425
f 4376//4376 4425//4425 4377//4377
f 4377//4377 4425//4425 4426//4426
f 4377//4377 4426//4426 4378//4378
f 4378//4378 4426//4426 4427//4427
f 4378//4378 4427//4427 4379//4379
f 4379//4379 4427//4427 4428//4428
f 4379//4379 4428//4428 4380//4380
f 4380//4380 4428//4428 4429//4429
f 4380//4380 4429//4429 4381//4381
f 4381//4381 4429//4429 4430//4430
f 4381//4381 4430//4430 4382//4382
f 4382//4382 4430//4430 4431//4431
f 4382//4382 4431//4431 4383//4383
f 4383//4383 4431//4431 4432//4432
f 4383//4383 4432//4432 4384//4384
f 4384//4384 4432//4432 4433//4433
f 4384//4384 4433//4433 4385//4385
f 4385//4385 4433//4433 4434//4434
f 4385//4385 4434//4434 4386//4386
f 4386//4386 4434//4434 4435//4435
f 4386//4386 4435//4435 4387//4387
f 4387//4387 4435//4435 4436//4436
f 4387//4387 4436//4436 4388//4388
f 4388//4388 4436//4436 4437//4437
f 4388//4388 4437//4437 4389//4389
f 4389//4389 4437//4437 4438//4438
f 4389//4389 4438//4438 4390//4390
f 4390//4390 4438//4438 4439//4439
f 4390//4390 4439//4439 4391//4391
f 4391//4391 4439//4439 4440//4440
f 4391//4391 4440//4440 4392//4392
f 4392//4392 4440//4440 4441//4441
f 4392//4392 4441//4441 4393//4393
f 4393//4393 4441//4441 4442//4442
f 4393//4393 4442//4442 4394//4394
f 4394//4394 4442//4442 4443//4443
f 4394//4394 4443//4443 4395//4395
f 4395//4395 4443//4443 4444//4444
f 4395//4395 4444//4444 4396//4396
f 4396//4396 4444//4444 4445//4445
f 4396//4396 4445//4445 4397//4397
f 4397//4397 4445//4445 4446//4446
f 4397//4397 4446//4446 4398//4398
f 4398//4398 4446//4446 4447//4447
f 4398//4398 4447//4447 4399//4399
f 4399//4399 4447//4447 4448//4448
f 4399//4399 4448//4448 4400//4400
f 4400//4400 4448//4448 4449//4449
f 4400//4400 4449//4449 4401//4401
f 4401//4401 4449//4449 4450//4450
f 4401//4401 4450//4450 4402//4402
f 4402//4402 4450//4450 4451//4451
f 4402//4402 4451//4451 4403//4403
f 4403//4403 4451//4451 4452//4452
f 4403//4403 4452//4452 4404//4404
f 4404//4404 4452//4452 4453//4453
f 4404//4404 4453//4453 4405//4405
f 4405//4405 4453//4453 4454//4454
f 4405//4405 4454//4454 4406//4406
f 4406//4406 4454//4454 4455//4455
f 4406//4406 4455//4455 4407//4407
f 4407//4407 4455//4455 4456//4456
f 4407//4407 4456//4456 4408//4408
f 4408//4408 4456//4456 4457//4457
f 4408//4408 4457//4457 4409//4409
f 4409//4409 4457//4457 4458//4458
f 4409//4409 4458//4458 4410//4410
f 4410//4410 4458//4458 4459//4459
f 4410//4410 4459//4459 4411//4411
f 4411//4411 4459//4459 4460//4460
f 4411//4411 4460//4460 4412//4412
f 4412//4412 4460//4460 4461//4461
f 4412//4412 4461//4461 4413//4413
f 4413//4413 4461//4461 4462//4462
f 4413//4413 4462//4462 4414//4414
f 4414//4414 4462//4462 4463//4463
f 4414//4414 4463//4463 4415//4415
f 4415//4415 4463//4463 4464//4464
f 4415//4415 4464//4464 4416//4416
f 4416//4416 4464//4464 4417//4417
f 4416//4416 4417//4417 4369//4369
f 4417//4417 4465//4465 4466//4466
f 4417//4417 4466//4466 4418//4418
f 4418//4418 4466//4466 4467//4467
f 4418//4418 4467//4467 4419//4419
f 4419//4419 4467//4467 4468//4468
f 4419//4419 4468//4468 4420//4420
f 4420//4420 4468//4468 4469//4469
f 4420//4420 4469//4469 4421//4421
f 4421//4421 4469//4469 4470//4470
f 4421//4421 4470//4470 4422//4422
f 4422//4422 4470//4470 4471//4471
f 4422//4422 4471//4471 4423//4423
f 4423//4423 4471//4471 4472//4472
f 4423//4423 4472//4472 4424//4424
f 4424//4424 4472//4472 4473//4473
f 4424//4424 4473//4473 4425//4425
f 4425//4425 4473//4473 4474//4474
f 4425//4425 4474//4474 4426//4426
f 4426//4426 4474//4474 4475//4475
f 4426//4426 4475//4475 4427//4427
f 4427//4427 4475//4475 4476//4476
f 4427//4427 4476//4476 4428//4428
f 4428//4428 4476//4476 4477//4477
f 4428//4428 4477//4477 4429//4429
f 4429//4429 4477//4477 4478//4478
f 4429//4429 4478//4478 4430//4430
f 4430//4430 4478//4478 4479//4479
f 4430//4430 4479//4479 4431//4431
f 4431//4431 4479//4479 4480//4480
f 4431//4431 4480//4480 4432//4432
f 4432//4432 4480//4480 4481//4481
f 4432//4432 4481//4481 4433//4433
f 4433//4433 4481//4481 4482//4482
f 4433//4433 4482//4482 4434//4434
f 4434//4434 4482//4482 4483//4483
f 4434//4434 4483//4483 4435//4435
f 4435//4435 4483//4483 4484//4484
f 4435//4435 4484//4484 4436//4436
f 4436//4436 4484//4484 4485//4485
f 4436//4436 4485//4485 4437//4437
f 4437//4437 4485//4485 4486//4486
f 4437//4437 4486//4486 4438//4438
f 4438//4438 4486//4486 4487//4487
f 4438//4438 4487//4487 4439//4439
f 4439//4439 4487//4487 4488//4488
f 4439//4439 4488//4488 4440//4440
f 4440//4440 4488//4488 4489//4489
f 4440//4440 4489//4489 4441//4441
f 4441//4441 4489//4489 4490//4490
f 4441//4441 4490//4490 4442//4442
f 4442//4442 4490//4490 4491//4491
f 4442//4442 4491//4491 4443//4443
f 4443//4443 4491//4491 4492//4492
f 4443//4443 4492//4492 4444//4444
f 4444//4444 4492//4492 4493//4493
f 4444//4444 4493//4493 4445//4445
f 4445//4445 4493//4493 4494//4494
f 4445//4445 4494//4494 4446//4446
f 4446//4446 4494//4494 4495//4495
f 4446//4446 4495//4495 4447//4447
f 4447//4447 4495//4495 4496//4496
f 4447//4447 4496//4496 4448//4448
f 4448//4448 4496//4496 4497//4497
f 4448//4448 4497//4497 4449//4449
f 4449//4449 4497//4497 4498//4498
f 4449//4449 4498//4498 4450//4450
f 4450//4450 4498//4498 4499//4499
f 4450//4450 4499//4499 4451//4451
f 4451//4451 4499//4499 4500//4500
f 4451//4451 4500//4500 4452//4452
f 4452//4452 4500//4500 4501//4501
f 4452//4452 4501//4501 4453//4453
f 4453//4453 4501//4501 4502//4502
f 4453//4453 4502//4502 4454//4454
f 4454//4454 4502//4502 4503//4503
f 4454//4454 4503//4503 4455//4455
f 4455//4455 4503//4503 4504//4504
f 4455//4455 4504//4504 4456//4456
f 4456//4456 4504//4504 4505//4505
f 4456//4456 4505//4505 4457//4457
f 4457//4457 4505//4505 4506//4506
f 4457//4457 4506//4506 4458//4458
f 4458//4458 4506//4506 4507//4507
f 4458//4458 4507//4507 4459//4459
f 4459//4459 4507//4507 4508//4508
f 4459//4459 4508//4508 4460//4460
f 4460//4460 4508//4508 4509//4509
f 4460//4460 4509//4509 4461//4461
f 4461//4461 4509//4509 4510//4510
f 4461//4461 4510//4510 4462//4462
f 4462//4462 4510//4510 4511//4511
f 4462//4462 4511//4511 4463//4463
f 4463//4463 4511//4511 4512//4512
f 4463//4463 4512//4512 4464//4464
f 4464//4464 4512//4512 4465//4465
f 4464//4464 4465//4465 4417//4417
usemtl bin_38
f 4465//4465 4513//4513 4514//4514
f 4465//4465 4514//4514 4466//4466
f 4466//4466 4514//4514 4515//4515
f 4466//4466 4515//4515 4467//4467
f 4467//4467 4515//4515 4516//4516
f 4467//4467 4516//4516 4468//4468
f 4468//4468 4516//4516 4517//4517
f 4468//4468 4517//4517 4469//4469
f 4469//4469 4517//4517 4518//4518
f 4469//4469 4518//4518 4470//4470
f 4470//4470 4518//4518 4519//4519
f 4470//4470 4519//4519 4471//4471
f 4471//4471 4519//4519 4520//4520
f 4471//4471 4520//4520 4472//4472
f 4472//4472 4520//4520 4521//4521
f 4472//4472 4521//4521 4473//4473
f 4473//4473 4521//4521 4522//4522
f 4473//4473 4522//4522 4474//4474
f 4474//4474 4522//4522 4523//4523
f 4474//4474 4523//4523 4475//4475
f 4475//4475 4523//4523 4524//4524
f 4475//4475 4524//4524 4476//4476
f 4476//4476 4524//4524 4525//4525
f 4476//4476 4525//4525 4477//4477
f 4477//4477 4525//4525 4526//4526
f 4477//4477 4526//4526 4478//4478
f 4478//4478 4526//4526 4527//4527
f 4478//4478 4527//4527 4479//4479
f 4479//4479 4527//4527 4528//4528
f 4479//4479 4528//4528 4480//4480
f 4480//4480 4528//4528 4529//4529
f 4480//4480 4529//4529 4481//4481
f 4481//4481 4529//4529 4530//4530
f 4481//4481 4530//4530 4482//4482
f 4482//4482 4530//4530 4531//4531
f 4482//4482 4531//4531 4483//4483
f 4483//4483 4531//4531 4532//4532
f 4483//4483 4532//4532 4484//4484
f 4484//4484 4532//4532 4533//4533
f 4484//4484 4533//4533 4485//4485
f 4485//4485 4533//4533 4534//4534
f 4485//4485 4534//4534 4486//4486
f 4486//4486 4534//4534 4535//4535
f 4486//4486 4535//4535 4487//4487
f 4487//4487 4535//4535 4536//4536
f 4487//4487 4536//4536 4488//4488
f 4488//4488 4536//4536 4537//4537
f 4488//4488 4537//4537 4489//4489
f 4489//4489 4537//4537 4538//4538
f 4489//4489 4538//4538 4490//4490
f 4490//4490 4538//4538 4539//4539
f 4490//4490 4539//4539 4491//4491
f 4491//4491 4539//4539 4540//4540
f 4491//4491 4540//4540 4492//4492
f 4492//4492 4540//4540 4541//4541
f 4492//4492 4541//4541 4493//4493
f 4493//4493 4541//4541 4542//4542
f 4493//4493 4542//4542 4494//4494
f 4494//4494 4542//4542 4543//4543
f 4494//4494 4543//4543 4495//4495
f 4495//4495 4543//4543 4544//4544
f 4495//4495 4544//4544 4496//4496
f 4496//4496 4544//4544 4545//4545
f 4496//4496 4545//4545 4497//4497
f 4497//4497 4545//4545 4546//4546
f 4497//4497 4546//4546 4498//4498
f 4498//4498 4546//4546 4547//4547
f 4498//4498 4547//4547 4499//4499
f 4499//4499 4547//4547 4548//4548
f 4499//4499 4548//4548 4500//4500
f 4500//4500 4548//4548 4549//4549
f 4500//4500 4549//4549 4501//4501
f 4501//4501 4549//4549 4550//4550
f 4501//4501 4550//4550 4502//4502
f 4502//4502 4550//4550 4551//4551
f 4502//4502 4551//4551 4503//4503
f 4503//4503 4551//4551 4552//4552
f 4503//4503 4552//4552 4504//4504
f 4504//4504 4552//4552 4553//4553
f 4504//4504 4553//4553 4505//4505
f 4505//4505 4553//4553 4554//4554
f 4505//4505 4554//4554 4506//4506
f 4506//4506 4554//4554 4555//4555
f 4506//4506 4555//4555 4507//4507
f 4507//4507 4555//4555 4556//4556
f 4507//4507 4556//4556 4508//4508
f 4508//4508 4556//4556 4557//4557
f 4508//4508 4557//4557 4509//4509
f 4509//4509 4557//4557 4558//4558
f 4509//4509 4558//4558 4510//4510
f 4510//4510 4558//4558 4559//4559
f 4510//4510 4559//4559 4511//4511
f 4511//4511 4559//4559 4560//4560
f 4511//4511 4560//4560 4512//4512
f 4512//4512 4560//4560 4513//4513
f 4512//4512 4513//4513 4465//4465
f 4513//4513 4561//4561 4562//4562
f 4513//4513 4562//4562 4514//4514
f 4514//4514 4562//4562 4563//4563
f 4514//4514 4563//4563 4515//4515
f 4515//4515 4563//4563 4564//4564
f 4515//4515 4564//4564 4516//4516
f 4516//4516 4564//4564 4565//4565
f 4516//4516 4565//4565 4517//4517
f 4517//4517 4565//4565 4566//4566
f 4517//4517 4566//4566 4518//4518
f 4518//4518 4566//4566 4567//4567
f 4518//4518 4567//4567 4519//4519
f 4519//4519 4567//4567 4568//4568
f 4519//4519 4568//4568 4520//4520
f 4520//4520 4568//4568 4569//4569
f 4520//4520 4569//4569 4521//4521
f 4521//4521 4569//4569 4570//4570
f 4521//4521 4570//4570 4522//4522
f 4522//4522 4570//4570 4571//4571
f 4522//4522 4571//4571 4523//4523
f 4523//4523 4571//4571 4572//4572
f 4523//4523 4572//4572 4524//4524
f 4524//4524 4572//4572 4573//4573
f 4524//4524 4573//4573 4525//4525
f 4525//4525 4573//4573 4574//4574
f 4525//4525 4574//4574 4526//4526
f 4526//4526 4574//4574 4575//4575
f 4526//4526 4575//4575 4527//4527
f 4527//4527 4575//4575 4576//4576
f 4527//4527 4576//4576 4528//4528
f 4528//4528 4576//4576 4577//4577
f 4528//4528 4577//4577 4529//4529
f 4529//4529 4577//4577 4578//4578
f 4529//4529 4578//4578 4530//4530
f 4530//4530 4578//4578 4579//4579
f 4530//4530 4579//4579 4531//4531
f 4531//4531 4579//4579 4580//4580
f 4531//4531 4580//4580 4532//4532
f 4532//4532 4580//4580 4581//4581
f 4532//4532 4581//4581 4533//4533
f 4533//4533 4581//4581 4582//4582
f 4533//4533 4582//4582 4534//4534
f 4534//4534 4582//4582 4583//4583
f 4534//4534 4583//4583 4535//4535
f 4535//4535 4583//4583 4584//4584
f 4535//4535 4584//4584 4536//4536
f 4536//4536 4584//4584 4585//4585
f 4536//4536 4585//4585 4537//4537
f 4537//4537 4585//4585 4586//4586
f 4537//4537 4586//4586 4538//4538
f 4538//4538 4586//4586 4587//4587
f 4538//4538 4587//4587 4539//4539
f 4539//4539 4587//4587 4588//4588
f 4539//4539 4588//4588 4540//4540
f 4540//4540 4588//4588 4589//4589
f 4540//4540 4589//4589 4541//4541
f 4541//4541 4589//4589 4590//4590
f 4541//4541 4590//4590 4542//4542
f 4542//4542 4590//4590 4591//4591
f 4542//4542 4591//4591 4543//4543
f 4543//4543 4591//4591 4592//4592
f 4543//4543 4592//4592 4544//4544
f 4544//4544 4592//4592 4593//4593
f 4544//4544 4593//4593 4545//4545
f 4545//4545 4593//4593 4594//4594
f 4545//4545 4594//4594 4546//4546
f 4546//4546 4594//4594 4595//4595
f 4546//4546 4595//4595 4547//4547
f 4547//4547 4595//4595 4596//4596
f 4547//4547 4596//4596 4548//4548
f 4548//4548 4596//4596 4597//4597
f 4548//4548 4597//4597 4549//4549
f 4549//4549 4597//4597 4598//4598
f 4549//4549 4598//4598 4550//4550
f 4550//4550 4598//4598 4599//4599
f 4550//4550 4599//4599 4551//4551
f 4551//4551 4599//4599 4600//4600
f 4551//4551 4600//4600 4552//4552
f 4552//4552 4600//4600 4601//4601
f 4552//4552 4601//4601 4553//4553
f 4553//4553 4601//4601 4602//4602
f 4553//4553 4602//4602 4554//4554
f 4554//4554 4602//4602 4603//4603
f 4554//4554 4603//4603 4555//4555
f 4555//4555 4603//4603 4604//4604
f 4555//4555 4604//4604 4556//4556
f 4556//4556 4604//4604 4605//4605
f 4556//4556 4605//4605 4557//4557
f 4557//4557 4605//4605 4606//4606
f 4557//4557 4606//4606 4558//4558
f 4558//4558 4606//4606 4607//4607
f 4558//4558 4607//4607 4559//4559
f 4559//4559 4607//4607 4608//4608
f 4559//4559 4608//4608 4560//4560
f 4560//4560 4608//4608 4561//4561
f 4560//4560 4561//4561 4513//4513
f 4561//4561 4609//4609 4610//4610
f 4561//4561 4610//4610 4562//4562
f 4562//4562 4610//4610 4611//4611
f 4562//4562 4611//4611 4563//4563
f 4563//4563 4611//4611 4612//4612
f 4563//4563 4612//4612 4564//4564
f 4564//4564 4612//4612 4613//4613
f 4564//4564 4613//4613 4565//4565
f 4565//4565 4613//4613 4614//4614
f 4565//4565 4614//4614 4566//4566
f 4566//4566 4614//4614 4615//4615
f 4566//4566 4615//4615 4567//4567
f 4567//4567 4615//4615 4616//4616
f 4567//4567 4616//4616 4568//4568
f 4568//4568 4616//4616 4617//4617
f 4568//4568 4617//4617 4569//4569
f 4569//4569 4617//4617 4618//4618
f 4569//4569 4618//4618 4570//4570
f 4570//4570 4618//4618 4619//4619
f 4570//4570 4619//4619 4571//4571
f 4571//4571 4619//4619 4620//4620
f 4571//4571 4620//4620 4572//4572
f 4572//4572 4620//4620 4621//4621
f 4572//4572 4621//4621 4573//4573
f 4573//4573 4621//4621 4622//4622
f 4573//4573 4622//4622 4574//4574
f 4574//4574 4622//4622 4623//4623
f 4574//4574 4623//4623 4575//4575
f 4575//4575 4623//4623 4624//4624
f 4575//4575 4624//4624 4576//4576
f 4576//4576 4624//4624 4625//4625
f 4576//4576 4625//4625 4577//4577
f 4577//4577 4625//4625 4626//4626
f 4577//4577 4626//4626 4578//4578
f 4578//4578 4626//4626 4627//4627
f 4578//4578 4627//4627 4579//4579
f 4579//4579 4627//4627 4628//4628
f 4579//4579 4628//4628 4580//4580
f 4580//4580 4628//4628 4629//4629
f 4580//4580 4629//4629 4581//4581
f 4581//4581 4629//4629 4630//4630
f 4581//4581 4630//4630 4582//4582
f 4582//4582 4630//4630 4631//4631
f 4582//4582 4631//4631 4583//4583
f 4583//4583 4631//4631 4632//4632
f 4583//4583 4632//4632 4584//4584
f 4584//4584 4632//4632 4633//4633
f 4584//4584 4633//4633 4585//4585
f 4585//4585 4633//4633 4634//4634
f 4585//4585 4634//4634 4586//4586
f 4586//4586 4634//4634 4635//4635
f 4586//4586 4635//4635 4587//4587
f 4587//4587 4635//4635 4636//4636
f 4587//4587 4636//4636 4588//4588
f 4588//4588 4636//4636 4637//4637
f 4588//4588 4637//4637 4589//4589
f 4589//4589 4637//4637 4638//4638
f 4589//4589 4638//4638 4590//4590
f 4590//4590 4638//4638 4639//4639
f 4590//4590 4639//4639 4591//4591
f 4591//4591 4639//4639 4640//4640
f 4591//4591 4640//4640 4592//4592
f 4592//4592 4640//4640 4641//4641
f 4592//4592 4641//4641 4593//4593
f 4593//4593 4641//4641 4642//4642
f 4593//4593 4642//4642 4594//4594
f 4594//4594 4642//4642 4643//4643
f 4594//4594 4643//4643 4595//4595
f 4595//4595 4643//4643 4644//4644
f 4595//4595 4644//4644 4596//4596
f 4596//4596 4644//4644 4645//4645
f 4596//4596 4645//4645 4597//4597
f 4597//4597 4645//4645 4646//4646
f 4597//4597 4646//4646 4598//4598
f 4598//4598 4646//4646 4647//4647
f 4598//4598 4647//4647 4599//4599
f 4599//4599 4647//4647 4648//4648
f 4599//4599 4648//4648 4600//4600
f 4600//4600 4648//4648 4649//4649
f 4600//4600 4649//4649 4601//4601
f 4601//4601 4649//4649 4650//4650
f 4601//4601 4650//4650 4602//4602
f 4602//4602 4650//4650 4651//4651
f 4602//4602 4651//4651 4603//4603
f 4603//4603 4651//4651 4652//4652
f 4603//4603 4652//4652 4604//4604
f 4604//4604 4652//4652 4653//4653
f 4604//4604 4653//4653 4605//4605
f 4605//4605 4653//4653 4654//4654
f 4605//4605 4654//4654 4606//4606
f 4606//4606 4654//4654 4655//4655
f 4606//4606 4655//4655 4607//4607
f 4607//4607 4655//4655 4656//4656
f 4607//4607 4656//4656 4608//4608
f 4608//4608 4656//4656 4609//4609
f 4608//4608 4609//4609 4561//4561
usemtl bin_40
f 4609//4609 4657//4657 4658//4658
f 4609//4609 4658//4658 4610//4610
f 4610//4610 4658//4658 4659//4659
f 4610//4610 4659//4659 4611//4611
f 4611//4611 4659//4659 4660//4660
f 4611//4611 4660//4660 4612//4612
f 4612//4612 4660//4660 4661//4661
f 4612//4612 4661//4661 4613//4613
f 4613//4613 4661//4661 4662//4662
f 4613//4613 4662//4662 4614//4614
f 4614//4614 4662//4662 4663//4663
f 4614//4614 4663//4663 4615//4615
f 4615//4615 4663//4663 4664//4664
f 4615//4615 4664//4664 4616//4616
f 4616//4616 4664//4664 4665//4665
f 4616//4616 4665//4665 4617//4617
f 4617//4617 4665//4665 4666//4666
f 4617//4617 4666//4666 4618//4618
f 4618//4618 4666//4666 4667//4667
f 4618//4618 4667//4667 4619//4619
f 4619//4619 4667//4667 4668//4668
f 4619//4619 4668//4668 4620//4620
f 4620//4620 4668//4668 4669//4669
f 4620//4620 4669//4669 4621//4621
f 4621//4621 4669//4669 4670//4670
f 4621//4621 4670//4670 4622//4622
f 4622//4622 4670//4670 4671//4671
f 4622//4622 4671//4671 4623//4623
f 4623//4623 4671//4671 4672//4672
f 4623//4623 4672//4672 4624//4624
f 4624//4624 4672//4672 4673//4673
f 4624//4624 4673//4673 4625//4625
f 4625//4625 4673//4673 4674//4674
f 4625//4625 4674//4674 4626//4626
f 4626//4626 4674//4674 4675//4675
f 4626//4626 4675//4675 4627//4627
f 4627//4627 4675//4675 4676//4676
f 4627//4627 4676//4676 4628//4628
f 4628//4628 4676//4676 4677//4677
f 4628//4628 4677//4677 4629//4629
f 4629//4629 4677//4677 4678//4678
f 4629//4629 4678//4678 4630//4630
f 4630//4630 4678//4678 4679//4679
f 4630//4630 4679//4679 4631//4631
f 4631//4631 4679//4679 4680//4680
f 4631//4631 4680//4680 4632//4632
f 4632//4632 4680//4680 4681//4681
f 4632//4632 4681//4681 4633//4633
f 4633//4633 4681//4681 4682//4682
f 4633//4633 4682//4682 4634//4634
f 4634//4634 4682//4682 4683//4683
f 4634//4634 4683//4683 4635//4635
f 4635//4635 4683//4683 4684//4684
f 4635//4635 4684//4684 4636//4636
f 4636//4636 4684//4684 4685//4685
f 4636//4636 4685//4685 4637//4637
f 4637//4637 4685//4685 4686//4686
f 4637//4637 4686//4686 4638//4638
f 4638//4638 4686//4686 4687//4687
f 4638//4638 4687//4687 4639//4639
f 4639//4639 4687//4687 4688//4688
f 4639//4639 4688//4688 4640//4640
f 4640//4640 4688//4688 4689//4689
f 4640//4640 4689//4689 4641//4641
f 4641//4641 4689//4689 4690//4690
f 4641//4641 4690//4690 4642//4642
f 4642//4642 4690//4690 4691//4691
f 4642//4642 4691//4691 4643//4643
f 4643//4643 4691//4691 4692//4692
f 4643//4643 4692//4692 4644//4644
f 4644//4644 4692//4692 4693//4693
f 4644//4644 4693//4693 4645//4645
f 4645//4645 4693//4693 4694//4694
f 4645//4645 4694//4694 4646//4646
f 4646//4646 4694//4694 4695//4695
f 4646//4646 4695//4695 4647//4647
f 4647//4647 4695//4695 4696//4696
f 4647//4647 4696//4696 4648//4648
f 4648//4648 4696//4696 4697//4697
f 4648//4648 4697//4697 4649//4649
f 4649//4649 4697//4697 4698//4698
f 4649//4649 4698//4698 4650//4650
f 4650//4650 4698//4698 4699//4699
f 4650//4650 4699//4699 4651//4651
f 4651//4651 4699//4699 4700//4700
f 4651//4651 4700//4700 4652//4652
f 4652//4652 4700//4700 4701//4701
f 4652//4652 4701//4701 4653//4653
f 4653//4653 4701//4701 4702//4702
f 4653//4653 4702//4702 4654//4654
f 4654//4654 4702//4702 4703//4703
f 4654//4654 4703//4703 4655//4655
f 4655//4655 4703//4703 4704//4704
f 4655//4655 4704//4704 4656//4656
f 4656//4656 4704//4704 4657//4657
f 4656//4656 4657//4657 4609//4609
f 4657//4657 4705//4705 4706//4706
f 4657//4657 4706//4706 4658//4658
f 4658//4658 4706//4706 4707//4707
f 4658//4658 4707//4707 4659//4659
f 4659//4659 4707//4707 4708//4708
f 4659//4659 4708//4708 4660//4660
f 4660//4660 4708//4708 4709//4709
f 4660//4660 4709//4709 4661//4661
f 4661//4661 4709//4709 4710//4710
f 4661//4661 4710//4710 4662//4662
f 4662//4662 4710//4710 4711//4711
f 4662//4662 4711//4711 4663//4663
f 4663//4663 4711//4711 4712//4712
f 4663//4663 4712//4712 4664//4664
f 4664//4664 4712//4712 4713//4713
f 4664//4664 4713//4713 4665//4665
f 4665//4665 4713//4713 4714//4714
f 4665//4665 4714//4714 4666//4666
f 4666//4666 4714//4714 4715//4715
f 4666//4666 4715//4715 4667//4667
f 4667//4667 4715//4715 4716//4716
f 4667//4667 4716//4716 4668//4668
f 4668//4668 4716//4716 4717//4717
f 4668//4668 4717//4717 4669//4669
f 4669//4669 4717//4717 4718//4718
f 4669//4669 4718//4718 4670//4670
f 4670//4670 4718//4718 4719//4719
f 4670//4670 4719//4719 4671//4671
f 4671//4671 4719//4719 4720//4720
f 4671//4671 4720//4720 4672//4672
f 4672//4672 4720//4720 4721//4721
f 4672//4672 4721//4721 4673//4673
f 4673//4673 4721//4721 4722//4722
f 4673//4673 4722//4722 4674//4674
f 4674//4674 4722//4722 4723//4723
f 4674//4674 4723//4723 4675//4675
f 4675//4675 4723//4723 4724//4724
f 4675//4675 4724//4724 4676//4676
f 4676//4676 4724//4724 4725//4725
f 4676//4676 4725//4725 4677//4677
f 4677//4677 4725//4725 4726//4726
f 4677//4677 4726//4726 4678//4678
f 4678//4678 4726//4726 4727//4727
f 4678//4678 4727//4727 4679//4679
f 4679//4679 4727//4727 4728//4728
f 4679//4679 4728//4728 4680//4680
f 4680//4680 4728//4728 4729//4729
f 4680//4680 4729//4729 4681//4681
f 4681//4681 4729//4729 4730//4730
f 4681//4681 4730//4730 4682//4682
f 4682//4682 4730//4730 4731//4731
f 4682//4682 4731//4731 4683//4683
f 4683//4683 4731//4731 4732//4732
f 4683//4683 4732//4732 4684//4684
f 4684//4684 4732//4732 4733//4733
f 4684//4684 4733//4733 4685//4685
f 4685//4685 4733//4733 4734//4734
f 4685//4685 4734//4734 4686//4686
f 4686//4686 4734//4734 4735//4735
f 4686//4686 4735//4735 4687//4687
f 4687//4687 4735//4735 4736//4736
f 4687//4687 4736//4736 4688//4688
f 4688//4688 4736//4736 4737//4737
f 4688//4688 4737//4737 4689//4689
f 4689//4689 4737//4737 4738//4738
f 4689//4689 4738//4738 4690//4690
f 4690//4690 4738//4738 4739//4739
f 4690//4690 4739//4739 4691//4691
f 4691//4691 4739//4739 4740//4740
f 4691//4691 4740//4740 4692//4692
f 4692//4692 4740//4740 4741//4741
f 4692//4692 4741//4741 4693//4693
f 4693//4693 4741//4741 4742//4742
f 4693//4693 4742//4742 4694//4694
f 4694//4694 4742//4742 4743//4743
f 4694//4694 4743//4743 4695//4695
f 4695//4695 4743//4743 4744//4744
f 4695//4695 4744//4744 4696//4696
f 4696//4696 4744//4744 4745//4745
f 4696//4696 4745//4745 4697//4697
f 4697//4697 4745//4745 4746//4746
f 4697//4697 4746//4746 4698//4698
f 4698//4698 4746//4746 4747//4747
f 4698//4698 4747//4747 4699//4699
f 4699//4699 4747//4747 4748//4748
f 4699//4699 4748//4748 4700//4700
f 4700//4700 4748//4748 4749//4749
f 4700//4700 4749//4749 4701//4701
f 4701//4701 4749//4749 4750//4750
f 4701//4701 4750//4750 4702//4702
f 4702//4702 4750//4750 4751//4751
f 4702//4702 4751//4751 4703//4703
f 4703//4703 4751//4751 4752//4752
f 4703//4703 4752//4752 4704//4704
f 4704//4704 4752//4752 4705//4705
f 4704//4704 4705//4705 4657//4657
f 4705//4705 4753//4753 4754//4754
f 4705//4705 4754//4754 4706//4706
f 4706//4706 4754//4754 4755//4755
f 4706//4706 4755//4755 4707//4707
f 4707//4707 4755//4755 4756//4756
f 4707//4707 4756//4756 4708//4708
f 4708//4708 4756//4756 4757//4757
f 4708//4708 4757//4757 4709//4709
f 4709//4709 4757//4757 4758//4758
f 4709//4709 4758//4758 4710//4710
f 4710//4710 4758//4758 4759//4759
f 4710//4710 4759//4759 4711//4711
f 4711//4711 4759//4759 4760//4760
f 4711//4711 4760//4760 4712//4712
f 4712//4712 4760//4760 4761//4761
f 4712//4712 4761//4761 4713//4713
f 4713//4713 4761//4761 4762//4762
f 4713//4713 4762//4762 4714//4714
f 4714//4714 4762//4762 4763//4763
f 4714//4714 4763//4763 4715//4715
f 4715//4715 4763//4763 4764//4764
f 4715//4715 4764//4764 4716//4716
f 4716//4716 4764//4764 4765//4765
f 4716//4716 4765//4765 4717//4717
f 4717//4717 4765//4765 4766//4766
f 4717//4717 4766//4766 4718//4718
f 4718//4718 4766//4766 4767//4767
f 4718//4718 4767//4767 4719//4719
f 4719//4719 4767//4767 4768//4768
f 4719//4719 4768//4768 4720//4720
f 4720//4720 4768//4768 4769//4769
f 4720//4720 4769//4769 4721//4721
f 4721//4721 4769//4769 4770//4770
f 4721//4721 4770//4770 4722//4722
f 4722//4722 4770//4770 4771//4771
f 4722//4722 4771//4771 4723//4723
f 4723//4723 4771//4771 4772//4772
f 4723//4723 4772//4772 4724//4724
f 4724//4724 4772//4772 4773//4773
f 4724//4724 4773//4773 4725//4725
f 4725//4725 4773//4773 4774//4774
f 4725//4725 4774//4774 4726//4726
f 4726//4726 4774//4774 4775//4775
f 4726//4726 4775//4775 4727//4727
f 4727//4727 4775//4775 4776//4776
f 4727//4727 4776//4776 4728//4728
f 4728//4728 4776//4776 4777//4777
f 4728//4728 4777//4777 4729//4729
f 4729//4729 4777//4777 4778//4778
f 4729//4729 4778//4778 4730//4730
f 4730//4730 4778//4778 4779//4779
f 4730//4730 4779//4779 4731//4731
f 4731//4731 4779//4779 4780//4780
f 4731//4731 4780//4780 4732//4732
f 4732//4732 4780//4780 4781//4781
f 4732//4732 4781//4781 4733//4733
f 4733//4733 4781//4781 4782//4782
f 4733//4733 4782//4782 4734//4734
f 4734//4734 4782//4782 4783//4783
f 4734//4734 4783//4783 4735//4735
f 4735//4735 4783//4783 4784//4784
f 4735//4735 4784//4784 4736//4736
f 4736//4736 4784//4784 4785//4785
f 4736//4736 4785//4785 4737//4737
f 4737//4737 4785//4785 4786//4786
f 4737//4737 4786//4786 4738//4738
f 4738//4738 4786//4786 4787//4787
f 4738//4738 4787//4787 4739//4739
f 4739//4739 4787//4787 4788//4788
f 4739//4739 4788//4788 4740//4740
f 4740//4740 4788//4788 4789//4789
f 4740//4740 4789//4789 4741//4741
f 4741//4741 4789//4789 4790//4790
f 4741//4741 4790//4790 4742//4742
f 4742//4742 4790//4790 4791//4791
f 4742//4742 4791//4791 4743//4743
f 4743//4743 4791//4791 4792//4792
f 4743//4743 4792//4792 4744//4744
f 4744//4744 4792//4792 4793//4793
f 4744//4744 4793//4793 4745//4745
f 4745//4745 4793//4793 4794//4794
f 4745//4745 4794//4794 4746//4746
f 4746//4746 4794//4794 4795//4795
f 4746//4746 4795//4795 4747//4747
f 4747//4747 4795//4795 4796//4796
f 4747//4747 4796//4796 4748//4748
f 4748//4748 4796//4796 4797//4797
f 4748//4748 4797//4797 4749//4749
f 4749//4749 4797//4797 4798//4798
f 4749//4749 4798//4798 4750//4750
f 4750//4750 4798//4798 4799//4799
f 4750//4750 4799//4799 4751//4751
f 4751//4751 4799//4799 4800//4800
f 4751//4751 4800//4800 4752//4752
f 4752//4752 4800//4800 4753//4753
f 4752//4752 4753//4753 4705//4705
usemtl bin_42
f 4753//4753 4801//4801 4802//4802
f 4753//4753 4802//4802 4754//4754
f 4754//4754 4802//4802 4803//4803
f 4754//4754 4803//4803 4755//4755
f 4755//4755 4803//4803 4804//4804
f 4755//4755 4804//4804 4756//4756
f 4756//4756 4804//4804 4805//4805
f 4756//4756 4805//4805 4757//4757
f 4757//4757 4805//4805 4806//4806
f 4757//4757 4806//4806 4758//4758
f 4758//4758 4806//4806 4807//4807
f 4758//4758 4807//4807 4759//4759
f 4759//4759 4807//4807 4808//4808
f 4759//4759 4808//4808 4760//4760
f 4760//4760 4808//4808 4809//4809
f 4760//4760 4809//4809 4761//4761
f 4761//4761 4809//4809 4810//4810
f 4761//4761 4810//4810 4762//4762
f 4762//4762 4810//4810 4811//4811
f 4762//4762 4811//4811 4763//4763
f 4763//4763 4811//4811 4812//4812
f 4763//4763 4812//4812 4764//4764
f 4764//4764 4812//4812 4813//4813
f 4764//4764 4813//4813 4765//4765
f 4765//4765 4813//4813 4814//4814
f 4765//4765 4814//4814 4766//4766
f 4766//4766 4814//4814 4815//4815
f 4766//4766 4815//4815 4767//4767
f 4767//4767 4815//4815 4816//4816
f 4767//4767 4816//4816 4768//4768
f 4768//4768 4816//4816 4817//4817
f 4768//4768 4817//4817 4769//4769
f 4769//4769 4817//4817 4818//4818
f 4769//4769 4818//4818 4770//4770
f 4770//4770 4818//4818 4819//4819
f 4770//4770 4819//4819 4771//4771
f 4771//4771 4819//4819 4820//4820
f 4771//4771 4820//4820 4772//4772
f 4772//4772 4820//4820 4821//4821
f 4772//4772 4821//4821 4773//4773
f 4773//4773 4821//4821 4822//4822
f 4773//4773 4822//4822 4774//4774
f 4774//4774 4822//4822 4823//4823
f 4774//4774 4823//4823 4775//4775
f 4775//4775 4823//4823 4824//4824
f 4775//4775 4824//4824 4776//4776
f 4776//4776 4824//4824 4825//4825
f 4776//4776 4825//4825 4777//4777
f 4777//4777 4825//4825 4826//4826
f 4777//4777 4826//4826 4778//4778
f 4778//4778 4826//4826 4827//4827
f 4778//4778 4827//4827 4779//4779
f 4779//4779 4827//4827 4828//4828
f 4779//4779 4828//4828 4780//4780
f 4780//4780 4828//4828 4829//4829
f 4780//4780 4829//4829 4781//4781
f 4781//4781 4829//4829 4830//4830
f 4781//4781 4830//4830 4782//4782
f 4782//4782 4830//4830 4831//4831
f 4782//4782 4831//4831 4783//4783
f 4783//4783 4831//4831 4832//4832
f 4783//4783 4832//4832 4784//4784
f 4784//4784 4832//4832 4833//4833
f 4784//4784 4833//4833 4785//4785
f 4785//4785 4833//4833 4834//4834
f 4785//4785 4834//4834 4786//4786
f 4786//4786 4834//4834 4835//4835
f 4786//4786 4835//4835 4787//4787
f 4787//4787 4835//4835 4836//4836
f 4787//4787 4836//4836 4788//4788
f 4788//4788 4836//4836 4837//4837
f 4788//4788 4837//4837 4789//4789
f 4789//4789 4837//4837 4838//4838
f 4789//4789 4838//4838 4790//4790
f 4790//4790 4838//4838 4839//4839
f 4790//4790 4839//4839 4791//4791
f 4791//4791 4839//4839 4840//4840
f 4791//4791 4840//4840 4792//4792
f 4792//4792 4840//4840 4841//4841
f 4792//4792 4841//4841 4793//4793
f 4793//4793 4841//4841 4842//4842
f 4793//4793 4842//4842 4794//4794
f 4794//4794 4842//4842 4843//4843
f 4794//4794 4843//4843 4795//4795
f 4795//4795 4843//4843 4844//4844
f 4795//4795 4844//4844 4796//4796
f 4796//4796 4844//4844 4845//4845
f 4796//4796 4845//4845 4797//4797
f 4797//4797 4845//4845 4846//4846
f 4797//4797 4846//4846 4798//4798
f 4798//4798 4846//4846 4847//4847
f 4798//4798 4847//4847 4799//4799
f 4799//4799 4847//4847 4848//4848
f 4799//4799 4848//4848 4800//4800
f 4800//4800 4848//4848 4801//4801
f 4800//4800 4801//4801 4753//4753
f 4801//4801 4849//4849 4850//4850
f 4801//4801 4850//4850 4802//4802
f 4802//4802 4850//4850 4851//4851
f 4802//4802 4851//4851 4803//4803
f 4803//4803 4851//4851 4852//4852
f 4803//4803 4852//4852 4804//4804
f 4804//4804 4852//4852 4853//4853
f 4804//4804 4853//4853 4805//4805
f 4805//4805 4853//4853 4854//4854
f 4805//4805 4854//4854 4806//4806
f 4806//4806 4854//4854 4855//4855
f 4806//4806 4855//4855 4807//4807
f 4807//4807 4855//4855 4856//4856
f 4807//4807 4856//4856 4808//4808
f 4808//4808 4856//4856 4857//4857
f 4808//4808 4857//4857 4809//4809
f 4809//4809 4857//4857 4858//4858
f 4809//4809 4858//4858 4810//4810
f 4810//4810 4858//4858 4859//4859
f 4810//4810 4859//4859 4811//4811
f 4811//4811 4859//4859 4860//4860
f 4811//4811 4860//4860 4812//4812
f 4812//4812 4860//4860 4861//4861
f 4812//4812 4861//4861 4813//4813
f 4813//4813 4861//4861 4862//4862
f 4813//4813 4862//4862 4814//4814
f 4814//4814 4862//4862 4863//4863
f 4814//4814 4863//4863 4815//4815
f 4815//4815 4863//4863 4864//4864
f 4815//4815 4864//4864 4816//4816
f 4816//4816 4864//4864 4865//4865
f 4816//4816 4865//4865 4817//4817
f 4817//4817 4865//4865 4866//4866
f 4817//4817 4866//4866 4818//4818
f 4818//4818 4866//4866 4867//4867
f 4818//4818 4867//4867 4819//4819
f 4819//4819 4867//4867 4868//4868
f 4819//4819 4868//4868 4820//4820
f 4820//4820 4868//4868 4869//4869
f 4820//4820 4869//4869 4821//4821
f 4821//4821 4869//4869 4870//4870
f 4821//4821 4870//4870 4822//4822
f 4822//4822 4870//4870 4871//4871
f 4822//4822 4871//4871 4823//4823
f 4823//4823 4871//4871 4872//4872
f 4823//4823 4872//4872 4824//4824
f 4824//4824 4872//4872 4873//4873
f 4824//4824 4873//4873 4825//4825
f 4825//4825 4873//4873 4874//4874
f 4825//4825 4874//4874 4826//4826
f 4826//4826 4874//4874 4875//4875
f 4826//4826 4875//4875 4827//4827
f 4827//4827 4875//4875 4876//4876
f 4827//4827 4876//4876 4828//4828
f 4828//4828 4876//4876 4877//4877
f 4828//4828 4877//4877 4829//4829
f 4829//4829 4877//4877 4878//4878
f 4829//4829 4878//4878 4830//4830
f 4830//4830 4878//4878 4879//4879
f 4830//4830 4879//4879 4831//4831
f 4831//4831 4879//4879 4880//4880
f 4831//4831 4880//4880 4832//4832
f 4832//4832 4880//4880 4881//4881
f 4832//4832 4881//4881 4833//4833
f 4833//4833 4881//4881 4882//4882
f 4833//4833 4882//4882 4834//4834
f 4834//4834 4882//4882 4883//4883
f 4834//4834 4883//4883 4835//4835
f 4835//4835 4883//4883 4884//4884
f 4835//4835 4884//4884 4836//4836
f 4836//4836 4884//4884 4885//4885
f 4836//4836 4885//4885 4837//4837
f 4837//4837 4885//4885 4886//4886
f 4837//4837 4886//4886 4838//4838
f 4838//4838 4886//4886 4887//4887
f 4838//4838 4887//4887 4839//4839
f 4839//4839 4887//4887 4888//4888
f 4839//4839 4888//4888 4840//4840
f 4840//4840 4888//4888 4889//4889
f 4840//4840 4889//4889 4841//4841
f 4841//4841 4889//4889 4890//4890
f 4841//4841 4890//4890 4842//4842
f 4842//4842 4890//4890 4891//4891
f 4842//4842 4891//4891 4843//4843
f 4843//4843 4891//4891 4892//4892
f 4843//4843 4892//4892 4844//4844
f 4844//4844 4892//4892 4893//4893
f 4844//4844 4893//4893 4845//4845
f 4845//4845 4893//4893 4894//4894
f 4845//4845 4894//4894 4846//4846
f 4846//4846 4894//4894 4895//4895
f 4846//4846 4895//4895 4847//4847
f 4847//4847 4895//4895 4896//4896
f 4847//4847 4896//4896 4848//4848
f 4848//4848 4896//4896 4849//4849
f 4848//4848 4849//4849 4801//4801
usemtl bin_44
f 4849//4849 4897//4897 4898//4898
f 4849//4849 4898//4898 4850//4850
f 4850//4850 4898//4898 4899//4899
f 4850//4850 4899//4899 4851//4851
f 4851//4851 4899//4899 4900//4900
f 4851//4851 4900//4900 4852//4852
f 4852//4852 4900//4900 4901//4901
f 4852//4852 4901//4901 4853//4853
f 4853//4853 4901//4901 4902//4902
f 4853//4853 4902//4902 4854//4854
f 4854//4854 4902//4902 4903//4903
f 4854//4854 4903//4903 4855//4855
f 4855//4855 4903//4903 4904//4904
f 4855//4855 4904//4904 4856//4856
f 4856//4856 4904//4904 4905//4905
f 4856//4856 4905//4905 4857//4857
f 4857//4857 4905//4905 4906//4906
f 4857//4857 4906//4906 4858//4858
f 4858//4858 4906//4906 4907//4907
f 4858//4858 4907//4907 4859//4859
f 4859//4859 4907//4907 4908//4908
f 4859//4859 4908//4908 4860//4860
f 4860//4860 4908//4908 4909//4909
f 4860//4860 4909//4909 4861//4861
f 4861//4861 4909//4909 4910//4910
f 4861//4861 4910//4910 4862//4862
f 4862//4862 4910//4910 4911//4911
f 4862//4862 4911//4911 4863//4863
f 4863//4863 4911//4911 4912//4912
f 4863//4863 4912//4912 4864//4864
f 4864//4864 4912//4912 4913//4913
f 4864//4864 4913//4913 4865//4865
f 4865//4865 4913//4913 4914//4914
f 4865//4865 4914//4914 4866//4866
f 4866//4866 4914//4914 4915//4915
f 4866//4866 4915//4915 4867//4867
f 4867//4867 4915//4915 4916//4916
f 4867//4867 4916//4916 4868//4868
f 4868//4868 4916//4916 4917//4917
f 4868//4868 4917//4917 4869//4869
f 4869//4869 4917//4917 4918//4918
f 4869//4869 4918//4918 4870//4870
f 4870//4870 4918//4918 4919//4919
f 4870//4870 4919//4919 4871//4871
f 4871//4871 4919//4919 4920//4920
f 4871//4871 4920//4920 4872//4872
f 4872//4872 4920//4920 4921//4921
f 4872//4872 4921//4921 4873//4873
f 4873//4873 4921//4921 4922//4922
f 4873//4873 4922//4922 4874//4874
f 4874//4874 4922//4922 4923//4923
f 4874//4874 4923//4923 4875//4875
f 4875//4875 4923//4923 4924//4924
f 4875//4875 4924//4924 4876//4876
f 4876//4876 4924//4924 4925//4925
f 4876//4876 4925//4925 4877//4877
f 4877//4877 4925//4925 4926//4926
f 4877//4877 4926//4926 4878//4878
f 4878//4878 4926//4926 4927//4927
f 4878//4878 4927//4927 4879//4879
f 4879//4879 4927//4927 4928//4928
f 4879//4879 4928//4928 4880//4880
f 4880//4880 4928//4928 4929//4929
f 4880//4880 4929//4929 4881//4881
f 4881//4881 4929//4929 4930//4930
f 4881//4881 4930//4930 4882//4882
f 4882//4882 4930//4930 4931//4931
f 4882//4882 4931//4931 4883//4883
f 4883//4883 4931//4931 4932//4932
f 4883//4883 4932//4932 4884//4884
f 4884//4884 4932//4932 4933//4933
f 4884//4884 4933//4933 4885//4885
f 4885//4885 4933//4933 4934//4934
f 4885//4885 4934//4934 4886//4886
f 4886//4886 4934//4934 4935//4935
f 4886//4886 4935//4935 4887//4887
f 4887//4887 4935//4935 4936//4936
f 4887//4887 4936//4936 4888//4888
f 4888//4888 4936//4936 4937//4937
f 4888//4888 4937//4937 4889//4889
f 4889//4889 4937//4937 4938//4938
f 4889//4889 4938//4938 4890//4890
f 4890//4890 4938//4938 4939//4939
f 4890//4890 4939//4939 4891//4891
f 4891//4891 4939//4939 4940//4940
f 4891//4891 4940//4940 4892//4892
f 4892//4892 4940//4940 4941//4941
f 4892//4892 4941//4941 4893//4893
f 4893//4893 4941//4941 4942//4942
f 4893//4893 4942//4942 4894//4894
f 4894//4894 4942//4942 4943//4943
f 4894//4894 4943//4943 4895//4895
f 4895//4895 4943//4943 4944//4944
f 4895//4895 4944//4944 4896//4896
f 4896//4896 4944//4944 4897//4897
f 4896//4896 4897//4897 4849//4849
f 4897//4897 4945//4945 4946//4946
f 4897//4897 4946//4946 4898//4898
f 4898//4898 4946//4946 4947//4947
f 4898//4898 4947//4947 4899//4899
f 4899//4899 4947//4947 4948//4948
f 4899//4899 4948//4948 4900//4900
f 4900//4900 4948//4948 4949//4949
f 4900//4900 4949//4949 4901//4901
f 4901//4901 4949//4949 4950//4950
f 4901//4901 4950//4950 4902//4902
f 4902//4902 4950//4950 4951//4951
f 4902//4902 4951//4951 4903//4903
f 4903//4903 4951//4951 4952//4952
f 4903//4903 4952//4952 4904//4904
f 4904//4904 4952//4952 4953//4953
f 4904//4904 4953//4953 4905//4905
f 4905//4905 4953//4953 4954//4954
f 4905//4905 4954//4954 4906//4906
f 4906//4906 4954//4954 4955//4955
f 4906//4906 4955//4955 4907//4907
f 4907//4907 4955//4955 4956//4956
f 4907//4907 4956//4956 4908//4908
f 4908//4908 4956//4956 4957//4957
f 4908//4908 4957//4957 4909//4909
f 4909//4909 4957//4957 4958//4958
f 4909//4909 4958//4958 4910//4910
f 4910//4910 4958//4958 4959//4959
f 4910//4910 4959//4959 4911//4911
f 4911//4911 4959//4959 4960//4960
f 4911//4911 4960//4960 4912//4912
f 4912//4912 4960//4960 4961//4961
f 4912//4912 4961//4961 4913//4913
f 4913//4913 4961//4961 4962//4962
f 4913//4913 4962//4962 4914//4914
f 4914//4914 4962//4962 4963//4963
f 4914//4914 4963//4963 4915//4915
f 4915//4915 4963//4963 4964//4964
f 4915//4915 4964//4964 4916//4916
f 4916//4916 4964//4964 4965//4965
f 4916//4916 4965//4965 4917//4917
f 4917//4917 4965//4965 4966//4966
f 4917//4917 4966//4966 4918//4918
f 4918//4918 4966//4966 4967//4967
f 4918//4918 4967//4967 4919//4919
f 4919//4919 4967//4967 4968//4968
f 4919//4919 4968//4968 4920//4920
f 4920//4920 4968//4968 4969//4969
f 4920//4920 4969//4969 4921//4921
f 4921//4921 4969//4969 4970//4970
f 4921//4921 4970//4970 4922//4922
f 4922//4922 4970//4970 4971//4971
f 4922//4922 4971//4971 4923//4923
f 4923//4923 4971//4971 4972//4972
f 4923//4923 4972//4972 4924//4924
f 4924//4924 4972//4972 4973//4973
f 4924//4924 4973//4973 4925//4925
f 4925//4925 4973//4973 4974//4974
f 4925//4925 4974//4974 4926//4926
f 4926//4926 4974//4974 4975//4975
f 4926//4926 4975//4975 4927//4927
f 4927//4927 4975//4975 4976//4976
f 4927//4927 4976//4976 4928//4928
f 4928//4928 4976//4976 4977//4977
f 4928//4928 4977//4977 4929//4929
f 4929//4929 4977//4977 4978//4978
f 4929//4929 4978//4978 4930//4930
f 4930//4930 4978//4978 4979//4979
f 4930//4930 4979//4979 4931//4931
f 4931//4931 4979//4979 4980//4980
f 4931//4931 4980//4980 4932//4932
f 4932//4932 4980//4980 4981//4981
f 4932//4932 4981//4981 4933//4933
f 4933//4933 4981//4981 4982//4982
f 4933//4933 4982//4982 4934//4934
f 4934//4934 4982//4982 4983//4983
f 4934//4934 4983//4983 4935//4935
f 4935//4935 4983//4983 4984//4984
f 4935//4935 4984//4984 4936//4936
f 4936//4936 4984//4984 4985//4985
f 4936//4936 4985//4985 4937//4937
f 4937//4937 4985//4985 4986//4986
f 4937//4937 4986//4986 4938//4938
f 4938//4938 4986//4986 4987//4987
f 4938//4938 4987//4987 4939//4939
f 4939//4939 4987//4987 4988//4988
f 4939//4939 4988//4988 4940//4940
f 4940//4940 4988//4988 4989//4989
f 4940//4940 4989//4989 4941//4941
f 4941//4941 4989//4989 4990//4990
f 4941//4941 4990//4990 4942//4942
f 4942//4942 4990//4990 4991//4991
f 4942//4942 4991//4991 4943//4943
f 4943//4943 4991//4991 4992//4992
f 4943//4943 4992//4992 4944//4944
f 4944//4944 4992//4992 4945//4945
f 4944//4944 4945//4945 4897//4897
f 4945//4945 4993//4993 4994//4994
f 4945//4945 4994//4994 4946//4946
f 4946//4946 4994//4994 4995//4995
f 4946//4946 4995//4995 4947//4947
f 4947//4947 4995//4995 4996//4996
f 4947//4947 4996//4996 4948//4948
f 4948//4948 4996//4996 4997//4997
f 4948//4948 4997//4997 4949//4949
f 4949//4949 4997//4997 4998//4998
f 4949//4949 4998//4998 4950//4950
f 4950//4950 4998//4998 4999//4999
f 4950//4950 4999//4999 4951//4951
f 4951//4951 4999//4999 5000//5000
f 4951//4951 5000//5000 4952//4952
f 4952//4952 5000//5000 5001//5001
f 4952//4952 5001//5001 4953//4953
f 4953//4953 5001//5001 5002//5002
f 4953//4953 5002//5002 4954//4954
f 4954//4954 5002//5002 5003//5003
f 4954//4954 5003//5003 4955//4955
f 4955//4955 5003//5003 5004//5004
f 4955//4955 5004//5004 4956//4956
f 4956//4956 5004//5004 5005//5005
f 4956//4956 5005//5005 4957//4957
f 4957//4957 5005//5005 5006//5006
f 4957//4957 5006//5006 4958//4958
f 4958//4958 5006//5006 5007//5007
f 4958//4958 5007//5007 4959//4959
f 4959//4959 5007//5007 5008//5008
f 4959//4959 5008//5008 4960//4960
f 4960//4960 5008//5008 5009//5009
f 4960//4960 5009//5009 4961//4961
f 4961//4961 5009//5009 5010//5010
f 4961//4961 5010//5010 4962//4962
f 4962//4962 5010//5010 5011//5011
f 4962//4962 5011//5011 4963//4963
f 4963//4963 5011//5011 5012//5012
f 4963//4963 5012//5012 4964//4964
f 4964//4964 5012//5012 5013//5013
f 4964//4964 5013//5013 4965//4965
f 4965//4965 5013//5013 5014//5014
f 4965//4965 5014//5014 4966//4966
f 4966//4966 5014//5014 5015//5015
f 4966//4966 5015//5015 4967//4967
f 4967//4967 5015//5015 5016//5016
f 4967//4967 5016//5016 4968//4968
f 4968//4968 5016//5016 5017//5017
f 4968//4968 5017//5017 4969//4969
f 4969//4969 5017//5017 5018//5018
f 4969//4969 5018//5018 4970//4970
f 4970//4970 5018//5018 5019//5019
f 4970//4970 5019//5019 4971//4971
f 4971//4971 5019//5019 5020//5020
f 4971//4971 5020//5020 4972//4972
f 4972//4972 5020//5020 5021//5021
f 4972//4972 5021//5021 4973//4973
f 4973//4973 5021//5021 5022//5022
f 4973//4973 5022//5022 4974//4974
f 4974//4974 5022//5022 5023//5023
f 4974//4974 5023//5023 4975//4975
f 4975//4975 5023//5023 5024//5024
f 4975//4975 5024//5024 4976//4976
f 4976//4976 5024//5024 5025//5025
f 4976//4976 5025//5025 4977//4977
f 4977//4977 5025//5025 5026//5026
f 4977//4977 5026//5026 4978//4978
f 4978//4978 5026//5026 5027//5027
f 4978//4978 5027//5027 4979//4979
f 4979//4979 5027//5027 5028//5028
f 4979//4979 5028//5028 4980//4980
f 4980//4980 5028//5028 5029//5029
f 4980//4980 5029//5029 4981//4981
f 4981//4981 5029//5029 5030//5030
f 4981//4981 5030//5030 4982//4982
f 4982//4982 5030//5030 5031//5031
f 4982//4982 5031//5031 4983//4983
f 4983//4983 5031//5031 5032//5032
f 4983//4983 5032//5032 4984//4984
f 4984//4984 5032//5032 5033//5033
f 4984//4984 5033//5033 4985//4985
f 4985//4985 5033//5033 5034//5034
f 4985//4985 5034//5034 4986//4986
f 4986//4986 5034//5034 5035//5035
f 4986//4986 5035//5035 4987//4987
f 4987//4987 5035//5035 5036//5036
f 4987//4987 5036//5036 4988//4988
f 4988//4988 5036//5036 5037//5037
f 4988//4988 5037//5037 4989//4989
f 4989//4989 5037//5037 5038//5038
f 4989//4989 5038//5038 4990//4990
f 4990//4990 5038//5038 5039//5039
f 4990//4990 5039//5039 4991//4991
f 4991//4991 5039//5039 5040//5040
f 4991//4991 5040//5040 4992//4992
f 4992//4992 5040//5040 4993//4993
f 4992//4992 4993//4993 4945//4945
usemtl bin_46
f 4993//4993 5041//5041 5042//5042
f 4993//4993 5042//5042 4994//4994
f 4994//4994 5042//5042 5043//5043
f 4994//4994 5043//5043 4995//4995
f 4995//4995 5043//5043 5044//5044
f 4995//4995 5044//5044 4996//4996
f 4996//4996 5044//5044 5045//5045
f 4996//4996 5045//5045 4997//4997
f 4997//4997 5045//5045 5046//5046
f 4997//4997 5046//5046 4998//4998
f 4998//4998 5046//5046 5047//5047
f 4998//4998 5047//5047 4999//4999
f 4999//4999 5047//5047 5048//5048
f 4999//4999 5048//5048 5000//5000
f 5000//5000 5048//5048 5049//5049
f 5000//5000 5049//5049 5001//5001
f 5001//5001 5049//5049 5050//5050
f 5001//5001 5050//5050 5002//5002
f 5002//5002 5050//5050 5051//5051
f 5002//5002 5051//5051 5003//5003
f 5003//5003 5051//5051 5052//5052
f 5003//5003 5052//5052 5004//5004
f 5004//5004 5052//5052 5053//5053
f 5004//5004 5053//5053 5005//5005
f 5005//5005 5053//5053 5054//5054
f 5005//5005 5054//5054 5006//5006
f 5006//5006 5054//5054 5055//5055
f 5006//5006 5055//5055 5007//5007
f 5007//5007 5055//5055 5056//5056
f 5007//5007 5056//5056 5008//5008
f 5008//5008 5056//5056 5057//5057
f 5008//5008 5057//5057 5009//5009
f 5009//5009 5057//5057 5058//5058
f 5009//5009 5058//5058 5010//5010
f 5010//5010 5058//5058 5059//5059
f 5010//5010 5059//5059 5011//5011
f 5011//5011 5059//5059 5060//5060
f 5011//5011 5060//5060 5012//5012
f 5012//5012 5060//5060 5061//5061
f 5012//5012 5061//5061 5013//5013
f 5013//5013 5061//5061 5062//5062
f 5013//5013 5062//5062 5014//5014
f 5014//5014 5062//5062 5063//5063
f 5014//5014 5063//5063 5015//5015
f 5015//5015 5063//5063 5064//5064
f 5015//5015 5064//5064 5016//5016
f 5016//5016 5064//5064 5065//5065
f 5016//5016 5065//5065 5017//5017
f 5017//5017 5065//5065 5066//5066
f 5017//5017 5066//5066 5018//5018
f 5018//5018 5066//5066 5067//5067
f 5018//5018 5067//5067 5019//5019
f 5019//5019 5067//5067 5068//5068
f 5019//5019 5068//5068 5020//5020
f 5020//5020 5068//5068 5069//5069
f 5020//5020 5069//5069 5021//5021
f 5021//5021 5069//5069 5070//5070
f 5021//5021 5070//5070 5022//5022
f 5022//5022 5070//5070 5071//5071
f 5022//5022 5071//5071 5023//5023
f 5023//5023 5071//5071 5072//5072
f 5023//5023 5072//5072 5024//5024
f 5024//5024 5072//5072 5073//5073
f 5024//5024 5073//5073 5025//5025
f 5025//5025 5073//5073 5074//5074
f 5025//5025 5074//5074 5026//5026
f 5026//5026 5074//5074 5075//5075
f 5026//5026 5075//5075 5027//5027
f 5027//5027 5075//5075 5076//5076
f 5027//5027 5076//5076 5028//5028
f 5028//5028 5076//5076 5077//5077
f 5028//5028 5077//5077 5029//5029
f 5029//5029 5077//5077 5078//5078
f 5029//5029 5078//5078 5030//5030
f 5030//5030 5078//5078 5079//5079
f 5030//5030 5079//5079 5031//5031
f 5031//5031 5079//5079 5080//5080
f 5031//5031 5080//5080 5032//5032
f 5032//5032 5080//5080 5081//5081
f 5032//5032 5081//5081 5033//5033
f 5033//5033 5081//5081 5082//5082
f 5033//5033 5082//5082 5034//5034
f 5034//5034 5082//5082 5083//5083
f 5034//5034 5083//5083 5035//5035
f 5035//5035 5083//5083 5084//5084
f 5035//5035 5084//5084 5036//5036
f 5036//5036 5084//5084 5085//5085
f 5036//5036 5085//5085 5037//5037
f 5037//5037 5085//5085 5086//5086
f 5037//5037 5086//5086 5038//5038
f 5038//5038 5086//5086 5087//5087
f 5038//5038 5087//5087 5039//5039
f 5039//5039 5087//5087 5088//5088
f 5039//5039 5088//5088 5040//5040
f 5040//5040 5088//5088 5041//5041
f 5040//5040 5041//5041 4993//4993
f 5041//5041 5089//5089 5090//5090
f 5041//5041 5090//5090 5042//5042
f 5042//5042 5090//5090 5091//5091
f 5042//5042 5091//5091 5043//5043
f 5043//5043 5091//5091 5092//5092
f 5043//5043 5092//5092 5044//5044
f 5044//5044 5092//5092 5093//5093
f 5044//5044 5093//5093 5045//5045
f 5045//5045 5093//5093 5094//5094
f 5045//5045 5094//5094 5046//5046
f 5046//5046 5094//5094 5095//5095
f 5046//5046 5095//5095 5047//5047
f 5047//5047 5095//5095 5096//5096
f 5047//5047 5096//5096 5048//5048
f 5048//5048 5096//5096 5097//5097
f 5048//5048 5097//5097 5049//5049
f 5049//5049 5097//5097 5098//5098
f 5049//5049 5098//5098 5050//5050
f 5050//5050 5098//5098 5099//5099
f 5050//5050 5099//5099 5051//5051
f 5051//5051 5099//5099 5100//5100
f 5051//5051 5100//5100 5052//5052
f 5052//5052 5100//5100 5101//5101
f 5052//5052 5101//5101 5053//5053
f 5053//5053 5101//5101 5102//5102
f 5053//5053 5102//5102 5054//5054
f 5054//5054 5102//5102 5103//5103
f 5054//5054 5103//5103 5055//5055
f 5055//5055 5103//5103 5104//5104
f 5055//5055 5104//5104 5056//5056
f 5056//5056 5104//5104 5105//5105
f 5056//5056 5105//5105 5057//5057
f 5057//5057 5105//5105 5106//5106
f 5057//5057 5106//5106 5058//5058
f 5058//5058 5106//5106 5107//5107
f 5058//5058 5107//5107 5059//5059
f 5059//5059 5107//5107 5108//5108
f 5059//5059 5108//5108 5060//5060
f 5060//5060 5108//5108 5109//5109
f 5060//5060 5109//5109 5061//5061
f 5061//5061 5109//5109 5110//5110
f 5061//5061 5110//5110 5062//5062
f 5062//5062 5110//5110 5111//5111
f 5062//5062 5111//5111 5063//5063
f 5063//5063 5111//5111 5112//5112
f 5063//5063 5112//5112 5064//5064
f 5064//5064 5112//5112 5113//5113
f 5064//5064 5113//5113 5065//5065
f 5065//5065 5113//5113 5114//5114
f 5065//5065 5114//5114 5066//5066
f 5066//5066 5114//5114 5115//5115
f 5066//5066 5115//5115 5067//5067
f 5067//5067 5115//5115 5116//5116
f 5067//5067 5116//5116 5068//5068
f 5068//5068 5116//5116 5117//5117
f 5068//5068 5117//5117 5069//5069
f 5069//5069 5117//5117 5118//5118
f 5069//5069 5118//5118 5070//5070
f 5070//5070 5118//5118 5119//5119
f 5070//5070 5119//5119 5071//5071
f 5071//5071 5119//5119 5120//5120
f 5071//5071 5120//5120 5072//5072
f 5072//5072 5120//5120 5121//5121
f 5072//5072 5121//5121 5073//5073
f 5073//5073 5121//5121 5122//5122
f 5073//5073 5122//5122 5074//5074
f 5074//5074 5122//5122 5123//5123
f 5074//5074 5123//5123 5075//5075
f 5075//5075 5123//5123 5124//5124
f 5075//5075 5124//5124 5076//5076
f 5076//5076 5124//5124 5125//5125
f 5076//5076 5125//5125 5077//5077
f 5077//5077 5125//5125 5126//5126
f 5077//5077 5126//5126 5078//5078
f 5078//5078 5126//5126 5127//5127
f 5078//5078 5127//5127 5079//5079
f 5079//5079 5127//5127 5128//5128
f 5079//5079 5128//5128 5080//5080
f 5080//5080 5128//5128 5129//5129
f 5080//5080 5129//5129 5081//5081
f 5081//5081 5129//5129 5130//5130
f 5081//5081 5130//5130 5082//5082
f 5082//5082 5130//5130 5131//5131
f 5082//5082 5131//5131 5083//5083
f 5083//5083 5131//5131 5132//5132
f 5083//5083 5132//5132 5084//5084
f 5084//5084 5132//5132 5133//5133
f 5084//5084 5133//5133 5085//5085
f 5085//5085 5133//5133 5134//5134
f 5085//5085 5134//5134 5086//5086
f 5086//5086 5134//5134 5135//5135
f 5086//5086 5135//5135 5087//5087
f 5087//5087 5135//5135 5136//5136
f 5087//5087 5136//5136 5088//5088
f 5088//5088 5136//5136 5089//5089
f 5088//5088 5089//5089 5041//5041
usemtl bin_47
f 5089//5089 5137//5137 5138//5138
f 5089//5089 5138//5138 5090//5090
f 5090//5090 5138//5138 5139//5139
f 5090//5090 5139//5139 5091//5091
f 5091//5091 5139//5139 5140//5140
f 5091//5091 5140//5140 5092//5092
f 5092//5092 5140//5140 5141//5141
f 5092//5092 5141//5141 5093//5093
f 5093//5093 5141//5141 5142//5142
f 5093//5093 5142//5142 5094//5094
f 5094//5094 5142//5142 5143//5143
f 5094//5094 5143//5143 5095//5095
f 5095//5095 5143//5143 5144//5144
f 5095//5095 5144//5144 5096//5096
f 5096//5096 5144//5144 5145//5145
f 5096//5096 5145//5145 5097//5097
f 5097//5097 5145//5145 5146//5146
f 5097//5097 5146//5146 5098//5098
f 5098//5098 5146//5146 5147//5147
f 5098//5098 5147//5147 5099//5099
f 5099//5099 5147//5147 5148//5148
f 5099//5099 5148//5148 5100//5100
f 5100//5100 5148//5148 5149//5149
f 5100//5100 5149//5149 5101//5101
f 5101//5101 5149//5149 5150//5150
f 5101//5101 5150//5150 5102//5102
f 5102//5102 5150//5150 5151//5151
f 5102//5102 5151//5151 5103//5103
f 5103//5103 5151//5151 5152//5152
f 5103//5103 5152//5152 5104//5104
f 5104//5104 5152//5152 5153//5153
f 5104//5104 5153//5153 5105//5105
f 5105//5105 5153//5153 5154//5154
f 5105//5105 5154//5154 5106//5106
f 5106//5106 5154//5154 5155//5155
f 5106//5106 5155//5155 5107//5107
f 5107//5107 5155//5155 5156//5156
f 5107//5107 5156//5156 5108//5108
f 5108//5108 5156//5156 5157//5157
f 5108//5108 5157//5157 5109//5109
f 5109//5109 5157//5157 5158//5158
f 5109//5109 5158//5158 5110//5110
f 5110//5110 5158//5158 5159//5159
f 5110//5110 5159//5159 5111//5111
f 5111//5111 5159//5159 5160//5160
f 5111//5111 5160//5160 5112//5112
f 5112//5112 5160//5160 5161//5161
f 5112//5112 5161//5161 5113//5113
f 5113//5113 5161//5161 5162//5162
f 5113//5113 5162//5162 5114//5114
f 5114//5114 5162//5162 5163//5163
f 5114//5114 5163//5163 5115//5115
f 5115//5115 5163//5163 5164//5164
f 5115//5115 5164//5164 5116//5116
f 5116//5116 5164//5164 5165//5165
f 5116//5116 5165//5165 5117//5117
f 5117//5117 5165//5165 5166//5166
f 5117//5117 5166//5166 5118//5118
f 5118//5118 5166//5166 5167//5167
f 5118//5118 5167//5167 5119//5119
f 5119//5119 5167//5167 5168//5168
f 5119//5119 5168//5168 5120//5120
f 5120//5120 5168//5168 5169//5169
f 5120//5120 5169//5169 5121//5121
f 5121//5121 5169//5169 5170//5170
f 5121//5121 5170//5170 5122//5122
f 5122//5122 5170//5170 5171//5171
f 5122//5122 5171//5171 5123//5123
f 5123//5123 5171//5171 5172//5172
f 5123//5123 5172//5172 5124//5124
f 5124//5124 5172//5172 5173//5173
f 5124//5124 5173//5173 5125//5125
f 5125//5125 5173//5173 5174//5174
f 5125//5125 5174//5174 5126//5126
f 5126//5126 5174//5174 5175//5175
f 5126//5126 5175//5175 5127//5127
f 5127//5127 5175//5175 5176//5176
f 5127//5127 5176//5176 5128//5128
f 5128//5128 5176//5176 5177//5177
f 5128//5128 5177//5177 5129//5129
f 5129//5129 5177//5177 5178//5178
f 5129//5129 5178//5178 5130//5130
f 5130//5130 5178//5178 5179//5179
f 5130//5130 5179//5179 5131//5131
f 5131//5131 5179//5179 5180//5180
f 5131//5131 5180//5180 5132//5132
f 5132//5132 5180//5180 5181//5181
f 5132//5132 5181//5181 5133//5133
f 5133//5133 5181//5181 5182//5182
f 5133//5133 5182//5182 5134//5134
f 5134//5134 5182//5182 5183//5183
f 5134//5134 5183//5183 5135//5135
f 5135//5135 5183//5183 5184//5184
f 5135//5135 5184//5184 5136//5136
f 5136//5136 5184//5184 5137//5137
f 5136//5136 5137//5137 5089//5089
usemtl bin_48
f 5137//5137 5185//5185 5186//5186
f 5137//5137 5186//5186 5138//5138
f 5138//5138 5186//5186 5187//5187
f 5138//5138 5187//5187 5139//5139
f 5139//5139 5187//5187 5188//5188
f 5139//5139 5188//5188 5140//5140
f 5140//5140 5188//5188 5189//5189
f 5140//5140 5189//5189 5141//5141
f 5141//5141 5189//5189 5190//5190
f 5141//5141 5190//5190 5142//5142
f 5142//5142 5190//5190 5191//5191
f 5142//5142 5191//5191 5143//5143
f 5143//5143 5191//5191 5192//5192
f 5143//5143 5192//5192 5144//5144
f 5144//5144 5192//5192 5193//5193
f 5144//5144 5193//5193 5145//5145
f 5145//5145 5193//5193 5194//5194
f 5145//5145 5194//5194 5146//5146
f 5146//5146 5194//5194 5195//5195
f 5146//5146 5195//5195 5147//5147
f 5147//5147 5195//5195 5196//5196
f 5147//5147 5196//5196 5148//5148
f 5148//5148 5196//5196 5197//5197
f 5148//5148 5197//5197 5149//5149
f 5149//5149 5197//5197 5198//5198
f 5149//5149 5198//5198 5150//5150
f 5150//5150 5198//5198 5199//5199
f 5150//5150 5199//5199 5151//5151
f 5151//5151 5199//5199 5200//5200
f 5151//5151 5200//5200 5152//5152
f 5152//5152 5200//5200 5201//5201
f 5152//5152 5201//5201 5153//5153
f 5153//5153 5201//5201 5202//5202
f 5153//5153 5202//5202 5154//5154
f 5154//5154 5202//5202 5203//5203
f 5154//5154 5203//5203 5155//5155
f 5155//5155 5203//5203 5204//5204
f 5155//5155 5204//5204 5156//5156
f 5156//5156 5204//5204 5205//5205
f 5156//5156 5205//5205 5157//5157
f 5157//5157 5205//5205 5206//5206
f 5157//5157 5206//5206 5158//5158
f 5158//5158 5206//5206 5207//5207
f 5158//5158 5207//5207 5159//5159
f 5159//5159 5207//5207 5208//5208
f 5159//5159 5208//5208 5160//5160
f 5160//5160 5208//5208 5209//5209
f 5160//5160 5209//5209 5161//5161
f 5161//5161 5209//5209 5210//5210
f 5161//5161 5210//5210 5162//5162
f 5162//5162 5210//5210 5211//5211
f 5162//5162 5211//5211 5163//5163
f 5163//5163 5211//5211 5212//5212
f 5163//5163 5212//5212 5164//5164
f 5164//5164 5212//5212 5213//5213
f 5164//5164 5213//5213 5165//5165
f 5165//5165 5213//5213 5214//5214
f 5165//5165 5214//5214 5166//5166
f 5166//5166 5214//5214 5215//5215
f 5166//5166 5215//5215 5167//5167
f 5167//5167 5215//5215 5216//5216
f 5167//5167 5216//5216 5168//5168
f 5168//5168 5216//5216 5217//5217
f 5168//5168 5217//5217 5169//5169
f 5169//5169 5217//5217 5218//5218
f 5169//5169 5218//5218 5170//5170
f 5170//5170 5218//5218 5219//5219
f 5170//5170 5219//5219 5171//5171
f 5171//5171 5219//5219 5220//5220
f 5171//5171 5220//5220 5172//5172
f 5172//5172 5220//5220 5221//5221
f 5172//5172 5221//5221 5173//5173
f 5173//5173 5221//5221 5222//5222
f 5173//5173 5222//5222 5174//5174
f 5174//5174 5222//5222 5223//5223
f 5174//5174 5223//5223 5175//5175
f 5175//5175 5223//5223 5224//5224
f 5175//5175 5224//5224 5176//5176
f 5176//5176 5224//5224 5225//5225
f 5176//5176 5225//5225 5177//5177
f 5177//5177 5225//5225 5226//5226
f 5177//5177 5226//5226 5178//5178
f 5178//5178 5226//5226 5227//5227
f 5178//5178 5227//5227 5179//5179
f 5179//5179 5227//5227 5228//5228
f 5179//5179 5228//5228 5180//5180
f 5180//5180 5228//5228 5229//5229
f 5180//5180 5229//5229 5181//5181
f 5181//5181 5229//5229 5230//5230
f 5181//5181 5230//5230 5182//5182
f 5182//5182 5230//5230 5231//5231
f 5182//5182 5231//5231 5183//5183
f 5183//5183 5231//5231 5232//5232
f 5183//5183 5232//5232 5184//5184
f 5184//5184 5232//5232 5185//5185
f 5184//5184 5185//5185 5137//5137
f 5185//5185 5233//5233 5234//5234
f 5185//5185 5234//5234 5186//5186
f 5186//5186 5234//5234 5235//5235
f 5186//5186 5235//5235 5187//5187
f 5187//5187 5235//5235 5236//5236
f 5187//5187 5236//5236 5188//5188
f 5188//5188 5236//5236 5237//5237
f 5188//5188 5237//5237 5189//5189
f 5189//5189 5237//5237 5238//5238
f 5189//5189 5238//5238 5190//5190
f 5190//5190 5238//5238 5239//5239
f 5190//5190 5239//5239 5191//5191
f 5191//5191 5239//5239 5240//5240
f 5191//5191 5240//5240 5192//5192
f 5192//5192 5240//5240 5241//5241
f 5192//5192 5241//5241 5193//5193
f 5193//5193 5241//5241 5242//5242
f 5193//5193 5242//5242 5194//5194
f 5194//5194 5242//5242 5243//5243
f 5194//5194 5243//5243 5195//5195
f 5195//5195 5243//5243 5244//5244
f 5195//5195 5244//5244 5196//5196
f 5196//5196 5244//5244 5245//5245
f 5196//5196 5245//5245 5197//5197
f 5197//5197 5245//5245 5246//5246
f 5197//5197 5246//5246 5198//5198
f 5198//5198 5246//5246 5247//5247
f 5198//5198 5247//5247 5199//5199
f 5199//5199 5247//5247 5248//5248
f 5199//5199 5248//5248 5200//5200
f 5200//5200 5248//5248 5249//5249
f 5200//5200 5249//5249 5201//5201
f 5201//5201 5249//5249 5250//5250
f 5201//5201 5250//5250 5202//5202
f 5202//5202 5250//5250 5251//5251
f 5202//5202 5251//5251 5203//5203
f 5203//5203 5251//5251 5252//5252
f 5203//5203 5252//5252 5204//5204
f 5204//5204 5252//5252 5253//5253
f 5204//5204 5253//5253 5205//5205
f 5205//5205 5253//5253 5254//5254
f 5205//5205 5254//5254 5206//5206
f 5206//5206 5254//5254 5255//5255
f 5206//5206 5255//5255 5207//5207
f 5207//5207 5255//5255 5256//5256
f 5207//5207 5256//5256 5208//5208
f 5208//5208 5256//5256 5257//5257
f 5208//5208 5257//5257 5209//5209
f 5209//5209 5257//5257 5258//5258
f 5209//5209 5258//5258 5210//5210
f 5210//5210 5258//5258 5259//5259
f 5210//5210 5259//5259 5211//5211
f 5211//5211 5259//5259 5260//5260
f 5211//5211 5260//5260 5212//5212
f 5212//5212 5260//5260 5261//5261
f 5212//5212 5261//5261 5213//5213
f 5213//5213 5261//5261 5262//5262
f 5213//5213 5262//5262 5214//5214
f 5214//5214 5262//5262 5263//5263
f 5214//5214 5263//5263 5215//5215
f 5215//5215 5263//5263 5264//5264
f 5215//5215 5264//5264 5216//5216
f 5216//5216 5264//5264 5265//5265
f 5216//5216 5265//5265 5217//5217
f 5217//5217 5265//5265 5266//5266
f 5217//5217 5266//5266 5218//5218
f 5218//5218 5266//5266 5267//5267
f 5218//5218 5267//5267 5219//5219
f 5219//5219 5267//5267 5268//5268
f 5219//5219 5268//5268 5220//5220
f 5220//5220 5268//5268 5269//5269
f 5220//5220 5269//5269 5221//5221
f 5221//5221 5269//5269 5270//5270
f 5221//5221 5270//5270 5222//5222
f 5222//5222 5270//5270 5271//5271
f 5222//5222 5271//5271 5223//5223
f 5223//5223 5271//5271 5272//5272
f 5223//5223 5272//5272 5224//5224
f 5224//5224 5272//5272 5273//5273
f 5224//5224 5273//5273 5225//5225
f 5225//5225 5273//5273 5274//5274
f 5225//5225 5274//5274 5226//5226
f 5226//5226 5274//5274 5275//5275
f 5226//5226 5275//5275 5227//5227
f 5227//5227 5275//5275 5276//5276
f 5227//5227 5276//5276 5228//5228
f 5228//5228 5276//5276 5277//5277
f 5228//5228 5277//5277 5229//5229
f 5229//5229 5277//5277 5278//5278
f 5229//5229 5278//5278 5230//5230
f 5230//5230 5278//5278 5279//5279
f 5230//5230 5279//5279 5231//5231
f 5231//5231 5279//5279 5280//5280
f 5231//5231 5280//5280 5232//5232
f 5232//5232 5280//5280 5233//5233
f 5232//5232 5233//5233 5185//5185
usemtl bin_50
f 5233//5233 5281//5281 5282//5282
f 5233//5233 5282//5282 5234//5234
f 5234//5234 5282//5282 5283//5283
f 5234//5234 5283//5283 5235//5235
f 5235//5235 5283//5283 5284//5284
f 5235//5235 5284//5284 5236//5236
f 5236//5236 5284//5284 5285//5285
f 5236//5236 5285//5285 5237//5237
f 5237//5237 5285//5285 5286//5286
f 5237//5237 5286//5286 5238//5238
f 5238//5238 5286//5286 5287//5287
f 5238//5238 5287//5287 5239//5239
f 5239//5239 5287//5287 5288//5288
f 5239//5239 5288//5288 5240//5240
f 5240//5240 5288//5288 5289//5289
f 5240//5240 5289//5289 5241//5241
f 5241//5241 5289//5289 5290//5290
f 5241//5241 5290//5290 5242//5242
f 5242//5242 5290//5290 5291//5291
f 5242//5242 5291//5291 5243//5243
f 5243//5243 5291//5291 5292//5292
f 5243//5243 5292//5292 5244//5244
f 5244//5244 5292//5292 5293//5293
f 5244//5244 5293//5293 5245//5245
f 5245//5245 5293//5293 5294//5294
f 5245//5245 5294//5294 5246//5246
f 5246//5246 5294//5294 5295//5295
f 5246//5246 5295//5295 5247//5247
f 5247//5247 5295//5295 5296//5296
f 5247//5247 5296//5296 5248//5248
f 5248//5248 5296//5296 5297//5297
f 5248//5248 5297//5297 5249//5249
f 5249//5249 5297//5297 5298//5298
f 5249//5249 5298//5298 5250//5250
f 5250//5250 5298//5298 5299//5299
f 5250//5250 5299//5299 5251//5251
f 5251//5251 5299//5299 5300//5300
f 5251//5251 5300//5300 5252//5252
f 5252//5252 5300//5300 5301//5301
f 5252//5252 5301//5301 5253//5253
f 5253//5253 5301//5301 5302//5302
f 5253//5253 5302//5302 5254//5254
f 5254//5254 5302//5302 5303//5303
f 5254//5254 5303//5303 5255//5255
f 5255//5255 5303//5303 5304//5304
f 5255//5255 5304//5304 5256//5256
f 5256//5256 5304//5304 5305//5305
f 5256//5256 5305//5305 5257//5257
f 5257//5257 5305//5305 5306//5306
f 5257//5257 5306//5306 5258//5258
f 5258//5258 5306//5306 5307//5307
f 5258//5258 5307//5307 5259//5259
f 5259//5259 5307//5307 5308//5308
f 5259//5259 5308//5308 5260//5260
f 5260//5260 5308//5308 5309//5309
f 5260//5260 5309//5309 5261//5261
f 5261//5261 5309//5309 5310//5310
f 5261//5261 5310//5310 5262//5262
f 5262//5262 5310//5310 5311//5311
f 5262//5262 5311//5311 5263//5263
f 5263//5263 5311//5311 5312//5312
f 5263//5263 5312//5312 5264//5264
f 5264//5264 5312//5312 5313//5313
f 5264//5264 5313//5313 5265//5265
f 5265//5265 5313//5313 5314//5314
f 5265//5265 5314//5314 5266//5266
f 5266//5266 5314//5314 5315//5315
f 5266//5266 5315//5315 5267//5267
f 5267//5267 5315//5315 5316//5316
f 5267//5267 5316//5316 5268//5268
f 5268//5268 5316//5316 5317//5317
f 5268//5268 5317//5317 5269//5269
f 5269//5269 5317//5317 5318//5318
f 5269//5269 5318//5318 5270//5270
f 5270//5270 5318//5318 5319//5319
f 5270//5270 5319//5319 5271//5271
f 5271//5271 5319//5319 5320//5320
f 5271//5271 5320//5320 5272//5272
f 5272//5272 5320//5320 5321//5321
f 5272//5272 5321//5321 5273//5273
f 5273//5273 5321//5321 5322//5322
f 5273//5273 5322//5322 5274//5274
f 5274//5274 5322//5322 5323//5323
f 5274//5274 5323//5323 5275//5275
f 5275//5275 5323//5323 5324//5324
f 5275//5275 5324//5324 5276//5276
f 5276//5276 5324//5324 5325//5325
f 5276//5276 5325//5325 5277//5277
f 5277//5277 5325//5325 5326//5326
f 5277//5277 5326//5326 5278//5278
f 5278//5278 5326//5326 5327//5327
f 5278//5278 5327//5327 5279//5279
f 5279//5279 5327//5327 5328//5328
f 5279//5279 5328//5328 5280//5280
f 5280//5280 5328//5328 5281//5281
f 5280//5280 5281//5281 5233//5233
f 5281//5281 5329//5329 5330//5330
f 5281//5281 5330//5330 5282//5282
f 5282//5282 5330//5330 5331//5331
f 5282//5282 5331//5331 5283//5283
f 5283//5283 5331//5331 5332//5332
f 5283//5283 5332//5332 5284//5284
f 5284//5284 5332//5332 5333//5333
f 5284//5284 5333//5333 5285//5285
f 5285//5285 5333//5333 5334//5334
f 5285//5285 5334//5334 5286//5286
f 5286//5286 5334//5334 5335//5335
f 5286//5286 5335//5335 5287//5287
f 5287//5287 5335//5335 5336//5336
f 5287//5287 5336//5336 5288//5288
f 5288//5288 5336//5336 5337//5337
f 5288//5288 5337//5337 5289//5289
f 5289//5289 5337//5337 5338//5338
f 5289//5289 5338//5338 5290//5290
f 5290//5290 5338//5338 5339//5339
f 5290//5290 5339//5339 5291//5291
f 5291//5291 5339//5339 5340//5340
f 5291//5291 5340//5340 5292//5292
f 5292//5292 5340//5340 5341//5341
f 5292//5292 5341//5341 5293//5293
f 5293//5293 5341//5341 5342//5342
f 5293//5293 5342//5342 5294//5294
f 5294//5294 5342//5342 5343//5343
f 5294//5294 5343//5343 5295//5295
f 5295//5295 5343//5343 5344//5344
f 5295//5295 5344//5344 5296//5296
f 5296//5296 5344//5344 5345//5345
f 5296//5296 5345//5345 5297//5297
f 5297//5297 5345//5345 5346//5346
f 5297//5297 5346//5346 5298//5298
f 5298//5298 5346//5346 5347//5347
f 5298//5298 5347//5347 5299//5299
f 5299//5299 5347//5347 5348//5348
f 5299//5299 5348//5348 5300//5300
f 5300//5300 5348//5348 5349//5349
f 5300//5300 5349//5349 5301//5301
f 5301//5301 5349//5349 5350//5350
f 5301//5301 5350//5350 5302//5302
f 5302//5302 5350//5350 5351//5351
f 5302//5302 5351//5351 5303//5303
f 5303//5303 5351//5351 5352//5352
f 5303//5303 5352//5352 5304//5304
f 5304//5304 5352//5352 5353//5353
f 5304//5304 5353//5353 5305//5305
f 5305//5305 5353//5353 5354//5354
f 5305//5305 5354//5354 5306//5306
f 5306//5306 5354//5354 5355//5355
f 5306//5306 5355//5355 5307//5307
f 5307//5307 5355//5355 5356//5356
f 5307//5307 5356//5356 5308//5308
f 5308//5308 5356//5356 5357//5357
f 5308//5308 5357//5357 5309//5309
f 5309//5309 5357//5357 5358//5358
f 5309//5309 5358//5358 5310//5310
f 5310//5310 5358//5358 5359//5359
f 5310//5310 5359//5359 5311//5311
f 5311//5311 5359//5359 5360//5360
f 5311//5311 5360//5360 5312//5312
f 5312//5312 5360//5360 5361//5361
f 5312//5312 5361//5361 5313//5313
f 5313//5313 5361//5361 5362//5362
f 5313//5313 5362//5362 5314//5314
f 5314//5314 5362//5362 5363//5363
f 5314//5314 5363//5363 5315//5315
f 5315//5315 5363//5363 5364//5364
f 5315//5315 5364//5364 5316//5316
f 5316//5316 5364//5364 5365//5365
f 5316//5316 5365//5365 5317//5317
f 5317//5317 5365//5365 5366//5366
f 5317//5317 5366//5366 5318//5318
f 5318//5318 5366//5366 5367//5367
f 5318//5318 5367//5367 5319//5319
f 5319//5319 5367//5367 5368//5368
f 5319//5319 5368//5368 5320//5320
f 5320//5320 5368//5368 5369//5369
f 5320//5320 5369//5369 5321//5321
f 5321//5321 5369//5369 5370//5370
f 5321//5321 5370//5370 5322//5322
f 5322//5322 5370//5370 5371//5371
f 5322//5322 5371//5371 5323//5323
f 5323//5323 5371//5371 5372//5372
f 5323//5323 5372//5372 5324//5324
f 5324//5324 5372//5372 5373//5373
f 5324//5324 5373//5373 5325//5325
f 5325//5325 5373//5373 5374//5374
f 5325//5325 5374//5374 5326//5326
f 5326//5326 5374//5374 5375//5375
f 5326//5326 5375//5375 5327//5327
f 5327//5327 5375//5375 5376//5376
f 5327//5327 5376//5376 5328//5328
f 5328//5328 5376//5376 5329//5329
f 5328//5328 5329//5329 5281//5281
f 5329//5329 5377//5377 5378//5378
f 5329//5329 5378//5378 5330//5330
f 5330//5330 5378//5378 5379//5379
f 5330//5330 5379//5379 5331//5331
f 5331//5331 5379//5379 5380//5380
f 5331//5331 5380//5380 5332//5332
f 5332//5332 5380//5380 5381//5381
f 5332//5332 5381//5381 5333//5333
f 5333//5333 5381//5381 5382//5382
f 5333//5333 5382//5382 5334//5334
f 5334//5334 5382//5382 5383//5383
f 5334//5334 5383//5383 5335//5335
f 5335//5335 5383//5383 5384//5384
f 5335//5335 5384//5384 5336//5336
f 5336//5336 5384//5384 5385//5385
f 5336//5336 5385//5385 5337//5337
f 5337//5337 5385//5385 5386//5386
f 5337//5337 5386//5386 5338//5338
f 5338//5338 5386//5386 5387//5387
f 5338//5338 5387//5387 5339//5339
f 5339//5339 5387//5387 5388//5388
f 5339//5339 5388//5388 5340//5340
f 5340//5340 5388//5388 5389//5389
f 5340//5340 5389//5389 5341//5341
f 5341//5341 5389//5389 5390//5390
f 5341//5341 5390//5390 5342//5342
f 5342//5342 5390//5390 5391//5391
f 5342//5342 5391//5391 5343//5343
f 5343//5343 5391//5391 5392//5392
f 5343//5343 5392//5392 5344//5344
f 5344//5344 5392//5392 5393//5393
f 5344//5344 5393//5393 5345//5345
f 5345//5345 5393//5393 5394//5394
f 5345//5345 5394//5394 5346//5346
f 5346//5346 5394//5394 5395//5395
f 5346//5346 5395//5395 5347//5347
f 5347//5347 5395//5395 5396//5396
f 5347//5347 5396//5396 5348//5348
f 5348//5348 5396//5396 5397//5397
f 5348//5348 5397//5397 5349//5349
f 5349//5349 5397//5397 5398//5398
f 5349//5349 5398//5398 5350//5350
f 5350//5350 5398//5398 5399//5399
f 5350//5350 5399//5399 5351//5351
f 5351//5351 5399//5399 5400//5400
f 5351//5351 5400//5400 5352//5352
f 5352//5352 5400//5400 5401//5401
f 5352//5352 5401//5401 5353//5353
f 5353//5353 5401//5401 5402//5402
f 5353//5353 5402//5402 5354//5354
f 5354//5354 5402//5402 5403//5403
f 5354//5354 5403//5403 5355//5355
f 5355//5355 5403//5403 5404//5404
f 5355//5355 5404//5404 5356//5356
f 5356//5356 5404//5404 5405//5405
f 5356//5356 5405//5405 5357//5357
f 5357//5357 5405//5405 5406//5406
f 5357//5357 5406//5406 5358//5358
f 5358//5358 5406//5406 5407//5407
f 5358//5358 5407//5407 5359//5359
f 5359//5359 5407//5407 5408//5408
f 5359//5359 5408//5408 5360//5360
f 5360//5360 5408//5408 5409//5409
f 5360//5360 5409//5409 5361//5361
f 5361//5361 5409//5409 5410//5410
f 5361//5361 5410//5410 5362//5362
f 5362//5362 5410//5410 5411//5411
f 5362//5362 5411//5411 5363//5363
f 5363//5363 5411//5411 5412//5412
f 5363//5363 5412//5412 5364//5364
f 5364//5364 5412//5412 5413//5413
f 5364//5364 5413//5413 5365//5365
f 5365//5365 5413//5413 5414//5414
f 5365//5365 5414//5414 5366//5366
f 5366//5366 5414//5414 5415//5415
f 5366//5366 5415//5415 5367//5367
f 5367//5367 5415//5415 5416//5416
f 5367//5367 5416//5416 5368//5368
f 5368//5368 5416//5416 5417//5417
f 5368//5368 5417//5417 5369//5369
f 5369//5369 5417//5417 5418//5418
f 5369//5369 5418//5418 5370//5370
f 5370//5370 5418//5418 5419//5419
f 5370//5370 5419//5419 5371//5371
f 5371//5371 5419//5419 5420//5420
f 5371//5371 5420//5420 5372//5372
f 5372//5372 5420//5420 5421//5421
f 5372//5372 5421//5421 5373//5373
f 5373//5373 5421//5421 5422//5422
f 5373//5373 5422//5422 5374//5374
f 5374//5374 5422//5422 5423//5423
f 5374//5374 5423//5423 5375//5375
f 5375//5375 5423//5423 5424//5424
f 5375//5375 5424//5424 5376//5376
f 5376//5376 5424//5424 5377//5377
f 5376//5376 5377//5377 5329//5329
usemtl bin_52
f 5377//5377 5425//5425 5426//5426
f 5377//5377 5426//5426 5378//5378
f 5378//5378 5426//5426 5427//5427
f 5378//5378 5427//5427 5379//5379
f 5379//5379 5427//5427 5428//5428
f 5379//5379 5428//5428 5380//5380
f 5380//5380 5428//5428 5429//5429
f 5380//5380 5429//5429 5381//5381
f 5381//5381 5429//5429 5430//5430
f 5381//5381 5430//5430 5382//5382
f 5382//5382 5430//5430 5431//5431
f 5382//5382 5431//5431 5383//5383
f 5383//5383 5431//5431 5432//5432
f 5383//5383 5432//5432 5384//5384
f 5384//5384 5432//5432 5433//5433
f 5384//5384 5433//5433 5385//5385
f 5385//5385 5433//5433 5434//5434
f 5385//5385 5434//5434 5386//5386
f 5386//5386 5434//5434 5435//5435
f 5386//5386 5435//5435 5387//5387
f 5387//5387 5435//5435 5436//5436
f 5387//5387 5436//5436 5388//5388
f 5388//5388 5436//5436 5437//5437
f 5388//5388 5437//5437 5389//5389
f 5389//5389 5437//5437 5438//5438
f 5389//5389 5438//5438 5390//5390
f 5390//5390 5438//5438 5439//5439
f 5390//5390 5439//5439 5391//5391
f 5391//5391 5439//5439 5440//5440
f 5391//5391 5440//5440 5392//5392
f 5392//5392 5440//5440 5441//5441
f 5392//5392 5441//5441 5393//5393
f 5393//5393 5441//5441 5442//5442
f 5393//5393 5442//5442 5394//5394
f 5394//5394 5442//5442 5443//5443
f 5394//5394 5443//5443 5395//5395
f 5395//5395 5443//5443 5444//5444
f 5395//5395 5444//5444 5396//5396
f 5396//5396 5444//5444 5445//5445
f 5396//5396 5445//5445 5397//5397
f 5397//5397 5445//5445 5446//5446
f 5397//5397 5446//5446 5398//5398
f 5398//5398 5446//5446 5447//5447
f 5398//5398 5447//5447 5399//5399
f 5399//5399 5447//5447 5448//5448
f 5399//5399 5448//5448 5400//5400
f 5400//5400 5448//5448 5449//5449
f 5400//5400 5449//5449 5401//5401
f 5401//5401 5449//5449 5450//5450
f 5401//5401 5450//5450 5402//5402
f 5402//5402 5450//5450 5451//5451
f 5402//5402 5451//5451 5403//5403
f 5403//5403 5451//5451 5452//5452
f 5403//5403 5452//5452 5404//5404
f 5404//5404 5452//5452 5453//5453
f 5404//5404 5453//5453 5405//5405
f 5405//5405 5453//5453 5454//5454
f 5405//5405 5454//5454 5406//5406
f 5406//5406 5454//5454 5455//5455
f 5406//5406 5455//5455 5407//5407
f 5407//5407 5455//5455 5456//5456
f 5407//5407 5456//5456 5408//5408
f 5408//5408 5456//5456 5457//5457
f 5408//5408 5457//5457 5409//5409
f 5409//5409 5457//5457 5458//5458
f 5409//5409 5458//5458 5410//5410
f 5410//5410 5458//5458 5459//5459
f 5410//5410 5459//5459 5411//5411
f 5411//5411 5459//5459 5460//5460
f 5411//5411 5460//5460 5412//5412
f 5412//5412 5460//5460 5461//5461
f 5412//5412 5461//5461 5413//5413
f 5413//5413 5461//5461 5462//5462
f 5413//5413 5462//5462 5414//5414
f 5414//5414 5462//5462 5463//5463
f 5414//5414 5463//5463 5415//5415
f 5415//5415 5463//5463 5464//5464
f 5415//5415 5464//5464 5416//5416
f 5416//5416 5464//5464 5465//5465
f 5416//5416 5465//5465 5417//5417
f 5417//5417 5465//5465 5466//5466
f 5417//5417 5466//5466 5418//5418
f 5418//5418 5466//5466 5467//5467
f 5418//5418 5467//5467 5419//5419
f 5419//5419 5467//5467 5468//5468
f 5419//5419 5468//5468 5420//5420
f 5420//5420 5468//5468 5469//5469
f 5420//5420 5469//5469 5421//5421
f 5421//5421 5469//5469 5470//5470
f 5421//5421 5470//5470 5422//5422
f 5422//5422 5470//5470 5471//5471
f 5422//5422 5471//5471 5423//5423
f 5423//5423 5471//5471 5472//5472
f 5423//5423 5472//5472 5424//5424
f 5424//5424 5472//5472 5425//5425
f 5424//5424 5425//5425 5377//5377
f 5425//5425 5473//5473 5474//5474
f 5425//5425 5474//5474 5426//5426
f 5426//5426 5474//5474 5475//5475
f 5426//5426 5475//5475 5427//5427
f 5427//5427 5475//5475 5476//5476
f 5427//5427 5476//5476 5428//5428
f 5428//5428 5476//5476 5477//5477
f 5428//5428 5477//5477 5429//5429
f 5429//5429 5477//5477 5478//5478
f 5429//5429 5478//5478 5430//5430
f 5430//5430 5478//5478 5479//5479
f 5430//5430 5479//5479 5431//5431
f 5431//5431 5479//5479 5480//5480
f 5431//5431 5480//5480 5432//5432
f 5432//5432 5480//5480 5481//5481
f 5432//5432 5481//5481 5433//5433
f 5433//5433 5481//5481 5482//5482
f 5433//5433 5482//5482 5434//5434
f 5434//5434 5482//5482 5483//5483
f 5434//5434 5483//5483 5435//5435
f 5435//5435 5483//5483 5484//5484
f 5435//5435 5484//5484 5436//5436
f 5436//5436 5484//5484 5485//5485
f 5436//5436 5485//5485 5437//5437
f 5437//5437 5485//5485 5486//5486
f 5437//5437 5486//5486 5438//5438
f 5438//5438 5486//5486 5487//5487
f 5438//5438 5487//5487 5439//5439
f 5439//5439 5487//5487 5488//5488
f 5439//5439 5488//5488 5440//5440
f 5440//5440 5488//5488 5489//5489
f 5440//5440 5489//5489 5441//5441
f 5441//5441 5489//5489 5490//5490
f 5441//5441 5490//5490 5442//5442
f 5442//5442 5490//5490 5491//5491
f 5442//5442 5491//5491 5443//5443
f 5443//5443 5491//5491 5492//5492
f 5443//5443 5492//5492 5444//5444
f 5444//5444 5492//5492 5493//5493
f 5444//5444 5493//5493 5445//5445
f 5445//5445 5493//5493 5494//5494
f 5445//5445 5494//5494 5446//5446
f 5446//5446 5494//5494 5495//5495
f 5446//5446 5495//5495 5447//5447
f 5447//5447 5495//5495 5496//5496
f 5447//5447 5496//5496 5448//5448
f 5448//5448 5496//5496 5497//5497
f 5448//5448 5497//5497 5449//5449
f 5449//5449 5497//5497 5498//5498
f 5449//5449 5498//5498 5450//5450
f 5450//5450 5498//5498 5499//5499
f 5450//5450 5499//5499 5451//5451
f 5451//5451 5499//5499 5500//5500
f 5451//5451 5500//5500 5452//5452
f 5452//5452 5500//5500 5501//5501
f 5452//5452 5501//5501 5453//5453
f 5453//5453 5501//5501 5502//5502
f 5453//5453 5502//5502 5454//5454
f 5454//5454 5502//5502 5503//5503
f 5454//5454 5503//5503 5455//5455
f 5455//5455 5503//5503 5504//5504
f 5455//5455 5504//5504 5456//5456
f 5456//5456 5504//5504 5505//5505
f 5456//5456 5505//5505 5457//5457
f 5457//5457 5505//5505 5506//5506
f 5457//5457 5506//5506 5458//5458
f 5458//5458 5506//5506 5507//5507
f 5458//5458 5507//5507 5459//5459
f 5459//5459 5507//5507 5508//5508
f 5459//5459 5508//5508 5460//5460
f 5460//5460 5508//5508 5509//5509
f 5460//5460 5509//5509 5461//5461
f 5461//5461 5509//5509 5510//5510
f 5461//5461 5510//5510 5462//5462
f 5462//5462 5510//5510 5511//5511
f 5462//5462 5511//5511 5463//5463
f 5463//5463 5511//5511 5512//5512
f 5463//5463 5512//5512 5464//5464
f 5464//5464 5512//5512 5513//5513
f 5464//5464 5513//5513 5465//5465
f 5465//5465 5513//5513 5514//5514
f 5465//5465 5514//5514 5466//5466
f 5466//5466 5514//5514 5515//5515
f 5466//5466 5515//5515 5467//5467
f 5467//5467 5515//5515 5516//5516
f 5467//5467 5516//5516 5468//5468
f 5468//5468 5516//5516 5517//5517
f 5468//5468 5517//5517 5469//5469
f 5469//5469 5517//5517 5518//5518
f 5469//5469 5518//5518 5470//5470
f 5470//5470 5518//5518 5519//5519
f 5470//5470 5519//5519 5471//5471
f 5471//5471 5519//5519 5520//5520
f 5471//5471 5520//5520 5472//5472
f 5472//5472 5520//5520 5473//5473
f 5472//5472 5473//5473 5425//5425
f 5473//5473 5521//5521 5522//5522
f 5473//5473 5522//5522 5474//5474
f 5474//5474 5522//5522 5523//5523
f 5474//5474 5523//5523 5475//5475
f 5475//5475 5523//5523 5524//5524
f 5475//5475 5524//5524 5476//5476
f 5476//5476 5524//5524 5525//5525
f 5476//5476 5525//5525 5477//5477
f 5477//5477 5525//5525 5526//5526
f 5477//5477 5526//5526 5478//5478
f 5478//5478 5526//5526 5527//5527
f 5478//5478 5527//5527 5479//5479
f 5479//5479 5527//5527 5528//5528
f 5479//5479 5528//5528 5480//5480
f 5480//5480 5528//5528 5529//5529
f 5480//5480 5529//5529 5481//5481
f 5481//5481 5529//5529 5530//5530
f 5481//5481 5530//5530 5482//5482
f 5482//5482 5530//5530 5531//5531
f 5482//5482 5531//5531 5483//5483
f 5483//5483 5531//5531 5532//5532
f 5483//5483 5532//5532 5484//5484
f 5484//5484 5532//5532 5533//5533
f 5484//5484 5533//5533 5485//5485
f 5485//5485 5533//5533 5534//5534
f 5485//5485 5534//5534 5486//5486
f 5486//5486 5534//5534 5535//5535
f 5486//5486 5535//5535 5487//5487
f 5487//5487 5535//5535 5536//5536
f 5487//5487 5536//5536 5488//5488
f 5488//5488 5536//5536 5537//5537
f 5488//5488 5537//5537 5489//5489
f 5489//5489 5537//5537 5538//5538
f 5489//5489 5538//5538 5490//5490
f 5490//5490 5538//5538 5539//5539
f 5490//5490 5539//5539 5491//5491
f 5491//5491 5539//5539 5540//5540
f 5491//5491 5540//5540 5492//5492
f 5492//5492 5540//5540 5541//5541
f 5492//5492 5541//5541 5493//5493
f 5493//5493 5541//5541 5542//5542
f 5493//5493 5542//5542 5494//5494
f 5494//5494 5542//5542 5543//5543
f 5494//5494 5543//5543 5495//5495
f 5495//5495 5543//5543 5544//5544
f 5495//5495 5544//5544 5496//5496
f 5496//5496 5544//5544 5545//5545
f 5496//5496 5545//5545 5497//5497
f 5497//5497 5545//5545 5546//5546
f 5497//5497 5546//5546 5498//5498
f 5498//5498 5546//5546 5547//5547
f 5498//5498 5547//5547 5499//5499
f 5499//5499 5547//5547 5548//5548
f 5499//5499 5548//5548 5500//5500
f 5500//5500 5548//5548 5549//5549
f 5500//5500 5549//5549 5501//5501
f 5501//5501 5549//5549 5550//5550
f 5501//5501 5550//5550 5502//5502
f 5502//5502 5550//5550 5551//5551
f 5502//5502 5551//5551 5503//5503
f 5503//5503 5551//5551 5552//5552
f 5503//5503 5552//5552 5504//5504
f 5504//5504 5552//5552 5553//5553
f 5504//5504 5553//5553 5505//5505
f 5505//5505 5553//5553 5554//5554
f 5505//5505 5554//5554 5506//5506
f 5506//5506 5554//5554 5555//5555
f 5506//5506 5555//5555 5507//5507
f 5507//5507 5555//5555 5556//5556
f 5507//5507 5556//5556 5508//5508
f 5508//5508 5556//5556 5557//5557
f 5508//5508 5557//5557 5509//5509
f 5509//5509 5557//5557 5558//5558
f 5509//5509 5558//5558 5510//5510
f 5510//5510 5558//5558 5559//5559
f 5510//5510 5559//5559 5511//5511
f 5511//5511 5559//5559 5560//5560
f 5511//5511 5560//5560 5512//5512
f 5512//5512 5560//5560 5561//5561
f 5512//5512 5561//5561 5513//5513
f 5513//5513 5561//5561 5562//5562
f 5513//5513 5562//5562 5514//5514
f 5514//5514 5562//5562 5563//5563
f 5514//5514 5563//5563 5515//5515
f 5515//5515 5563//5563 5564//5564
f 5515//5515 5564//5564 5516//5516
f 5516//5516 5564//5564 5565//5565
f 5516//5516 5565//5565 5517//5517
f 5517//5517 5565//5565 5566//5566
f 5517//5517 5566//5566 5518//5518
f 5518//5518 5566//5566 5567//5567
f 5518//5518 5567//5567 5519//5519
f 5519//5519 5567//5567 5568//5568
f 5519//5519 5568//5568 5520//5520
f 5520//5520 5568//5568 5521//5521
f 5520//5520 5521//5521 5473//5473
usemtl bin_53
f 5521//5521 5569//5569 5570//5570
f 5521//5521 5570//5570 5522//5522
f 5522//5522 5570//5570 5571//5571
f 5522//5522 5571//5571 5523//5523
f 5523//5523 5571//5571 5572//5572
f 5523//5523 5572//5572 5524//5524
f 5524//5524 5572//5572 5573//5573
f 5524//5524 5573//5573 5525//5525
f 5525//5525 5573//5573 5574//5574
f 5525//5525 5574//5574 5526//5526
f 5526//5526 5574//5574 5575//5575
f 5526//5526 5575//5575 5527//5527
f 5527//5527 5575//5575 5576//5576
f 5527//5527 5576//5576 5528//5528
f 5528//5528 5576//5576 5577//5577
f 5528//5528 5577//5577 5529//5529
f 5529//5529 5577//5577 5578//5578
f 5529//5529 5578//5578 5530//5530
f 5530//5530 5578//5578 5579//5579
f 5530//5530 5579//5579 5531//5531
f 5531//5531 5579//5579 5580//5580
f 5531//5531 5580//5580 5532//5532
f 5532//5532 5580//5580 5581//5581
f 5532//5532 5581//5581 5533//5533
f 5533//5533 5581//5581 5582//5582
f 5533//5533 5582//5582 5534//5534
f 5534//5534 5582//5582 5583//5583
f 5534//5534 5583//5583 5535//5535
f 5535//5535 5583//5583 5584//5584
f 5535//5535 5584//5584 5536//5536
f 5536//5536 5584//5584 5585//5585
f 5536//5536 5585//5585 5537//5537
f 5537//5537 5585//5585 5586//5586
f 5537//5537 5586//5586 5538//5538
f 5538//5538 5586//5586 5587//5587
f 5538//5538 5587//5587 5539//5539
f 5539//5539 5587//5587 5588//5588
f 5539//5539 5588//5588 5540//5540
f 5540//5540 5588//5588 5589//5589
f 5540//5540 5589//5589 5541//5541
f 5541//5541 5589//5589 5590//5590
f 5541//5541 5590//5590 5542//5542
f 5542//5542 5590//5590 5591//5591
f 5542//5542 5591//5591 5543//5543
f 5543//5543 5591//5591 5592//5592
f 5543//5543 5592//5592 5544//5544
f 5544//5544 5592//5592 5593//5593
f 5544//5544 5593//5593 5545//5545
f 5545//5545 5593//5593 5594//5594
f 5545//5545 5594//5594 5546//5546
f 5546//5546 5594//5594 5595//5595
f 5546//5546 5595//5595 5547//5547
f 5547//5547 5595//5595 5596//5596
f 5547//5547 5596//5596 5548//5548
f 5548//5548 5596//5596 5597//5597
f 5548//5548 5597//5597 5549//5549
f 5549//5549 5597//5597 5598//5598
f 5549//5549 5598//5598 5550//5550
f 5550//5550 5598//5598 5599//5599
f 5550//5550 5599//5599 5551//5551
f 5551//5551 5599//5599 5600//5600
f 5551//5551 5600//5600 5552//5552
f 5552//5552 5600//5600 5601//5601
f 5552//5552 5601//5601 5553//5553
f 5553//5553 5601//5601 5602//5602
f 5553//5553 5602//5602 5554//5554
f 5554//5554 5602//5602 5603//5603
f 5554//5554 5603//5603 5555//5555
f 5555//5555 5603//5603 5604//5604
f 5555//5555 5604//5604 5556//5556
f 5556//5556 5604//5604 5605//5605
f 5556//5556 5605//5605 5557//5557
f 5557//5557 5605//5605 5606//5606
f 5557//5557 5606//5606 5558//5558
f 5558//5558 5606//5606 5607//5607
f 5558//5558 5607//5607 5559//5559
f 5559//5559 5607//5607 5608//5608
f 5559//5559 5608//5608 5560//5560
f 5560//5560 5608//5608 5609//5609
f 5560//5560 5609//5609 5561//5561
f 5561//5561 5609//5609 5610//5610
f 5561//5561 5610//5610 5562//5562
f 5562//5562 5610//5610 5611//5611
f 5562//5562 5611//5611 5563//5563
f 5563//5563 5611//5611 5612//5612
f 5563//5563 5612//5612 5564//5564
f 5564//5564 5612//5612 5613//5613
f 5564//5564 5613//5613 5565//5565
f 5565//5565 5613//5613 5614//5614
f 5565//5565 5614//5614 5566//5566
f 5566//5566 5614//5614 5615//5615
f 5566//5566 5615//5615 5567//5567
f 5567//5567 5615//5615 5616//5616
f 5567//5567 5616//5616 5568//5568
f 5568//5568 5616//5616 5569//5569
f 5568//5568 5569//5569 5521//5521
usemtl bin_54
f 5569//5569 5617//5617 5618//5618
f 5569//5569 5618//5618 5570//5570
f 5570//5570 5618//5618 5619//5619
f 5570//5570 5619//5619 5571//5571
f 5571//5571 5619//5619 5620//5620
f 5571//5571 5620//5620 5572//5572
f 5572//5572 5620//5620 5621//5621
f 5572//5572 5621//5621 5573//5573
f 5573//5573 5621//5621 5622//5622
f 5573//5573 5622//5622 5574//5574
f 5574//5574 5622//5622 5623//5623
f 5574//5574 5623//5623 5575//5575
f 5575//5575 5623//5623 5624//5624
f 5575//5575 5624//5624 5576//5576
f 5576//5576 5624//5624 5625//5625
f 5576//5576 5625//5625 5577//5577
f 5577//5577 5625//5625 5626//5626
f 5577//5577 5626//5626 5578//5578
f 5578//5578 5626//5626 5627//5627
f 5578//5578 5627//5627 5579//5579
f 5579//5579 5627//5627 5628//5628
f 5579//5579 5628//5628 5580//5580
f 5580//5580 5628//5628 5629//5629
f 5580//5580 5629//5629 5581//5581
f 5581//5581 5629//5629 5630//5630
f 5581//5581 5630//5630 5582//5582
f 5582//5582 5630//5630 5631//5631
f 5582//5582 5631//5631 5583//5583
f 5583//5583 5631//5631 5632//5632
f 5583//5583 5632//5632 5584//5584
f 5584//5584 5632//5632 5633//5633
f 5584//5584 5633//5633 5585//5585
f 5585//5585 5633//5633 5634//5634
f 5585//5585 5634//5634 5586//5586
f 5586//5586 5634//5634 5635//5635
f 5586//5586 5635//5635 5587//5587
f 5587//5587 5635//5635 5636//5636
f 5587//5587 5636//5636 5588//5588
f 5588//5588 5636//5636 5637//5637
f 5588//5588 5637//5637 5589//5589
f 5589//5589 5637//5637 5638//5638
f 5589//5589 5638//5638 5590//5590
f 5590//5590 5638//5638 5639//5639
f 5590//5590 5639//5639 5591//5591
f 5591//5591 5639//5639 5640//5640
f 5591//5591 5640//5640 5592//5592
f 5592//5592 5640//5640 5641//5641
f 5592//5592 5641//5641 5593//5593
f 5593//5593 5641//5641 5642//5642
f 5593//5593 5642//5642 5594//5594
f 5594//5594 5642//5642 5643//5643
f 5594//5594 5643//5643 5595//5595
f 5595//5595 5643//5643 5644//5644
f 5595//5595 5644//5644 5596//5596
f 5596//5596 5644//5644 5645//5645
f 5596//5596 5645//5645 5597//5597
f 5597//5597 5645//5645 5646//5646
f 5597//5597 5646//5646 5598//5598
f 5598//5598 5646//5646 5647//5647
f 5598//5598 5647//5647 5599//5599
f 5599//5599 5647//5647 5648//5648
f 5599//5599 5648//5648 5600//5600
f 5600//5600 5648//5648 5649//5649
f 5600//5600 5649//5649 5601//5601
f 5601//5601 5649//5649 5650//5650
f 5601//5601 5650//5650 5602//5602
f 5602//5602 5650//5650 5651//5651
f 5602//5602 5651//5651 5603//5603
f 5603//5603 5651//5651 5652//5652
f 5603//5603 5652//5652 5604//5604
f 5604//5604 5652//5652 5653//5653
f 5604//5604 5653//5653 5605//5605
f 5605//5605 5653//5653 5654//5654
f 5605//5605 5654//5654 5606//5606
f 5606//5606 5654//5654 5655//5655
f 5606//5606 5655//5655 5607//5607
f 5607//5607 5655//5655 5656//5656
f 5607//5607 5656//5656 5608//5608
f 5608//5608 5656//5656 5657//5657
f 5608//5608 5657//5657 5609//5609
f 5609//5609 5657//5657 5658//5658
f 5609//5609 5658//5658 5610//5610
f 5610//5610 5658//5658 5659//5659
f 5610//5610 5659//5659 5611//5611
f 5611//5611 5659//5659 5660//5660
f 5611//5611 5660//5660 5612//5612
f 5612//5612 5660//5660 5661//5661
f 5612//5612 5661//5661 5613//5613
f 5613//5613 5661//5661 5662//5662
f 5613//5613 5662//5662 5614//5614
f 5614//5614 5662//5662 5663//5663
f 5614//5614 5663//5663 5615//5615
f 5615//5615 5663//5663 5664//5664
f 5615//5615 5664//5664 5616//5616
f 5616//5616 5664//5664 5617//5617
f 5616//5616 5617//5617 5569//5569
f 5617//5617 5665//5665 5666//5666
f 5617//5617 5666//5666 5618//5618
f 5618//5618 5666//5666 5667//5667
f 5618//5618 5667//5667 5619//5619
f 5619//5619 5667//5667 5668//5668
f 5619//5619 5668//5668 5620//5620
f 5620//5620 5668//5668 5669//5669
f 5620//5620 5669//5669 5621//5621
f 5621//5621 5669//5669 5670//5670
f 5621//5621 5670//5670 5622//5622
f 5622//5622 5670//5670 5671//5671
f 5622//5622 5671//5671 5623//5623
f 5623//5623 5671//5671 5672//5672
f 5623//5623 5672//5672 5624//5624
f 5624//5624 5672//5672 5673//5673
f 5624//5624 5673//5673 5625//5625
f 5625//5625 5673//5673 5674//5674
f 5625//5625 5674//5674 5626//5626
f 5626//5626 5674//5674 5675//5675
f 5626//5626 5675//5675 5627//5627
f 5627//5627 5675//5675 5676//5676
f 5627//5627 5676//5676 5628//5628
f 5628//5628 5676//5676 5677//5677
f 5628//5628 5677//5677 5629//5629
f 5629//5629 5677//5677 5678//5678
f 5629//5629 5678//5678 5630//5630
f 5630//5630 5678//5678 5679//5679
f 5630//5630 5679//5679 5631//5631
f 5631//5631 5679//5679 5680//5680
f 5631//5631 5680//5680 5632//5632
f 5632//5632 5680//5680 5681//5681
f 5632//5632 5681//5681 5633//5633
f 5633//5633 5681//5681 5682//5682
f 5633//5633 5682//5682 5634//5634
f 5634//5634 5682//5682 5683//5683
f 5634//5634 5683//5683 5635//5635
f 5635//5635 5683//5683 5684//5684
f 5635//5635 5684//5684 5636//5636
f 5636//5636 5684//5684 5685//5685
f 5636//5636 5685//5685 5637//5637
f 5637//5637 5685//5685 5686//5686
f 5637//5637 5686//5686 5638//5638
f 5638//5638 5686//5686 5687//5687
f 5638//5638 5687//5687 5639//5639
f 5639//5639 5687//5687 5688//5688
f 5639//5639 5688//5688 5640//5640
f 5640//5640 5688//5688 5689//5689
f 5640//5640 5689//5689 5641//5641
f 5641//5641 5689//5689 5690//5690
f 5641//5641 5690//5690 5642//5642
f 5642//5642 5690//5690 5691//5691
f 5642//5642 5691//5691 5643//5643
f 5643//5643 5691//5691 5692//5692
f 5643//5643 5692//5692 5644//5644
f 5644//5644 5692//5692 5693//5693
f 5644//5644 5693//5693 5645//5645
f 5645//5645 5693//5693 5694//5694
f 5645//5645 5694//5694 5646//5646
f 5646//5646 5694//5694 5695//5695
f 5646//5646 5695//5695 5647//5647
f 5647//5647 5695//5695 5696//5696
f 5647//5647 5696//5696 5648//5648
f 5648//5648 5696//5696 5697//5697
f 5648//5648 5697//5697 5649//5649
f 5649//5649 5697//5697 5698//5698
f 5649//5649 5698//5698 5650//5650
f 5650//5650 5698//5698 5699//5699
f 5650//5650 5699//5699 5651//5651
f 5651//5651 5699//5699 5700//5700
f 5651//5651 5700//5700 5652//5652
f 5652//5652 5700//5700 5701//5701
f 5652//5652 5701//5701 5653//5653
f 5653//5653 5701//5701 5702//5702
f 5653//5653 5702//5702 5654//5654
f 5654//5654 5702//5702 5703//5703
f 5654//5654 5703//5703 5655//5655
f 5655//5655 5703//5703 5704//5704
f 5655//5655 5704//5704 5656//5656
f 5656//5656 5704//5704 5705//5705
f 5656//5656 5705//5705 5657//5657
f 5657//5657 5705//5705 5706//5706
f 5657//5657 5706//5706 5658//5658
f 5658//5658 5706//5706 5707//5707
f 5658//5658 5707//5707 5659//5659
f 5659//5659 5707//5707 5708//5708
f 5659//5659 5708//5708 5660//5660
f 5660//5660 5708//5708 5709//5709
f 5660//5660 5709//5709 5661//5661
f 5661//5661 5709//5709 5710//5710
f 5661//5661 5710//5710 5662//5662
f 5662//5662 5710//5710 5711//5711
f 5662//5662 5711//5711 5663//5663
f 5663//5663 5711//5711 5712//5712
f 5663//5663 5712//5712 5664//5664
f 5664//5664 5712//5712 5665//5665
f 5664//5664 5665//5665 5617//5617
usemtl bin_55
f 5665//5665 5713//5713 5714//5714
f 5665//5665 5714//5714 5666//5666
f 5666//5666 5714//5714 5715//5715
f 5666//5666 5715//5715 5667//5667
f 5667//5667 5715//5715 5716//5716
f 5667//5667 5716//5716 5668//5668
f 5668//5668 5716//5716 5717//5717
f 5668//5668 5717//5717 5669//5669
f 5669//5669 5717//5717 5718//5718
f 5669//5669 5718//5718 5670//5670
f 5670//5670 5718//5718 5719//5719
f 5670//5670 5719//5719 5671//5671
f 5671//5671 5719//5719 5720//5720
f 5671//5671 5720//5720 5672//5672
f 5672//5672 5720//5720 5721//5721
f 5672//5672 5721//5721 5673//5673
f 5673//5673 5721//5721 5722//5722
f 5673//5673 5722//5722 5674//5674
f 5674//5674 5722//5722 5723//5723
f 5674//5674 5723//5723 5675//5675
f 5675//5675 5723//5723 5724//5724
f 5675//5675 5724//5724 5676//5676
f 5676//5676 5724//5724 5725//5725
f 5676//5676 5725//5725 5677//5677
f 5677//5677 5725//5725 5726//5726
f 5677//5677 5726//5726 5678//5678
f 5678//5678 5726//5726 5727//5727
f 5678//5678 5727//5727 5679//5679
f 5679//5679 5727//5727 5728//5728
f 5679//5679 5728//5728 5680//5680
f 5680//5680 5728//5728 5729//5729
f 5680//5680 5729//5729 5681//5681
f 5681//5681 5729//5729 5730//5730
f 5681//5681 5730//5730 5682//5682
f 5682//5682 5730//5730 5731//5731
f 5682//5682 5731//5731 5683//5683
f 5683//5683 5731//5731 5732//5732
f 5683//5683 5732//5732 5684//5684
f 5684//5684 5732//5732 5733//5733
f 5684//5684 5733//5733 5685//5685
f 5685//5685 5733//5733 5734//5734
f 5685//5685 5734//5734 5686//5686
f 5686//5686 5734//5734 5735//5735
f 5686//5686 5735//5735 5687//5687
f 5687//5687 5735//5735 5736//5736
f 5687//5687 5736//5736 5688//5688
f 5688//5688 5736//5736 5737//5737
f 5688//5688 5737//5737 5689//5689
f 5689//5689 5737//5737 5738//5738
f 5689//5689 5738//5738 5690//5690
f 5690//5690 5738//5738 5739//5739
f 5690//5690 5739//5739 5691//5691
f 5691//5691 5739//5739 5740//5740
f 5691//5691 5740//5740 5692//5692
f 5692//5692 5740//5740 5741//5741
f 5692//5692 5741//5741 5693//5693
f 5693//5693 5741//5741 5742//5742
f 5693//5693 5742//5742 5694//5694
f 5694//5694 5742//5742 5743//5743
f 5694//5694 5743//5743 5695//5695
f 5695//5695 5743//5743 5744//5744
f 5695//5695 5744//5744 5696//5696
f 5696//5696 5744//5744 5745//5745
f 5696//5696 5745//5745 5697//5697
f 5697//5697 5745//5745 5746//5746
f 5697//5697 5746//5746 5698//5698
f 5698//5698 5746//5746 5747//5747
f 5698//5698 5747//5747 5699//5699
f 5699//5699 5747//5747 5748//5748
f 5699//5699 5748//5748 5700//5700
f 5700//5700 5748//5748 5749//5749
f 5700//5700 5749//5749 5701//5701
f 5701//5701 5749//5749 5750//5750
f 5701//5701 5750//5750 5702//5702
f 5702//5702 5750//5750 5751//5751
f 5702//5702 5751//5751 5703//5703
f 5703//5703 5751//5751 5752//5752
f 5703//5703 5752//5752 5704//5704
f 5704//5704 5752//5752 5753//5753
f 5704//5704 5753//5753 5705//5705
f 5705//5705 5753//5753 5754//5754
f 5705//5705 5754//5754 5706//5706
f 5706//5706 5754//5754 5755//5755
f 5706//5706 5755//5755 5707//5707
f 5707//5707 5755//5755 5756//5756
f 5707//5707 5756//5756 5708//5708
f 5708//5708 5756//5756 5757//5757
f 5708//5708 5757//5757 5709//5709
f 5709//5709 5757//5757 5758//5758
f 5709//5709 5758//5758 5710//5710
f 5710//5710 5758//5758 5759//5759
f 5710//5710 5759//5759 5711//5711
f 5711//5711 5759//5759 5760//5760
f 5711//5711 5760//5760 5712//5712
f 5712//5712 5760//5760 5713//5713
f 5712//5712 5713//5713 5665//5665
usemtl bin_56
f 5713//5713 5761//5761 5762//5762
f 5713//5713 5762//5762 5714//5714
f 5714//5714 5762//5762 5763//5763
f 5714//5714 5763//5763 5715//5715
f 5715//5715 5763//5763 5764//5764
f 5715//5715 5764//5764 5716//5716
f 5716//5716 5764//5764 5765//5765
f 5716//5716 5765//5765 5717//5717
f 5717//5717 5765//5765 5766//5766
f 5717//5717 5766//5766 5718//5718
f 5718//5718 5766//5766 5767//5767
f 5718//5718 5767//5767 5719//5719
f 5719//5719 5767//5767 5768//5768
f 5719//5719 5768//5768 5720//5720
f 5720//5720 5768//5768 5769//5769
f 5720//5720 5769//5769 5721//5721
f 5721//5721 5769//5769 5770//5770
f 5721//5721 5770//5770 5722//5722
f 5722//5722 5770//5770 5771//5771
f 5722//5722 5771//5771 5723//5723
f 5723//5723 5771//5771 5772//5772
f 5723//5723 5772//5772 5724//5724
f 5724//5724 5772//5772 5773//5773
f 5724//5724 5773//5773 5725//5725
f 5725//5725 5773//5773 5774//5774
f 5725//5725 5774//5774 5726//5726
f 5726//5726 5774//5774 5775//5775
f 5726//5726 5775//5775 5727//5727
f 5727//5727 5775//5775 5776//5776
f 5727//5727 5776//5776 5728//5728
f 5728//5728 5776//5776 5777//5777
f 5728//5728 5777//5777 5729//5729
f 5729//5729 5777//5777 5778//5778
f 5729//5729 5778//5778 5730//5730
f 5730//5730 5778//5778 5779//5779
f 5730//5730 5779//5779 5731//5731
f 5731//5731 5779//5779 5780//5780
f 5731//5731 5780//5780 5732//5732
f 5732//5732 5780//5780 5781//5781
f 5732//5732 5781//5781 5733//5733
f 5733//5733 5781//5781 5782//5782
f 5733//5733 5782//5782 5734//5734
f 5734//5734 5782//5782 5783//5783
f 5734//5734 5783//5783 5735//5735
f 5735//5735 5783//5783 5784//5784
f 5735//5735 5784//5784 5736//5736
f 5736//5736 5784//5784 5785//5785
f 5736//5736 5785//5785 5737//5737
f 5737//5737 5785//5785 5786//5786
f 5737//5737 5786//5786 5738//5738
f 5738//5738 5786//5786 5787//5787
f 5738//5738 5787//5787 5739//5739
f 5739//5739 5787//5787 5788//5788
f 5739//5739 5788//5788 5740//5740
f 5740//5740 5788//5788 5789//5789
f 5740//5740 5789//5789 5741//5741
f 5741//5741 5789//5789 5790//5790
f 5741//5741 5790//5790 5742//5742
f 5742//5742 5790//5790 5791//5791
f 5742//5742 5791//5791 5743//5743
f 5743//5743 5791//5791 5792//5792
f 5743//5743 5792//5792 5744//5744
f 5744//5744 5792//5792 5793//5793
f 5744//5744 5793//5793 5745//5745
f 5745//5745 5793//5793 5794//5794
f 5745//5745 5794//5794 5746//5746
f 5746//5746 5794//5794 5795//5795
f 5746//5746 5795//5795 5747//5747
f 5747//5747 5795//5795 5796//5796
f 5747//5747 5796//5796 5748//5748
f 5748//5748 5796//5796 5797//5797
f 5748//5748 5797//5797 5749//5749
f 5749//5749 5797//5797 5798//5798
f 5749//5749 5798//5798 5750//5750
f 5750//5750 5798//5798 5799//5799
f 5750//5750 5799//5799 5751//5751
f 5751//5751 5799//5799 5800//5800
f 5751//5751 5800//5800 5752//5752
f 5752//5752 5800//5800 5801//5801
f 5752//5752 5801//5801 5753//5753
f 5753//5753 5801//5801 5802//5802
f 5753//5753 5802//5802 5754//5754
f 5754//5754 5802//5802 5803//5803
f 5754//5754 5803//5803 5755//5755
f 5755//5755 5803//5803 5804//5804
f 5755//5755 5804//5804 5756//5756
f 5756//5756 5804//5804 5805//5805
f 5756//5756 5805//5805 5757//5757
f 5757//5757 5805//5805 5806//5806
f 5757//5757 5806//5806 5758//5758
f 5758//5758 5806//5806 5807//5807
f 5758//5758 5807//5807 5759//5759
f 5759//5759 5807//5807 5808//5808
f 5759//5759 5808//5808 5760//5760
f 5760//5760 5808//5808 5761//5761
f 5760//5760 5761//5761 5713//5713
f 5761//5761 5809//5809 5810//5810
f 5761//5761 5810//5810 5762//5762
f 5762//5762 5810//5810 5811//5811
f 5762//5762 5811//5811 5763//5763
f 5763//5763 5811//5811 5812//5812
f 5763//5763 5812//5812 5764//5764
f 5764//5764 5812//5812 5813//5813
f 5764//5764 5813//5813 5765//5765
f 5765//5765 5813//5813 5814//5814
f 5765//5765 5814//5814 5766//5766
f 5766//5766 5814//5814 5815//5815
f 5766//5766 5815//5815 5767//5767
f 5767//5767 5815//5815 5816//5816
f 5767//5767 5816//5816 5768//5768
f 5768//5768 5816//5816 5817//5817
f 5768//5768 5817//5817 5769//5769
f 5769//5769 5817//5817 5818//5818
f 5769//5769 5818//5818 5770//5770
f 5770//5770 5818//5818 5819//5819
f 5770//5770 5819//5819 5771//5771
f 5771//5771 5819//5819 5820//5820
f 5771//5771 5820//5820 5772//5772
f 5772//5772 5820//5820 5821//5821
f 5772//5772 5821//5821 5773//5773
f 5773//5773 5821//5821 5822//5822
f 5773//5773 5822//5822 5774//5774
f 5774//5774 5822//5822 5823//5823
f 5774//5774 5823//5823 5775//5775
f 5775//5775 5823//5823 5824//5824
f 5775//5775 5824//5824 5776//5776
f 5776//5776 5824//5824 5825//5825
f 5776//5776 5825//5825 5777//5777
f 5777//5777 5825//5825 5826//5826
f 5777//5777 5826//5826 5778//5778
f 5778//5778 5826//5826 5827//5827
f 5778//5778 5827//5827 5779//5779
f 5779//5779 5827//5827 5828//5828
f 5779//5779 5828//5828 5780//5780
f 5780//5780 5828//5828 5829//5829
f 5780//5780 5829//5829 5781//5781
f 5781//5781 5829//5829 5830//5830
f 5781//5781 5830//5830 5782//5782
f 5782//5782 5830//5830 5831//5831
f 5782//5782 5831//5831 5783//5783
f 5783//5783 5831//5831 5832//5832
f 5783//5783 5832//5832 5784//5784
f 5784//5784 5832//5832 5833//5833
f 5784//5784 5833//5833 5785//5785
f 5785//5785 5833//5833 5834//5834
f 5785//5785 5834//5834 5786//5786
f 5786//5786 5834//5834 5835//5835
f 5786//5786 5835//5835 5787//5787
f 5787//5787 5835//5835 5836//5836
f 5787//5787 5836//5836 5788//5788
f 5788//5788 5836//5836 5837//5837
f 5788//5788 5837//5837 5789//5789
f 5789//5789 5837//5837 5838//5838
f 5789//5789 5838//5838 5790//5790
f 5790//5790 5838//5838 5839//5839
f 5790//5790 5839//5839 5791//5791
f 5791//5791 5839//5839 5840//5840
f 5791//5791 5840//5840 5792//5792
f 5792//5792 5840//5840 5841//5841
f 5792//5792 5841//5841 5793//5793
f 5793//5793 5841//5841 5842//5842
f 5793//5793 5842//5842 5794//5794
f 5794//5794 5842//5842 5843//5843
f 5794//5794 5843//5843 5795//5795
f 5795//5795 5843//5843 5844//5844
f 5795//5795 5844//5844 5796//5796
f 5796//5796 5844//5844 5845//5845
f 5796//5796 5845//5845 5797//5797
f 5797//5797 5845//5845 5846//5846
f 5797//5797 5846//5846 5798//5798
f 5798//5798 5846//5846 5847//5847
f 5798//5798 5847//5847 5799//5799
f 5799//5799 5847//5847 5848//5848
f 5799//5799 5848//5848 5800//5800
f 5800//5800 5848//5848 5849//5849
f 5800//5800 5849//5849 5801//5801
f 5801//5801 5849//5849 5850//5850
f 5801//5801 5850//5850 5802//5802
f 5802//5802 5850//5850 5851//5851
f 5802//5802 5851//5851 5803//5803
f 5803//5803 5851//5851 5852//5852
f 5803//5803 5852//5852 5804//5804
f 5804//5804 5852//5852 5853//5853
f 5804//5804 5853//5853 5805//5805
f 5805//5805 5853//5853 5854//5854
f 5805//5805 5854//5854 5806//5806
f 5806//5806 5854//5854 5855//5855
f 5806//5806 5855//5855 5807//5807
f 5807//5807 5855//5855 5856//5856
f 5807//5807 5856//5856 5808//5808
f 5808//5808 5856//5856 5809//5809
f 5808//5808 5809//5809 5761//5761
f 5809//5809 5857//5857 5858//5858
f 5809//5809 5858//5858 5810//5810
f 5810//5810 5858//5858 5859//5859
f 5810//5810 5859//5859 5811//5811
f 5811//5811 5859//5859 5860//5860
f 5811//5811 5860//5860 5812//5812
f 5812//5812 5860//5860 5861//5861
f 5812//5812 5861//5861 5813//5813
f 5813//5813 5861//5861 5862//5862
f 5813//5813 5862//5862 5814//5814
f 5814//5814 5862//5862 5863//5863
f 5814//5814 5863//5863 5815//5815
f 5815//5815 5863//5863 5864//5864
f 5815//5815 5864//5864 5816//5816
f 5816//5816 5864//5864 5865//5865
f 5816//5816 5865//5865 5817//5817
f 5817//5817 5865//5865 5866//5866
f 5817//5817 5866//5866 5818//5818
f 5818//5818 5866//5866 5867//5867
f 5818//5818 5867//5867 5819//5819
f 5819//5819 5867//5867 5868//5868
f 5819//5819 5868//5868 5820//5820
f 5820//5820 5868//5868 5869//5869
f 5820//5820 5869//5869 5821//5821
f 5821//5821 5869//5869 5870//5870
f 5821//5821 5870//5870 5822//5822
f 5822//5822 5870//5870 5871//5871
f 5822//5822 5871//5871 5823//5823
f 5823//5823 5871//5871 5872//5872
f 5823//5823 5872//5872 5824//5824
f 5824//5824 5872//5872 5873//5873
f 5824//5824 5873//5873 5825//5825
f 5825//5825 5873//5873 5874//5874
f 5825//5825 5874//5874 5826//5826
f 5826//5826 5874//5874 5875//5875
f 5826//5826 5875//5875 5827//5827
f 5827//5827 5875//5875 5876//5876
f 5827//5827 5876//5876 5828//5828
f 5828//5828 5876//5876 5877//5877
f 5828//5828 5877//5877 5829//5829
f 5829//5829 5877//5877 5878//5878
f 5829//5829 5878//5878 5830//5830
f 5830//5830 5878//5878 5879//5879
f 5830//5830 5879//5879 5831//5831
f 5831//5831 5879//5879 5880//5880
f 5831//5831 5880//5880 5832//5832
f 5832//5832 5880//5880 5881//5881
f 5832//5832 5881//5881 5833//5833
f 5833//5833 5881//5881 5882//5882
f 5833//5833 5882//5882 5834//5834
f 5834//5834 5882//5882 5883//5883
f 5834//5834 5883//5883 5835//5835
f 5835//5835 5883//5883 5884//5884
f 5835//5835 5884//5884 5836//5836
f 5836//5836 5884//5884 5885//5885
f 5836//5836 5885//5885 5837//5837
f 5837//5837 5885//5885 5886//5886
f 5837//5837 5886//5886 5838//5838
f 5838//5838 5886//5886 5887//5887
f 5838//5838 5887//5887 5839//5839
f 5839//5839 5887//5887 5888//5888
f 5839//5839 5888//5888 5840//5840
f 5840//5840 5888//5888 5889//5889
f 5840//5840 5889//5889 5841//5841
f 5841//5841 5889//5889 5890//5890
f 5841//5841 5890//5890 5842//5842
f 5842//5842 5890//5890 5891//5891
f 5842//5842 5891//5891 5843//5843
f 5843//5843 5891//5891 5892//5892
f 5843//5843 5892//5892 5844//5844
f 5844//5844 5892//5892 5893//5893
f 5844//5844 5893//5893 5845//5845
f 5845//5845 5893//5893 5894//5894
f 5845//5845 5894//5894 5846//5846
f 5846//5846 5894//5894 5895//5895
f 5846//5846 5895//5895 5847//5847
f 5847//5847 5895//5895 5896//5896
f 5847//5847 5896//5896 5848//5848
f 5848//5848 5896//5896 5897//5897
f 5848//5848 5897//5897 5849//5849
f 5849//5849 5897//5897 5898//5898
f 5849//5849 5898//5898 5850//5850
f 5850//5850 5898//5898 5899//5899
f 5850//5850 5899//5899 5851//5851
f 5851//5851 5899//5899 5900//5900
f 5851//5851 5900//5900 5852//5852
f 5852//5852 5900//5900 5901//5901
f 5852//5852 5901//5901 5853//5853
f 5853//5853 5901//5901 5902//5902
f 5853//5853 5902//5902 5854//5854
f 5854//5854 5902//5902 5903//5903
f 5854//5854 5903//5903 5855//5855
f 5855//5855 5903//5903 5904//5904
f 5855//5855 5904//5904 5856//5856
f 5856//5856 5904//5904 5857//5857
f 5856//5856 5857//5857 5809//5809
usemtl bin_57
f 5857//5857 5905//5905 5906//5906
f 5857//5857 5906//5906 5858//5858
f 5858//5858 5906//5906 5907//5907
f 5858//5858 5907//5907 5859//5859
f 5859//5859 5907//5907 5908//5908
f 5859//5859 5908//5908 5860//5860
f 5860//5860 5908//5908 5909//5909
f 5860//5860 5909//5909 5861//5861
f 5861//5861 5909//5909 5910//5910
f 5861//5861 5910//5910 5862//5862
f 5862//5862 5910//5910 5911//5911
f 5862//5862 5911//5911 5863//5863
f 5863//5863 5911//5911 5912//5912
f 5863//5863 5912//5912 5864//5864
f 5864//5864 5912//5912 5913//5913
f 5864//5864 5913//5913 5865//5865
f 5865//5865 5913//5913 5914//5914
f 5865//5865 5914//5914 5866//5866
f 5866//5866 5914//5914 5915//5915
f 5866//5866 5915//5915 5867//5867
f 5867//5867 5915//5915 5916//5916
f 5867//5867 5916//5916 5868//5868
f 5868//5868 5916//5916 5917//5917
f 5868//5868 5917//5917 5869//5869
f 5869//5869 5917//5917 5918//5918
f 5869//5869 5918//5918 5870//5870
f 5870//5870 5918//5918 5919//5919
f 5870//5870 5919//5919 5871//5871
f 5871//5871 5919//5919 5920//5920
f 5871//5871 5920//5920 5872//5872
f 5872//5872 5920//5920 5921//5921
f 5872//5872 5921//5921 5873//5873
f 5873//5873 5921//5921 5922//5922
f 5873//5873 5922//5922 5874//5874
f 5874//5874 5922//5922 5923//5923
f 5874//5874 5923//5923 5875//5875
f 5875//5875 5923//5923 5924//5924
f 5875//5875 5924//5924 5876//5876
f 5876//5876 5924//5924 5925//5925
f 5876//5876 5925//5925 5877//5877
f 5877//5877 5925//5925 5926//5926
f 5877//5877 5926//5926 5878//5878
f 5878//5878 5926//5926 5927//5927
f 5878//5878 5927//5927 5879//5879
f 5879//5879 5927//5927 5928//5928
f 5879//5879 5928//5928 5880//5880
f 5880//5880 5928//5928 5929//5929
f 5880//5880 5929//5929 5881//5881
f 5881//5881 5929//5929 5930//5930
f 5881//5881 5930//5930 5882//5882
f 5882//5882 5930//5930 5931//5931
f 5882//5882 5931//5931 5883//5883
f 5883//5883 5931//5931 5932//5932
f 5883//5883 5932//5932 5884//5884
f 5884//5884 5932//5932 5933//5933
f 5884//5884 5933//5933 5885//5885
f 5885//5885 5933//5933 5934//5934
f 5885//5885 5934//5934 5886//5886
f 5886//5886 5934//5934 5935//5935
f 5886//5886 5935//5935 5887//5887
f 5887//5887 5935//5935 5936//5936
f 5887//5887 5936//5936 5888//5888
f 5888//5888 5936//5936 5937//5937
f 5888//5888 5937//5937 5889//5889
f 5889//5889 5937//5937 5938//5938
f 5889//5889 5938//5938 5890//5890
f 5890//5890 5938//5938 5939//5939
f 5890//5890 5939//5939 5891//5891
f 5891//5891 5939//5939 5940//5940
f 5891//5891 5940//5940 5892//5892
f 5892//5892 5940//5940 5941//5941
f 5892//5892 5941//5941 5893//5893
f 5893//5893 5941//5941 5942//5942
f 5893//5893 5942//5942 5894//5894
f 5894//5894 5942//5942 5943//5943
f 5894//5894 5943//5943 5895//5895
f 5895//5895 5943//5943 5944//5944
f 5895//5895 5944//5944 5896//5896
f 5896//5896 5944//5944 5945//5945
f 5896//5896 5945//5945 5897//5897
f 5897//5897 5945//5945 5946//5946
f 5897//5897 5946//5946 5898//5898
f 5898//5898 5946//5946 5947//5947
f 5898//5898 5947//5947 5899//5899
f 5899//5899 5947//5947 5948//5948
f 5899//5899 5948//5948 5900//5900
f 5900//5900 5948//5948 5949//5949
f 5900//5900 5949//5949 5901//5901
f 5901//5901 5949//5949 5950//5950
f 5901//5901 5950//5950 5902//5902
f 5902//5902 5950//5950 5951//5951
f 5902//5902 5951//5951 5903//5903
f 5903//5903 5951//5951 5952//5952
f 5903//5903 5952//5952 5904//5904
f 5904//5904 5952//5952 5905//5905
f 5904//5904 5905//5905 5857//5857
usemtl bin_58
f 5905//5905 5953//5953 5954//5954
f 5905//5905 5954//5954 5906//5906
f 5906//5906 5954//5954 5955//5955
f 5906//5906 5955//5955 5907//5907
f 5907//5907 5955//5955 5956//5956
f 5907//5907 5956//5956 5908//5908
f 5908//5908 5956//5956 5957//5957
f 5908//5908 5957//5957 5909//5909
f 5909//5909 5957//5957 5958//5958
f 5909//5909 5958//5958 5910//5910
f 5910//5910 5958//5958 5959//5959
f 5910//5910 5959//5959 5911//5911
f 5911//5911 5959//5959 5960//5960
f 5911//5911 5960//5960 5912//5912
f 5912//5912 5960//5960 5961//5961
f 5912//5912 5961//5961 5913//5913
f 5913//5913 5961//5961 5962//5962
f 5913//5913 5962//5962 5914//5914
f 5914//5914 5962//5962 5963//5963
f 5914//5914 5963//5963 5915//5915
f 5915//5915 5963//5963 5964//5964
f 5915//5915 5964//5964 5916//5916
f 5916//5916 5964//5964 5965//5965
f 5916//5916 5965//5965 5917//5917
f 5917//5917 5965//5965 5966//5966
f 5917//5917 5966//5966 5918//5918
f 5918//5918 5966//5966 5967//5967
f 5918//5918 5967//5967 5919//5919
f 5919//5919 5967//5967 5968//5968
f 5919//5919 5968//5968 5920//5920
f 5920//5920 5968//5968 5969//5969
f 5920//5920 5969//5969 5921//5921
f 5921//5921 5969//5969 5970//5970
f 5921//5921 5970//5970 5922//5922
f 5922//5922 5970//5970 5971//5971
f 5922//5922 5971//5971 5923//5923
f 5923//5923 5971//5971 5972//5972
f 5923//5923 5972//5972 5924//5924
f 5924//5924 5972//5972 5973//5973
f 5924//5924 5973//5973 5925//5925
f 5925//5925 5973//5973 5974//5974
f 5925//5925 5974//5974 5926//5926
f 5926//5926 5974//5974 5975//5975
f 5926//5926 5975//5975 5927//5927
f 5927//5927 5975//5975 5976//5976
f 5927//5927 5976//5976 5928//5928
f 5928//5928 5976//5976 5977//5977
f 5928//5928 5977//5977 5929//5929
f 5929//5929 5977//5977 5978//5978
f 5929//5929 5978//5978 5930//5930
f 5930//5930 5978//5978 5979//5979
f 5930//5930 5979//5979 5931//5931
f 5931//5931 5979//5979 5980//5980
f 5931//5931 5980//5980 5932//5932
f 5932//5932 5980//5980 5981//5981
f 5932//5932 5981//5981 5933//5933
f 5933//5933 5981//5981 5982//5982
f 5933//5933 5982//5982 5934//5934
f 5934//5934 5982//5982 5983//5983
f 5934//5934 5983//5983 5935//5935
f 5935//5935 5983//5983 5984//5984
f 5935//5935 5984//5984 5936//5936
f 5936//5936 5984//5984 5985//5985
f 5936//5936 5985//5985 5937//5937
f 5937//5937 5985//5985 5986//5986
f 5937//5937 5986//5986 5938//5938
f 5938//5938 5986//5986 5987//5987
f 5938//5938 5987//5987 5939//5939
f 5939//5939 5987//5987 5988//5988
f 5939//5939 5988//5988 5940//5940
f 5940//5940 5988//5988 5989//5989
f 5940//5940 5989//5989 5941//5941
f 5941//5941 5989//5989 5990//5990
f 5941//5941 5990//5990 5942//5942
f 5942//5942 5990//5990 5991//5991
f 5942//5942 5991//5991 5943//5943
f 5943//5943 5991//5991 5992//5992
f 5943//5943 5992//5992 5944//5944
f 5944//5944 5992//5992 5993//5993
f 5944//5944 5993//5993 5945//5945
f 5945//5945 5993//5993 5994//5994
f 5945//5945 5994//5994 5946//5946
f 5946//5946 5994//5994 5995//5995
f 5946//5946 5995//5995 5947//5947
f 5947//5947 5995//5995 5996//5996
f 5947//5947 5996//5996 5948//5948
f 5948//5948 5996//5996 5997//5997
f 5948//5948 5997//5997 5949//5949
f 5949//5949 5997//5997 5998//5998
f 5949//5949 5998//5998 5950//5950
f 5950//5950 5998//5998 5999//5999
f 5950//5950 5999//5999 5951//5951
f 5951//5951 5999//5999 6000//6000
f 5951//5951 6000//6000 5952//5952
f 5952//5952 6000//6000 5953//5953
f 5952//5952 5953//5953 5905//5905
f 5953//5953 6001//6001 6002//6002
f 5953//5953 6002//6002 5954//5954
f 5954//5954 6002//6002 6003//6003
f 5954//5954 6003//6003 5955//5955
f 5955//5955 6003//6003 6004//6004
f 5955//5955 6004//6004 5956//5956
f 5956//5956 6004//6004 6005//6005
f 5956//5956 6005//6005 5957//5957
f 5957//5957 6005//6005 6006//6006
f 5957//5957 6006//6006 5958//5958
f 5958//5958 6006//6006 6007//6007
f 5958//5958 6007//6007 5959//5959
f 5959//5959 6007//6007 6008//6008
f 5959//5959 6008//6008 5960//5960
f 5960//5960 6008//6008 6009//6009
f 5960//5960 6009//6009 5961//5961
f 5961//5961 6009//6009 6010//6010
f 5961//5961 6010//6010 5962//5962
f 5962//5962 6010//6010 6011//6011
f 5962//5962 6011//6011 5963//5963
f 5963//5963 6011//6011 6012//6012
f 5963//5963 6012//6012 5964//5964
f 5964//5964 6012//6012 6013//6013
f 5964//5964 6013//6013 5965//5965
f 5965//5965 6013//6013 6014//6014
f 5965//5965 6014//6014 5966//5966
f 5966//5966 6014//6014 6015//6015
f 5966//5966 6015//6015 5967//5967
f 5967//5967 6015//6015 6016//6016
f 5967//5967 6016//6016 5968//5968
f 5968//5968 6016//6016 6017//6017
f 5968//5968 6017//6017 5969//5969
f 5969//5969 6017//6017 6018//6018
f 5969//5969 6018//6018 5970//5970
f 5970//5970 6018//6018 6019//6019
f 5970//5970 6019//6019 5971//5971
f 5971//5971 6019//6019 6020//6020
f 5971//5971 6020//6020 5972//5972
f 5972//5972 6020//6020 6021//6021
f 5972//5972 6021//6021 5973//5973
f 5973//5973 6021//6021 6022//6022
f 5973//5973 6022//6022 5974//5974
f 5974//5974 6022//6022 6023//6023
f 5974//5974 6023//6023 5975//5975
f 5975//5975 6023//6023 6024//6024
f 5975//5975 6024//6024 5976//5976
f 5976//5976 6024//6024 6025//6025
f 5976//5976 6025//6025 5977//5977
f 5977//5977 6025//6025 6026//6026
f 5977//5977 6026//6026 5978//5978
f 5978//5978 6026//6026 6027//6027
f 5978//5978 6027//6027 5979//5979
f 5979//5979 6027//6027 6028//6028
f 5979//5979 6028//6028 5980//5980
f 5980//5980 6028//6028 6029//6029
f 5980//5980 6029//6029 5981//5981
f 5981//5981 6029//6029 6030//6030
f 5981//5981 6030//6030 5982//5982
f 5982//5982 6030//6030 6031//6031
f 5982//5982 6031//6031 5983//5983
f 5983//5983 6031//6031 6032//6032
f 5983//5983 6032//6032 5984//5984
f 5984//5984 6032//6032 6033//6033
f 5984//5984 6033//6033 5985//5985
f 5985//5985 6033//6033 6034//6034
f 5985//5985 6034//6034 5986//5986
f 5986//5986 6034//6034 6035//6035
f 5986//5986 6035//6035 5987//5987
f 5987//5987 6035//6035 6036//6036
f 5987//5987 6036//6036 5988//5988
f 5988//5988 6036//6036 6037//6037
f 5988//5988 6037//6037 5989//5989
f 5989//5989 6037//6037 6038//6038
f 5989//5989 6038//6038 5990//5990
f 5990//5990 6038//6038 6039//6039
f 5990//5990 6039//6039 5991//5991
f 5991//5991 6039//6039 6040//6040
f 5991//5991 6040//6040 5992//5992
f 5992//5992 6040//6040 6041//6041
f 5992//5992 6041//6041 5993//5993
f 5993//5993 6041//6041 6042//6042
f 5993//5993 6042//6042 5994//5994
f 5994//5994 6042//6042 6043//6043
f 5994//5994 6043//6043 5995//5995
f 5995//5995 6043//6043 6044//6044
f 5995//5995 6044//6044 5996//5996
f 5996//5996 6044//6044 6045//6045
f 5996//5996 6045//6045 5997//5997
f 5997//5997 6045//6045 6046//6046
f 5997//5997 6046//6046 5998//5998
f 5998//5998 6046//6046 6047//6047
f 5998//5998 6047//6047 5999//5999
f 5999//5999 6047//6047 6048//6048
f 5999//5999 6048//6048 6000//6000
f 6000//6000 6048//6048 6001//6001
f 6000//6000 6001//6001 5953//5953
f 6001//6001 6049//6049 6050//6050
f 6001//6001 6050//6050 6002//6002
f 6002//6002 6050//6050 6051//6051
f 6002//6002 6051//6051 6003//6003
f 6003//6003 6051//6051 6052//6052
f 6003//6003 6052//6052 6004//6004
f 6004//6004 6052//6052 6053//6053
f 6004//6004 6053//6053 6005//6005
f 6005//6005 6053//6053 6054//6054
f 6005//6005 6054//6054 6006//6006
f 6006//6006 6054//6054 6055//6055
f 6006//6006 6055//6055 6007//6007
f 6007//6007 6055//6055 6056//6056
f 6007//6007 6056//6056 6008//6008
f 6008//6008 6056//6056 6057//6057
f 6008//6008 6057//6057 6009//6009
f 6009//6009 6057//6057 6058//6058
f 6009//6009 6058//6058 6010//6010
f 6010//6010 6058//6058 6059//6059
f 6010//6010 6059//6059 6011//6011
f 6011//6011 6059//6059 6060//6060
f 6011//6011 6060//6060 6012//6012
f 6012//6012 6060//6060 6061//6061
f 6012//6012 6061//6061 6013//6013
f 6013//6013 6061//6061 6062//6062
f 6013//6013 6062//6062 6014//6014
f 6014//6014 6062//6062 6063//6063
f 6014//6014 6063//6063 6015//6015
f 6015//6015 6063//6063 6064//6064
f 6015//6015 6064//6064 6016//6016
f 6016//6016 6064//6064 6065//6065
f 6016//6016 6065//6065 6017//6017
f 6017//6017 6065//6065 6066//6066
f 6017//6017 6066//6066 6018//6018
f 6018//6018 6066//6066 6067//6067
f 6018//6018 6067//6067 6019//6019
f 6019//6019 6067//6067 6068//6068
f 6019//6019 6068//6068 6020//6020
f 6020//6020 6068//6068 6069//6069
f 6020//6020 6069//6069 6021//6021
f 6021//6021 6069//6069 6070//6070
f 6021//6021 6070//6070 6022//6022
f 6022//6022 6070//6070 6071//6071
f 6022//6022 6071//6071 6023//6023
f 6023//6023 6071//6071 6072//6072
f 6023//6023 6072//6072 6024//6024
f 6024//6024 6072//6072 6073//6073
f 6024//6024 6073//6073 6025//6025
f 6025//6025 6073//6073 6074//6074
f 6025//6025 6074//6074 6026//6026
f 6026//6026 6074//6074 6075//6075
f 6026//6026 6075//6075 6027//6027
f 6027//6027 6075//6075 6076//6076
f 6027//6027 6076//6076 6028//6028
f 6028//6028 6076//6076 6077//6077
f 6028//6028 6077//6077 6029//6029
f 6029//6029 6077//6077 6078//6078
f 6029//6029 6078//6078 6030//6030
f 6030//6030 6078//6078 6079//6079
f 6030//6030 6079//6079 6031//6031
f 6031//6031 6079//6079 6080//6080
f 6031//6031 6080//6080 6032//6032
f 6032//6032 6080//6080 6081//6081
f 6032//6032 6081//6081 6033//6033
f 6033//6033 6081//6081 6082//6082
f 6033//6033 6082//6082 6034//6034
f 6034//6034 6082//6082 6083//6083
f 6034//6034 6083//6083 6035//6035
f 6035//6035 6083//6083 6084//6084
f 6035//6035 6084//6084 6036//6036
f 6036//6036 6084//6084 6085//6085
f 6036//6036 6085//6085 6037//6037
f 6037//6037 6085//6085 6086//6086
f 6037//6037 6086//6086 6038//6038
f 6038//6038 6086//6086 6087//6087
f 6038//6038 6087//6087 6039//6039
f 6039//6039 6087//6087 6088//6088
f 6039//6039 6088//6088 6040//6040
f 6040//6040 6088//6088 6089//6089
f 6040//6040 6089//6089 6041//6041
f 6041//6041 6089//6089 6090//6090
f 6041//6041 6090//6090 6042//6042
f 6042//6042 6090//6090 6091//6091
f 6042//6042 6091//6091 6043//6043
f 6043//6043 6091//6091 6092//6092
f 6043//6043 6092//6092 6044//6044
f 6044//6044 6092//6092 6093//6093
f 6044//6044 6093//6093 6045//6045
f 6045//6045 6093//6093 6094//6094
f 6045//6045 6094//6094 6046//6046
f 6046//6046 6094//6094 6095//6095
f 6046//6046 6095//6095 6047//6047
f 6047//6047 6095//6095 6096//6096
f 6047//6047 6096//6096 6048//6048
f 6048//6048 6096//6096 6049//6049
f 6048//6048 6049//6049 6001//6001
f 6049//6049 6097//6097 6098//6098
f 6049//6049 6098//6098 6050//6050
f 6050//6050 6098//6098 6099//6099
f 6050//6050 6099//6099 6051//6051
f 6051//6051 6099//6099 6100//6100
f 6051//6051 6100//6100 6052//6052
f 6052//6052 6100//6100 6101//6101
f 6052//6052 6101//6101 6053//6053
f 6053//6053 6101//6101 6102//6102
f 6053//6053 6102//6102 6054//6054
f 6054//6054 6102//6102 6103//6103
f 6054//6054 6103//6103 6055//6055
f 6055//6055 6103//6103 6104//6104
f 6055//6055 6104//6104 6056//6056
f 6056//6056 6104//6104 6105//6105
f 6056//6056 6105//6105 6057//6057
f 6057//6057 6105//6105 6106//6106
f 6057//6057 6106//6106 6058//6058
f 6058//6058 6106//6106 6107//6107
f 6058//6058 6107//6107 6059//6059
f 6059//6059 6107//6107 6108//6108
f 6059//6059 6108//6108 6060//6060
f 6060//6060 6108//6108 6109//6109
f 6060//6060 6109//6109 6061//6061
f 6061//6061 6109//6109 6110//6110
f 6061//6061 6110//6110 6062//6062
f 6062//6062 6110//6110 6111//6111
f 6062//6062 6111//6111 6063//6063
f 6063//6063 6111//6111 6112//6112
f 6063//6063 6112//6112 6064//6064
f 6064//6064 6112//6112 6113//6113
f 6064//6064 6113//6113 6065//6065
f 6065//6065 6113//6113 6114//6114
f 6065//6065 6114//6114 6066//6066
f 6066//6066 6114//6114 6115//6115
f 6066//6066 6115//6115 6067//6067
f 6067//6067 6115//6115 6116//6116
f 6067//6067 6116//6116 6068//6068
f 6068//6068 6116//6116 6117//6117
f 6068//6068 6117//6117 6069//6069
f 6069//6069 6117//6117 6118//6118
f 6069//6069 6118//6118 6070//6070
f 6070//6070 6118//6118 6119//6119
f 6070//6070 6119//6119 6071//6071
f 6071//6071 6119//6119 6120//6120
f 6071//6071 6120//6120 6072//6072
f 6072//6072 6120//6120 6121//6121
f 6072//6072 6121//6121 6073//6073
f 6073//6073 6121//6121 6122//6122
f 6073//6073 6122//6122 6074//6074
f 6074//6074 6122//6122 6123//6123
f 6074//6074 6123//6123 6075//6075
f 6075//6075 6123//6123 6124//6124
f 6075//6075 6124//6124 6076//6076
f 6076//6076 6124//6124 6125//6125
f 6076//6076 6125//6125 6077//6077
f 6077//6077 6125//6125 6126//6126
f 6077//6077 6126//6126 6078//6078
f 6078//6078 6126//6126 6127//6127
f 6078//6078 6127//6127 6079//6079
f 6079//6079 6127//6127 6128//6128
f 6079//6079 6128//6128 6080//6080
f 6080//6080 6128//6128 6129//6129
f 6080//6080 6129//6129 6081//6081
f 6081//6081 6129//6129 6130//6130
f 6081//6081 6130//6130 6082//6082
f 6082//6082 6130//6130 6131//6131
f 6082//6082 6131//6131 6083//6083
f 6083//6083 6131//6131 6132//6132
f 6083//6083 6132//6132 6084//6084
f 6084//6084 6132//6132 6133//6133
f 6084//6084 6133//6133 6085//6085
f 6085//6085 6133//6133 6134//6134
f 6085//6085 6134//6134 6086//6086
f 6086//6086 6134//6134 6135//6135
f 6086//6086 6135//6135 6087//6087
f 6087//6087 6135//6135 6136//6136
f 6087//6087 6136//6136 6088//6088
f 6088//6088 6136//6136 6137//6137
f 6088//6088 6137//6137 6089//6089
f 6089//6089 6137//6137 6138//6138
f 6089//6089 6138//6138 6090//6090
f 6090//6090 6138//6138 6139//6139
f 6090//6090 6139//6139 6091//6091
f 6091//6091 6139//6139 6140//6140
f 6091//6091 6140//6140 6092//6092
f 6092//6092 6140//6140 6141//6141
f 6092//6092 6141//6141 6093//6093
f 6093//6093 6141//6141 6142//6142
f 6093//6093 6142//6142 6094//6094
f 6094//6094 6142//6142 6143//6143
f 6094//6094 6143//6143 6095//6095
f 6095//6095 6143//6143 6144//6144
f 6095//6095 6144//6144 6096//6096
f 6096//6096 6144//6144 6097//6097
f 6096//6096 6097//6097 6049//6049
usemtl bin_59
f 6097//6097 6145//6145 6146//6146
f 6097//6097 6146//6146 6098//6098
f 6098//6098 6146//6146 6147//6147
f 6098//6098 6147//6147 6099//6099
f 6099//6099 6147//6147 6148//6148
f 6099//6099 6148//6148 6100//6100
f 6100//6100 6148//6148 6149//6149
f 6100//6100 6149//6149 6101//6101
f 6101//6101 6149//6149 6150//6150
f 6101//6101 6150//6150 6102//6102
f 6102//6102 6150//6150 6151//6151
f 6102//6102 6151//6151 6103//6103
f 6103//6103 6151//6151 6152//6152
f 6103//6103 6152//6152 6104//6104
f 6104//6104 6152//6152 6153//6153
f 6104//6104 6153//6153 6105//6105
f 6105//6105 6153//6153 6154//6154
f 6105//6105 6154//6154 6106//6106
f 6106//6106 6154//6154 6155//6155
f 6106//6106 6155//6155 6107//6107
f 6107//6107 6155//6155 6156//6156
f 6107//6107 6156//6156 6108//6108
f 6108//6108 6156//6156 6157//6157
f 6108//6108 6157//6157 6109//6109
f 6109//6109 6157//6157 6158//6158
f 6109//6109 6158//6158 6110//6110
f 6110//6110 6158//6158 6159//6159
f 6110//6110 6159//6159 6111//6111
f 6111//6111 6159//6159 6160//6160
f 6111//6111 6160//6160 6112//6112
f 6112//6112 6160//6160 6161//6161
f 6112//6112 6161//6161 6113//6113
f 6113//6113 6161//6161 6162//6162
f 6113//6113 6162//6162 6114//6114
f 6114//6114 6162//6162 6163//6163
f 6114//6114 6163//6163 6115//6115
f 6115//6115 6163//6163 6164//6164
f 6115//6115 6164//6164 6116//6116
f 6116//6116 6164//6164 6165//6165
f 6116//6116 6165//6165 6117//6117
f 6117//6117 6165//6165 6166//6166
f 6117//6117 6166//6166 6118//6118
f 6118//6118 6166//6166 6167//6167
f 6118//6118 6167//6167 6119//6119
f 6119//6119 6167//6167 6168//6168
f 6119//6119 6168//6168 6120//6120
f 6120//6120 6168//6168 6169//6169
f 6120//6120 6169//6169 6121//6121
f 6121//6121 6169//6169 6170//6170
f 6121//6121 6170//6170 6122//6122
f 6122//6122 6170//6170 6171//6171
f 6122//6122 6171//6171 6123//6123
f 6123//6123 6171//6171 6172//6172
f 6123//6123 6172//6172 6124//6124
f 6124//6124 6172//6172 6173//6173
f 6124//6124 6173//6173 6125//6125
f 6125//6125 6173//6173 6174//6174
f 6125//6125 6174//6174 6126//6126
f 6126//6126 6174//6174 6175//6175
f 6126//6126 6175//6175 6127//6127
f 6127//6127 6175//6175 6176//6176
f 6127//6127 6176//6176 6128//6128
f 6128//6128 6176//6176 6177//6177
f 6128//6128 6177//6177 6129//6129
f 6129//6129 6177//6177 6178//6178
f 6129//6129 6178//6178 6130//6130
f 6130//6130 6178//6178 6179//6179
f 6130//6130 6179//6179 6131//6131
f 6131//6131 6179//6179 6180//6180
f 6131//6131 6180//6180 6132//6132
f 6132//6132 6180//6180 6181//6181
f 6132//6132 6181//6181 6133//6133
f 6133//6133 6181//6181 6182//6182
f 6133//6133 6182//6182 6134//6134
f 6134//6134 6182//6182 6183//6183
f 6134//6134 6183//6183 6135//6135
f 6135//6135 6183//6183 6184//6184
f 6135//6135 6184//6184 6136//6136
f 6136//6136 6184//6184 6185//6185
f 6136//6136 6185//6185 6137//6137
f 6137//6137 6185//6185 6186//6186
f 6137//6137 6186//6186 6138//6138
f 6138//6138 6186//6186 6187//6187
f 6138//6138 6187//6187 6139//6139
f 6139//6139 6187//6187 6188//6188
f 6139//6139 6188//6188 6140//6140
f 6140//6140 6188//6188 6189//6189
f 6140//6140 6189//6189 6141//6141
f 6141//6141 6189//6189 6190//6190
f 6141//6141 6190//6190 6142//6142
f 6142//6142 6190//6190 6191//6191
f 6142//6142 6191//6191 6143//6143
f 6143//6143 6191//6191 6192//6192
f 6143//6143 6192//6192 6144//6144
f 6144//6144 6192//6192 6145//6145
f 6144//6144 6145//6145 6097//6097
usemtl bin_60
f 6145//6145 6193//6193 6194//6194
f 6145//6145 6194//6194 6146//6146
f 6146//6146 6194//6194 6195//6195
f 6146//6146 6195//6195 6147//6147
f 6147//6147 6195//6195 6196//6196
f 6147//6147 6196//6196 6148//6148
f 6148//6148 6196//6196 6197//6197
f 6148//6148 6197//6197 6149//6149
f 6149//6149 6197//6197 6198//6198
f 6149//6149 6198//6198 6150//6150
f 6150//6150 6198//6198 6199//6199
f 6150//6150 6199//6199 6151//6151
f 6151//6151 6199//6199 6200//6200
f 6151//6151 6200//6200 6152//6152
f 6152//6152 6200//6200 6201//6201
f 6152//6152 6201//6201 6153//6153
f 6153//6153 6201//6201 6202//6202
f 6153//6153 6202//6202 6154//6154
f 6154//6154 6202//6202 6203//6203
f 6154//6154 6203//6203 6155//6155
f 6155//6155 6203//6203 6204//6204
f 6155//6155 6204//6204 6156//6156
f 6156//6156 6204//6204 6205//6205
f 6156//6156 6205//6205 6157//6157
f 6157//6157 6205//6205 6206//6206
f 6157//6157 6206//6206 6158//6158
f 6158//6158 6206//6206 6207//6207
f 6158//6158 6207//6207 6159//6159
f 6159//6159 6207//6207 6208//6208
f 6159//6159 6208//6208 6160//6160
f 6160//6160 6208//6208 6209//6209
f 6160//6160 6209//6209 6161//6161
f 6161//6161 6209//6209 6210//6210
f 6161//6161 6210//6210 6162//6162
f 6162//6162 6210//6210 6211//6211
f 6162//6162 6211//6211 6163//6163
f 6163//6163 6211//6211 6212//6212
f 6163//6163 6212//6212 6164//6164
f 6164//6164 6212//6212 6213//6213
f 6164//6164 6213//6213 6165//6165
f 6165//6165 6213//6213 6214//6214
f 6165//6165 6214//6214 6166//6166
f 6166//6166 6214//6214 6215//6215
f 6166//6166 6215//6215 6167//6167
f 6167//6167 6215//6215 6216//6216
f 6167//6167 6216//6216 6168//6168
f 6168//6168 6216//6216 6217//6217
f 6168//6168 6217//6217 6169//6169
f 6169//6169 6217//6217 6218//6218
f 6169//6169 6218//6218 6170//6170
f 6170//6170 6218//6218 6219//6219
f 6170//6170 6219//6219 6171//6171
f 6171//6171 6219//6219 6220//6220
f 6171//6171 6220//6220 6172//6172
f 6172//6172 6220//6220 6221//6221
f 6172//6172 6221//6221 6173//6173
f 6173//6173 6221//6221 6222//6222
f 6173//6173 6222//6222 6174//6174
f 6174//6174 6222//6222 6223//6223
f 6174//6174 6223//6223 6175//6175
f 6175//6175 6223//6223 6224//6224
f 6175//6175 6224//6224 6176//6176
f 6176//6176 6224//6224 6225//6225
f 6176//6176 6225//6225 6177//6177
f 6177//6177 6225//6225 6226//6226
f 6177//6177 6226//6226 6178//6178
f 6178//6178 6226//6226 6227//6227
f 6178//6178 6227//6227 6179//6179
f 6179//6179 6227//6227 6228//6228
f 6179//6179 6228//6228 6180//6180
f 6180//6180 6228//6228 6229//6229
f 6180//6180 6229//6229 6181//6181
f 6181//6181 6229//6229 6230//6230
f 6181//6181 6230//6230 6182//6182
f 6182//6182 6230//6230 6231//6231
f 6182//6182 6231//6231 6183//6183
f 6183//6183 6231//6231 6232//6232
f 6183//6183 6232//6232 6184//6184
f 6184//6184 6232//6232 6233//6233
f 6184//6184 6233//6233 6185//6185
f 6185//6185 6233//6233 6234//6234
f 6185//6185 6234//6234 6186//6186
f 6186//6186 6234//6234 6235//6235
f 6186//6186 6235//6235 6187//6187
f 6187//6187 6235//6235 6236//6236
f 6187//6187 6236//6236 6188//6188
f 6188//6188 6236//6236 6237//6237
f 6188//6188 6237//6237 6189//6189
f 6189//6189 6237//6237 6238//6238
f 6189//6189 6238//6238 6190//6190
f 6190//6190 6238//6238 6239//6239
f 6190//6190 6239//6239 6191//6191
f 6191//6191 6239//6239 6240//6240
f 6191//6191 6240//6240 6192//6192
f 6192//6192 6240//6240 6193//6193
f 6192//6192 6193//6193 6145//6145
f 6193//6193 6241//6241 6242//6242
f 6193//6193 6242//6242 6194//6194
f 6194//6194 6242//6242 6243//6243
f 6194//6194 6243//6243 6195//6195
f 6195//6195 6243//6243 6244//6244
f 6195//6195 6244//6244 6196//6196
f 6196//6196 6244//6244 6245//6245
f 6196//6196 6245//6245 6197//6197
f 6197//6197 6245//6245 6246//6246
f 6197//6197 6246//6246 6198//6198
f 6198//6198 6246//6246 6247//6247
f 6198//6198 6247//6247 6199//6199
f 6199//6199 6247//6247 6248//6248
f 6199//6199 6248//6248 6200//6200
f 6200//6200 6248//6248 6249//6249
f 6200//6200 6249//6249 6201//6201
f 6201//6201 6249//6249 6250//6250
f 6201//6201 6250//6250 6202//6202
f 6202//6202 6250//6250 6251//6251
f 6202//6202 6251//6251 6203//6203
f 6203//6203 6251//6251 6252//6252
f 6203//6203 6252//6252 6204//6204
f 6204//6204 6252//6252 6253//6253
f 6204//6204 6253//6253 6205//6205
f 6205//6205 6253//6253 6254//6254
f 6205//6205 6254//6254 6206//6206
f 6206//6206 6254//6254 6255//6255
f 6206//6206 6255//6255 6207//6207
f 6207//6207 6255//6255 6256//6256
f 6207//6207 6256//6256 6208//6208
f 6208//6208 6256//6256 6257//6257
f 6208//6208 6257//6257 6209//6209
f 6209//6209 6257//6257 6258//6258
f 6209//6209 6258//6258 6210//6210
f 6210//6210 6258//6258 6259//6259
f 6210//6210 6259//6259 6211//6211
f 6211//6211 6259//6259 6260//6260
f 6211//6211 6260//6260 6212//6212
f 6212//6212 6260//6260 6261//6261
f 6212//6212 6261//6261 6213//6213
f 6213//6213 6261//6261 6262//6262
f 6213//6213 6262//6262 6214//6214
f 6214//6214 6262//6262 6263//6263
f 6214//6214 6263//6263 6215//6215
f 6215//6215 6263//6263 6264//6264
f 6215//6215 6264//6264 6216//6216
f 6216//6216 6264//6264 6265//6265
f 6216//6216 6265//6265 6217//6217
f 6217//6217 6265//6265 6266//6266
f 6217//6217 6266//6266 6218//6218
f 6218//6218 6266//6266 6267//6267
f 6218//6218 6267//6267 6219//6219
f 6219//6219 6267//6267 6268//6268
f 6219//6219 6268//6268 6220//6220
f 6220//6220 6268//6268 6269//6269
f 6220//6220 6269//6269 6221//6221
f 6221//6221 6269//6269 6270//6270
f 6221//6221 6270//6270 6222//6222
f 6222//6222 6270//6270 6271//6271
f 6222//6222 6271//6271 6223//6223
f 6223//6223 6271//6271 6272//6272
f 6223//6223 6272//6272 6224//6224
f 6224//6224 6272//6272 6273//6273
f 6224//6224 6273//6273 6225//6225
f 6225//6225 6273//6273 6274//6274
f 6225//6225 6274//6274 6226//6226
f 6226//6226 6274//6274 6275//6275
f 6226//6226 6275//6275 6227//6227
f 6227//6227 6275//6275 6276//6276
f 6227//6227 6276//6276 6228//6228
f 6228//6228 6276//6276 6277//6277
f 6228//6228 6277//6277 6229//6229
f 6229//6229 6277//6277 6278//6278
f 6229//6229 6278//6278 6230//6230
f 6230//6230 6278//6278 6279//6279
f 6230//6230 6279//6279 6231//6231
f 6231//6231 6279//6279 6280//6280
f 6231//6231 6280//6280 6232//6232
f 6232//6232 6280//6280 6281//6281
f 6232//6232 6281//6281 6233//6233
f 6233//6233 6281//6281 6282//6282
f 6233//6233 6282//6282 6234//6234
f 6234//6234 6282//6282 6283//6283
f 6234//6234 6283//6283 6235//6235
f 6235//6235 6283//6283 6284//6284
f 6235//6235 6284//6284 6236//6236
f 6236//6236 6284//6284 6285//6285
f 6236//6236 6285//6285 6237//6237
f 6237//6237 6285//6285 6286//6286
f 6237//6237 6286//6286 6238//6238
f 6238//6238 6286//6286 6287//6287
f 6238//6238 6287//6287 6239//6239
f 6239//6239 6287//6287 6288//6288
f 6239//6239 6288//6288 6240//6240
f 6240//6240 6288//6288 6241//6241
f 6240//6240 6241//6241 6193//6193
f 6241//6241 6289//6289 6290//6290
f 6241//6241 6290//6290 6242//6242
f 6242//6242 6290//6290 6291//6291
f 6242//6242 6291//6291 6243//6243
f 6243//6243 6291//6291 6292//6292
f 6243//6243 6292//6292 6244//6244
f 6244//6244 6292//6292 6293//6293
f 6244//6244 6293//6293 6245//6245
f 6245//6245 6293//6293 6294//6294
f 6245//6245 6294//6294 6246//6246
f 6246//6246 6294//6294 6295//6295
f 6246//6246 6295//6295 6247//6247
f 6247//6247 6295//6295 6296//6296
f 6247//6247 6296//6296 6248//6248
f 6248//6248 6296//6296 6297//6297
f 6248//6248 6297//6297 6249//6249
f 6249//6249 6297//6297 6298//6298
f 6249//6249 6298//6298 6250//6250
f 6250//6250 6298//6298 6299//6299
f 6250//6250 6299//6299 6251//6251
f 6251//6251 6299//6299 6300//6300
f 6251//6251 6300//6300 6252//6252
f 6252//6252 6300//6300 6301//6301
f 6252//6252 6301//6301 6253//6253
f 6253//6253 6301//6301 6302//6302
f 6253//6253 6302//6302 6254//6254
f 6254//6254 6302//6302 6303//6303
f 6254//6254 6303//6303 6255//6255
f 6255//6255 6303//6303 6304//6304
f 6255//6255 6304//6304 6256//6256
f 6256//6256 6304//6304 6305//6305
f 6256//6256 6305//6305 6257//6257
f 6257//6257 6305//6305 6306//6306
f 6257//6257 6306//6306 6258//6258
f 6258//6258 6306//6306 6307//6307
f 6258//6258 6307//6307 6259//6259
f 6259//6259 6307//6307 6308//6308
f 6259//6259 6308//6308 6260//6260
f 6260//6260 6308//6308 6309//6309
f 6260//6260 6309//6309 6261//6261
f 6261//6261 6309//6309 6310//6310
f 6261//6261 6310//6310 6262//6262
f 6262//6262 6310//6310 6311//6311
f 6262//6262 6311//6311 6263//6263
f 6263//6263 6311//6311 6312//6312
f 6263//6263 6312//6312 6264//6264
f 6264//6264 6312//6312 6313//6313
f 6264//6264 6313//6313 6265//6265
f 6265//6265 6313//6313 6314//6314
f 6265//6265 6314//6314 6266//6266
f 6266//6266 6314//6314 6315//6315
f 6266//6266 6315//6315 6267//6267
f 6267//6267 6315//6315 6316//6316
f 6267//6267 6316//6316 6268//6268
f 6268//6268 6316//6316 6317//6317
f 6268//6268 6317//6317 6269//6269
f 6269//6269 6317//6317 6318//6318
f 6269//6269 6318//6318 6270//6270
f 6270//6270 6318//6318 6319//6319
f 6270//6270 6319//6319 6271//6271
f 6271//6271 6319//6319 6320//6320
f 6271//6271 6320//6320 6272//6272
f 6272//6272 6320//6320 6321//6321
f 6272//6272 6321//6321 6273//6273
f 6273//6273 6321//6321 6322//6322
f 6273//6273 6322//6322 6274//6274
f 6274//6274 6322//6322 6323//6323
f 6274//6274 6323//6323 6275//6275
f 6275//6275 6323//6323 6324//6324
f 6275//6275 6324//6324 6276//6276
f 6276//6276 6324//6324 6325//6325
f 6276//6276 6325//6325 6277//6277
f 6277//6277 6325//6325 6326//6326
f 6277//6277 6326//6326 6278//6278
f 6278//6278 6326//6326 6327//6327
f 6278//6278 6327//6327 6279//6279
f 6279//6279 6327//6327 6328//6328
f 6279//6279 6328//6328 6280//6280
f 6280//6280 6328//6328 6329//6329
f 6280//6280 6329//6329 6281//6281
f 6281//6281 6329//6329 6330//6330
f 6281//6281 6330//6330 6282//6282
f 6282//6282 6330//6330 6331//6331
f 6282//6282 6331//6331 6283//6283
f 6283//6283 6331//6331 6332//6332
f 6283//6283 6332//6332 6284//6284
f 6284//6284 6332//6332 6333//6333
f 6284//6284 6333//6333 6285//6285
f 6285//6285 6333//6333 6334//6334
f 6285//6285 6334//6334 6286//6286
f 6286//6286 6334//6334 6335//6335
f 6286//6286 6335//6335 6287//6287
f 6287//6287 6335//6335 6336//6336
f 6287//6287 6336//6336 6288//6288
f 6288//6288 6336//6336 6289//6289
f 6288//6288 6289//6289 6241//6241
f 6289//6289 6337//6337 6338//6338
f 6289//6289 6338//6338 6290//6290
f 6290//6290 6338//6338 6339//6339
f 6290//6290 6339//6339 6291//6291
f 6291//6291 6339//6339 6340//6340
f 6291//6291 6340//6340 6292//6292
f 6292//6292 6340//6340 6341//6341
f 6292//6292 6341//6341 6293//6293
f 6293//6293 6341//6341 6342//6342
f 6293//6293 6342//6342 6294//6294
f 6294//6294 6342//6342 6343//6343
f 6294//6294 6343//6343 6295//6295
f 6295//6295 6343//6343 6344//6344
f 6295//6295 6344//6344 6296//6296
f 6296//6296 6344//6344 6345//6345
f 6296//6296 6345//6345 6297//6297
f 6297//6297 6345//6345 6346//6346
f 6297//6297 6346//6346 6298//6298
f 6298//6298 6346//6346 6347//6347
f 6298//6298 6347//6347 6299//6299
f 6299//6299 6347//6347 6348//6348
f 6299//6299 6348//6348 6300//6300
f 6300//6300 6348//6348 6349//6349
f 6300//6300 6349//6349 6301//6301
f 6301//6301 6349//6349 6350//6350
f 6301//6301 6350//6350 6302//6302
f 6302//6302 6350//6350 6351//6351
f 6302//6302 6351//6351 6303//6303
f 6303//6303 6351//6351 6352//6352
f 6303//6303 6352//6352 6304//6304
f 6304//6304 6352//6352 6353//6353
f 6304//6304 6353//6353 6305//6305
f 6305//6305 6353//6353 6354//6354
f 6305//6305 6354//6354 6306//6306
f 6306//6306 6354//6354 6355//6355
f 6306//6306 6355//6355 6307//6307
f 6307//6307 6355//6355 6356//6356
f 6307//6307 6356//6356 6308//6308
f 6308//6308 6356//6356 6357//6357
f 6308//6308 6357//6357 6309//6309
f 6309//6309 6357//6357 6358//6358
f 6309//6309 6358//6358 6310//6310
f 6310//6310 6358//6358 6359//6359
f 6310//6310 6359//6359 6311//6311
f 6311//6311 6359//6359 6360//6360
f 6311//6311 6360//6360 6312//6312
f 6312//6312 6360//6360 6361//6361
f 6312//6312 6361//6361 6313//6313
f 6313//6313 6361//6361 6362//6362
f 6313//6313 6362//6362 6314//6314
f 6314//6314 6362//6362 6363//6363
f 6314//6314 6363//6363 6315//6315
f 6315//6315 6363//6363 6364//6364
f 6315//6315 6364//6364 6316//6316
f 6316//6316 6364//6364 6365//6365
f 6316//6316 6365//6365 6317//6317
f 6317//6317 6365//6365 6366//6366
f 6317//6317 6366//6366 6318//6318
f 6318//6318 6366//6366 6367//6367
f 6318//6318 6367//6367 6319//6319
f 6319//6319 6367//6367 6368//6368
f 6319//6319 6368//6368 6320//6320
f 6320//6320 6368//6368 6369//6369
f 6320//6320 6369//6369 6321//6321
f 6321//6321 6369//6369 6370//6370
f 6321//6321 6370//6370 6322//6322
f 6322//6322 6370//6370 6371//6371
f 6322//6322 6371//6371 6323//6323
f 6323//6323 6371//6371 6372//6372
f 6323//6323 6372//6372 6324//6324
f 6324//6324 6372//6372 6373//6373
f 6324//6324 6373//6373 6325//6325
f 6325//6325 6373//6373 6374//6374
f 6325//6325 6374//6374 6326//6326
f 6326//6326 6374//6374 6375//6375
f 6326//6326 6375//6375 6327//6327
f 6327//6327 6375//6375 6376//6376
f 6327//6327 6376//6376 6328//6328
f 6328//6328 6376//6376 6377//6377
f 6328//6328 6377//6377 6329//6329
f 6329//6329 6377//6377 6378//6378
f 6329//6329 6378//6378 6330//6330
f 6330//6330 6378//6378 6379//6379
f 6330//6330 6379//6379 6331//6331
f 6331//6331 6379//6379 6380//6380
f 6331//6331 6380//6380 6332//6332
f 6332//6332 6380//6380 6381//6381
f 6332//6332 6381//6381 6333//6333
f 6333//6333 6381//6381 6382//6382
f 6333//6333 6382//6382 6334//6334
f 6334//6334 6382//6382 6383//6383
f 6334//6334 6383//6383 6335//6335
f 6335//6335 6383//6383 6384//6384
f 6335//6335 6384//6384 6336//6336
f 6336//6336 6384//6384 6337//6337
f 6336//6336 6337//6337 6289//6289
usemtl bin_61
f 6337//6337 6385//6385 6386//6386
f 6337//6337 6386//6386 6338//6338
f 6338//6338 6386//6386 6387//6387
f 6338//6338 6387//6387 6339//6339
f 6339//6339 6387//6387 6388//6388
f 6339//6339 6388//6388 6340//6340
f 6340//6340 6388//6388 6389//6389
f 6340//6340 6389//6389 6341//6341
f 6341//6341 6389//6389 6390//6390
f 6341//6341 6390//6390 6342//6342
f 6342//6342 6390//6390 6391//6391
f 6342//6342 6391//6391 6343//6343
f 6343//6343 6391//6391 6392//6392
f 6343//6343 6392//6392 6344//6344
f 6344//6344 6392//6392 6393//6393
f 6344//6344 6393//6393 6345//6345
f 6345//6345 6393//6393 6394//6394
f 6345//6345 6394//6394 6346//6346
f 6346//6346 6394//6394 6395//6395
f 6346//6346 6395//6395 6347//6347
f 6347//6347 6395//6395 6396//6396
f 6347//6347 6396//6396 6348//6348
f 6348//6348 6396//6396 6397//6397
f 6348//6348 6397//6397 6349//6349
f 6349//6349 6397//6397 6398//6398
f 6349//6349 6398//6398 6350//6350
f 6350//6350 6398//6398 6399//6399
f 6350//6350 6399//6399 6351//6351
f 6351//6351 6399//6399 6400//6400
f 6351//6351 6400//6400 6352//6352
f 6352//6352 6400//6400 6401//6401
f 6352//6352 6401//6401 6353//6353
f 6353//6353 6401//6401 6402//6402
f 6353//6353 6402//6402 6354//6354
f 6354//6354 6402//6402 6403//6403
f 6354//6354 6403//6403 6355//6355
f 6355//6355 6403//6403 6404//6404
f 6355//6355 6404//6404 6356//6356
f 6356//6356 6404//6404 6405//6405
f 6356//6356 6405//6405 6357//6357
f 6357//6357 6405//6405 6406//6406
f 6357//6357 6406//6406 6358//6358
f 6358//6358 6406//6406 6407//6407
f 6358//6358 6407//6407 6359//6359
f 6359//6359 6407//6407 6408//6408
f 6359//6359 6408//6408 6360//6360
f 6360//6360 6408//6408 6409//6409
f 6360//6360 6409//6409 6361//6361
f 6361//6361 6409//6409 6410//6410
f 6361//6361 6410//6410 6362//6362
f 6362//6362 6410//6410 6411//6411
f 6362//6362 6411//6411 6363//6363
f 6363//6363 6411//6411 6412//6412
f 6363//6363 6412//6412 6364//6364
f 6364//6364 6412//6412 6413//6413
f 6364//6364 6413//6413 6365//6365
f 6365//6365 6413//6413 6414//6414
f 6365//6365 6414//6414 6366//6366
f 6366//6366 6414//6414 6415//6415
f 6366//6366 6415//6415 6367//6367
f 6367//6367 6415//6415 6416//6416
f 6367//6367 6416//6416 6368//6368
f 6368//6368 6416//6416 6417//6417
f 6368//6368 6417//6417 6369//6369
f 6369//6369 6417//6417 6418//6418
f 6369//6369 6418//6418 6370//6370
f 6370//6370 6418//6418 6419//6419
f 6370//6370 6419//6419 6371//6371
f 6371//6371 6419//6419 6420//6420
f 6371//6371 6420//6420 6372//6372
f 6372//6372 6420//6420 6421//6421
f 6372//6372 6421//6421 6373//6373
f 6373//6373 6421//6421 6422//6422
f 6373//6373 6422//6422 6374//6374
f 6374//6374 6422//6422 6423//6423
f 6374//6374 6423//6423 6375//6375
f 6375//6375 6423//6423 6424//6424
f 6375//6375 6424//6424 6376//6376
f 6376//6376 6424//6424 6425//6425
f 6376//6376 6425//6425 6377//6377
f 6377//6377 6425//6425 6426//6426
f 6377//6377 6426//6426 6378//6378
f 6378//6378 6426//6426 6427//6427
f 6378//6378 6427//6427 6379//6379
f 6379//6379 6427//6427 6428//6428
f 6379//6379 6428//6428 6380//6380
f 6380//6380 6428//6428 6429//6429
f 6380//6380 6429//6429 6381//6381
f 6381//6381 6429//6429 6430//6430
f 6381//6381 6430//6430 6382//6382
f 6382//6382 6430//6430 6431//6431
f 6382//6382 6431//6431 6383//6383
f 6383//6383 6431//6431 6432//6432
f 6383//6383 6432//6432 6384//6384
f 6384//6384 6432//6432 6385//6385
f 6384//6384 6385//6385 6337//6337
f 6385//6385 6433//6433 6434//6434
f 6385//6385 6434//6434 6386//6386
f 6386//6386 6434//6434 6435//6435
f 6386//6386 6435//6435 6387//6387
f 6387//6387 6435//6435 6436//6436
f 6387//6387 6436//6436 6388//6388
f 6388//6388 6436//6436 6437//6437
f 6388//6388 6437//6437 6389//6389
f 6389//6389 6437//6437 6438//6438
f 6389//6389 6438//6438 6390//6390
f 6390//6390 6438//6438 6439//6439
f 6390//6390 6439//6439 6391//6391
f 6391//6391 6439//6439 6440//6440
f 6391//6391 6440//6440 6392//6392
f 6392//6392 6440//6440 6441//6441
f 6392//6392 6441//6441 6393//6393
f 6393//6393 6441//6441 6442//6442
f 6393//6393 6442//6442 6394//6394
f 6394//6394 6442//6442 6443//6443
f 6394//6394 6443//6443 6395//6395
f 6395//6395 6443//6443 6444//6444
f 6395//6395 6444//6444 6396//6396
f 6396//6396 6444//6444 6445//6445
f 6396//6396 6445//6445 6397//6397
f 6397//6397 6445//6445 6446//6446
f 6397//6397 6446//6446 6398//6398
f 6398//6398 6446//6446 6447//6447
f 6398//6398 6447//6447 6399//6399
f 6399//6399 6447//6447 6448//6448
f 6399//6399 6448//6448 6400//6400
f 6400//6400 6448//6448 6449//6449
f 6400//6400 6449//6449 6401//6401
f 6401//6401 6449//6449 6450//6450
f 6401//6401 6450//6450 6402//6402
f 6402//6402 6450//6450 6451//6451
f 6402//6402 6451//6451 6403//6403
f 6403//6403 6451//6451 6452//6452
f 6403//6403 6452//6452 6404//6404
f 6404//6404 6452//6452 6453//6453
f 6404//6404 6453//6453 6405//6405
f 6405//6405 6453//6453 6454//6454
f 6405//6405 6454//6454 6406//6406
f 6406//6406 6454//6454 6455//6455
f 6406//6406 6455//6455 6407//6407
f 6407//6407 6455//6455 6456//6456
f 6407//6407 6456//6456 6408//6408
f 6408//6408 6456//6456 6457//6457
f 6408//6408 6457//6457 6409//6409
f 6409//6409 6457//6457 6458//6458
f 6409//6409 6458//6458 6410//6410
f 6410//6410 6458//6458 6459//6459
f 6410//6410 6459//6459 6411//6411
f 6411//6411 6459//6459 6460//6460
f 6411//6411 6460//6460 6412//6412
f 6412//6412 6460//6460 6461//6461
f 6412//6412 6461//6461 6413//6413
f 6413//6413 6461//6461 6462//6462
f 6413//6413 6462//6462 6414//6414
f 6414//6414 6462//6462 6463//6463
f 6414//6414 6463//6463 6415//6415
f 6415//6415 6463//6463 6464//6464
f 6415//6415 6464//6464 6416//6416
f 6416//6416 6464//6464 6465//6465
f 6416//6416 6465//6465 6417//6417
f 6417//6417 6465//6465 6466//6466
f 6417//6417 6466//6466 6418//6418
f 6418//6418 6466//6466 6467//6467
f 6418//6418 6467//6467 6419//6419
f 6419//6419 6467//6467 6468//6468
f 6419//6419 6468//6468 6420//6420
f 6420//6420 6468//6468 6469//6469
f 6420//6420 6469//6469 6421//6421
f 6421//6421 6469//6469 6470//6470
f 6421//6421 6470//6470 6422//6422
f 6422//6422 6470//6470 6471//6471
f 6422//6422 6471//6471 6423//6423
f 6423//6423 6471//6471 6472//6472
f 6423//6423 6472//6472 6424//6424
f 6424//6424 6472//6472 6473//6473
f 6424//6424 6473//6473 6425//6425
f 6425//6425 6473//6473 6474//6474
f 6425//6425 6474//6474 6426//6426
f 6426//6426 6474//6474 6475//6475
f 6426//6426 6475//6475 6427//6427
f 6427//6427 6475//6475 6476//6476
f 6427//6427 6476//6476 6428//6428
f 6428//6428 6476//6476 6477//6477
f 6428//6428 6477//6477 6429//6429
f 6429//6429 6477//6477 6478//6478
f 6429//6429 6478//6478 6430//6430
f 6430//6430 6478//6478 6479//6479
f 6430//6430 6479//6479 6431//6431
f 6431//6431 6479//6479 6480//6480
f 6431//6431 6480//6480 6432//6432
f 6432//6432 6480//6480 6433//6433
f 6432//6432 6433//6433 6385//6385
f 6433//6433 6481//6481 6482//6482
f 6433//6433 6482//6482 6434//6434
f 6434//6434 6482//6482 6483//6483
f 6434//6434 6483//6483 6435//6435
f 6435//6435 6483//6483 6484//6484
f 6435//6435 6484//6484 6436//6436
f 6436//6436 6484//6484 6485//6485
f 6436//6436 6485//6485 6437//6437
f 6437//6437 6485//6485 6486//6486
f 6437//6437 6486//6486 6438//6438
f 6438//6438 6486//6486 6487//6487
f 6438//6438 6487//6487 6439//6439
f 6439//6439 6487//6487 6488//6488
f 6439//6439 6488//6488 6440//6440
f 6440//6440 6488//6488 6489//6489
f 6440//6440 6489//6489 6441//6441
f 6441//6441 6489//6489 6490//6490
f 6441//6441 6490//6490 6442//6442
f 6442//6442 6490//6490 6491//6491
f 6442//6442 6491//6491 6443//6443
f 6443//6443 6491//6491 6492//6492
f 6443//6443 6492//6492 6444//6444
f 6444//6444 6492//6492 6493//6493
f 6444//6444 6493//6493 6445//6445
f 6445//6445 6493//6493 6494//6494
f 6445//6445 6494//6494 6446//6446
f 6446//6446 6494//6494 6495//6495
f 6446//6446 6495//6495 6447//6447
f 6447//6447 6495//6495 6496//6496
f 6447//6447 6496//6496 6448//6448
f 6448//6448 6496//6496 6497//6497
f 6448//6448 6497//6497 6449//6449
f 6449//6449 6497//6497 6498//6498
f 6449//6449 6498//6498 6450//6450
f 6450//6450 6498//6498 6499//6499
f 6450//6450 6499//6499 6451//6451
f 6451//6451 6499//6499 6500//6500
f 6451//6451 6500//6500 6452//6452
f 6452//6452 6500//6500 6501//6501
f 6452//6452 6501//6501 6453//6453
f 6453//6453 6501//6501 6502//6502
f 6453//6453 6502//6502 6454//6454
f 6454//6454 6502//6502 6503//6503
f 6454//6454 6503//6503 6455//6455
f 6455//6455 6503//6503 6504//6504
f 6455//6455 6504//6504 6456//6456
f 6456//6456 6504//6504 6505//6505
f 6456//6456 6505//6505 6457//6457
f 6457//6457 6505//6505 6506//6506
f 6457//6457 6506//6506 6458//6458
f 6458//6458 6506//6506 6507//6507
f 6458//6458 6507//6507 6459//6459
f 6459//6459 6507//6507 6508//6508
f 6459//6459 6508//6508 6460//6460
f 6460//6460 6508//6508 6509//6509
f 6460//6460 6509//6509 6461//6461
f 6461//6461 6509//6509 6510//6510
f 6461//6461 6510//6510 6462//6462
f 6462//6462 6510//6510 6511//6511
f 6462//6462 6511//6511 6463//6463
f 6463//6463 6511//6511 6512//6512
f 6463//6463 6512//6512 6464//6464
f 6464//6464 6512//6512 6513//6513
f 6464//6464 6513//6513 6465//6465
f 6465//6465 6513//6513 6514//6514
f 6465//6465 6514//6514 6466//6466
f 6466//6466 6514//6514 6515//6515
f 6466//6466 6515//6515 6467//6467
f 6467//6467 6515//6515 6516//6516
f 6467//6467 6516//6516 6468//6468
f 6468//6468 6516//6516 6517//6517
f 6468//6468 6517//6517 6469//6469
f 6469//6469 6517//6517 6518//6518
f 6469//6469 6518//6518 6470//6470
f 6470//6470 6518//6518 6519//6519
f 6470//6470 6519//6519 6471//6471
f 6471//6471 6519//6519 6520//6520
f 6471//6471 6520//6520 6472//6472
f 6472//6472 6520//6520 6521//6521
f 6472//6472 6521//6521 6473//6473
f 6473//6473 6521//6521 6522//6522
f 6473//6473 6522//6522 6474//6474
f 6474//6474 6522//6522 6523//6523
f 6474//6474 6523//6523 6475//6475
f 6475//6475 6523//6523 6524//6524
f 6475//6475 6524//6524 6476//6476
f 6476//6476 6524//6524 6525//6525
f 6476//6476 6525//6525 6477//6477
f 6477//6477 6525//6525 6526//6526
f 6477//6477 6526//6526 6478//6478
f 6478//6478 6526//6526 6527//6527
f 6478//6478 6527//6527 6479//6479
f 6479//6479 6527//6527 6528//6528
f 6479//6479 6528//6528 6480//6480
f 6480//6480 6528//6528 6481//6481
f 6480//6480 6481//6481 6433//6433
usemtl bin_62
f 6481//6481 6529//6529 6530//6530
f 6481//6481 6530//6530 6482//6482
f 6482//6482 6530//6530 6531//6531
f 6482//6482 6531//6531 6483//6483
f 6483//6483 6531//6531 6532//6532
f 6483//6483 6532//6532 6484//6484
f 6484//6484 6532//6532 6533//6533
f 6484//6484 6533//6533 6485//6485
f 6485//6485 6533//6533 6534//6534
f 6485//6485 6534//6534 6486//6486
f 6486//6486 6534//6534 6535//6535
f 6486//6486 6535//6535 6487//6487
f 6487//6487 6535//6535 6536//6536
f 6487//6487 6536//6536 6488//6488
f 6488//6488 6536//6536 6537//6537
f 6488//6488 6537//6537 6489//6489
f 6489//6489 6537//6537 6538//6538
f 6489//6489 6538//6538 6490//6490
f 6490//6490 6538//6538 6539//6539
f 6490//6490 6539//6539 6491//6491
f 6491//6491 6539//6539 6540//6540
f 6491//6491 6540//6540 6492//6492
f 6492//6492 6540//6540 6541//6541
f 6492//6492 6541//6541 6493//6493
f 6493//6493 6541//6541 6542//6542
f 6493//6493 6542//6542 6494//6494
f 6494//6494 6542//6542 6543//6543
f 6494//6494 6543//6543 6495//6495
f 6495//6495 6543//6543 6544//6544
f 6495//6495 6544//6544 6496//6496
f 6496//6496 6544//6544 6545//6545
f 6496//6496 6545//6545 6497//6497
f 6497//6497 6545//6545 6546//6546
f 6497//6497 6546//6546 6498//6498
f 6498//6498 6546//6546 6547//6547
f 6498//6498 6547//6547 6499//6499
f 6499//6499 6547//6547 6548//6548
f 6499//6499 6548//6548 6500//6500
f 6500//6500 6548//6548 6549//6549
f 6500//6500 6549//6549 6501//6501
f 6501//6501 6549//6549 6550//6550
f 6501//6501 6550//6550 6502//6502
f 6502//6502 6550//6550 6551//6551
f 6502//6502 6551//6551 6503//6503
f 6503//6503 6551//6551 6552//6552
f 6503//6503 6552//6552 6504//6504
f 6504//6504 6552//6552 6553//6553
f 6504//6504 6553//6553 6505//6505
f 6505//6505 6553//6553 6554//6554
f 6505//6505 6554//6554 6506//6506
f 6506//6506 6554//6554 6555//6555
f 6506//6506 6555//6555 6507//6507
f 6507//6507 6555//6555 6556//6556
f 6507//6507 6556//6556 6508//6508
f 6508//6508 6556//6556 6557//6557
f 6508//6508 6557//6557 6509//6509
f 6509//6509 6557//6557 6558//6558
f 6509//6509 6558//6558 6510//6510
f 6510//6510 6558//6558 6559//6559
f 6510//6510 6559//6559 6511//6511
f 6511//6511 6559//6559 6560//6560
f 6511//6511 6560//6560 6512//6512
f 6512//6512 6560//6560 6561//6561
f 6512//6512 6561//6561 6513//6513
f 6513//6513 6561//6561 6562//6562
f 6513//6513 6562//6562 6514//6514
f 6514//6514 6562//6562 6563//6563
f 6514//6514 6563//6563 6515//6515
f 6515//6515 6563//6563 6564//6564
f 6515//6515 6564//6564 6516//6516
f 6516//6516 6564//6564 6565//6565
f 6516//6516 6565//6565 6517//6517
f 6517//6517 6565//6565 6566//6566
f 6517//6517 6566//6566 6518//6518
f 6518//6518 6566//6566 6567//6567
f 6518//6518 6567//6567 6519//6519
f 6519//6519 6567//6567 6568//6568
f 6519//6519 6568//6568 6520//6520
f 6520//6520 6568//6568 6569//6569
f 6520//6520 6569//6569 6521//6521
f 6521//6521 6569//6569 6570//6570
f 6521//6521 6570//6570 6522//6522
f 6522//6522 6570//6570 6571//6571
f 6522//6522 6571//6571 6523//6523
f 6523//6523 6571//6571 6572//6572
f 6523//6523 6572//6572 6524//6524
f 6524//6524 6572//6572 6573//6573
f 6524//6524 6573//6573 6525//6525
f 6525//6525 6573//6573 6574//6574
f 6525//6525 6574//6574 6526//6526
f 6526//6526 6574//6574 6575//6575
f 6526//6526 6575//6575 6527//6527
f 6527//6527 6575//6575 6576//6576
f 6527//6527 6576//6576 6528//6528
f 6528//6528 6576//6576 6529//6529
f 6528//6528 6529//6529 6481//6481
f 6529//6529 6577//6577 6578//6578
f 6529//6529 6578//6578 6530//6530
f 6530//6530 6578//6578 6579//6579
f 6530//6530 6579//6579 6531//6531
f 6531//6531 6579//6579 6580//6580
f 6531//6531 6580//6580 6532//6532
f 6532//6532 6580//6580 6581//6581
f 6532//6532 6581//6581 6533//6533
f 6533//6533 6581//6581 6582//6582
f 6533//6533 6582//6582 6534//6534
f 6534//6534 6582//6582 6583//6583
f 6534//6534 6583//6583 6535//6535
f 6535//6535 6583//6583 6584//6584
f 6535//6535 6584//6584 6536//6536
f 6536//6536 6584//6584 6585//6585
f 6536//6536 6585//6585 6537//6537
f 6537//6537 6585//6585 6586//6586
f 6537//6537 6586//6586 6538//6538
f 6538//6538 6586//6586 6587//6587
f 6538//6538 6587//6587 6539//6539
f 6539//6539 6587//6587 6588//6588
f 6539//6539 6588//6588 6540//6540
f 6540//6540 6588//6588 6589//6589
f 6540//6540 6589//6589 6541//6541
f 6541//6541 6589//6589 6590//6590
f 6541//6541 6590//6590 6542//6542
f 6542//6542 6590//6590 6591//6591
f 6542//6542 6591//6591 6543//6543
f 6543//6543 6591//6591 6592//6592
f 6543//6543 6592//6592 6544//6544
f 6544//6544 6592//6592 6593//6593
f 6544//6544 6593//6593 6545//6545
f 6545//6545 6593//6593 6594//6594
f 6545//6545 6594//6594 6546//6546
f 6546//6546 6594//6594 6595//6595
f 6546//6546 6595//6595 6547//6547
f 6547//6547 6595//6595 6596//6596
f 6547//6547 6596//6596 6548//6548
f 6548//6548 6596//6596 6597//6597
f 6548//6548 6597//6597 6549//6549
f 6549//6549 6597//6597 6598//6598
f 6549//6549 6598//6598 6550//6550
f 6550//6550 6598//6598 6599//6599
f 6550//6550 6599//6599 6551//6551
f 6551//6551 6599//6599 6600//6600
f 6551//6551 6600//6600 6552//6552
f 6552//6552 6600//6600 6601//6601
f 6552//6552 6601//6601 6553//6553
f 6553//6553 6601//6601 6602//6602
f 6553//6553 6602//6602 6554//6554
f 6554//6554 6602//6602 6603//6603
f 6554//6554 6603//6603 6555//6555
f 6555//6555 6603//6603 6604//6604
f 6555//6555 6604//6604 6556//6556
f 6556//6556 6604//6604 6605//6605
f 6556//6556 6605//6605 6557//6557
f 6557//6557 6605//6605 6606//6606
f 6557//6557 6606//6606 6558//6558
f 6558//6558 6606//6606 6607//6607
f 6558//6558 6607//6607 6559//6559
f 6559//6559 6607//6607 6608//6608
f 6559//6559 6608//6608 6560//6560
f 6560//6560 6608//6608 6609//6609
f 6560//6560 6609//6609 6561//6561
f 6561//6561 6609//6609 6610//6610
f 6561//6561 6610//6610 6562//6562
f 6562//6562 6610//6610 6611//6611
f 6562//6562 6611//6611 6563//6563
f 6563//6563 6611//6611 6612//6612
f 6563//6563 6612//6612 6564//6564
f 6564//6564 6612//6612 6613//6613
f 6564//6564 6613//6613 6565//6565
f 6565//6565 6613//6613 6614//6614
f 6565//6565 6614//6614 6566//6566
f 6566//6566 6614//6614 6615//6615
f 6566//6566 6615//6615 6567//6567
f 6567//6567 6615//6615 6616//6616
f 6567//6567 6616//6616 6568//6568
f 6568//6568 6616//6616 6617//6617
f 6568//6568 6617//6617 6569//6569
f 6569//6569 6617//6617 6618//6618
f 6569//6569 6618//6618 6570//6570
f 6570//6570 6618//6618 6619//6619
f 6570//6570 6619//6619 6571//6571
f 6571//6571 6619//6619 6620//6620
f 6571//6571 6620//6620 6572//6572
f 6572//6572 6620//6620 6621//6621
f 6572//6572 6621//6621 6573//6573
f 6573//6573 6621//6621 6622//6622
f 6573//6573 6622//6622 6574//6574
f 6574//6574 6622//6622 6623//6623
f 6574//6574 6623//6623 6575//6575
f 6575//6575 6623//6623 6624//6624
f 6575//6575 6624//6624 6576//6576
f 6576//6576 6624//6624 6577//6577
f 6576//6576 6577//6577 6529//6529
f 6577//6577 6625//6625 6626//6626
f 6577//6577 6626//6626 6578//6578
f 6578//6578 6626//6626 6627//6627
f 6578//6578 6627//6627 6579//6579
f 6579//6579 6627//6627 6628//6628
f 6579//6579 6628//6628 6580//6580
f 6580//6580 6628//6628 6629//6629
f 6580//6580 6629//6629 6581//6581
f 6581//6581 6629//6629 6630//6630
f 6581//6581 6630//6630 6582//6582
f 6582//6582 6630//6630 6631//6631
f 6582//6582 6631//6631 6583//6583
f 6583//6583 6631//6631 6632//6632
f 6583//6583 6632//6632 6584//6584
f 6584//6584 6632//6632 6633//6633
f 6584//6584 6633//6633 6585//6585
f 6585//6585 6633//6633 6634//6634
f 6585//6585 6634//6634 6586//6586
f 6586//6586 6634//6634 6635//6635
f 6586//6586 6635//6635 6587//6587
f 6587//6587 6635//6635 6636//6636
f 6587//6587 6636//6636 6588//6588
f 6588//6588 6636//6636 6637//6637
f 6588//6588 6637//6637 6589//6589
f 6589//6589 6637//6637 6638//6638
f 6589//6589 6638//6638 6590//6590
f 6590//6590 6638//6638 6639//6639
f 6590//6590 6639//6639 6591//6591
f 6591//6591 6639//6639 6640//6640
f 6591//6591 6640//6640 6592//6592
f 6592//6592 6640//6640 6641//6641
f 6592//6592 6641//6641 6593//6593
f 6593//6593 6641//6641 6642//6642
f 6593//6593 6642//6642 6594//6594
f 6594//6594 6642//6642 6643//6643
f 6594//6594 6643//6643 6595//6595
f 6595//6595 6643//6643 6644//6644
f 6595//6595 6644//6644 6596//6596
f 6596//6596 6644//6644 6645//6645
f 6596//6596 6645//6645 6597//6597
f 6597//6597 6645//6645 6646//6646
f 6597//6597 6646//6646 6598//6598
f 6598//6598 6646//6646 6647//6647
f 6598//6598 6647//6647 6599//6599
f 6599//6599 6647//6647 6648//6648
f 6599//6599 6648//6648 6600//6600
f 6600//6600 6648//6648 6649//6649
f 6600//6600 6649//6649 6601//6601
f 6601//6601 6649//6649 6650//6650
f 6601//6601 6650//6650 6602//6602
f 6602//6602 6650//6650 6651//6651
f 6602//6602 6651//6651 6603//6603
f 6603//6603 6651//6651 6652//6652
f 6603//6603 6652//6652 6604//6604
f 6604//6604 6652//6652 6653//6653
f 6604//6604 6653//6653 6605//6605
f 6605//6605 6653//6653 6654//6654
f 6605//6605 6654//6654 6606//6606
f 6606//6606 6654//6654 6655//6655
f 6606//6606 6655//6655 6607//6607
f 6607//6607 6655//6655 6656//6656
f 6607//6607 6656//6656 6608//6608
f 6608//6608 6656//6656 6657//6657
f 6608//6608 6657//6657 6609//6609
f 6609//6609 6657//6657 6658//6658
f 6609//6609 6658//6658 6610//6610
f 6610//6610 6658//6658 6659//6659
f 6610//6610 6659//6659 6611//6611
f 6611//6611 6659//6659 6660//6660
f 6611//6611 6660//6660 6612//6612
f 6612//6612 6660//6660 6661//6661
f 6612//6612 6661//6661 6613//6613
f 6613//6613 6661//6661 6662//6662
f 6613//6613 6662//6662 6614//6614
f 6614//6614 6662//6662 6663//6663
f 6614//6614 6663//6663 6615//6615
f 6615//6615 6663//6663 6664//6664
f 6615//6615 6664//6664 6616//6616
f 6616//6616 6664//6664 6665//6665
f 6616//6616 6665//6665 6617//6617
f 6617//6617 6665//6665 6666//6666
f 6617//6617 6666//6666 6618//6618
f 6618//6618 6666//6666 6667//6667
f 6618//6618 6667//6667 6619//6619
f 6619//6619 6667//6667 6668//6668
f 6619//6619 6668//6668 6620//6620
f 6620//6620 6668//6668 6669//6669
f 6620//6620 6669//6669 6621//6621
f 6621//6621 6669//6669 6670//6670
f 6621//6621 6670//6670 6622//6622
f 6622//6622 6670//6670 6671//6671
f 6622//6622 6671//6671 6623//6623
f 6623//6623 6671//6671 6672//6672
f 6623//6623 6672//6672 6624//6624
f 6624//6624 6672//6672 6625//6625
f 6624//6624 6625//6625 6577//6577
f 6625//6625 6673//6673 6674//6674
f 6625//6625 6674//6674 6626//6626
f 6626//6626 6674//6674 6675//6675
f 6626//6626 6675//6675 6627//6627
f 6627//6627 6675//6675 6676//6676
f 6627//6627 6676//6676 6628//6628
f 6628//6628 6676//6676 6677//6677
f 6628//6628 6677//6677 6629//6629
f 6629//6629 6677//6677 6678//6678
f 6629//6629 6678//6678 6630//6630
f 6630//6630 6678//6678 6679//6679
f 6630//6630 6679//6679 6631//6631
f 6631//6631 6679//6679 6680//6680
f 6631//6631 6680//6680 6632//6632
f 6632//6632 6680//6680 6681//6681
f 6632//6632 6681//6681 6633//6633
f 6633//6633 6681//6681 6682//6682
f 6633//6633 6682//6682 6634//6634
f 6634//6634 6682//6682 6683//6683
f 6634//6634 6683//6683 6635//6635
f 6635//6635 6683//6683 6684//6684
f 6635//6635 6684//6684 6636//6636
f 6636//6636 6684//6684 6685//6685
f 6636//6636 6685//6685 6637//6637
f 6637//6637 6685//6685 6686//6686
f 6637//6637 6686//6686 6638//6638
f 6638//6638 6686//6686 6687//6687
f 6638//6638 6687//6687 6639//6639
f 6639//6639 6687//6687 6688//6688
f 6639//6639 6688//6688 6640//6640
f 6640//6640 6688//6688 6689//6689
f 6640//6640 6689//6689 6641//6641
f 6641//6641 6689//6689 6690//6690
f 6641//6641 6690//6690 6642//6642
f 6642//6642 6690//6690 6691//6691
f 6642//6642 6691//6691 6643//6643
f 6643//6643 6691//6691 6692//6692
f 6643//6643 6692//6692 6644//6644
f 6644//6644 6692//6692 6693//6693
f 6644//6644 6693//6693 6645//6645
f 6645//6645 6693//6693 6694//6694
f 6645//6645 6694//6694 6646//6646
f 6646//6646 6694//6694 6695//6695
f 6646//6646 6695//6695 6647//6647
f 6647//6647 6695//6695 6696//6696
f 6647//6647 6696//6696 6648//6648
f 6648//6648 6696//6696 6697//6697
f 6648//6648 6697//6697 6649//6649
f 6649//6649 6697//6697 6698//6698
f 6649//6649 6698//6698 6650//6650
f 6650//6650 6698//6698 6699//6699
f 6650//6650 6699//6699 6651//6651
f 6651//6651 6699//6699 6700//6700
f 6651//6651 6700//6700 6652//6652
f 6652//6652 6700//6700 6701//6701
f 6652//6652 6701//6701 6653//6653
f 6653//6653 6701//6701 6702//6702
f 6653//6653 6702//6702 6654//6654
f 6654//6654 6702//6702 6703//6703
f 6654//6654 6703//6703 6655//6655
f 6655//6655 6703//6703 6704//6704
f 6655//6655 6704//6704 6656//6656
f 6656//6656 6704//6704 6705//6705
f 6656//6656 6705//6705 6657//6657
f 6657//6657 6705//6705 6706//6706
f 6657//6657 6706//6706 6658//6658
f 6658//6658 6706//6706 6707//6707
f 6658//6658 6707//6707 6659//6659
f 6659//6659 6707//6707 6708//6708
f 6659//6659 6708//6708 6660//6660
f 6660//6660 6708//6708 6709//6709
f 6660//6660 6709//6709 6661//6661
f 6661//6661 6709//6709 6710//6710
f 6661//6661 6710//6710 6662//6662
f 6662//6662 6710//6710 6711//6711
f 6662//6662 6711//6711 6663//6663
f 6663//6663 6711//6711 6712//6712
f 6663//6663 6712//6712 6664//6664
f 6664//6664 6712//6712 6713//6713
f 6664//6664 6713//6713 6665//6665
f 6665//6665 6713//6713 6714//6714
f 6665//6665 6714//6714 6666//6666
f 6666//6666 6714//6714 6715//6715
f 6666//6666 6715//6715 6667//6667
f 6667//6667 6715//6715 6716//6716
f 6667//6667 6716//6716 6668//6668
f 6668//6668 6716//6716 6717//6717
f 6668//6668 6717//6717 6669//6669
f 6669//6669 6717//6717 6718//6718
f 6669//6669 6718//6718 6670//6670
f 6670//6670 6718//6718 6719//6719
f 6670//6670 6719//6719 6671//6671
f 6671//6671 6719//6719 6720//6720
f 6671//6671 6720//6720 6672//6672
f 6672//6672 6720//6720 6673//6673
f 6672//6672 6673//6673 6625//6625
f 6673//6673 6721//6721 6722//6722
f 6673//6673 6722//6722 6674//6674
f 6674//6674 6722//6722 6723//6723
f 6674//6674 6723//6723 6675//6675
f 6675//6675 6723//6723 6724//6724
f 6675//6675 6724//6724 6676//6676
f 6676//6676 6724//6724 6725//6725
f 6676//6676 6725//6725 6677//6677
f 6677//6677 6725//6725 6726//6726
f 6677//6677 6726//6726 6678//6678
f 6678//6678 6726//6726 6727//6727
f 6678//6678 6727//6727 6679//6679
f 6679//6679 6727//6727 6728//6728
f 6679//6679 6728//6728 6680//6680
f 6680//6680 6728//6728 6729//6729
f 6680//6680 6729//6729 6681//6681
f 6681//6681 6729//6729 6730//6730
f 6681//6681 6730//6730 6682//6682
f 6682//6682 6730//6730 6731//6731
f 6682//6682 6731//6731 6683//6683
f 6683//6683 6731//6731 6732//6732
f 6683//6683 6732//6732 6684//6684
f 6684//6684 6732//6732 6733//6733
f 6684//6684 6733//6733 6685//6685
f 6685//6685 6733//6733 6734//6734
f 6685//6685 6734//6734 6686//6686
f 6686//6686 6734//6734 6735//6735
f 6686//6686 6735//6735 6687//6687
f 6687//6687 6735//6735 6736//6736
f 6687//6687 6736//6736 6688//6688
f 6688//6688 6736//6736 6737//6737
f 6688//6688 6737//6737 6689//6689
f 6689//6689 6737//6737 6738//6738
f 6689//6689 6738//6738 6690//6690
f 6690//6690 6738//6738 6739//6739
f 6690//6690 6739//6739 6691//6691
f 6691//6691 6739//6739 6740//6740
f 6691//6691 6740//6740 6692//6692
f 6692//6692 6740//6740 6741//6741
f 6692//6692 6741//6741 6693//6693
f 6693//6693 6741//6741 6742//6742
f 6693//6693 6742//6742 6694//6694
f 6694//6694 6742//6742 6743//6743
f 6694//6694 6743//6743 6695//6695
f 6695//6695 6743//6743 6744//6744
f 6695//6695 6744//6744 6696//6696
f 6696//6696 6744//6744 6745//6745
f 6696//6696 6745//6745 6697//6697
f 6697//6697 6745//6745 6746//6746
f 6697//6697 6746//6746 6698//6698
f 6698//6698 6746//6746 6747//6747
f 6698//6698 6747//6747 6699//6699
f 6699//6699 6747//6747 6748//6748
f 6699//6699 6748//6748 6700//6700
f 6700//6700 6748//6748 6749//6749
f 6700//6700 6749//6749 6701//6701
f 6701//6701 6749//6749 6750//6750
f 6701//6701 6750//6750 6702//6702
f 6702//6702 6750//6750 6751//6751
f 6702//6702 6751//6751 6703//6703
f 6703//6703 6751//6751 6752//6752
f 6703//6703 6752//6752 6704//6704
f 6704//6704 6752//6752 6753//6753
f 6704//6704 6753//6753 6705//6705
f 6705//6705 6753//6753 6754//6754
f 6705//6705 6754//6754 6706//6706
f 6706//6706 6754//6754 6755//6755
f 6706//6706 6755//6755 6707//6707
f 6707//6707 6755//6755 6756//6756
f 6707//6707 6756//6756 6708//6708
f 6708//6708 6756//6756 6757//6757
f 6708//6708 6757//6757 6709//6709
f 6709//6709 6757//6757 6758//6758
f 6709//6709 6758//6758 6710//6710
f 6710//6710 6758//6758 6759//6759
f 6710//6710 6759//6759 6711//6711
f 6711//6711 6759//6759 6760//6760
f 6711//6711 6760//6760 6712//6712
f 6712//6712 6760//6760 6761//6761
f 6712//6712 6761//6761 6713//6713
f 6713//6713 6761//6761 6762//6762
f 6713//6713 6762//6762 6714//6714
f 6714//6714 6762//6762 6763//6763
f 6714//6714 6763//6763 6715//6715
f 6715//6715 6763//6763 6764//6764
f 6715//6715 6764//6764 6716//6716
f 6716//6716 6764//6764 6765//6765
f 6716//6716 6765//6765 6717//6717
f 6717//6717 6765//6765 6766//6766
f 6717//6717 6766//6766 6718//6718
f 6718//6718 6766//6766 6767//6767
f 6718//6718 6767//6767 6719//6719
f 6719//6719 6767//6767 6768//6768
f 6719//6719 6768//6768 6720//6720
f 6720//6720 6768//6768 6721//6721
f 6720//6720 6721//6721 6673//6673
f 6721//6721 6769//6769 6770//6770
f 6721//6721 6770//6770 6722//6722
f 6722//6722 6770//6770 6771//6771
f 6722//6722 6771//6771 6723//6723
f 6723//6723 6771//6771 6772//6772
f 6723//6723 6772//6772 6724//6724
f 6724//6724 6772//6772 6773//6773
f 6724//6724 6773//6773 6725//6725
f 6725//6725 6773//6773 6774//6774
f 6725//6725 6774//6774 6726//6726
f 6726//6726 6774//6774 6775//6775
f 6726//6726 6775//6775 6727//6727
f 6727//6727 6775//6775 6776//6776
f 6727//6727 6776//6776 6728//6728
f 6728//6728 6776//6776 6777//6777
f 6728//6728 6777//6777 6729//6729
f 6729//6729 6777//6777 6778//6778
f 6729//6729 6778//6778 6730//6730
f 6730//6730 6778//6778 6779//6779
f 6730//6730 6779//6779 6731//6731
f 6731//6731 6779//6779 6780//6780
f 6731//6731 6780//6780 6732//6732
f 6732//6732 6780//6780 6781//6781
f 6732//6732 6781//6781 6733//6733
f 6733//6733 6781//6781 6782//6782
f 6733//6733 6782//6782 6734//6734
f 6734//6734 6782//6782 6783//6783
f 6734//6734 6783//6783 6735//6735
f 6735//6735 6783//6783 6784//6784
f 6735//6735 6784//6784 6736//6736
f 6736//6736 6784//6784 6785//6785
f 6736//6736 6785//6785 6737//6737
f 6737//6737 6785//6785 6786//6786
f 6737//6737 6786//6786 6738//6738
f 6738//6738 6786//6786 6787//6787
f 6738//6738 6787//6787 6739//6739
f 6739//6739 6787//6787 6788//6788
f 6739//6739 6788//6788 6740//6740
f 6740//6740 6788//6788 6789//6789
f 6740//6740 6789//6789 6741//6741
f 6741//6741 6789//6789 6790//6790
f 6741//6741 6790//6790 6742//6742
f 6742//6742 6790//6790 6791//6791
f 6742//6742 6791//6791 6743//6743
f 6743//6743 6791//6791 6792//6792
f 6743//6743 6792//6792 6744//6744
f 6744//6744 6792//6792 6793//6793
f 6744//6744 6793//6793 6745//6745
f 6745//6745 6793//6793 6794//6794
f 6745//6745 6794//6794 6746//6746
f 6746//6746 6794//6794 6795//6795
f 6746//6746 6795//6795 6747//6747
f 6747//6747 6795//6795 6796//6796
f 6747//6747 6796//6796 6748//6748
f 6748//6748 6796//6796 6797//6797
f 6748//6748 6797//6797 6749//6749
f 6749//6749 6797//6797 6798//6798
f 6749//6749 6798//6798 6750//6750
f 6750//6750 6798//6798 6799//6799
f 6750//6750 6799//6799 6751//6751
f 6751//6751 6799//6799 6800//6800
f 6751//6751 6800//6800 6752//6752
f 6752//6752 6800//6800 6801//6801
f 6752//6752 6801//6801 6753//6753
f 6753//6753 6801//6801 6802//6802
f 6753//6753 6802//6802 6754//6754
f 6754//6754 6802//6802 6803//6803
f 6754//6754 6803//6803 6755//6755
f 6755//6755 6803//6803 6804//6804
f 6755//6755 6804//6804 6756//6756
f 6756//6756 6804//6804 6805//6805
f 6756//6756 6805//6805 6757//6757
f 6757//6757 6805//6805 6806//6806
f 6757//6757 6806//6806 6758//6758
f 6758//6758 6806//6806 6807//6807
f 6758//6758 6807//6807 6759//6759
f 6759//6759 6807//6807 6808//6808
f 6759//6759 6808//6808 6760//6760
f 6760//6760 6808//6808 6809//6809
f 6760//6760 6809//6809 6761//6761
f 6761//6761 6809//6809 6810//6810
f 6761//6761 6810//6810 6762//6762
f 6762//6762 6810//6810 6811//6811
f 6762//6762 6811//6811 6763//6763
f 6763//6763 6811//6811 6812//6812
f 6763//6763 6812//6812 6764//6764
f 6764//6764 6812//6812 6813//6813
f 6764//6764 6813//6813 6765//6765
f 6765//6765 6813//6813 6814//6814
f 6765//6765 6814//6814 6766//6766
f 6766//6766 6814//6814 6815//6815
f 6766//6766 6815//6815 6767//6767
f 6767//6767 6815//6815 6816//6816
f 6767//6767 6816//6816 6768//6768
f 6768//6768 6816//6816 6769//6769
f 6768//6768 6769//6769 6721//6721
usemtl bin_63
f 6769//6769 6817//6817 6818//6818
f 6769//6769 6818//6818 6770//6770
f 6770//6770 6818//6818 6819//6819
f 6770//6770 6819//6819 6771//6771
f 6771//6771 6819//6819 6820//6820
f 6771//6771 6820//6820 6772//6772
f 6772//6772 6820//6820 6821//6821
f 6772//6772 6821//6821 6773//6773
f 6773//6773 6821//6821 6822//6822
f 6773//6773 6822//6822 6774//6774
f 6774//6774 6822//6822 6823//6823
f 6774//6774 6823//6823 6775//6775
f 6775//6775 6823//6823 6824//6824
f 6775//6775 6824//6824 6776//6776
f 6776//6776 6824//6824 6825//6825
f 6776//6776 6825//6825 6777//6777
f 6777//6777 6825//6825 6826//6826
f 6777//6777 6826//6826 6778//6778
f 6778//6778 6826//6826 6827//6827
f 6778//6778 6827//6827 6779//6779
f 6779//6779 6827//6827 6828//6828
f 6779//6779 6828//6828 6780//6780
f 6780//6780 6828//6828 6829//6829
f 6780//6780 6829//6829 6781//6781
f 6781//6781 6829//6829 6830//6830
f 6781//6781 6830//6830 6782//6782
f 6782//6782 6830//6830 6831//6831
f 6782//6782 6831//6831 6783//6783
f 6783//6783 6831//6831 6832//6832
f 6783//6783 6832//6832 6784//6784
f 6784//6784 6832//6832 6833//6833
f 6784//6784 6833//6833 6785//6785
f 6785//6785 6833//6833 6834//6834
f 6785//6785 6834//6834 6786//6786
f 6786//6786 6834//6834 6835//6835
f 6786//6786 6835//6835 6787//6787
f 6787//6787 6835//6835 6836//6836
f 6787//6787 6836//6836 6788//6788
f 6788//6788 6836//6836 6837//6837
f 6788//6788 6837//6837 6789//6789
f 6789//6789 6837//6837 6838//6838
f 6789//6789 6838//6838 6790//6790
f 6790//6790 6838//6838 6839//6839
f 6790//6790 6839//6839 6791//6791
f 6791//6791 6839//6839 6840//6840
f 6791//6791 6840//6840 6792//6792
f 6792//6792 6840//6840 6841//6841
f 6792//6792 6841//6841 6793//6793
f 6793//6793 6841//6841 6842//6842
f 6793//6793 6842//6842 6794//6794
f 6794//6794 6842//6842 6843//6843
f 6794//6794 6843//6843 6795//6795
f 6795//6795 6843//6843 6844//6844
f 6795//6795 6844//6844 6796//6796
f 6796//6796 6844//6844 6845//6845
f 6796//6796 6845//6845 6797//6797
f 6797//6797 6845//6845 6846//6846
f 6797//6797 6846//6846 6798//6798
f 6798//6798 6846//6846 6847//6847
f 6798//6798 6847//6847 6799//6799
f 6799//6799 6847//6847 6848//6848
f 6799//6799 6848//6848 6800//6800
f 6800//6800 6848//6848 6849//6849
f 6800//6800 6849//6849 6801//6801
f 6801//6801 6849//6849 6850//6850
f 6801//6801 6850//6850 6802//6802
f 6802//6802 6850//6850 6851//6851
f 6802//6802 6851//6851 6803//6803
f 6803//6803 6851//6851 6852//6852
f 6803//6803 6852//6852 6804//6804
f 6804//6804 6852//6852 6853//6853
f 6804//6804 6853//6853 6805//6805
f 6805//6805 6853//6853 6854//6854
f 6805//6805 6854//6854 6806//6806
f 6806//6806 6854//6854 6855//6855
f 6806//6806 6855//6855 6807//6807
f 6807//6807 6855//6855 6856//6856
f 6807//6807 6856//6856 6808//6808
f 6808//6808 6856//6856 6857//6857
f 6808//6808 6857//6857 6809//6809
f 6809//6809 6857//6857 6858//6858
f 6809//6809 6858//6858 6810//6810
f 6810//6810 6858//6858 6859//6859
f 6810//6810 6859//6859 6811//6811
f 6811//6811 6859//6859 6860//6860
f 6811//6811 6860//6860 6812//6812
f 6812//6812 6860//6860 6861//6861
f 6812//6812 6861//6861 6813//6813
f 6813//6813 6861//6861 6862//6862
f 6813//6813 6862//6862 6814//6814
f 6814//6814 6862//6862 6863//6863
f 6814//6814 6863//6863 6815//6815
f 6815//6815 6863//6863 6864//6864
f 6815//6815 6864//6864 6816//6816
f 6816//6816 6864//6864 6817//6817
f 6816//6816 6817//6817 6769//6769
f 6817//6817 6865//6865 6866//6866
f 6817//6817 6866//6866 6818//6818
f 6818//6818 6866//6866 6867//6867
f 6818//6818 6867//6867 6819//6819
f 6819//6819 6867//6867 6868//6868
f 6819//6819 6868//6868 6820//6820
f 6820//6820 6868//6868 6869//6869
f 6820//6820 6869//6869 6821//6821
f 6821//6821 6869//6869 6870//6870
f 6821//6821 6870//6870 6822//6822
f 6822//6822 6870//6870 6871//6871
f 6822//6822 6871//6871 6823//6823
f 6823//6823 6871//6871 6872//6872
f 6823//6823 6872//6872 6824//6824
f 6824//6824 6872//6872 6873//6873
f 6824//6824 6873//6873 6825//6825
f 6825//6825 6873//6873 6874//6874
f 6825//6825 6874//6874 6826//6826
f 6826//6826 6874//6874 6875//6875
f 6826//6826 6875//6875 6827//6827
f 6827//6827 6875//6875 6876//6876
f 6827//6827 6876//6876 6828//6828
f 6828//6828 6876//6876 6877//6877
f 6828//6828 6877//6877 6829//6829
f 6829//6829 6877//6877 6878//6878
f 6829//6829 6878//6878 6830//6830
f 6830//6830 6878//6878 6879//6879
f 6830//6830 6879//6879 6831//6831
f 6831//6831 6879//6879 6880//6880
f 6831//6831 6880//6880 6832//6832
f 6832//6832 6880//6880 6881//6881
f 6832//6832 6881//6881 6833//6833
f 6833//6833 6881//6881 6882//6882
f 6833//6833 6882//6882 6834//6834
f 6834//6834 6882//6882 6883//6883
f 6834//6834 6883//6883 6835//6835
f 6835//6835 6883//6883 6884//6884
f 6835//6835 6884//6884 6836//6836
f 6836//6836 6884//6884 6885//6885
f 6836//6836 6885//6885 6837//6837
f 6837//6837 6885//6885 6886//6886
f 6837//6837 6886//6886 6838//6838
f 6838//6838 6886//6886 6887//6887
f 6838//6838 6887//6887 6839//6839
f 6839//6839 6887//6887 6888//6888
f 6839//6839 6888//6888 6840//6840
f 6840//6840 6888//6888 6889//6889
f 6840//6840 6889//6889 6841//6841
f 6841//6841 6889//6889 6890//6890
f 6841//6841 6890//6890 6842//6842
f 6842//6842 6890//6890 6891//6891
f 6842//6842 6891//6891 6843//6843
f 6843//6843 6891//6891 6892//6892
f 6843//6843 6892//6892 6844//6844
f 6844//6844 6892//6892 6893//6893
f 6844//6844 6893//6893 6845//6845
f 6845//6845 6893//6893 6894//6894
f 6845//6845 6894//6894 6846//6846
f 6846//6846 6894//6894 6895//6895
f 6846//6846 6895//6895 6847//6847
f 6847//6847 6895//6895 6896//6896
f 6847//6847 6896//6896 6848//6848
f 6848//6848 6896//6896 6897//6897
f 6848//6848 6897//6897 6849//6849
f 6849//6849 6897//6897 6898//6898
f 6849//6849 6898//6898 6850//6850
f 6850//6850 6898//6898 6899//6899
f 6850//6850 6899//6899 6851//6851
f 6851//6851 6899//6899 6900//6900
f 6851//6851 6900//6900 6852//6852
f 6852//6852 6900//6900 6901//6901
f 6852//6852 6901//6901 6853//6853
f 6853//6853 6901//6901 6902//6902
f 6853//6853 6902//6902 6854//6854
f 6854//6854 6902//6902 6903//6903
f 6854//6854 6903//6903 6855//6855
f 6855//6855 6903//6903 6904//6904
f 6855//6855 6904//6904 6856//6856
f 6856//6856 6904//6904 6905//6905
f 6856//6856 6905//6905 6857//6857
f 6857//6857 6905//6905 6906//6906
f 6857//6857 6906//6906 6858//6858
f 6858//6858 6906//6906 6907//6907
f 6858//6858 6907//6907 6859//6859
f 6859//6859 6907//6907 6908//6908
f 6859//6859 6908//6908 6860//6860
f 6860//6860 6908//6908 6909//6909
f 6860//6860 6909//6909 6861//6861
f 6861//6861 6909//6909 6910//6910
f 6861//6861 6910//6910 6862//6862
f 6862//6862 6910//6910 6911//6911
f 6862//6862 6911//6911 6863//6863
f 6863//6863 6911//6911 6912//6912
f 6863//6863 6912//6912 6864//6864
f 6864//6864 6912//6912 6865//6865
f 6864//6864 6865//6865 6817//6817
f 6865//6865 6913//6913 6914//6914
f 6865//6865 6914//6914 6866//6866
f 6866//6866 6914//6914 6915//6915
f 6866//6866 6915//6915 6867//6867
f 6867//6867 6915//6915 6916//6916
f 6867//6867 6916//6916 6868//6868
f 6868//6868 6916//6916 6917//6917
f 6868//6868 6917//6917 6869//6869
f 6869//6869 6917//6917 6918//6918
f 6869//6869 6918//6918 6870//6870
f 6870//6870 6918//6918 6919//6919
f 6870//6870 6919//6919 6871//6871
f 6871//6871 6919//6919 6920//6920
f 6871//6871 6920//6920 6872//6872
f 6872//6872 6920//6920 6921//6921
f 6872//6872 6921//6921 6873//6873
f 6873//6873 6921//6921 6922//6922
f 6873//6873 6922//6922 6874//6874
f 6874//6874 6922//6922 6923//6923
f 6874//6874 6923//6923 6875//6875
f 6875//6875 6923//6923 6924//6924
f 6875//6875 6924//6924 6876//6876
f 6876//6876 6924//6924 6925//6925
f 6876//6876 6925//6925 6877//6877
f 6877//6877 6925//6925 6926//6926
f 6877//6877 6926//6926 6878//6878
f 6878//6878 6926//6926 6927//6927
f 6878//6878 6927//6927 6879//6879
f 6879//6879 6927//6927 6928//6928
f 6879//6879 6928//6928 6880//6880
f 6880//6880 6928//6928 6929//6929
f 6880//6880 6929//6929 6881//6881
f 6881//6881 6929//6929 6930//6930
f 6881//6881 6930//6930 6882//6882
f 6882//6882 6930//6930 6931//6931
f 6882//6882 6931//6931 6883//6883
f 6883//6883 6931//6931 6932//6932
f 6883//6883 6932//6932 6884//6884
f 6884//6884 6932//6932 6933//6933
f 6884//6884 6933//6933 6885//6885
f 6885//6885 6933//6933 6934//6934
f 6885//6885 6934//6934 6886//6886
f 6886//6886 6934//6934 6935//6935
f 6886//6886 6935//6935 6887//6887
f 6887//6887 6935//6935 6936//6936
f 6887//6887 6936//6936 6888//6888
f 6888//6888 6936//6936 6937//6937
f 6888//6888 6937//6937 6889//6889
f 6889//6889 6937//6937 6938//6938
f 6889//6889 6938//6938 6890//6890
f 6890//6890 6938//6938 6939//6939
f 6890//6890 6939//6939 6891//6891
f 6891//6891 6939//6939 6940//6940
f 6891//6891 6940//6940 6892//6892
f 6892//6892 6940//6940 6941//6941
f 6892//6892 6941//6941 6893//6893
f 6893//6893 6941//6941 6942//6942
f 6893//6893 6942//6942 6894//6894
f 6894//6894 6942//6942 6943//6943
f 6894//6894 6943//6943 6895//6895
f 6895//6895 6943//6943 6944//6944
f 6895//6895 6944//6944 6896//6896
f 6896//6896 6944//6944 6945//6945
f 6896//6896 6945//6945 6897//6897
f 6897//6897 6945//6945 6946//6946
f 6897//6897 6946//6946 6898//6898
f 6898//6898 6946//6946 6947//6947
f 6898//6898 6947//6947 6899//6899
f 6899//6899 6947//6947 6948//6948
f 6899//6899 6948//6948 6900//6900
f 6900//6900 6948//6948 6949//6949
f 6900//6900 6949//6949 6901//6901
f 6901//6901 6949//6949 6950//6950
f 6901//6901 6950//6950 6902//6902
f 6902//6902 6950//6950 6951//6951
f 6902//6902 6951//6951 6903//6903
f 6903//6903 6951//6951 6952//6952
f 6903//6903 6952//6952 6904//6904
f 6904//6904 6952//6952 6953//6953
f 6904//6904 6953//6953 6905//6905
f 6905//6905 6953//6953 6954//6954
f 6905//6905 6954//6954 6906//6906
f 6906//6906 6954//6954 6955//6955
f 6906//6906 6955//6955 6907//6907
f 6907//6907 6955//6955 6956//6956
f 6907//6907 6956//6956 6908//6908
f 6908//6908 6956//6956 6957//6957
f 6908//6908 6957//6957 6909//6909
f 6909//6909 6957//6957 6958//6958
f 6909//6909 6958//6958 6910//6910
f 6910//6910 6958//6958 6959//6959
f 6910//6910 6959//6959 6911//6911
f 6911//6911 6959//6959 6960//6960
f 6911//6911 6960//6960 6912//6912
f 6912//6912 6960//6960 6913//6913
f 6912//6912 6913//6913 6865//6865
f 6913//6913 6961//6961 6962//6962
f 6913//6913 6962//6962 6914//6914
f 6914//6914 6962//6962 6963//6963
f 6914//6914 6963//6963 6915//6915
f 6915//6915 6963//6963 6964//6964
f 6915//6915 6964//6964 6916//6916
f 6916//6916 6964//6964 6965//6965
f 6916//6916 6965//6965 6917//6917
f 6917//6917 6965//6965 6966//6966
f 6917//6917 6966//6966 6918//6918
f 6918//6918 6966//6966 6967//6967
f 6918//6918 6967//6967 6919//6919
f 6919//6919 6967//6967 6968//6968
f 6919//6919 6968//6968 6920//6920
f 6920//6920 6968//6968 6969//6969
f 6920//6920 6969//6969 6921//6921
f 6921//6921 6969//6969 6970//6970
f 6921//6921 6970//6970 6922//6922
f 6922//6922 6970//6970 6971//6971
f 6922//6922 6971//6971 6923//6923
f 6923//6923 6971//6971 6972//6972
f 6923//6923 6972//6972 6924//6924
f 6924//6924 6972//6972 6973//6973
f 6924//6924 6973//6973 6925//6925
f 6925//6925 6973//6973 6974//6974
f 6925//6925 6974//6974 6926//6926
f 6926//6926 6974//6974 6975//6975
f 6926//6926 6975//6975 6927//6927
f 6927//6927 6975//6975 6976//6976
f 6927//6927 6976//6976 6928//6928
f 6928//6928 6976//6976 6977//6977
f 6928//6928 6977//6977 6929//6929
f 6929//6929 6977//6977 6978//6978
f 6929//6929 6978//6978 6930//6930
f 6930//6930 6978//6978 6979//6979
f 6930//6930 6979//6979 6931//6931
f 6931//6931 6979//6979 6980//6980
f 6931//6931 6980//6980 6932//6932
f 6932//6932 6980//6980 6981//6981
f 6932//6932 6981//6981 6933//6933
f 6933//6933 6981//6981 6982//6982
f 6933//6933 6982//6982 6934//6934
f 6934//6934 6982//6982 6983//6983
f 6934//6934 6983//6983 6935//6935
f 6935//6935 6983//6983 6984//6984
f 6935//6935 6984//6984 6936//6936
f 6936//6936 6984//6984 6985//6985
f 6936//6936 6985//6985 6937//6937
f 6937//6937 6985//6985 6986//6986
f 6937//6937 6986//6986 6938//6938
f 6938//6938 6986//6986 6987//6987
f 6938//6938 6987//6987 6939//6939
f 6939//6939 6987//6987 6988//6988
f 6939//6939 6988//6988 6940//6940
f 6940//6940 6988//6988 6989//6989
f 6940//6940 6989//6989 6941//6941
f 6941//6941 6989//6989 6990//6990
f 6941//6941 6990//6990 6942//6942
f 6942//6942 6990//6990 6991//6991
f 6942//6942 6991//6991 6943//6943
f 6943//6943 6991//6991 6992//6992
f 6943//6943 6992//6992 6944//6944
f 6944//6944 6992//6992 6993//6993
f 6944//6944 6993//6993 6945//6945
f 6945//6945 6993//6993 6994//6994
f 6945//6945 6994//6994 6946//6946
f 6946//6946 6994//6994 6995//6995
f 6946//6946 6995//6995 6947//6947
f 6947//6947 6995//6995 6996//6996
f 6947//6947 6996//6996 6948//6948
f 6948//6948 6996//6996 6997//6997
f 6948//6948 6997//6997 6949//6949
f 6949//6949 6997//6997 6998//6998
f 6949//6949 6998//6998 6950//6950
f 6950//6950 6998//6998 6999//6999
f 6950//6950 6999//6999 6951//6951
f 6951//6951 6999//6999 7000//7000
f 6951//6951 7000//7000 6952//6952
f 6952//6952 7000//7000 7001//7001
f 6952//6952 7001//7001 6953//6953
f 6953//6953 7001//7001 7002//7002
f 6953//6953 7002//7002 6954//6954
f 6954//6954 7002//7002 7003//7003
f 6954//6954 7003//7003 6955//6955
f 6955//6955 7003//7003 7004//7004
f 6955//6955 7004//7004 6956//6956
f 6956//6956 7004//7004 7005//7005
f 6956//6956 7005//7005 6957//6957
f 6957//6957 7005//7005 7006//7006
f 6957//6957 7006//7006 6958//6958
f 6958//6958 7006//7006 7007//7007
f 6958//6958 7007//7007 6959//6959
f 6959//6959 7007//7007 7008//7008
f 6959//6959 7008//7008 6960//6960
f 6960//6960 7008//7008 6961//6961
f 6960//6960 6961//6961 6913//6913
f 6961//6961 7009//7009 7010//7010
f 6961//6961 7010//7010 6962//6962
f 6962//6962 7010//7010 7011//7011
f 6962//6962 7011//7011 6963//6963
f 6963//6963 7011//7011 7012//7012
f 6963//6963 7012//7012 6964//6964
f 6964//6964 7012//7012 7013//7013
f 6964//6964 7013//7013 6965//6965
f 6965//6965 7013//7013 7014//7014
f 6965//6965 7014//7014 6966//6966
f 6966//6966 7014//7014 7015//7015
f 6966//6966 7015//7015 6967//6967
f 6967//6967 7015//7015 7016//7016
f 6967//6967 7016//7016 6968//6968
f 6968//6968 7016//7016 7017//7017
f 6968//6968 7017//7017 6969//6969
f 6969//6969 7017//7017 7018//7018
f 6969//6969 7018//7018 6970//6970
f 6970//6970 7018//7018 7019//7019
f 6970//6970 7019//7019 6971//6971
f 6971//6971 7019//7019 7020//7020
f 6971//6971 7020//7020 6972//6972
f 6972//6972 7020//7020 7021//7021
f 6972//6972 7021//7021 6973//6973
f 6973//6973 7021//7021 7022//7022
f 6973//6973 7022//7022 6974//6974
f 6974//6974 7022//7022 7023//7023
f 6974//6974 7023//7023 6975//6975
f 6975//6975 7023//7023 7024//7024
f 6975//6975 7024//7024 6976//6976
f 6976//6976 7024//7024 7025//7025
f 6976//6976 7025//7025 6977//6977
f 6977//6977 7025//7025 7026//7026
f 6977//6977 7026//7026 6978//6978
f 6978//6978 7026//7026 7027//7027
f 6978//6978 7027//7027 6979//6979
f 6979//6979 7027//7027 7028//7028
f 6979//6979 7028//7028 6980//6980
f 6980//6980 7028//7028 7029//7029
f 6980//6980 7029//7029 6981//6981
f 6981//6981 7029//7029 7030//7030
f 6981//6981 7030//7030 6982//6982
f 6982//6982 7030//7030 7031//7031
f 6982//6982 7031//7031 6983//6983
f 6983//6983 7031//7031 7032//7032
f 6983//6983 7032//7032 6984//6984
f 6984//6984 7032//7032 7033//7033
f 6984//6984 7033//7033 6985//6985
f 6985//6985 7033//7033 7034//7034
f 6985//6985 7034//7034 6986//6986
f 6986//6986 7034//7034 7035//7035
f 6986//6986 7035//7035 6987//6987
f 6987//6987 7035//7035 7036//7036
f 6987//6987 7036//7036 6988//6988
f 6988//6988 7036//7036 7037//7037
f 6988//6988 7037//7037 6989//6989
f 6989//6989 7037//7037 7038//7038
f 6989//6989 7038//7038 6990//6990
f 6990//6990 7038//7038 7039//7039
f 6990//6990 7039//7039 6991//6991
f 6991//6991 7039//7039 7040//7040
f 6991//6991 7040//7040 6992//6992
f 6992//6992 7040//7040 7041//7041
f 6992//6992 7041//7041 6993//6993
f 6993//6993 7041//7041 7042//7042
f 6993//6993 7042//7042 6994//6994
f 6994//6994 7042//7042 7043//7043
f 6994//6994 7043//7043 6995//6995
f 6995//6995 7043//7043 7044//7044
f 6995//6995 7044//7044 6996//6996
f 6996//6996 7044//7044 7045//7045
f 6996//6996 7045//7045 6997//6997
f 6997//6997 7045//7045 7046//7046
f 6997//6997 7046//7046 6998//6998
f 6998//6998 7046//7046 7047//7047
f 6998//6998 7047//7047 6999//6999
f 6999//6999 7047//7047 7048//7048
f 6999//6999 7048//7048 7000//7000
f 7000//7000 7048//7048 7049//7049
f 7000//7000 7049//7049 7001//7001
f 7001//7001 7049//7049 7050//7050
f 7001//7001 7050//7050 7002//7002
f 7002//7002 7050//7050 7051//7051
f 7002//7002 7051//7051 7003//7003
f 7003//7003 7051//7051 7052//7052
f 7003//7003 7052//7052 7004//7004
f 7004//7004 7052//7052 7053//7053
f 7004//7004 7053//7053 7005//7005
f 7005//7005 7053//7053 7054//7054
f 7005//7005 7054//7054 7006//7006
f 7006//7006 7054//7054 7055//7055
f 7006//7006 7055//7055 7007//7007
f 7007//7007 7055//7055 7056//7056
f 7007//7007 7056//7056 7008//7008
f 7008//7008 7056//7056 7009//7009
f 7008//7008 7009//7009 6961//6961
f 7009//7009 7057//7057 7058//7058
f 7009//7009 7058//7058 7010//7010
f 7010//7010 7058//7058 7059//7059
f 7010//7010 7059//7059 7011//7011
f 7011//7011 7059//7059 7060//7060
f 7011//7011 7060//7060 7012//7012
f 7012//7012 7060//7060 7061//7061
f 7012//7012 7061//7061 7013//7013
f 7013//7013 7061//7061 7062//7062
f 7013//7013 7062//7062 7014//7014
f 7014//7014 7062//7062 7063//7063
f 7014//7014 7063//7063 7015//7015
f 7015//7015 7063//7063 7064//7064
f 7015//7015 7064//7064 7016//7016
f 7016//7016 7064//7064 7065//7065
f 7016//7016 7065//7065 7017//7017
f 7017//7017 7065//7065 7066//7066
f 7017//7017 7066//7066 7018//7018
f 7018//7018 7066//7066 7067//7067
f 7018//7018 7067//7067 7019//7019
f 7019//7019 7067//7067 7068//7068
f 7019//7019 7068//7068 7020//7020
f 7020//7020 7068//7068 7069//7069
f 7020//7020 7069//7069 7021//7021
f 7021//7021 7069//7069 7070//7070
f 7021//7021 7070//7070 7022//7022
f 7022//7022 7070//7070 7071//7071
f 7022//7022 7071//7071 7023//7023
f 7023//7023 7071//7071 7072//7072
f 7023//7023 7072//7072 7024//7024
f 7024//7024 7072//7072 7073//7073
f 7024//7024 7073//7073 7025//7025
f 7025//7025 7073//7073 7074//7074
f 7025//7025 7074//7074 7026//7026
f 7026//7026 7074//7074 7075//7075
f 7026//7026 7075//7075 7027//7027
f 7027//7027 7075//7075 7076//7076
f 7027//7027 7076//7076 7028//7028
f 7028//7028 7076//7076 7077//7077
f 7028//7028 7077//7077 7029//7029
f 7029//7029 7077//7077 7078//7078
f 7029//7029 7078//7078 7030//7030
f 7030//7030 7078//7078 7079//7079
f 7030//7030 7079//7079 7031//7031
f 7031//7031 7079//7079 7080//7080
f 7031//7031 7080//7080 7032//7032
f 7032//7032 7080//7080 7081//7081
f 7032//7032 7081//7081 7033//7033
f 7033//7033 7081//7081 7082//7082
f 7033//7033 7082//7082 7034//7034
f 7034//7034 7082//7082 7083//7083
f 7034//7034 7083//7083 7035//7035
f 7035//7035 7083//7083 7084//7084
f 7035//7035 7084//7084 7036//7036
f 7036//7036 7084//7084 7085//7085
f 7036//7036 7085//7085 7037//7037
f 7037//7037 7085//7085 7086//7086
f 7037//7037 7086//7086 7038//7038
f 7038//7038 7086//7086 7087//7087
f 7038//7038 7087//7087 7039//7039
f 7039//7039 7087//7087 7088//7088
f 7039//7039 7088//7088 7040//7040
f 7040//7040 7088//7088 7089//7089
f 7040//7040 7089//7089 7041//7041
f 7041//7041 7089//7089 7090//7090
f 7041//7041 7090//7090 7042//7042
f 7042//7042 7090//7090 7091//7091
f 7042//7042 7091//7091 7043//7043
f 7043//7043 7091//7091 7092//7092
f 7043//7043 7092//7092 7044//7044
f 7044//7044 7092//7092 7093//7093
f 7044//7044 7093//7093 7045//7045
f 7045//7045 7093//7093 7094//7094
f 7045//7045 7094//7094 7046//7046
f 7046//7046 7094//7094 7095//7095
f 7046//7046 7095//7095 7047//7047
f 7047//7047 7095//7095 7096//7096
f 7047//7047 7096//7096 7048//7048
f 7048//7048 7096//7096 7097//7097
f 7048//7048 7097//7097 7049//7049
f 7049//7049 7097//7097 7098//7098
f 7049//7049 7098//7098 7050//7050
f 7050//7050 7098//7098 7099//7099
f 7050//7050 7099//7099 7051//7051
f 7051//7051 7099//7099 7100//7100
f 7051//7051 7100//7100 7052//7052
f 7052//7052 7100//7100 7101//7101
f 7052//7052 7101//7101 7053//7053
f 7053//7053 7101//7101 7102//7102
f 7053//7053 7102//7102 7054//7054
f 7054//7054 7102//7102 7103//7103
f 7054//7054 7103//7103 7055//7055
f 7055//7055 7103//7103 7104//7104
f 7055//7055 7104//7104 7056//7056
f 7056//7056 7104//7104 7057//7057
f 7056//7056 7057//7057 7009//7009
f 7057//7057 7105//7105 7106//7106
f 7057//7057 7106//7106 7058//7058
f 7058//7058 7106//7106 7107//7107
f 7058//7058 7107//7107 7059//7059
f 7059//7059 7107//7107 7108//7108
f 7059//7059 7108//7108 7060//7060
f 7060//7060 7108//7108 7109//7109
f 7060//7060 7109//7109 7061//7061
f 7061//7061 7109//7109 7110//7110
f 7061//7061 7110//7110 7062//7062
f 7062//7062 7110//7110 7111//7111
f 7062//7062 7111//7111 7063//7063
f 7063//7063 7111//7111 7112//7112
f 7063//7063 7112//7112 7064//7064
f 7064//7064 7112//7112 7113//7113
f 7064//7064 7113//7113 7065//7065
f 7065//7065 7113//7113 7114//7114
f 7065//7065 7114//7114 7066//7066
f 7066//7066 7114//7114 7115//7115
f 7066//7066 7115//7115 7067//7067
f 7067//7067 7115//7115 7116//7116
f 7067//7067 7116//7116 7068//7068
f 7068//7068 7116//7116 7117//7117
f 7068//7068 7117//7117 7069//7069
f 7069//7069 7117//7117 7118//7118
f 7069//7069 7118//7118 7070//7070
f 7070//7070 7118//7118 7119//7119
f 7070//7070 7119//7119 7071//7071
f 7071//7071 7119//7119 7120//7120
f 7071//7071 7120//7120 7072//7072
f 7072//7072 7120//7120 7121//7121
f 7072//7072 7121//7121 7073//7073
f 7073//7073 7121//7121 7122//7122
f 7073//7073 7122//7122 7074//7074
f 7074//7074 7122//7122 7123//7123
f 7074//7074 7123//7123 7075//7075
f 7075//7075 7123//7123 7124//7124
f 7075//7075 7124//7124 7076//7076
f 7076//7076 7124//7124 7125//7125
f 7076//7076 7125//7125 7077//7077
f 7077//7077 7125//7125 7126//7126
f 7077//7077 7126//7126 7078//7078
f 7078//7078 7126//7126 7127//7127
f 7078//7078 7127//7127 7079//7079
f 7079//7079 7127//7127 7128//7128
f 7079//7079 7128//7128 7080//7080
f 7080//7080 7128//7128 7129//7129
f 7080//7080 7129//7129 7081//7081
f 7081//7081 7129//7129 7130//7130
f 7081//7081 7130//7130 7082//7082
f 7082//7082 7130//7130 7131//7131
f 7082//7082 7131//7131 7083//7083
f 7083//7083 7131//7131 7132//7132
f 7083//7083 7132//7132 7084//7084
f 7084//7084 7132//7132 7133//7133
f 7084//7084 7133//7133 7085//7085
f 7085//7085 7133//7133 7134//7134
f 7085//7085 7134//7134 7086//7086
f 7086//7086 7134//7134 7135//7135
f 7086//7086 7135//7135 7087//7087
f 7087//7087 7135//7135 7136//7136
f 7087//7087 7136//7136 7088//7088
f 7088//7088 7136//7136 7137//7137
f 7088//7088 7137//7137 7089//7089
f 7089//7089 7137//7137 7138//7138
f 7089//7089 7138//7138 7090//7090
f 7090//7090 7138//7138 7139//7139
f 7090//7090 7139//7139 7091//7091
f 7091//7091 7139//7139 7140//7140
f 7091//7091 7140//7140 7092//7092
f 7092//7092 7140//7140 7141//7141
f 7092//7092 7141//7141 7093//7093
f 7093//7093 7141//7141 7142//7142
f 7093//7093 7142//7142 7094//7094
f 7094//7094 7142//7142 7143//7143
f 7094//7094 7143//7143 7095//7095
f 7095//7095 7143//7143 7144//7144
f 7095//7095 7144//7144 7096//7096
f 7096//7096 7144//7144 7145//7145
f 7096//7096 7145//7145 7097//7097
f 7097//7097 7145//7145 7146//7146
f 7097//7097 7146//7146 7098//7098
f 7098//7098 7146//7146 7147//7147
f 7098//7098 7147//7147 7099//7099
f 7099//7099 7147//7147 7148//7148
f 7099//7099 7148//7148 7100//7100
f 7100//7100 7148//7148 7149//7149
f 7100//7100 7149//7149 7101//7101
f 7101//7101 7149//7149 7150//7150
f 7101//7101 7150//7150 7102//7102
f 7102//7102 7150//7150 7151//7151
f 7102//7102 7151//7151 7103//7103
f 7103//7103 7151//7151 7152//7152
f 7103//7103 7152//7152 7104//7104
f 7104//7104 7152//7152 7105//7105
f 7104//7104 7105//7105 7057//7057
f 7105//7105 7153//7153 7154//7154
f 7105//7105 7154//7154 7106//7106
f 7106//7106 7154//7154 7155//7155
f 7106//7106 7155//7155 7107//7107
f 7107//7107 7155//7155 7156//7156
f 7107//7107 7156//7156 7108//7108
f 7108//7108 7156//7156 7157//7157
f 7108//7108 7157//7157 7109//7109
f 7109//7109 7157//7157 7158//7158
f 7109//7109 7158//7158 7110//7110
f 7110//7110 7158//7158 7159//7159
f 7110//7110 7159//7159 7111//7111
f 7111//7111 7159//7159 7160//7160
f 7111//7111 7160//7160 7112//7112
f 7112//7112 7160//7160 7161//7161
f 7112//7112 7161//7161 7113//7113
f 7113//7113 7161//7161 7162//7162
f 7113//7113 7162//7162 7114//7114
f 7114//7114 7162//7162 7163//7163
f 7114//7114 7163//7163 7115//7115
f 7115//7115 7163//7163 7164//7164
f 7115//7115 7164//7164 7116//7116
f 7116//7116 7164//7164 7165//7165
f 7116//7116 7165//7165 7117//7117
f 7117//7117 7165//7165 7166//7166
f 7117//7117 7166//7166 7118//7118
f 7118//7118 7166//7166 7167//7167
f 7118//7118 7167//7167 7119//7119
f 7119//7119 7167//7167 7168//7168
f 7119//7119 7168//7168 7120//7120
f 7120//7120 7168//7168 7169//7169
f 7120//7120 7169//7169 7121//7121
f 7121//7121 7169//7169 7170//7170
f 7121//7121 7170//7170 7122//7122
f 7122//7122 7170//7170 7171//7171
f 7122//7122 7171//7171 7123//7123
f 7123//7123 7171//7171 7172//7172
f 7123//7123 7172//7172 7124//7124
f 7124//7124 7172//7172 7173//7173
f 7124//7124 7173//7173 7125//7125
f 7125//7125 7173//7173 7174//7174
f 7125//7125 7174//7174 7126//7126
f 7126//7126 7174//7174 7175//7175
f 7126//7126 7175//7175 7127//7127
f 7127//7127 7175//7175 7176//7176
f 7127//7127 7176//7176 7128//7128
f 7128//7128 7176//7176 7177//7177
f 7128//7128 7177//7177 7129//7129
f 7129//7129 7177//7177 7178//7178
f 7129//7129 7178//7178 7130//7130
f 7130//7130 7178//7178 7179//7179
f 7130//7130 7179//7179 7131//7131
f 7131//7131 7179//7179 7180//7180
f 7131//7131 7180//7180 7132//7132
f 7132//7132 7180//7180 7181//7181
f 7132//7132 7181//7181 7133//7133
f 7133//7133 7181//7181 7182//7182
f 7133//7133 7182//7182 7134//7134
f 7134//7134 7182//7182 7183//7183
f 7134//7134 7183//7183 7135//7135
f 7135//7135 7183//7183 7184//7184
f 7135//7135 7184//7184 7136//7136
f 7136//7136 7184//7184 7185//7185
f 7136//7136 7185//7185 7137//7137
f 7137//7137 7185//7185 7186//7186
f 7137//7137 7186//7186 7138//7138
f 7138//7138 7186//7186 7187//7187
f 7138//7138 7187//7187 7139//7139
f 7139//7139 7187//7187 7188//7188
f 7139//7139 7188//7188 7140//7140
f 7140//7140 7188//7188 7189//7189
f 7140//7140 7189//7189 7141//7141
f 7141//7141 7189//7189 7190//7190
f 7141//7141 7190//7190 7142//7142
f 7142//7142 7190//7190 7191//7191
f 7142//7142 7191//7191 7143//7143
f 7143//7143 7191//7191 7192//7192
f 7143//7143 7192//7192 7144//7144
f 7144//7144 7192//7192 7193//7193
f 7144//7144 7193//7193 7145//7145
f 7145//7145 7193//7193 7194//7194
f 7145//7145 7194//7194 7146//7146
f 7146//7146 7194//7194 7195//7195
f 7146//7146 7195//7195 7147//7147
f 7147//7147 7195//7195 7196//7196
f 7147//7147 7196//7196 7148//7148
f 7148//7148 7196//7196 7197//7197
f 7148//7148 7197//7197 7149//7149
f 7149//7149 7197//7197 7198//7198
f 7149//7149 7198//7198 7150//7150
f 7150//7150 7198//7198 7199//7199
f 7150//7150 7199//7199 7151//7151
f 7151//7151 7199//7199 7200//7200
f 7151//7151 7200//7200 7152//7152
f 7152//7152 7200//7200 7153//7153
f 7152//7152 7153//7153 7105//7105
