# pychap pore pathway mesh, coloured by hydrophobicity (kcal/mol)
# 150 rings x 24 vertices
mtllib pathway.mtl
v 0.0000 7.6437 -20.0000
v -2.0622 7.3602 -20.0000
v -3.9715 6.5309 -20.0000
v -5.5863 5.2172 -20.0000
v -6.7867 3.5166 -20.0000
v -7.4838 1.5552 -20.0000
v -7.6259 -0.5216 -20.0000
v -7.2024 -2.5597 -20.0000
v -6.2447 -4.4080 -20.0000
v -4.8238 -5.9293 -20.0000
v -3.0453 -7.0109 -20.0000
v -1.0408 -7.5725 -20.0000
v 1.0408 -7.5725 -20.0000
v 3.0453 -7.0109 -20.0000
v 4.8238 -5.9293 -20.0000
v 6.2447 -4.4080 -20.0000
v 7.2024 -2.5597 -20.0000
v 7.6259 -0.5216 -20.0000
v 7.4838 1.5552 -20.0000
v 6.7867 3.5166 -20.0000
v 5.5863 5.2172 -20.0000
v 3.9715 6.5309 -20.0000
v 2.0622 7.3602 -20.0000
v 0.0000 7.6437 -20.0000
v 0.0000 7.5542 -19.7315
v -2.0381 7.2741 -19.7315
v -3.9251 6.4545 -19.7315
v -5.5209 5.1562 -19.7315
v -6.7073 3.4754 -19.7315
v -7.3962 1.5370 -19.7315
v -7.5366 -0.5155 -19.7315
v -7.1180 -2.5298 -19.7315
v -6.1716 -4.3564 -19.7315
v -4.7674 -5.8599 -19.7315
v -3.0096 -6.9288 -19.7315
v -1.0286 -7.4839 -19.7315
v 1.0286 -7.4839 -19.7315
v 3.0096 -6.9288 -19.7315
v 4.7674 -5.8599 -19.7315
v 6.1716 -4.3564 -19.7315
v 7.1180 -2.5298 -19.7315
v 7.5366 -0.5155 -19.7315
v 7.3962 1.5370 -19.7315
v 6.7073 3.4754 -19.7315
v 5.5209 5.1562 -19.7315
v 3.9251 6.4545 -19.7315
v 2.0381 7.2741 -19.7315
v 0.0000 7.5542 -19.7315
v 0.0000 7.4723 -19.4631
v -2.0160 7.1952 -19.4631
v -3.8825 6.3845 -19.4631
v -5.4610 5.1002 -19.4631
v -6.6346 3.4377 -19.4631
v -7.3160 1.5203 -19.4631
v -7.4549 -0.5099 -19.4631
v -7.0409 -2.5023 -19.4631
v -6.1047 -4.3091 -19.4631
v -4.7157 -5.7964 -19.4631
v -2.9770 -6.8537 -19.4631
v -1.0175 -7.4027 -19.4631
v 1.0175 -7.4027 -19.4631
v 2.9770 -6.8537 -19.4631
v 4.7157 -5.7964 -19.4631
v 6.1047 -4.3091 -19.4631
v 7.0409 -2.5023 -19.4631
v 7.4549 -0.5099 -19.4631
v 7.3160 1.5203 -19.4631
v 6.6346 3.4377 -19.4631
v 5.4610 5.1002 -19.4631
v 3.8825 6.3845 -19.4631
v 2.0160 7.1952 -19.4631
v 0.0000 7.4723 -19.4631
v 0.0000 7.3982 -19.1946
v -1.9960 7.1238 -19.1946
v -3.8440 6.3212 -19.1946
v -5.4069 5.0497 -19.1946
v -6.5687 3.4036 -19.1946
v -7.2434 1.5052 -19.1946
v -7.3809 -0.5049 -19.1946
v -6.9710 -2.4775 -19.1946
v -6.0441 -4.2664 -19.1946
v -4.6689 -5.7389 -19.1946
v -2.9474 -6.7857 -19.1946
v -1.0074 -7.3293 -19.1946
v 1.0074 -7.3293 -19.1946
v 2.9474 -6.7857 -19.1946
v 4.6689 -5.7389 -19.1946
v 6.0441 -4.2664 -19.1946
v 6.9710 -2.4775 -19.1946
v 7.3809 -0.5049 -19.1946
v 7.2434 1.5052 -19.1946
v 6.5687 3.4036 -19.1946
v 5.4069 5.0497 -19.1946
v 3.8440 6.3212 -19.1946
v 1.9960 7.1238 -19.1946
v 0.0000 7.3982 -19.1946
v 0.0000 7.0911 -18.9262
v -1.9132 6.8282 -18.9262
v -3.6844 6.0588 -18.9262
v -5.1824 4.8401 -18.9262
v -6.2961 3.2624 -18.9262
v -6.9428 1.4427 -18.9262
v -7.0746 -0.4839 -18.9262
v -6.6817 -2.3747 -18.9262
v -5.7932 -4.0893 -18.9262
v -4.4751 -5.5007 -18.9262
v -2.8251 -6.5040 -18.9262
v -0.9656 -7.0251 -18.9262
v 0.9656 -7.0251 -18.9262
v 2.8251 -6.5040 -18.9262
v 4.4751 -5.5007 -18.9262
v 5.7932 -4.0893 -18.9262
v 6.6817 -2.3747 -18.9262
v 7.0746 -0.4839 -18.9262
v 6.9428 1.4427 -18.9262
v 6.2961 3.2624 -18.9262
v 5.1824 4.8401 -18.9262
v 3.6844 6.0588 -18.9262
v 1.9132 6.8282 -18.9262
v 0.0000 7.0911 -18.9262
v 0.0000 6.9979 -18.6577
v -1.8880 6.7384 -18.6577
v -3.6360 5.9792 -18.6577
v -5.1143 4.7765 -18.6577
v -6.2134 3.2195 -18.6577
v -6.8516 1.4238 -18.6577
v -6.9816 -0.4776 -18.6577
v -6.5939 -2.3435 -18.6577
v -5.7171 -4.0356 -18.6577
v -4.4163 -5.4284 -18.6577
v -2.7880 -6.4186 -18.6577
v -0.9529 -6.9327 -18.6577
v 0.9529 -6.9327 -18.6577
v 2.7880 -6.4186 -18.6577
v 4.4163 -5.4284 -18.6577
v 5.7171 -4.0356 -18.6577
v 6.5939 -2.3435 -18.6577
v 6.9816 -0.4776 -18.6577
v 6.8516 1.4238 -18.6577
v 6.2134 3.2195 -18.6577
v 5.1143 4.7765 -18.6577
v 3.6360 5.9792 -18.6577
v 1.8880 6.7384 -18.6577
v 0.0000 6.9979 -18.6577
v 0.0000 6.9128 -18.3893
v -1.8650 6.6564 -18.3893
v -3.5918 5.9064 -18.3893
v -5.0521 4.7183 -18.3893
v -6.1377 3.1803 -18.3893
v -6.7682 1.4064 -18.3893
v -6.8966 -0.4717 -18.3893
v -6.5136 -2.3149 -18.3893
v -5.6475 -3.9865 -18.3893
v -4.3626 -5.3623 -18.3893
v -2.7541 -6.3405 -18.3893
v -0.9413 -6.8484 -18.3893
v 0.9413 -6.8484 -18.3893
v 2.7541 -6.3405 -18.3893
v 4.3626 -5.3623 -18.3893
v 5.6475 -3.9865 -18.3893
v 6.5136 -2.3149 -18.3893
v 6.8966 -0.4717 -18.3893
v 6.7682 1.4064 -18.3893
v 6.1377 3.1803 -18.3893
v 5.0521 4.7183 -18.3893
v 3.5918 5.9064 -18.3893
v 1.8650 6.6564 -18.3893
v 0.0000 6.9128 -18.3893
v 0.0000 6.8359 -18.1208
v -1.8443 6.5824 -18.1208
v -3.5518 5.8407 -18.1208
v -4.9959 4.6658 -18.1208
v -6.0695 3.1449 -18.1208
v -6.6929 1.3908 -18.1208
v -6.8199 -0.4665 -18.1208
v -6.4412 -2.2892 -18.1208
v -5.5847 -3.9421 -18.1208
v -4.3140 -5.3027 -18.1208
v -2.7234 -6.2699 -18.1208
v -0.9308 -6.7722 -18.1208
v 0.9308 -6.7722 -18.1208
v 2.7234 -6.2699 -18.1208
v 4.3140 -5.3027 -18.1208
v 5.5847 -3.9421 -18.1208
v 6.4412 -2.2892 -18.1208
v 6.8199 -0.4665 -18.1208
v 6.6929 1.3908 -18.1208
v 6.0695 3.1449 -18.1208
v 4.9959 4.6658 -18.1208
v 3.5518 5.8407 -18.1208
v 1.8443 6.5824 -18.1208
v 0.0000 6.8359 -18.1208
v 0.0000 6.5724 -17.8523
v -1.7732 6.3287 -17.8523
v -3.4149 5.6156 -17.8523
v -4.8033 4.4860 -17.8523
v -5.8355 3.0237 -17.8523
v -6.4349 1.3372 -17.8523
v -6.5571 -0.4485 -17.8523
v -6.1929 -2.2010 -17.8523
v -5.3694 -3.7902 -17.8523
v -4.1478 -5.0983 -17.8523
v -2.6184 -6.0283 -17.8523
v -0.8949 -6.5112 -17.8523
v 0.8949 -6.5112 -17.8523
v 2.6184 -6.0283 -17.8523
v 4.1478 -5.0983 -17.8523
v 5.3694 -3.7902 -17.8523
v 6.1929 -2.2010 -17.8523
v 6.5571 -0.4485 -17.8523
v 6.4349 1.3372 -17.8523
v 5.8355 3.0237 -17.8523
v 4.8033 4.4860 -17.8523
v 3.4149 5.6156 -17.8523
v 1.7732 6.3287 -17.8523
v 0.0000 6.5724 -17.8523
v 0.0000 6.4754 -17.5839
v -1.7470 6.2353 -17.5839
v -3.3645 5.5327 -17.5839
v -4.7324 4.4198 -17.5839
v -5.7494 2.9791 -17.5839
v -6.3400 1.3175 -17.5839
v -6.4603 -0.4419 -17.5839
v -6.1015 -2.1685 -17.5839
v -5.2902 -3.7342 -17.5839
v -4.0865 -5.0230 -17.5839
v -2.5798 -5.9393 -17.5839
v -0.8817 -6.4151 -17.5839
v 0.8817 -6.4151 -17.5839
v 2.5798 -5.9393 -17.5839
v 4.0865 -5.0230 -17.5839
v 5.2902 -3.7342 -17.5839
v 6.1015 -2.1685 -17.5839
v 6.4603 -0.4419 -17.5839
v 6.3400 1.3175 -17.5839
v 5.7494 2.9791 -17.5839
v 4.7324 4.4198 -17.5839
v 3.3645 5.5327 -17.5839
v 1.7470 6.2353 -17.5839
v 0.0000 6.4754 -17.5839
v 0.0000 6.3869 -17.3154
v -1.7232 6.1500 -17.3154
v -3.3185 5.4571 -17.3154
v -4.6678 4.3594 -17.3154
v -5.6708 2.9384 -17.3154
v -6.2533 1.2994 -17.3154
v -6.3720 -0.4359 -17.3154
v -6.0181 -2.1388 -17.3154
v -5.2179 -3.6832 -17.3154
v -4.0307 -4.9544 -17.3154
v -2.5445 -5.8581 -17.3154
v -0.8697 -6.3274 -17.3154
v 0.8697 -6.3274 -17.3154
v 2.5445 -5.8581 -17.3154
v 4.0307 -4.9544 -17.3154
v 5.2179 -3.6832 -17.3154
v 6.0181 -2.1388 -17.3154
v 6.3720 -0.4359 -17.3154
v 6.2533 1.2994 -17.3154
v 5.6708 2.9384 -17.3154
v 4.6678 4.3594 -17.3154
v 3.3185 5.4571 -17.3154
v 1.7232 6.1500 -17.3154
v 0.0000 6.3869 -17.3154
v 0.0000 6.3072 -17.0470
v -1.7016 6.0733 -17.0470
v -3.2771 5.3890 -17.0470
v -4.6095 4.3050 -17.0470
v -5.6000 2.9017 -17.0470
v -6.1752 1.2832 -17.0470
v -6.2924 -0.4304 -17.0470
v -5.9430 -2.1121 -17.0470
v -5.1528 -3.6372 -17.0470
v -3.9804 -4.8925 -17.0470
v -2.5128 -5.7850 -17.0470
v -0.8588 -6.2484 -17.0470
v 0.8588 -6.2484 -17.0470
v 2.5128 -5.7850 -17.0470
v 3.9804 -4.8925 -17.0470
v 5.1528 -3.6372 -17.0470
v 5.9430 -2.1121 -17.0470
v 6.2924 -0.4304 -17.0470
v 6.1752 1.2832 -17.0470
v 5.6000 2.9017 -17.0470
v 4.6095 4.3050 -17.0470
v 3.2771 5.3890 -17.0470
v 1.7016 6.0733 -17.0470
v 0.0000 6.3072 -17.0470
v 0.0000 6.0874 -16.7785
v -1.6423 5.8616 -16.7785
v -3.1629 5.2012 -16.7785
v -4.4489 4.1549 -16.7785
v -5.4049 2.8006 -16.7785
v -5.9600 1.2385 -16.7785
v -6.0732 -0.4154 -16.7785
v -5.7359 -2.0385 -16.7785
v -4.9732 -3.5105 -16.7785
v -3.8417 -4.7220 -16.7785
v -2.4252 -5.5834 -16.7785
v -0.8289 -6.0307 -16.7785
v 0.8289 -6.0307 -16.7785
v 2.4252 -5.5834 -16.7785
v 3.8417 -4.7220 -16.7785
v 4.9732 -3.5105 -16.7785
v 5.7359 -2.0385 -16.7785
v 6.0732 -0.4154 -16.7785
v 5.9600 1.2385 -16.7785
v 5.4049 2.8006 -16.7785
v 4.4489 4.1549 -16.7785
v 3.1629 5.2012 -16.7785
v 1.6423 5.8616 -16.7785
v 0.0000 6.0874 -16.7785
v 0.0000 5.9864 -16.5101
v -1.6151 5.7644 -16.5101
v -3.1105 5.1149 -16.5101
v -4.3751 4.0861 -16.5101
v -5.3153 2.7541 -16.5101
v -5.8612 1.2180 -16.5101
v -5.9725 -0.4085 -16.5101
v -5.6408 -2.0047 -16.5101
v -4.8907 -3.4523 -16.5101
v -3.7780 -4.6437 -16.5101
v -2.3850 -5.4908 -16.5101
v -0.8152 -5.9307 -16.5101
v 0.8152 -5.9307 -16.5101
v 2.3850 -5.4908 -16.5101
v 3.7780 -4.6437 -16.5101
v 4.8907 -3.4523 -16.5101
v 5.6408 -2.0047 -16.5101
v 5.9725 -0.4085 -16.5101
v 5.8612 1.2180 -16.5101
v 5.3153 2.7541 -16.5101
v 4.3751 4.0861 -16.5101
v 3.1105 5.1149 -16.5101
v 1.6151 5.7644 -16.5101
v 0.0000 5.9864 -16.5101
v 0.0000 5.8945 -16.2416
v -1.5903 5.6759 -16.2416
v -3.0627 5.0364 -16.2416
v -4.3079 4.0233 -16.2416
v -5.2336 2.7119 -16.2416
v -5.7712 1.1993 -16.2416
v -5.8808 -0.4023 -16.2416
v -5.5542 -1.9739 -16.2416
v -4.8156 -3.3992 -16.2416
v -3.7200 -4.5724 -16.2416
v -2.3484 -5.4065 -16.2416
v -0.8026 -5.8396 -16.2416
v 0.8026 -5.8396 -16.2416
v 2.3484 -5.4065 -16.2416
v 3.7200 -4.5724 -16.2416
v 4.8156 -3.3992 -16.2416
v 5.5542 -1.9739 -16.2416
v 5.8808 -0.4023 -16.2416
v 5.7712 1.1993 -16.2416
v 5.2336 2.7119 -16.2416
v 4.3079 4.0233 -16.2416
v 3.0627 5.0364 -16.2416
v 1.5903 5.6759 -16.2416
v 0.0000 5.8945 -16.2416
v 0.0000 5.7497 -15.9732
v -1.5512 5.5364 -15.9732
v -2.9874 4.9126 -15.9732
v -4.2021 3.9244 -15.9732
v -5.1050 2.6452 -15.9732
v -5.6294 1.1698 -15.9732
v -5.7362 -0.3924 -15.9732
v -5.4177 -1.9254 -15.9732
v -4.6973 -3.3157 -15.9732
v -3.6285 -4.4601 -15.9732
v -2.2907 -5.2736 -15.9732
v -0.7829 -5.6961 -15.9732
v 0.7829 -5.6961 -15.9732
v 2.2907 -5.2736 -15.9732
v 3.6285 -4.4601 -15.9732
v 4.6973 -3.3157 -15.9732
v 5.4177 -1.9254 -15.9732
v 5.7362 -0.3924 -15.9732
v 5.6294 1.1698 -15.9732
v 5.1050 2.6452 -15.9732
v 4.2021 3.9244 -15.9732
v 2.9874 4.9126 -15.9732
v 1.5512 5.5364 -15.9732
v 0.0000 5.7497 -15.9732
v 0.0000 5.6357 -15.7047
v -1.5205 5.4267 -15.7047
v -2.9282 4.8153 -15.7047
v -4.1188 3.8467 -15.7047
v -5.0039 2.5928 -15.7047
v -5.5178 1.1466 -15.7047
v -5.6226 -0.3846 -15.7047
v -5.3103 -1.8873 -15.7047
v -4.6042 -3.2500 -15.7047
v -3.5566 -4.3717 -15.7047
v -2.2453 -5.1691 -15.7047
v -0.7674 -5.5832 -15.7047
v 0.7674 -5.5832 -15.7047
v 2.2453 -5.1691 -15.7047
v 3.5566 -4.3717 -15.7047
v 4.6042 -3.2500 -15.7047
v 5.3103 -1.8873 -15.7047
v 5.6226 -0.3846 -15.7047
v 5.5178 1.1466 -15.7047
v 5.0039 2.5928 -15.7047
v 4.1188 3.8467 -15.7047
v 2.9282 4.8153 -15.7047
v 1.5205 5.4267 -15.7047
v 0.0000 5.6357 -15.7047
v 0.0000 5.5309 -15.4362
v -1.4922 5.3258 -15.4362
v -2.8737 4.7257 -15.4362
v -4.0421 3.7751 -15.4362
v -4.9108 2.5446 -15.4362
v -5.4152 1.1253 -15.4362
v -5.5180 -0.3774 -15.4362
v -5.2115 -1.8522 -15.4362
v -4.5185 -3.1895 -15.4362
v -3.4905 -4.2903 -15.4362
v -2.2035 -5.0730 -15.4362
v -0.7531 -5.4793 -15.4362
v 0.7531 -5.4793 -15.4362
v 2.2035 -5.0730 -15.4362
v 3.4905 -4.2903 -15.4362
v 4.5185 -3.1895 -15.4362
v 5.2115 -1.8522 -15.4362
v 5.5180 -0.3774 -15.4362
v 5.4152 1.1253 -15.4362
v 4.9108 2.5446 -15.4362
v 4.0421 3.7751 -15.4362
v 2.8737 4.7257 -15.4362
v 1.4922 5.3258 -15.4362
v 0.0000 5.5309 -15.4362
v 0.0000 5.4355 -15.1678
v -1.4665 5.2339 -15.1678
v -2.8242 4.6442 -15.1678
v -3.9724 3.7100 -15.1678
v -4.8261 2.5007 -15.1678
v -5.3218 1.1059 -15.1678
v -5.4228 -0.3709 -15.1678
v -5.1216 -1.8202 -15.1678
v -4.4406 -3.1345 -15.1678
v -3.4303 -4.2164 -15.1678
v -2.1655 -4.9855 -15.1678
v -0.7401 -5.3849 -15.1678
v 0.7401 -5.3849 -15.1678
v 2.1655 -4.9855 -15.1678
v 3.4303 -4.2164 -15.1678
v 4.4406 -3.1345 -15.1678
v 5.1216 -1.8202 -15.1678
v 5.4228 -0.3709 -15.1678
v 5.3218 1.1059 -15.1678
v 4.8261 2.5007 -15.1678
v 3.9724 3.7100 -15.1678
v 2.8242 4.6442 -15.1678
v 1.4665 5.2339 -15.1678
v 0.0000 5.4355 -15.1678
v 0.0000 5.3356 -14.8993
v -1.4395 5.1377 -14.8993
v -2.7723 4.5588 -14.8993
v -3.8994 3.6418 -14.8993
v -4.7374 2.4547 -14.8993
v -5.2240 1.0856 -14.8993
v -5.3231 -0.3641 -14.8993
v -5.0275 -1.7868 -14.8993
v -4.3590 -3.0769 -14.8993
v -3.3672 -4.1389 -14.8993
v -2.1257 -4.8938 -14.8993
v -0.7265 -5.2859 -14.8993
v 0.7265 -5.2859 -14.8993
v 2.1257 -4.8938 -14.8993
v 3.3672 -4.1389 -14.8993
v 4.3590 -3.0769 -14.8993
v 5.0275 -1.7868 -14.8993
v 5.3231 -0.3641 -14.8993
v 5.2240 1.0856 -14.8993
v 4.7374 2.4547 -14.8993
v 3.8994 3.6418 -14.8993
v 2.7723 4.5588 -14.8993
v 1.4395 5.1377 -14.8993
v 0.0000 5.3356 -14.8993
v 0.0000 5.2172 -14.6309
v -1.4076 5.0237 -14.6309
v -2.7108 4.4577 -14.6309
v -3.8129 3.5610 -14.6309
v -4.6323 2.4003 -14.6309
v -5.1081 1.0615 -14.6309
v -5.2051 -0.3560 -14.6309
v -4.9160 -1.7471 -14.6309
v -4.2623 -3.0087 -14.6309
v -3.2925 -4.0471 -14.6309
v -2.0785 -4.7853 -14.6309
v -0.7104 -5.1686 -14.6309
v 0.7104 -5.1686 -14.6309
v 2.0785 -4.7853 -14.6309
v 3.2925 -4.0471 -14.6309
v 4.2623 -3.0087 -14.6309
v 4.9160 -1.7471 -14.6309
v 5.2051 -0.3560 -14.6309
v 5.1081 1.0615 -14.6309
v 4.6323 2.4003 -14.6309
v 3.8129 3.5610 -14.6309
v 2.7108 4.4577 -14.6309
v 1.4076 5.0237 -14.6309
v 0.0000 5.2172 -14.6309
v 0.0000 5.1084 -14.3624
v -1.3782 4.9190 -14.3624
v -2.6542 4.3647 -14.3624
v -3.7334 3.4867 -14.3624
v -4.5357 2.3502 -14.3624
v -5.0015 1.0393 -14.3624
v -5.0965 -0.3486 -14.3624
v -4.8134 -1.7107 -14.3624
v -4.1734 -2.9459 -14.3624
v -3.2238 -3.9626 -14.3624
v -2.0352 -4.6855 -14.3624
v -0.6956 -5.0608 -14.3624
v 0.6956 -5.0608 -14.3624
v 2.0352 -4.6855 -14.3624
v 3.2238 -3.9626 -14.3624
v 4.1734 -2.9459 -14.3624
v 4.8134 -1.7107 -14.3624
v 5.0965 -0.3486 -14.3624
v 5.0015 1.0393 -14.3624
v 4.5357 2.3502 -14.3624
v 3.7334 3.4867 -14.3624
v 2.6542 4.3647 -14.3624
v 1.3782 4.9190 -14.3624
v 0.0000 5.1084 -14.3624
v 0.0000 5.0096 -14.0940
v -1.3516 4.8238 -14.0940
v -2.6029 4.2803 -14.0940
v -3.6612 3.4193 -14.0940
v -4.4479 2.3047 -14.0940
v -4.9048 1.0192 -14.0940
v -4.9979 -0.3419 -14.0940
v -4.7203 -1.6776 -14.0940
v -4.0927 -2.8889 -14.0940
v -3.1615 -3.8860 -14.0940
v -1.9958 -4.5948 -14.0940
v -0.6821 -4.9629 -14.0940
v 0.6821 -4.9629 -14.0940
v 1.9958 -4.5948 -14.0940
v 3.1615 -3.8860 -14.0940
v 4.0927 -2.8889 -14.0940
v 4.7203 -1.6776 -14.0940
v 4.9979 -0.3419 -14.0940
v 4.9048 1.0192 -14.0940
v 4.4479 2.3047 -14.0940
v 3.6612 3.4193 -14.0940
v 2.6029 4.2803 -14.0940
v 1.3516 4.8238 -14.0940
v 0.0000 5.0096 -14.0940
v 0.0000 4.9213 -13.8255
v -1.3278 4.7388 -13.8255
v -2.5570 4.2049 -13.8255
v -3.5967 3.3591 -13.8255
v -4.3696 2.2641 -13.8255
v -4.8184 1.0013 -13.8255
v -4.9099 -0.3358 -13.8255
v -4.6372 -1.6481 -13.8255
v -4.0206 -2.8380 -13.8255
v -3.1058 -3.8175 -13.8255
v -1.9607 -4.5139 -13.8255
v -0.6701 -4.8755 -13.8255
v 0.6701 -4.8755 -13.8255
v 1.9607 -4.5139 -13.8255
v 3.1058 -3.8175 -13.8255
v 4.0206 -2.8380 -13.8255
v 4.6372 -1.6481 -13.8255
v 4.9099 -0.3358 -13.8255
v 4.8184 1.0013 -13.8255
v 4.3696 2.2641 -13.8255
v 3.5967 3.3591 -13.8255
v 2.5570 4.2049 -13.8255
v 1.3278 4.7388 -13.8255
v 0.0000 4.9213 -13.8255
v 0.0000 4.8315 -13.5570
v -1.3035 4.6523 -13.5570
v -2.5104 4.1281 -13.5570
v -3.5310 3.2977 -13.5570
v -4.2898 2.2228 -13.5570
v -4.7304 0.9830 -13.5570
v -4.8202 -0.3297 -13.5570
v -4.5525 -1.6180 -13.5570
v -3.9472 -2.7862 -13.5570
v -3.0491 -3.7478 -13.5570
v -1.9249 -4.4315 -13.5570
v -0.6579 -4.7865 -13.5570
v 0.6579 -4.7865 -13.5570
v 1.9249 -4.4315 -13.5570
v 3.0491 -3.7478 -13.5570
v 3.9472 -2.7862 -13.5570
v 4.5525 -1.6180 -13.5570
v 4.8202 -0.3297 -13.5570
v 4.7304 0.9830 -13.5570
v 4.2898 2.2228 -13.5570
v 3.5310 3.2977 -13.5570
v 2.5104 4.1281 -13.5570
v 1.3035 4.6523 -13.5570
v 0.0000 4.8315 -13.5570
v 0.0000 4.7187 -13.2886
v -1.2731 4.5438 -13.2886
v -2.4518 4.0318 -13.2886
v -3.4486 3.2208 -13.2886
v -4.1897 2.1709 -13.2886
v -4.6200 0.9601 -13.2886
v -4.7077 -0.3220 -13.2886
v -4.4463 -1.5802 -13.2886
v -3.8551 -2.7212 -13.2886
v -2.9779 -3.6604 -13.2886
v -1.8800 -4.3281 -13.2886
v -0.6425 -4.6748 -13.2886
v 0.6425 -4.6748 -13.2886
v 1.8800 -4.3281 -13.2886
v 2.9779 -3.6604 -13.2886
v 3.8551 -2.7212 -13.2886
v 4.4463 -1.5802 -13.2886
v 4.7077 -0.3220 -13.2886
v 4.6200 0.9601 -13.2886
v 4.1897 2.1709 -13.2886
v 3.4486 3.2208 -13.2886
v 2.4518 4.0318 -13.2886
v 1.2731 4.5438 -13.2886
v 0.0000 4.7187 -13.2886
v 0.0000 4.6166 -13.0201
v -1.2455 4.4454 -13.0201
v -2.3987 3.9445 -13.0201
v -3.3740 3.1511 -13.0201
v -4.0990 2.1239 -13.0201
v -4.5200 0.9393 -13.0201
v -4.6058 -0.3150 -13.0201
v -4.3500 -1.5460 -13.0201
v -3.7716 -2.6623 -13.0201
v -2.9135 -3.5811 -13.0201
v -1.8393 -4.2344 -13.0201
v -0.6286 -4.5736 -13.0201
v 0.6286 -4.5736 -13.0201
v 1.8393 -4.2344 -13.0201
v 2.9135 -3.5811 -13.0201
v 3.7716 -2.6623 -13.0201
v 4.3500 -1.5460 -13.0201
v 4.6058 -0.3150 -13.0201
v 4.5200 0.9393 -13.0201
v 4.0990 2.1239 -13.0201
v 3.3740 3.1511 -13.0201
v 2.3987 3.9445 -13.0201
v 1.2455 4.4454 -13.0201
v 0.0000 4.6166 -13.0201
v 0.0000 4.5256 -12.7517
v -1.2210 4.3578 -12.7517
v -2.3514 3.8668 -12.7517
v -3.3075 3.0890 -12.7517
v -4.0182 2.0821 -12.7517
v -4.4310 0.9208 -12.7517
v -4.5151 -0.3088 -12.7517
v -4.2643 -1.5155 -12.7517
v -3.6973 -2.6098 -12.7517
v -2.8561 -3.5106 -12.7517
v -1.8030 -4.1509 -12.7517
v -0.6162 -4.4835 -12.7517
v 0.6162 -4.4835 -12.7517
v 1.8030 -4.1509 -12.7517
v 2.8561 -3.5106 -12.7517
v 3.6973 -2.6098 -12.7517
v 4.2643 -1.5155 -12.7517
v 4.5151 -0.3088 -12.7517
v 4.4310 0.9208 -12.7517
v 4.0182 2.0821 -12.7517
v 3.3075 3.0890 -12.7517
v 2.3514 3.8668 -12.7517
v 1.2210 4.3578 -12.7517
v 0.0000 4.5256 -12.7517
v 0.0000 4.4464 -12.4832
v -1.1996 4.2815 -12.4832
v -2.3103 3.7991 -12.4832
v -3.2496 3.0349 -12.4832
v -3.9479 2.0456 -12.4832
v -4.3534 0.9046 -12.4832
v -4.4360 -0.3034 -12.4832
v -4.1896 -1.4890 -12.4832
v -3.6326 -2.5641 -12.4832
v -2.8061 -3.4491 -12.4832
v -1.7714 -4.0783 -12.4832
v -0.6054 -4.4050 -12.4832
v 0.6054 -4.4050 -12.4832
v 1.7714 -4.0783 -12.4832
v 2.8061 -3.4491 -12.4832
v 3.6326 -2.5641 -12.4832
v 4.1896 -1.4890 -12.4832
v 4.4360 -0.3034 -12.4832
v 4.3534 0.9046 -12.4832
v 3.9479 2.0456 -12.4832
v 3.2496 3.0349 -12.4832
v 2.3103 3.7991 -12.4832
v 1.1996 4.2815 -12.4832
v 0.0000 4.4464 -12.4832
v 0.0000 4.3616 -12.2148
v -1.1767 4.1998 -12.2148
v -2.2662 3.7266 -12.2148
v -3.1876 2.9770 -12.2148
v -3.8726 2.0066 -12.2148
v -4.2703 0.8874 -12.2148
v -4.3514 -0.2976 -12.2148
v -4.1097 -1.4606 -12.2148
v -3.5633 -2.5152 -12.2148
v -2.7525 -3.3833 -12.2148
v -1.7377 -4.0005 -12.2148
v -0.5939 -4.3210 -12.2148
v 0.5939 -4.3210 -12.2148
v 1.7377 -4.0005 -12.2148
v 2.7525 -3.3833 -12.2148
v 3.5633 -2.5152 -12.2148
v 4.1097 -1.4606 -12.2148
v 4.3514 -0.2976 -12.2148
v 4.2703 0.8874 -12.2148
v 3.8726 2.0066 -12.2148
v 3.1876 2.9770 -12.2148
v 2.2662 3.7266 -12.2148
v 1.1767 4.1998 -12.2148
v 0.0000 4.3616 -12.2148
v 0.0000 4.2562 -11.9463
v -1.1483 4.0984 -11.9463
v -2.2115 3.6366 -11.9463
v -3.1106 2.9051 -11.9463
v -3.7790 1.9581 -11.9463
v -4.1672 0.8660 -11.9463
v -4.2463 -0.2905 -11.9463
v -4.0105 -1.4253 -11.9463
v -3.4772 -2.4545 -11.9463
v -2.6861 -3.3016 -11.9463
v -1.6957 -3.9039 -11.9463
v -0.5796 -4.2166 -11.9463
v 0.5796 -4.2166 -11.9463
v 1.6957 -3.9039 -11.9463
v 2.6861 -3.3016 -11.9463
v 3.4772 -2.4545 -11.9463
v 4.0105 -1.4253 -11.9463
v 4.2463 -0.2905 -11.9463
v 4.1672 0.8660 -11.9463
v 3.7790 1.9581 -11.9463
v 3.1106 2.9051 -11.9463
v 2.2115 3.6366 -11.9463
v 1.1483 4.0984 -11.9463
v 0.0000 4.2562 -11.9463
v 0.0000 4.1627 -11.6779
v -1.1231 4.0084 -11.6779
v -2.1629 3.5567 -11.6779
v -3.0423 2.8413 -11.6779
v -3.6960 1.9151 -11.6779
v -4.0757 0.8469 -11.6779
v -4.1530 -0.2841 -11.6779
v -3.9224 -1.3940 -11.6779
v -3.4008 -2.4006 -11.6779
v -2.6270 -3.2291 -11.6779
v -1.6584 -3.8181 -11.6779
v -0.5668 -4.1239 -11.6779
v 0.5668 -4.1239 -11.6779
v 1.6584 -3.8181 -11.6779
v 2.6270 -3.2291 -11.6779
v 3.4008 -2.4006 -11.6779
v 3.9224 -1.3940 -11.6779
v 4.1530 -0.2841 -11.6779
v 4.0757 0.8469 -11.6779
v 3.6960 1.9151 -11.6779
v 3.0423 2.8413 -11.6779
v 2.1629 3.5567 -11.6779
v 1.1231 4.0084 -11.6779
v 0.0000 4.1627 -11.6779
v 0.0000 4.0817 -11.4094
v -1.1012 3.9303 -11.4094
v -2.1208 3.4875 -11.4094
v -2.9831 2.7860 -11.4094
v -3.6241 1.8778 -11.4094
v -3.9963 0.8304 -11.4094
v -4.0722 -0.2785 -11.4094
v -3.8460 -1.3669 -11.4094
v -3.3346 -2.3538 -11.4094
v -2.5759 -3.1662 -11.4094
v -1.6262 -3.7438 -11.4094
v -0.5558 -4.0437 -11.4094
v 0.5558 -4.0437 -11.4094
v 1.6262 -3.7438 -11.4094
v 2.5759 -3.1662 -11.4094
v 3.3346 -2.3538 -11.4094
v 3.8460 -1.3669 -11.4094
v 4.0722 -0.2785 -11.4094
v 3.9963 0.8304 -11.4094
v 3.6241 1.8778 -11.4094
v 2.9831 2.7860 -11.4094
v 2.1208 3.4875 -11.4094
v 1.1012 3.9303 -11.4094
v 0.0000 4.0817 -11.4094
v 0.0000 4.0138 -11.1409
v -1.0829 3.8649 -11.1409
v -2.0855 3.4294 -11.1409
v -2.9334 2.7396 -11.1409
v -3.5638 1.8466 -11.1409
v -3.9298 0.8166 -11.1409
v -4.0044 -0.2739 -11.1409
v -3.7820 -1.3441 -11.1409
v -3.2791 -2.3147 -11.1409
v -2.5330 -3.1135 -11.1409
v -1.5991 -3.6815 -11.1409
v -0.5465 -3.9764 -11.1409
v 0.5465 -3.9764 -11.1409
v 1.5991 -3.6815 -11.1409
v 2.5330 -3.1135 -11.1409
v 3.2791 -2.3147 -11.1409
v 3.7820 -1.3441 -11.1409
v 4.0044 -0.2739 -11.1409
v 3.9298 0.8166 -11.1409
v 3.5638 1.8466 -11.1409
v 2.9334 2.7396 -11.1409
v 2.0855 3.4294 -11.1409
v 1.0829 3.8649 -11.1409
v 0.0000 4.0138 -11.1409
v 0.0000 3.9282 -10.8725
v -1.0598 3.7826 -10.8725
v -2.0410 3.3563 -10.8725
v -2.8709 2.6812 -10.8725
v -3.4878 1.8072 -10.8725
v -3.8461 0.7992 -10.8725
v -3.9191 -0.2681 -10.8725
v -3.7014 -1.3155 -10.8725
v -3.2092 -2.2653 -10.8725
v -2.4791 -3.0472 -10.8725
v -1.5650 -3.6030 -10.8725
v -0.5349 -3.8916 -10.8725
v 0.5349 -3.8916 -10.8725
v 1.5650 -3.6030 -10.8725
v 2.4791 -3.0472 -10.8725
v 3.2092 -2.2653 -10.8725
v 3.7014 -1.3155 -10.8725
v 3.9191 -0.2681 -10.8725
v 3.8461 0.7992 -10.8725
v 3.4878 1.8072 -10.8725
v 2.8709 2.6812 -10.8725
v 2.0410 3.3563 -10.8725
v 1.0598 3.7826 -10.8725
v 0.0000 3.9282 -10.8725
v 0.0000 3.8324 -10.6040
v -1.0340 3.6903 -10.6040
v -1.9913 3.2745 -10.6040
v -2.8009 2.6158 -10.6040
v -3.4028 1.7632 -10.6040
v -3.7523 0.7797 -10.6040
v -3.8235 -0.2615 -10.6040
v -3.6111 -1.2834 -10.6040
v -3.1310 -2.2101 -10.6040
v -2.4186 -2.9729 -10.6040
v -1.5268 -3.5151 -10.6040
v -0.5218 -3.7967 -10.6040
v 0.5218 -3.7967 -10.6040
v 1.5268 -3.5151 -10.6040
v 2.4186 -2.9729 -10.6040
v 3.1310 -2.2101 -10.6040
v 3.6111 -1.2834 -10.6040
v 3.8235 -0.2615 -10.6040
v 3.7523 0.7797 -10.6040
v 3.4028 1.7632 -10.6040
v 2.8009 2.6158 -10.6040
v 1.9913 3.2745 -10.6040
v 1.0340 3.6903 -10.6040
v 0.0000 3.8324 -10.6040
v 0.0000 3.7499 -10.3356
v -1.0117 3.6109 -10.3356
v -1.9484 3.2040 -10.3356
v -2.7406 2.5595 -10.3356
v -3.3295 1.7252 -10.3356
v -3.6715 0.7629 -10.3356
v -3.7412 -0.2559 -10.3356
v -3.5334 -1.2558 -10.3356
v -3.0636 -2.1625 -10.3356
v -2.3665 -2.9089 -10.3356
v -1.4940 -3.4395 -10.3356
v -0.5106 -3.7150 -10.3356
v 0.5106 -3.7150 -10.3356
v 1.4940 -3.4395 -10.3356
v 2.3665 -2.9089 -10.3356
v 3.0636 -2.1625 -10.3356
v 3.5334 -1.2558 -10.3356
v 3.7412 -0.2559 -10.3356
v 3.6715 0.7629 -10.3356
v 3.3295 1.7252 -10.3356
v 2.7406 2.5595 -10.3356
v 1.9484 3.2040 -10.3356
v 1.0117 3.6109 -10.3356
v 0.0000 3.7499 -10.3356
v 0.0000 3.6814 -10.0671
v -0.9932 3.5449 -10.0671
v -1.9128 3.1454 -10.0671
v -2.6905 2.5127 -10.0671
v -3.2686 1.6937 -10.0671
v -3.6044 0.7490 -10.0671
v -3.6728 -0.2512 -10.0671
v -3.4688 -1.2328 -10.0671
v -3.0076 -2.1230 -10.0671
v -2.3233 -2.8557 -10.0671
v -1.4667 -3.3766 -10.0671
v -0.5013 -3.6471 -10.0671
v 0.5013 -3.6471 -10.0671
v 1.4667 -3.3766 -10.0671
v 2.3233 -2.8557 -10.0671
v 3.0076 -2.1230 -10.0671
v 3.4688 -1.2328 -10.0671
v 3.6728 -0.2512 -10.0671
v 3.6044 0.7490 -10.0671
v 3.2686 1.6937 -10.0671
v 2.6905 2.5127 -10.0671
v 1.9128 3.1454 -10.0671
v 0.9932 3.5449 -10.0671
v 0.0000 3.6814 -10.0671
v 0.0000 3.6275 -9.7987
v -0.9787 3.4929 -9.7987
v -1.8848 3.0994 -9.7987
v -2.6511 2.4759 -9.7987
v -3.2208 1.6689 -9.7987
v -3.5516 0.7380 -9.7987
v -3.6190 -0.2475 -9.7987
v -3.4180 -1.2148 -9.7987
v -2.9635 -2.0919 -9.7987
v -2.2892 -2.8139 -9.7987
v -1.4452 -3.3271 -9.7987
v -0.4939 -3.5937 -9.7987
v 0.4939 -3.5937 -9.7987
v 1.4452 -3.3271 -9.7987
v 2.2892 -2.8139 -9.7987
v 2.9635 -2.0919 -9.7987
v 3.4180 -1.2148 -9.7987
v 3.6190 -0.2475 -9.7987
v 3.5516 0.7380 -9.7987
v 3.2208 1.6689 -9.7987
v 2.6511 2.4759 -9.7987
v 1.8848 3.0994 -9.7987
v 0.9787 3.4929 -9.7987
v 0.0000 3.6275 -9.7987
v 0.0000 3.5346 -9.5302
v -0.9536 3.4035 -9.5302
v -1.8365 3.0200 -9.5302
v -2.5832 2.4125 -9.5302
v -3.1383 1.6261 -9.5302
v -3.4606 0.7191 -9.5302
v -3.5263 -0.2412 -9.5302
v -3.3305 -1.1836 -9.5302
v -2.8876 -2.0383 -9.5302
v -2.2306 -2.7418 -9.5302
v -1.4082 -3.2419 -9.5302
v -0.4813 -3.5016 -9.5302
v 0.4813 -3.5016 -9.5302
v 1.4082 -3.2419 -9.5302
v 2.2306 -2.7418 -9.5302
v 2.8876 -2.0383 -9.5302
v 3.3305 -1.1836 -9.5302
v 3.5263 -0.2412 -9.5302
v 3.4606 0.7191 -9.5302
v 3.1383 1.6261 -9.5302
v 2.5832 2.4125 -9.5302
v 1.8365 3.0200 -9.5302
v 0.9536 3.4035 -9.5302
v 0.0000 3.5346 -9.5302
v 0.0000 3.4509 -9.2617
v -0.9311 3.3230 -9.2617
v -1.7930 2.9485 -9.2617
v -2.5221 2.3554 -9.2617
v -3.0640 1.5877 -9.2617
v -3.3788 0.7021 -9.2617
v -3.4429 -0.2355 -9.2617
v -3.2517 -1.1556 -9.2617
v -2.8193 -1.9901 -9.2617
v -2.1778 -2.6769 -9.2617
v -1.3749 -3.1652 -9.2617
v -0.4699 -3.4188 -9.2617
v 0.4699 -3.4188 -9.2617
v 1.3749 -3.1652 -9.2617
v 2.1778 -2.6769 -9.2617
v 2.8193 -1.9901 -9.2617
v 3.2517 -1.1556 -9.2617
v 3.4429 -0.2355 -9.2617
v 3.3788 0.7021 -9.2617
v 3.0640 1.5877 -9.2617
v 2.5221 2.3554 -9.2617
v 1.7930 2.9485 -9.2617
v 0.9311 3.3230 -9.2617
v 0.0000 3.4509 -9.2617
v 0.0000 3.3822 -8.9933
v -0.9125 3.2568 -8.9933
v -1.7573 2.8898 -8.9933
v -2.4718 2.3085 -8.9933
v -3.0030 1.5560 -8.9933
v -3.3115 0.6881 -8.9933
v -3.3743 -0.2308 -8.9933
v -3.1869 -1.1326 -8.9933
v -2.7632 -1.9505 -8.9933
v -2.1345 -2.6236 -8.9933
v -1.3475 -3.1022 -8.9933
v -0.4605 -3.3507 -8.9933
v 0.4605 -3.3507 -8.9933
v 1.3475 -3.1022 -8.9933
v 2.1345 -2.6236 -8.9933
v 2.7632 -1.9505 -8.9933
v 3.1869 -1.1326 -8.9933
v 3.3743 -0.2308 -8.9933
v 3.3115 0.6881 -8.9933
v 3.0030 1.5560 -8.9933
v 2.4718 2.3085 -8.9933
v 1.7573 2.8898 -8.9933
v 0.9125 3.2568 -8.9933
v 0.0000 3.3822 -8.9933
v 0.0000 3.3291 -8.7248
v -0.8982 3.2057 -8.7248
v -1.7298 2.8445 -8.7248
v -2.4330 2.2723 -8.7248
v -2.9559 1.5316 -8.7248
v -3.2595 0.6773 -8.7248
v -3.3214 -0.2272 -8.7248
v -3.1369 -1.1149 -8.7248
v -2.7198 -1.9198 -8.7248
v -2.1010 -2.5824 -8.7248
v -1.3263 -3.0535 -8.7248
v -0.4533 -3.2981 -8.7248
v 0.4533 -3.2981 -8.7248
v 1.3263 -3.0535 -8.7248
v 2.1010 -2.5824 -8.7248
v 2.7198 -1.9198 -8.7248
v 3.1369 -1.1149 -8.7248
v 3.3214 -0.2272 -8.7248
v 3.2595 0.6773 -8.7248
v 2.9559 1.5316 -8.7248
v 2.4330 2.2723 -8.7248
v 1.7298 2.8445 -8.7248
v 0.8982 3.2057 -8.7248
v 0.0000 3.3291 -8.7248
v 0.0000 3.2689 -8.4564
v -0.8819 3.1477 -8.4564
v -1.6985 2.7930 -8.4564
v -2.3890 2.2312 -8.4564
v -2.9024 1.5039 -8.4564
v -3.2005 0.6651 -8.4564
v -3.2613 -0.2231 -8.4564
v -3.0802 -1.0947 -8.4564
v -2.6706 -1.8851 -8.4564
v -2.0630 -2.5357 -8.4564
v -1.3023 -2.9983 -8.4564
v -0.4451 -3.2385 -8.4564
v 0.4451 -3.2385 -8.4564
v 1.3023 -2.9983 -8.4564
v 2.0630 -2.5357 -8.4564
v 2.6706 -1.8851 -8.4564
v 3.0802 -1.0947 -8.4564
v 3.2613 -0.2231 -8.4564
v 3.2005 0.6651 -8.4564
v 2.9024 1.5039 -8.4564
v 2.3890 2.2312 -8.4564
v 1.6985 2.7930 -8.4564
v 0.8819 3.1477 -8.4564
v 0.0000 3.2689 -8.4564
v 0.0000 3.1847 -8.1879
v -0.8592 3.0666 -8.1879
v -1.6547 2.7211 -8.1879
v -2.3275 2.1737 -8.1879
v -2.8276 1.4652 -8.1879
v -3.1181 0.6479 -8.1879
v -3.1773 -0.2173 -8.1879
v -3.0008 -1.0665 -8.1879
v -2.6018 -1.8365 -8.1879
v -2.0098 -2.4704 -8.1879
v -1.2688 -2.9210 -8.1879
v -0.4336 -3.1550 -8.1879
v 0.4336 -3.1550 -8.1879
v 1.2688 -2.9210 -8.1879
v 2.0098 -2.4704 -8.1879
v 2.6018 -1.8365 -8.1879
v 3.0008 -1.0665 -8.1879
v 3.1773 -0.2173 -8.1879
v 3.1181 0.6479 -8.1879
v 2.8276 1.4652 -8.1879
v 2.3275 2.1737 -8.1879
v 1.6547 2.7211 -8.1879
v 0.8592 3.0666 -8.1879
v 0.0000 3.1847 -8.1879
v 0.0000 3.1163 -7.9195
v -0.8408 3.0008 -7.9195
v -1.6192 2.6626 -7.9195
v -2.2775 2.1270 -7.9195
v -2.7669 1.4337 -7.9195
v -3.0511 0.6340 -7.9195
v -3.1090 -0.2127 -7.9195
v -2.9364 -1.0436 -7.9195
v -2.5459 -1.7971 -7.9195
v -1.9667 -2.4174 -7.9195
v -1.2415 -2.8583 -7.9195
v -0.4243 -3.0873 -7.9195
v 0.4243 -3.0873 -7.9195
v 1.2415 -2.8583 -7.9195
v 1.9667 -2.4174 -7.9195
v 2.5459 -1.7971 -7.9195
v 2.9364 -1.0436 -7.9195
v 3.1090 -0.2127 -7.9195
v 3.0511 0.6340 -7.9195
v 2.7669 1.4337 -7.9195
v 2.2775 2.1270 -7.9195
v 1.6192 2.6626 -7.9195
v 0.8408 3.0008 -7.9195
v 0.0000 3.1163 -7.9195
v 0.0000 3.0646 -7.6510
v -0.8268 2.9510 -7.6510
v -1.5923 2.6185 -7.6510
v -2.2397 2.0918 -7.6510
v -2.7210 1.4099 -7.6510
v -3.0005 0.6235 -7.6510
v -3.0575 -0.2091 -7.6510
v -2.8877 -1.0263 -7.6510
v -2.5037 -1.7673 -7.6510
v -1.9340 -2.3772 -7.6510
v -1.2209 -2.8109 -7.6510
v -0.4173 -3.0361 -7.6510
v 0.4173 -3.0361 -7.6510
v 1.2209 -2.8109 -7.6510
v 1.9340 -2.3772 -7.6510
v 2.5037 -1.7673 -7.6510
v 2.8877 -1.0263 -7.6510
v 3.0575 -0.2091 -7.6510
v 3.0005 0.6235 -7.6510
v 2.7210 1.4099 -7.6510
v 2.2397 2.0918 -7.6510
v 1.5923 2.6185 -7.6510
v 0.8268 2.9510 -7.6510
v 0.0000 3.0646 -7.6510
v 0.0000 3.0299 -7.3826
v -0.8175 2.9175 -7.3826
v -1.5743 2.5888 -7.3826
v -2.2143 2.0681 -7.3826
v -2.6902 1.3939 -7.3826
v -2.9665 0.6164 -7.3826
v -3.0228 -0.2068 -7.3826
v -2.8549 -1.0146 -7.3826
v -2.4753 -1.7473 -7.3826
v -1.9121 -2.3503 -7.3826
v -1.2071 -2.7790 -7.3826
v -0.4126 -3.0017 -7.3826
v 0.4126 -3.0017 -7.3826
v 1.2071 -2.7790 -7.3826
v 1.9121 -2.3503 -7.3826
v 2.4753 -1.7473 -7.3826
v 2.8549 -1.0146 -7.3826
v 3.0228 -0.2068 -7.3826
v 2.9665 0.6164 -7.3826
v 2.6902 1.3939 -7.3826
v 2.2143 2.0681 -7.3826
v 1.5743 2.5888 -7.3826
v 0.8175 2.9175 -7.3826
v 0.0000 3.0299 -7.3826
v 0.0000 2.9511 -7.1141
v -0.7962 2.8417 -7.1141
v -1.5334 2.5215 -7.1141
v -2.1568 2.0143 -7.1141
v -2.6203 1.3577 -7.1141
v -2.8894 0.6004 -7.1141
v -2.9443 -0.2014 -7.1141
v -2.7808 -0.9883 -7.1141
v -2.4110 -1.7019 -7.1141
v -1.8624 -2.2892 -7.1141
v -1.1757 -2.7068 -7.1141
v -0.4018 -2.9237 -7.1141
v 0.4018 -2.9237 -7.1141
v 1.1757 -2.7068 -7.1141
v 1.8624 -2.2892 -7.1141
v 2.4110 -1.7019 -7.1141
v 2.7808 -0.9883 -7.1141
v 2.9443 -0.2014 -7.1141
v 2.8894 0.6004 -7.1141
v 2.6203 1.3577 -7.1141
v 2.1568 2.0143 -7.1141
v 1.5334 2.5215 -7.1141
v 0.7962 2.8417 -7.1141
v 0.0000 2.9511 -7.1141
v 0.0000 2.8837 -6.8456
v -0.7780 2.7768 -6.8456
v -1.4983 2.4639 -6.8456
v -2.1075 1.9683 -6.8456
v -2.5604 1.3267 -6.8456
v -2.8234 0.5867 -6.8456
v -2.8770 -0.1968 -6.8456
v -2.7172 -0.9657 -6.8456
v -2.3559 -1.6630 -6.8456
v -1.8199 -2.2369 -6.8456
v -1.1489 -2.6450 -6.8456
v -0.3927 -2.8569 -6.8456
v 0.3927 -2.8569 -6.8456
v 1.1489 -2.6450 -6.8456
v 1.8199 -2.2369 -6.8456
v 2.3559 -1.6630 -6.8456
v 2.7172 -0.9657 -6.8456
v 2.8770 -0.1968 -6.8456
v 2.8234 0.5867 -6.8456
v 2.5604 1.3267 -6.8456
v 2.1075 1.9683 -6.8456
v 1.4983 2.4639 -6.8456
v 0.7780 2.7768 -6.8456
v 0.0000 2.8837 -6.8456
v 0.0000 2.8340 -6.5772
v -0.7646 2.7289 -6.5772
v -1.4725 2.4215 -6.5772
v -2.0712 1.9344 -6.5772
v -2.5163 1.3038 -6.5772
v -2.7748 0.5766 -6.5772
v -2.8274 -0.1934 -6.5772
v -2.6704 -0.9491 -6.5772
v -2.3153 -1.6343 -6.5772
v -1.7885 -2.1984 -6.5772
v -1.1291 -2.5994 -6.5772
v -0.3859 -2.8076 -6.5772
v 0.3859 -2.8076 -6.5772
v 1.1291 -2.5994 -6.5772
v 1.7885 -2.1984 -6.5772
v 2.3153 -1.6343 -6.5772
v 2.6704 -0.9491 -6.5772
v 2.8274 -0.1934 -6.5772
v 2.7748 0.5766 -6.5772
v 2.5163 1.3038 -6.5772
v 2.0712 1.9344 -6.5772
v 1.4725 2.4215 -6.5772
v 0.7646 2.7289 -6.5772
v 0.0000 2.8340 -6.5772
v 0.0000 2.8028 -6.3087
v -0.7562 2.6988 -6.3087
v -1.4563 2.3947 -6.3087
v -2.0484 1.9130 -6.3087
v -2.4885 1.2895 -6.3087
v -2.7441 0.5702 -6.3087
v -2.7962 -0.1913 -6.3087
v -2.6409 -0.9386 -6.3087
v -2.2898 -1.6163 -6.3087
v -1.7688 -2.1741 -6.3087
v -1.1166 -2.5707 -6.3087
v -0.3816 -2.7767 -6.3087
v 0.3816 -2.7767 -6.3087
v 1.1166 -2.5707 -6.3087
v 1.7688 -2.1741 -6.3087
v 2.2898 -1.6163 -6.3087
v 2.6409 -0.9386 -6.3087
v 2.7962 -0.1913 -6.3087
v 2.7441 0.5702 -6.3087
v 2.4885 1.2895 -6.3087
v 2.0484 1.9130 -6.3087
v 1.4563 2.3947 -6.3087
v 0.7562 2.6988 -6.3087
v 0.0000 2.8028 -6.3087
v 0.0000 2.7504 -6.0403
v -0.7420 2.6484 -6.0403
v -1.4291 2.3500 -6.0403
v -2.0101 1.8773 -6.0403
v -2.4420 1.2654 -6.0403
v -2.6929 0.5596 -6.0403
v -2.7440 -0.1877 -6.0403
v -2.5916 -0.9210 -6.0403
v -2.2470 -1.5861 -6.0403
v -1.7357 -2.1335 -6.0403
v -1.0958 -2.5227 -6.0403
v -0.3745 -2.7248 -6.0403
v 0.3745 -2.7248 -6.0403
v 1.0958 -2.5227 -6.0403
v 1.7357 -2.1335 -6.0403
v 2.2470 -1.5861 -6.0403
v 2.5916 -0.9210 -6.0403
v 2.7440 -0.1877 -6.0403
v 2.6929 0.5596 -6.0403
v 2.4420 1.2654 -6.0403
v 2.0101 1.8773 -6.0403
v 1.4291 2.3500 -6.0403
v 0.7420 2.6484 -6.0403
v 0.0000 2.7504 -6.0403
v 0.0000 2.6847 -5.7718
v -0.7243 2.5851 -5.7718
v -1.3949 2.2938 -5.7718
v -1.9620 1.8324 -5.7718
v -2.3837 1.2351 -5.7718
v -2.6285 0.5462 -5.7718
v -2.6784 -0.1832 -5.7718
v -2.5296 -0.8990 -5.7718
v -2.1933 -1.5482 -5.7718
v -1.6943 -2.0825 -5.7718
v -1.0696 -2.4624 -5.7718
v -0.3656 -2.6596 -5.7718
v 0.3656 -2.6596 -5.7718
v 1.0696 -2.4624 -5.7718
v 1.6943 -2.0825 -5.7718
v 2.1933 -1.5482 -5.7718
v 2.5296 -0.8990 -5.7718
v 2.6784 -0.1832 -5.7718
v 2.6285 0.5462 -5.7718
v 2.3837 1.2351 -5.7718
v 1.9620 1.8324 -5.7718
v 1.3949 2.2938 -5.7718
v 0.7243 2.5851 -5.7718
v 0.0000 2.6847 -5.7718
v 0.0000 2.6377 -5.5034
v -0.7116 2.5399 -5.5034
v -1.3705 2.2537 -5.5034
v -1.9277 1.8004 -5.5034
v -2.3419 1.2135 -5.5034
v -2.5825 0.5367 -5.5034
v -2.6315 -0.1800 -5.5034
v -2.4854 -0.8833 -5.5034
v -2.1549 -1.5211 -5.5034
v -1.6646 -2.0461 -5.5034
v -1.0509 -2.4193 -5.5034
v -0.3592 -2.6131 -5.5034
v 0.3592 -2.6131 -5.5034
v 1.0509 -2.4193 -5.5034
v 1.6646 -2.0461 -5.5034
v 2.1549 -1.5211 -5.5034
v 2.4854 -0.8833 -5.5034
v 2.6315 -0.1800 -5.5034
v 2.5825 0.5367 -5.5034
v 2.3419 1.2135 -5.5034
v 1.9277 1.8004 -5.5034
v 1.3705 2.2537 -5.5034
v 0.7116 2.5399 -5.5034
v 0.0000 2.6377 -5.5034
v 0.0000 2.6102 -5.2349
v -0.7042 2.5134 -5.2349
v -1.3562 2.2302 -5.2349
v -1.9076 1.7816 -5.2349
v -2.3175 1.2009 -5.2349
v -2.5556 0.5311 -5.2349
v -2.6041 -0.1781 -5.2349
v -2.4595 -0.8741 -5.2349
v -2.1324 -1.5052 -5.2349
v -1.6473 -2.0248 -5.2349
v -1.0399 -2.3941 -5.2349
v -0.3554 -2.5859 -5.2349
v 0.3554 -2.5859 -5.2349
v 1.0399 -2.3941 -5.2349
v 1.6473 -2.0248 -5.2349
v 2.1324 -1.5052 -5.2349
v 2.4595 -0.8741 -5.2349
v 2.6041 -0.1781 -5.2349
v 2.5556 0.5311 -5.2349
v 2.3175 1.2009 -5.2349
v 1.9076 1.7816 -5.2349
v 1.3562 2.2302 -5.2349
v 0.7042 2.5134 -5.2349
v 0.0000 2.6102 -5.2349
v 0.0000 2.5825 -4.9664
v -0.6968 2.4868 -4.9664
v -1.3418 2.2066 -4.9664
v -1.8874 1.7627 -4.9664
v -2.2930 1.1881 -4.9664
v -2.5285 0.5254 -4.9664
v -2.5765 -0.1762 -4.9664
v -2.4334 -0.8648 -4.9664
v -2.1098 -1.4893 -4.9664
v -1.6298 -2.0033 -4.9664
v -1.0289 -2.3687 -4.9664
v -0.3517 -2.5585 -4.9664
v 0.3517 -2.5585 -4.9664
v 1.0289 -2.3687 -4.9664
v 1.6298 -2.0033 -4.9664
v 2.1098 -1.4893 -4.9664
v 2.4334 -0.8648 -4.9664
v 2.5765 -0.1762 -4.9664
v 2.5285 0.5254 -4.9664
v 2.2930 1.1881 -4.9664
v 1.8874 1.7627 -4.9664
v 1.3418 2.2066 -4.9664
v 0.6968 2.4868 -4.9664
v 0.0000 2.5825 -4.9664
v 0.0000 2.5193 -4.6980
v -0.6797 2.4259 -4.6980
v -1.3090 2.1525 -4.6980
v -1.8412 1.7195 -4.6980
v -2.2368 1.1590 -4.6980
v -2.4666 0.5126 -4.6980
v -2.5134 -0.1719 -4.6980
v -2.3738 -0.8437 -4.6980
v -2.0582 -1.4528 -4.6980
v -1.5899 -1.9542 -4.6980
v -1.0037 -2.3107 -4.6980
v -0.3430 -2.4958 -4.6980
v 0.3430 -2.4958 -4.6980
v 1.0037 -2.3107 -4.6980
v 1.5899 -1.9542 -4.6980
v 2.0582 -1.4528 -4.6980
v 2.3738 -0.8437 -4.6980
v 2.5134 -0.1719 -4.6980
v 2.4666 0.5126 -4.6980
v 2.2368 1.1590 -4.6980
v 1.8412 1.7195 -4.6980
v 1.3090 2.1525 -4.6980
v 0.6797 2.4259 -4.6980
v 0.0000 2.5193 -4.6980
v 0.0000 2.4758 -4.4295
v -0.6680 2.3839 -4.4295
v -1.2864 2.1153 -4.4295
v -1.8094 1.6898 -4.4295
v -2.1982 1.1390 -4.4295
v -2.4240 0.5037 -4.4295
v -2.4700 -0.1690 -4.4295
v -2.3328 -0.8291 -4.4295
v -2.0226 -1.4277 -4.4295
v -1.5624 -1.9205 -4.4295
v -0.9863 -2.2708 -4.4295
v -0.3371 -2.4527 -4.4295
v 0.3371 -2.4527 -4.4295
v 0.9863 -2.2708 -4.4295
v 1.5624 -1.9205 -4.4295
v 2.0226 -1.4277 -4.4295
v 2.3328 -0.8291 -4.4295
v 2.4700 -0.1690 -4.4295
v 2.4240 0.5037 -4.4295
v 2.1982 1.1390 -4.4295
v 1.8094 1.6898 -4.4295
v 1.2864 2.1153 -4.4295
v 0.6680 2.3839 -4.4295
v 0.0000 2.4758 -4.4295
v 0.0000 2.4527 -4.1611
v -0.6617 2.3618 -4.1611
v -1.2744 2.0957 -4.1611
v -1.7925 1.6741 -4.1611
v -2.1778 1.1284 -4.1611
v -2.4014 0.4990 -4.1611
v -2.4470 -0.1674 -4.1611
v -2.3111 -0.8214 -4.1611
v -2.0038 -1.4144 -4.1611
v -1.5479 -1.9026 -4.1611
v -0.9772 -2.2497 -4.1611
v -0.3340 -2.4299 -4.1611
v 0.3340 -2.4299 -4.1611
v 0.9772 -2.2497 -4.1611
v 1.5479 -1.9026 -4.1611
v 2.0038 -1.4144 -4.1611
v 2.3111 -0.8214 -4.1611
v 2.4470 -0.1674 -4.1611
v 2.4014 0.4990 -4.1611
v 2.1778 1.1284 -4.1611
v 1.7925 1.6741 -4.1611
v 1.2744 2.0957 -4.1611
v 0.6617 2.3618 -4.1611
v 0.0000 2.4527 -4.1611
v 0.0000 2.4471 -3.8926
v -0.6602 2.3563 -3.8926
v -1.2715 2.0908 -3.8926
v -1.7884 1.6703 -3.8926
v -2.1727 1.1258 -3.8926
v -2.3959 0.4979 -3.8926
v -2.4414 -0.1670 -3.8926
v -2.3058 -0.8195 -3.8926
v -1.9992 -1.4112 -3.8926
v -1.5443 -1.8982 -3.8926
v -0.9749 -2.2445 -3.8926
v -0.3332 -2.4243 -3.8926
v 0.3332 -2.4243 -3.8926
v 0.9749 -2.2445 -3.8926
v 1.5443 -1.8982 -3.8926
v 1.9992 -1.4112 -3.8926
v 2.3058 -0.8195 -3.8926
v 2.4414 -0.1670 -3.8926
v 2.3959 0.4979 -3.8926
v 2.1727 1.1258 -3.8926
v 1.7884 1.6703 -3.8926
v 1.2715 2.0908 -3.8926
v 0.6602 2.3563 -3.8926
v 0.0000 2.4471 -3.8926
v 0.0000 2.3879 -3.6242
v -0.6442 2.2994 -3.6242
v -1.2407 2.0403 -3.6242
v -1.7452 1.6299 -3.6242
v -2.1202 1.0986 -3.6242
v -2.3380 0.4858 -3.6242
v -2.3823 -0.1630 -3.6242
v -2.2500 -0.7997 -3.6242
v -1.9508 -1.3771 -3.6242
v -1.5070 -1.8523 -3.6242
v -0.9513 -2.1902 -3.6242
v -0.3252 -2.3657 -3.6242
v 0.3252 -2.3657 -3.6242
v 0.9513 -2.1902 -3.6242
v 1.5070 -1.8523 -3.6242
v 1.9508 -1.3771 -3.6242
v 2.2500 -0.7997 -3.6242
v 2.3823 -0.1630 -3.6242
v 2.3380 0.4858 -3.6242
v 2.1202 1.0986 -3.6242
v 1.7452 1.6299 -3.6242
v 1.2407 2.0403 -3.6242
v 0.6442 2.2994 -3.6242
v 0.0000 2.3879 -3.6242
v 0.0000 2.3486 -3.3557
v -0.6336 2.2615 -3.3557
v -1.2203 2.0067 -3.3557
v -1.7164 1.6031 -3.3557
v -2.0853 1.0805 -3.3557
v -2.2995 0.4778 -3.3557
v -2.3431 -0.1603 -3.3557
v -2.2130 -0.7865 -3.3557
v -1.9187 -1.3544 -3.3557
v -1.4822 -1.8218 -3.3557
v -0.9357 -2.1542 -3.3557
v -0.3198 -2.3267 -3.3557
v 0.3198 -2.3267 -3.3557
v 0.9357 -2.1542 -3.3557
v 1.4822 -1.8218 -3.3557
v 1.9187 -1.3544 -3.3557
v 2.2130 -0.7865 -3.3557
v 2.3431 -0.1603 -3.3557
v 2.2995 0.4778 -3.3557
v 2.0853 1.0805 -3.3557
v 1.7164 1.6031 -3.3557
v 1.2203 2.0067 -3.3557
v 0.6336 2.2615 -3.3557
v 0.0000 2.3486 -3.3557
v 0.0000 2.3307 -3.0872
v -0.6288 2.2443 -3.0872
v -1.2110 1.9914 -3.0872
v -1.7034 1.5908 -3.0872
v -2.0694 1.0723 -3.0872
v -2.2819 0.4742 -3.0872
v -2.3253 -0.1591 -3.0872
v -2.1961 -0.7805 -3.0872
v -1.9041 -1.3441 -3.0872
v -1.4709 -1.8079 -3.0872
v -0.9285 -2.1377 -3.0872
v -0.3174 -2.3090 -3.0872
v 0.3174 -2.3090 -3.0872
v 0.9285 -2.1377 -3.0872
v 1.4709 -1.8079 -3.0872
v 1.9041 -1.3441 -3.0872
v 2.1961 -0.7805 -3.0872
v 2.3253 -0.1591 -3.0872
v 2.2819 0.4742 -3.0872
v 2.0694 1.0723 -3.0872
v 1.7034 1.5908 -3.0872
v 1.2110 1.9914 -3.0872
v 0.6288 2.2443 -3.0872
v 0.0000 2.3307 -3.0872
v 0.0000 2.3345 -2.8188
v -0.6298 2.2479 -2.8188
v -1.2130 1.9946 -2.8188
v -1.7061 1.5934 -2.8188
v -2.0728 1.0740 -2.8188
v -2.2857 0.4750 -2.8188
v -2.3291 -0.1593 -2.8188
v -2.1997 -0.7818 -2.8188
v -1.9072 -1.3463 -2.8188
v -1.4733 -1.8109 -2.8188
v -0.9301 -2.1412 -2.8188
v -0.3179 -2.3128 -2.8188
v 0.3179 -2.3128 -2.8188
v 0.9301 -2.1412 -2.8188
v 1.4733 -1.8109 -2.8188
v 1.9072 -1.3463 -2.8188
v 2.1997 -0.7818 -2.8188
v 2.3291 -0.1593 -2.8188
v 2.2857 0.4750 -2.8188
v 2.0728 1.0740 -2.8188
v 1.7061 1.5934 -2.8188
v 1.2130 1.9946 -2.8188
v 0.6298 2.2479 -2.8188
v 0.0000 2.3345 -2.8188
v 0.0000 2.2909 -2.5503
v -0.6181 2.2060 -2.5503
v -1.1903 1.9574 -2.5503
v -1.6743 1.5637 -2.5503
v -2.0341 1.0540 -2.5503
v -2.2430 0.4661 -2.5503
v -2.2856 -0.1563 -2.5503
v -2.1586 -0.7672 -2.5503
v -1.8716 -1.3211 -2.5503
v -1.4458 -1.7771 -2.5503
v -0.9127 -2.1012 -2.5503
v -0.3119 -2.2696 -2.5503
v 0.3119 -2.2696 -2.5503
v 0.9127 -2.1012 -2.5503
v 1.4458 -1.7771 -2.5503
v 1.8716 -1.3211 -2.5503
v 2.1586 -0.7672 -2.5503
v 2.2856 -0.1563 -2.5503
v 2.2430 0.4661 -2.5503
v 2.0341 1.0540 -2.5503
v 1.6743 1.5637 -2.5503
v 1.1903 1.9574 -2.5503
v 0.6181 2.2060 -2.5503
v 0.0000 2.2909 -2.5503
v 0.0000 2.2565 -2.2819
v -0.6088 2.1729 -2.2819
v -1.1725 1.9280 -2.2819
v -1.6492 1.5402 -2.2819
v -2.0036 1.0382 -2.2819
v -2.2093 0.4591 -2.2819
v -2.2513 -0.1540 -2.2819
v -2.1263 -0.7557 -2.2819
v -1.8435 -1.3013 -2.2819
v -1.4241 -1.7504 -2.2819
v -0.8990 -2.0697 -2.2819
v -0.3073 -2.2355 -2.2819
v 0.3073 -2.2355 -2.2819
v 0.8990 -2.0697 -2.2819
v 1.4241 -1.7504 -2.2819
v 1.8435 -1.3013 -2.2819
v 2.1263 -0.7557 -2.2819
v 2.2513 -0.1540 -2.2819
v 2.2093 0.4591 -2.2819
v 2.0036 1.0382 -2.2819
v 1.6492 1.5402 -2.2819
v 1.1725 1.9280 -2.2819
v 0.6088 2.1729 -2.2819
v 0.0000 2.2565 -2.2819
v 0.0000 2.2443 -2.0134
v -0.6055 2.1610 -2.0134
v -1.1661 1.9175 -2.0134
v -1.6402 1.5318 -2.0134
v -1.9926 1.0325 -2.0134
v -2.1973 0.4566 -2.0134
v -2.2390 -0.1532 -2.0134
v -2.1147 -0.7516 -2.0134
v -1.8335 -1.2942 -2.0134
v -1.4163 -1.7409 -2.0134
v -0.8941 -2.0585 -2.0134
v -0.3056 -2.2234 -2.0134
v 0.3056 -2.2234 -2.0134
v 0.8941 -2.0585 -2.0134
v 1.4163 -1.7409 -2.0134
v 1.8335 -1.2942 -2.0134
v 2.1147 -0.7516 -2.0134
v 2.2390 -0.1532 -2.0134
v 2.1973 0.4566 -2.0134
v 1.9926 1.0325 -2.0134
v 1.6402 1.5318 -2.0134
v 1.1661 1.9175 -2.0134
v 0.6055 2.1610 -2.0134
v 0.0000 2.2443 -2.0134
v 0.0000 2.2543 -1.7450
v -0.6082 2.1707 -1.7450
v -1.1713 1.9261 -1.7450
v -1.6475 1.5387 -1.7450
v -2.0016 1.0371 -1.7450
v -2.2072 0.4587 -1.7450
v -2.2491 -0.1538 -1.7450
v -2.1242 -0.7549 -1.7450
v -1.8417 -1.3000 -1.7450
v -1.4227 -1.7487 -1.7450
v -0.8981 -2.0677 -1.7450
v -0.3070 -2.2333 -1.7450
v 0.3070 -2.2333 -1.7450
v 0.8981 -2.0677 -1.7450
v 1.4227 -1.7487 -1.7450
v 1.8417 -1.3000 -1.7450
v 2.1242 -0.7549 -1.7450
v 2.2491 -0.1538 -1.7450
v 2.2072 0.4587 -1.7450
v 2.0016 1.0371 -1.7450
v 1.6475 1.5387 -1.7450
v 1.1713 1.9261 -1.7450
v 0.6082 2.1707 -1.7450
v 0.0000 2.2543 -1.7450
v 0.0000 2.2287 -1.4765
v -0.6013 2.1460 -1.4765
v -1.1580 1.9042 -1.4765
v -1.6288 1.5212 -1.4765
v -1.9788 1.0253 -1.4765
v -2.1821 0.4534 -1.4765
v -2.2235 -0.1521 -1.4765
v -2.1000 -0.7463 -1.4765
v -1.8208 -1.2852 -1.4765
v -1.4065 -1.7288 -1.4765
v -0.8879 -2.0442 -1.4765
v -0.3035 -2.2079 -1.4765
v 0.3035 -2.2079 -1.4765
v 0.8879 -2.0442 -1.4765
v 1.4065 -1.7288 -1.4765
v 1.8208 -1.2852 -1.4765
v 2.1000 -0.7463 -1.4765
v 2.2235 -0.1521 -1.4765
v 2.1821 0.4534 -1.4765
v 1.9788 1.0253 -1.4765
v 1.6288 1.5212 -1.4765
v 1.1580 1.9042 -1.4765
v 0.6013 2.1460 -1.4765
v 0.0000 2.2287 -1.4765
v 0.0000 2.1999 -1.2081
v -0.5935 2.1183 -1.2081
v -1.1430 1.8796 -1.2081
v -1.6078 1.5015 -1.2081
v -1.9532 1.0121 -1.2081
v -2.1539 0.4476 -1.2081
v -2.1948 -0.1501 -1.2081
v -2.0729 -0.7367 -1.2081
v -1.7972 -1.2686 -1.2081
v -1.3883 -1.7065 -1.2081
v -0.8764 -2.0178 -1.2081
v -0.2996 -2.1794 -1.2081
v 0.2996 -2.1794 -1.2081
v 0.8764 -2.0178 -1.2081
v 1.3883 -1.7065 -1.2081
v 1.7972 -1.2686 -1.2081
v 2.0729 -0.7367 -1.2081
v 2.1948 -0.1501 -1.2081
v 2.1539 0.4476 -1.2081
v 1.9532 1.0121 -1.2081
v 1.6078 1.5015 -1.2081
v 1.1430 1.8796 -1.2081
v 0.5935 2.1183 -1.2081
v 0.0000 2.1999 -1.2081
v 0.0000 2.1936 -0.9396
v -0.5918 2.1123 -0.9396
v -1.1398 1.8743 -0.9396
v -1.6032 1.4973 -0.9396
v -1.9477 1.0092 -0.9396
v -2.1478 0.4463 -0.9396
v -2.1885 -0.1497 -0.9396
v -2.0670 -0.7346 -0.9396
v -1.7921 -1.2650 -0.9396
v -1.3844 -1.7016 -0.9396
v -0.8739 -2.0120 -0.9396
v -0.2987 -2.1732 -0.9396
v 0.2987 -2.1732 -0.9396
v 0.8739 -2.0120 -0.9396
v 1.3844 -1.7016 -0.9396
v 1.7921 -1.2650 -0.9396
v 2.0670 -0.7346 -0.9396
v 2.1885 -0.1497 -0.9396
v 2.1478 0.4463 -0.9396
v 1.9477 1.0092 -0.9396
v 1.6032 1.4973 -0.9396
v 1.1398 1.8743 -0.9396
v 0.5918 2.1123 -0.9396
v 0.0000 2.1936 -0.9396
v 0.0000 2.2101 -0.6711
v -0.5963 2.1281 -0.6711
v -1.1483 1.8883 -0.6711
v -1.6152 1.5085 -0.6711
v -1.9623 1.0168 -0.6711
v -2.1638 0.4497 -0.6711
v -2.2049 -0.1508 -0.6711
v -2.0825 -0.7401 -0.6711
v -1.8056 -1.2745 -0.6711
v -1.3948 -1.7144 -0.6711
v -0.8805 -2.0271 -0.6711
v -0.3009 -2.1895 -0.6711
v 0.3009 -2.1895 -0.6711
v 0.8805 -2.0271 -0.6711
v 1.3948 -1.7144 -0.6711
v 1.8056 -1.2745 -0.6711
v 2.0825 -0.7401 -0.6711
v 2.2049 -0.1508 -0.6711
v 2.1638 0.4497 -0.6711
v 1.9623 1.0168 -0.6711
v 1.6152 1.5085 -0.6711
v 1.1483 1.8883 -0.6711
v 0.5963 2.1281 -0.6711
v 0.0000 2.2101 -0.6711
v 0.0000 2.2016 -0.4027
v -0.5940 2.1200 -0.4027
v -1.1439 1.8811 -0.4027
v -1.6090 1.5027 -0.4027
v -1.9548 1.0129 -0.4027
v -2.1556 0.4479 -0.4027
v -2.1965 -0.1502 -0.4027
v -2.0745 -0.7373 -0.4027
v -1.7987 -1.2696 -0.4027
v -1.3894 -1.7078 -0.4027
v -0.8771 -2.0193 -0.4027
v -0.2998 -2.1811 -0.4027
v 0.2998 -2.1811 -0.4027
v 0.8771 -2.0193 -0.4027
v 1.3894 -1.7078 -0.4027
v 1.7987 -1.2696 -0.4027
v 2.0745 -0.7373 -0.4027
v 2.1965 -0.1502 -0.4027
v 2.1556 0.4479 -0.4027
v 1.9548 1.0129 -0.4027
v 1.6090 1.5027 -0.4027
v 1.1439 1.8811 -0.4027
v 0.5940 2.1200 -0.4027
v 0.0000 2.2016 -0.4027
v 0.0000 2.1789 -0.1342
v -0.5878 2.0981 -0.1342
v -1.1321 1.8617 -0.1342
v -1.5924 1.4872 -0.1342
v -1.9346 1.0024 -0.1342
v -2.1333 0.4433 -0.1342
v -2.1738 -0.1487 -0.1342
v -2.0530 -0.7297 -0.1342
v -1.7801 -1.2565 -0.1342
v -1.3750 -1.6902 -0.1342
v -0.8681 -1.9985 -0.1342
v -0.2967 -2.1586 -0.1342
v 0.2967 -2.1586 -0.1342
v 0.8681 -1.9985 -0.1342
v 1.3750 -1.6902 -0.1342
v 1.7801 -1.2565 -0.1342
v 2.0530 -0.7297 -0.1342
v 2.1738 -0.1487 -0.1342
v 2.1333 0.4433 -0.1342
v 1.9346 1.0024 -0.1342
v 1.5924 1.4872 -0.1342
v 1.1321 1.8617 -0.1342
v 0.5878 2.0981 -0.1342
v 0.0000 2.1789 -0.1342
v 0.0000 2.1789 0.1342
v -0.5878 2.0981 0.1342
v -1.1321 1.8617 0.1342
v -1.5924 1.4872 0.1342
v -1.9346 1.0024 0.1342
v -2.1333 0.4433 0.1342
v -2.1738 -0.1487 0.1342
v -2.0530 -0.7297 0.1342
v -1.7801 -1.2565 0.1342
v -1.3750 -1.6902 0.1342
v -0.8681 -1.9985 0.1342
v -0.2967 -2.1586 0.1342
v 0.2967 -2.1586 0.1342
v 0.8681 -1.9985 0.1342
v 1.3750 -1.6902 0.1342
v 1.7801 -1.2565 0.1342
v 2.0530 -0.7297 0.1342
v 2.1738 -0.1487 0.1342
v 2.1333 0.4433 0.1342
v 1.9346 1.0024 0.1342
v 1.5924 1.4872 0.1342
v 1.1321 1.8617 0.1342
v 0.5878 2.0981 0.1342
v 0.0000 2.1789 0.1342
v 0.0000 2.2016 0.4027
v -0.5940 2.1200 0.4027
v -1.1439 1.8811 0.4027
v -1.6090 1.5027 0.4027
v -1.9548 1.0129 0.4027
v -2.1556 0.4479 0.4027
v -2.1965 -0.1502 0.4027
v -2.0745 -0.7373 0.4027
v -1.7987 -1.2696 0.4027
v -1.3894 -1.7078 0.4027
v -0.8771 -2.0193 0.4027
v -0.2998 -2.1811 0.4027
v 0.2998 -2.1811 0.4027
v 0.8771 -2.0193 0.4027
v 1.3894 -1.7078 0.4027
v 1.7987 -1.2696 0.4027
v 2.0745 -0.7373 0.4027
v 2.1965 -0.1502 0.4027
v 2.1556 0.4479 0.4027
v 1.9548 1.0129 0.4027
v 1.6090 1.5027 0.4027
v 1.1439 1.8811 0.4027
v 0.5940 2.1200 0.4027
v 0.0000 2.2016 0.4027
v 0.0000 2.2101 0.6711
v -0.5963 2.1281 0.6711
v -1.1483 1.8883 0.6711
v -1.6152 1.5085 0.6711
v -1.9623 1.0168 0.6711
v -2.1638 0.4497 0.6711
v -2.2049 -0.1508 0.6711
v -2.0825 -0.7401 0.6711
v -1.8056 -1.2745 0.6711
v -1.3948 -1.7144 0.6711
v -0.8805 -2.0271 0.6711
v -0.3009 -2.1895 0.6711
v 0.3009 -2.1895 0.6711
v 0.8805 -2.0271 0.6711
v 1.3948 -1.7144 0.6711
v 1.8056 -1.2745 0.6711
v 2.0825 -0.7401 0.6711
v 2.2049 -0.1508 0.6711
v 2.1638 0.4497 0.6711
v 1.9623 1.0168 0.6711
v 1.6152 1.5085 0.6711
v 1.1483 1.8883 0.6711
v 0.5963 2.1281 0.6711
v 0.0000 2.2101 0.6711
v 0.0000 2.1936 0.9396
v -0.5918 2.1123 0.9396
v -1.1398 1.8743 0.9396
v -1.6032 1.4973 0.9396
v -1.9477 1.0092 0.9396
v -2.1478 0.4463 0.9396
v -2.1885 -0.1497 0.9396
v -2.0670 -0.7346 0.9396
v -1.7921 -1.2650 0.9396
v -1.3844 -1.7016 0.9396
v -0.8739 -2.0120 0.9396
v -0.2987 -2.1732 0.9396
v 0.2987 -2.1732 0.9396
v 0.8739 -2.0120 0.9396
v 1.3844 -1.7016 0.9396
v 1.7921 -1.2650 0.9396
v 2.0670 -0.7346 0.9396
v 2.1885 -0.1497 0.9396
v 2.1478 0.4463 0.9396
v 1.9477 1.0092 0.9396
v 1.6032 1.4973 0.9396
v 1.1398 1.8743 0.9396
v 0.5918 2.1123 0.9396
v 0.0000 2.1936 0.9396
v 0.0000 2.1999 1.2081
v -0.5935 2.1183 1.2081
v -1.1430 1.8796 1.2081
v -1.6078 1.5015 1.2081
v -1.9532 1.0121 1.2081
v -2.1539 0.4476 1.2081
v -2.1948 -0.1501 1.2081
v -2.0729 -0.7367 1.2081
v -1.7972 -1.2686 1.2081
v -1.3883 -1.7065 1.2081
v -0.8764 -2.0178 1.2081
v -0.2996 -2.1794 1.2081
v 0.2996 -2.1794 1.2081
v 0.8764 -2.0178 1.2081
v 1.3883 -1.7065 1.2081
v 1.7972 -1.2686 1.2081
v 2.0729 -0.7367 1.2081
v 2.1948 -0.1501 1.2081
v 2.1539 0.4476 1.2081
v 1.9532 1.0121 1.2081
v 1.6078 1.5015 1.2081
v 1.1430 1.8796 1.2081
v 0.5935 2.1183 1.2081
v 0.0000 2.1999 1.2081
v 0.0000 2.2287 1.4765
v -0.6013 2.1460 1.4765
v -1.1580 1.9042 1.4765
v -1.6288 1.5212 1.4765
v -1.9788 1.0253 1.4765
v -2.1821 0.4534 1.4765
v -2.2235 -0.1521 1.4765
v -2.1000 -0.7463 1.4765
v -1.8208 -1.2852 1.4765
v -1.4065 -1.7288 1.4765
v -0.8879 -2.0442 1.4765
v -0.3035 -2.2079 1.4765
v 0.3035 -2.2079 1.4765
v 0.8879 -2.0442 1.4765
v 1.4065 -1.7288 1.4765
v 1.8208 -1.2852 1.4765
v 2.1000 -0.7463 1.4765
v 2.2235 -0.1521 1.4765
v 2.1821 0.4534 1.4765
v 1.9788 1.0253 1.4765
v 1.6288 1.5212 1.4765
v 1.1580 1.9042 1.4765
v 0.6013 2.1460 1.4765
v 0.0000 2.2287 1.4765
v 0.0000 2.2543 1.7450
v -0.6082 2.1707 1.7450
v -1.1713 1.9261 1.7450
v -1.6475 1.5387 1.7450
v -2.0016 1.0371 1.7450
v -2.2072 0.4587 1.7450
v -2.2491 -0.1538 1.7450
v -2.1242 -0.7549 1.7450
v -1.8417 -1.3000 1.7450
v -1.4227 -1.7487 1.7450
v -0.8981 -2.0677 1.7450
v -0.3070 -2.2333 1.7450
v 0.3070 -2.2333 1.7450
v 0.8981 -2.0677 1.7450
v 1.4227 -1.7487 1.7450
v 1.8417 -1.3000 1.7450
v 2.1242 -0.7549 1.7450
v 2.2491 -0.1538 1.7450
v 2.2072 0.4587 1.7450
v 2.0016 1.0371 1.7450
v 1.6475 1.5387 1.7450
v 1.1713 1.9261 1.7450
v 0.6082 2.1707 1.7450
v 0.0000 2.2543 1.7450
v 0.0000 2.2443 2.0134
v -0.6055 2.1610 2.0134
v -1.1661 1.9175 2.0134
v -1.6402 1.5318 2.0134
v -1.9926 1.0325 2.0134
v -2.1973 0.4566 2.0134
v -2.2390 -0.1532 2.0134
v -2.1147 -0.7516 2.0134
v -1.8335 -1.2942 2.0134
v -1.4163 -1.7409 2.0134
v -0.8941 -2.0585 2.0134
v -0.3056 -2.2234 2.0134
v 0.3056 -2.2234 2.0134
v 0.8941 -2.0585 2.0134
v 1.4163 -1.7409 2.0134
v 1.8335 -1.2942 2.0134
v 2.1147 -0.7516 2.0134
v 2.2390 -0.1532 2.0134
v 2.1973 0.4566 2.0134
v 1.9926 1.0325 2.0134
v 1.6402 1.5318 2.0134
v 1.1661 1.9175 2.0134
v 0.6055 2.1610 2.0134
v 0.0000 2.2443 2.0134
v 0.0000 2.2565 2.2819
v -0.6088 2.1729 2.2819
v -1.1725 1.9280 2.2819
v -1.6492 1.5402 2.2819
v -2.0036 1.0382 2.2819
v -2.2093 0.4591 2.2819
v -2.2513 -0.1540 2.2819
v -2.1263 -0.7557 2.2819
v -1.8435 -1.3013 2.2819
v -1.4241 -1.7504 2.2819
v -0.8990 -2.0697 2.2819
v -0.3073 -2.2355 2.2819
v 0.3073 -2.2355 2.2819
v 0.8990 -2.0697 2.2819
v 1.4241 -1.7504 2.2819
v 1.8435 -1.3013 2.2819
v 2.1263 -0.7557 2.2819
v 2.2513 -0.1540 2.2819
v 2.2093 0.4591 2.2819
v 2.0036 1.0382 2.2819
v 1.6492 1.5402 2.2819
v 1.1725 1.9280 2.2819
v 0.6088 2.1729 2.2819
v 0.0000 2.2565 2.2819
v 0.0000 2.2909 2.5503
v -0.6181 2.2060 2.5503
v -1.1903 1.9574 2.5503
v -1.6743 1.5637 2.5503
v -2.0341 1.0540 2.5503
v -2.2430 0.4661 2.5503
v -2.2856 -0.1563 2.5503
v -2.1586 -0.7672 2.5503
v -1.8716 -1.3211 2.5503
v -1.4458 -1.7771 2.5503
v -0.9127 -2.1012 2.5503
v -0.3119 -2.2696 2.5503
v 0.3119 -2.2696 2.5503
v 0.9127 -2.1012 2.5503
v 1.4458 -1.7771 2.5503
v 1.8716 -1.3211 2.5503
v 2.1586 -0.7672 2.5503
v 2.2856 -0.1563 2.5503
v 2.2430 0.4661 2.5503
v 2.0341 1.0540 2.5503
v 1.6743 1.5637 2.5503
v 1.1903 1.9574 2.5503
v 0.6181 2.2060 2.5503
v 0.0000 2.2909 2.5503
v 0.0000 2.3345 2.8188
v -0.6298 2.2479 2.8188
v -1.2130 1.9946 2.8188
v -1.7061 1.5934 2.8188
v -2.0728 1.0740 2.8188
v -2.2857 0.4750 2.8188
v -2.3291 -0.1593 2.8188
v -2.1997 -0.7818 2.8188
v -1.9072 -1.3463 2.8188
v -1.4733 -1.8109 2.8188
v -0.9301 -2.1412 2.8188
v -0.3179 -2.3128 2.8188
v 0.3179 -2.3128 2.8188
v 0.9301 -2.1412 2.8188
v 1.4733 -1.8109 2.8188
v 1.9072 -1.3463 2.8188
v 2.1997 -0.7818 2.8188
v 2.3291 -0.1593 2.8188
v 2.2857 0.4750 2.8188
v 2.0728 1.0740 2.8188
v 1.7061 1.5934 2.8188
v 1.2130 1.9946 2.8188
v 0.6298 2.2479 2.8188
v 0.0000 2.3345 2.8188
v 0.0000 2.3307 3.0872
v -0.6288 2.2443 3.0872
v -1.2110 1.9914 3.0872
v -1.7034 1.5908 3.0872
v -2.0694 1.0723 3.0872
v -2.2819 0.4742 3.0872
v -2.3253 -0.1591 3.0872
v -2.1961 -0.7805 3.0872
v -1.9041 -1.3441 3.0872
v -1.4709 -1.8079 3.0872
v -0.9285 -2.1377 3.0872
v -0.3174 -2.3090 3.0872
v 0.3174 -2.3090 3.0872
v 0.9285 -2.1377 3.0872
v 1.4709 -1.8079 3.0872
v 1.9041 -1.3441 3.0872
v 2.1961 -0.7805 3.0872
v 2.3253 -0.1591 3.0872
v 2.2819 0.4742 3.0872
v 2.0694 1.0723 3.0872
v 1.7034 1.5908 3.0872
v 1.2110 1.9914 3.0872
v 0.6288 2.2443 3.0872
v 0.0000 2.3307 3.0872
v 0.0000 2.3486 3.3557
v -0.6336 2.2615 3.3557
v -1.2203 2.0067 3.3557
v -1.7164 1.6031 3.3557
v -2.0853 1.0805 3.3557
v -2.2995 0.4778 3.3557
v -2.3431 -0.1603 3.3557
v -2.2130 -0.7865 3.3557
v -1.9187 -1.3544 3.3557
v -1.4822 -1.8218 3.3557
v -0.9357 -2.1542 3.3557
v -0.3198 -2.3267 3.3557
v 0.3198 -2.3267 3.3557
v 0.9357 -2.1542 3.3557
v 1.4822 -1.8218 3.3557
v 1.9187 -1.3544 3.3557
v 2.2130 -0.7865 3.3557
v 2.3431 -0.1603 3.3557
v 2.2995 0.4778 3.3557
v 2.0853 1.0805 3.3557
v 1.7164 1.6031 3.3557
v 1.2203 2.0067 3.3557
v 0.6336 2.2615 3.3557
v 0.0000 2.3486 3.3557
v 0.0000 2.3879 3.6242
v -0.6442 2.2994 3.6242
v -1.2407 2.0403 3.6242
v -1.7452 1.6299 3.6242
v -2.1202 1.0986 3.6242
v -2.3380 0.4858 3.6242
v -2.3823 -0.1630 3.6242
v -2.2500 -0.7997 3.6242
v -1.9508 -1.3771 3.6242
v -1.5070 -1.8523 3.6242
v -0.9513 -2.1902 3.6242
v -0.3252 -2.3657 3.6242
v 0.3252 -2.3657 3.6242
v 0.9513 -2.1902 3.6242
v 1.5070 -1.8523 3.6242
v 1.9508 -1.3771 3.6242
v 2.2500 -0.7997 3.6242
v 2.3823 -0.1630 3.6242
v 2.3380 0.4858 3.6242
v 2.1202 1.0986 3.6242
v 1.7452 1.6299 3.6242
v 1.2407 2.0403 3.6242
v 0.6442 2.2994 3.6242
v 0.0000 2.3879 3.6242
v 0.0000 2.4471 3.8926
v -0.6602 2.3563 3.8926
v -1.2715 2.0908 3.8926
v -1.7884 1.6703 3.8926
v -2.1727 1.1258 3.8926
v -2.3959 0.4979 3.8926
v -2.4414 -0.1670 3.8926
v -2.3058 -0.8195 3.8926
v -1.9992 -1.4112 3.8926
v -1.5443 -1.8982 3.8926
v -0.9749 -2.2445 3.8926
v -0.3332 -2.4243 3.8926
v 0.3332 -2.4243 3.8926
v 0.9749 -2.2445 3.8926
v 1.5443 -1.8982 3.8926
v 1.9992 -1.4112 3.8926
v 2.3058 -0.8195 3.8926
v 2.4414 -0.1670 3.8926
v 2.3959 0.4979 3.8926
v 2.1727 1.1258 3.8926
v 1.7884 1.6703 3.8926
v 1.2715 2.0908 3.8926
v 0.6602 2.3563 3.8926
v 0.0000 2.4471 3.8926
v 0.0000 2.4527 4.1611
v -0.6617 2.3618 4.1611
v -1.2744 2.0957 4.1611
v -1.7925 1.6741 4.1611
v -2.1778 1.1284 4.1611
v -2.4014 0.4990 4.1611
v -2.4470 -0.1674 4.1611
v -2.3111 -0.8214 4.1611
v -2.0038 -1.4144 4.1611
v -1.5479 -1.9026 4.1611
v -0.9772 -2.2497 4.1611
v -0.3340 -2.4299 4.1611
v 0.3340 -2.4299 4.1611
v 0.9772 -2.2497 4.1611
v 1.5479 -1.9026 4.1611
v 2.0038 -1.4144 4.1611
v 2.3111 -0.8214 4.1611
v 2.4470 -0.1674 4.1611
v 2.4014 0.4990 4.1611
v 2.1778 1.1284 4.1611
v 1.7925 1.6741 4.1611
v 1.2744 2.0957 4.1611
v 0.6617 2.3618 4.1611
v 0.0000 2.4527 4.1611
v 0.0000 2.4758 4.4295
v -0.6680 2.3839 4.4295
v -1.2864 2.1153 4.4295
v -1.8094 1.6898 4.4295
v -2.1982 1.1390 4.4295
v -2.4240 0.5037 4.4295
v -2.4700 -0.1690 4.4295
v -2.3328 -0.8291 4.4295
v -2.0226 -1.4277 4.4295
v -1.5624 -1.9205 4.4295
v -0.9863 -2.2708 4.4295
v -0.3371 -2.4527 4.4295
v 0.3371 -2.4527 4.4295
v 0.9863 -2.2708 4.4295
v 1.5624 -1.9205 4.4295
v 2.0226 -1.4277 4.4295
v 2.3328 -0.8291 4.4295
v 2.4700 -0.1690 4.4295
v 2.4240 0.5037 4.4295
v 2.1982 1.1390 4.4295
v 1.8094 1.6898 4.4295
v 1.2864 2.1153 4.4295
v 0.6680 2.3839 4.4295
v 0.0000 2.4758 4.4295
v 0.0000 2.5193 4.6980
v -0.6797 2.4259 4.6980
v -1.3090 2.1525 4.6980
v -1.8412 1.7195 4.6980
v -2.2368 1.1590 4.6980
v -2.4666 0.5126 4.6980
v -2.5134 -0.1719 4.6980
v -2.3738 -0.8437 4.6980
v -2.0582 -1.4528 4.6980
v -1.5899 -1.9542 4.6980
v -1.0037 -2.3107 4.6980
v -0.3430 -2.4958 4.6980
v 0.3430 -2.4958 4.6980
v 1.0037 -2.3107 4.6980
v 1.5899 -1.9542 4.6980
v 2.0582 -1.4528 4.6980
v 2.3738 -0.8437 4.6980
v 2.5134 -0.1719 4.6980
v 2.4666 0.5126 4.6980
v 2.2368 1.1590 4.6980
v 1.8412 1.7195 4.6980
v 1.3090 2.1525 4.6980
v 0.6797 2.4259 4.6980
v 0.0000 2.5193 4.6980
v 0.0000 2.5825 4.9664
v -0.6968 2.4868 4.9664
v -1.3418 2.2066 4.9664
v -1.8874 1.7627 4.9664
v -2.2930 1.1881 4.9664
v -2.5285 0.5254 4.9664
v -2.5765 -0.1762 4.9664
v -2.4334 -0.8648 4.9664
v -2.1098 -1.4893 4.9664
v -1.6298 -2.0033 4.9664
v -1.0289 -2.3687 4.9664
v -0.3517 -2.5585 4.9664
v 0.3517 -2.5585 4.9664
v 1.0289 -2.3687 4.9664
v 1.6298 -2.0033 4.9664
v 2.1098 -1.4893 4.9664
v 2.4334 -0.8648 4.9664
v 2.5765 -0.1762 4.9664
v 2.5285 0.5254 4.9664
v 2.2930 1.1881 4.9664
v 1.8874 1.7627 4.9664
v 1.3418 2.2066 4.9664
v 0.6968 2.4868 4.9664
v 0.0000 2.5825 4.9664
v 0.0000 2.6102 5.2349
v -0.7042 2.5134 5.2349
v -1.3562 2.2302 5.2349
v -1.9076 1.7816 5.2349
v -2.3175 1.2009 5.2349
v -2.5556 0.5311 5.2349
v -2.6041 -0.1781 5.2349
v -2.4595 -0.8741 5.2349
v -2.1324 -1.5052 5.2349
v -1.6473 -2.0248 5.2349
v -1.0399 -2.3941 5.2349
v -0.3554 -2.5859 5.2349
v 0.3554 -2.5859 5.2349
v 1.0399 -2.3941 5.2349
v 1.6473 -2.0248 5.2349
v 2.1324 -1.5052 5.2349
v 2.4595 -0.8741 5.2349
v 2.6041 -0.1781 5.2349
v 2.5556 0.5311 5.2349
v 2.3175 1.2009 5.2349
v 1.9076 1.7816 5.2349
v 1.3562 2.2302 5.2349
v 0.7042 2.5134 5.2349
v 0.0000 2.6102 5.2349
v 0.0000 2.6377 5.5034
v -0.7116 2.5399 5.5034
v -1.3705 2.2537 5.5034
v -1.9277 1.8004 5.5034
v -2.3419 1.2135 5.5034
v -2.5825 0.5367 5.5034
v -2.6315 -0.1800 5.5034
v -2.4854 -0.8833 5.5034
v -2.1549 -1.5211 5.5034
v -1.6646 -2.0461 5.5034
v -1.0509 -2.4193 5.5034
v -0.3592 -2.6131 5.5034
v 0.3592 -2.6131 5.5034
v 1.0509 -2.4193 5.5034
v 1.6646 -2.0461 5.5034
v 2.1549 -1.5211 5.5034
v 2.4854 -0.8833 5.5034
v 2.6315 -0.1800 5.5034
v 2.5825 0.5367 5.5034
v 2.3419 1.2135 5.5034
v 1.9277 1.8004 5.5034
v 1.3705 2.2537 5.5034
v 0.7116 2.5399 5.5034
v 0.0000 2.6377 5.5034
v 0.0000 2.6847 5.7718
v -0.7243 2.5851 5.7718
v -1.3949 2.2938 5.7718
v -1.9620 1.8324 5.7718
v -2.3837 1.2351 5.7718
v -2.6285 0.5462 5.7718
v -2.6784 -0.1832 5.7718
v -2.5296 -0.8990 5.7718
v -2.1933 -1.5482 5.7718
v -1.6943 -2.0825 5.7718
v -1.0696 -2.4624 5.7718
v -0.3656 -2.6596 5.7718
v 0.3656 -2.6596 5.7718
v 1.0696 -2.4624 5.7718
v 1.6943 -2.0825 5.7718
v 2.1933 -1.5482 5.7718
v 2.5296 -0.8990 5.7718
v 2.6784 -0.1832 5.7718
v 2.6285 0.5462 5.7718
v 2.3837 1.2351 5.7718
v 1.9620 1.8324 5.7718
v 1.3949 2.2938 5.7718
v 0.7243 2.5851 5.7718
v 0.0000 2.6847 5.7718
v 0.0000 2.7504 6.0403
v -0.7420 2.6484 6.0403
v -1.4291 2.3500 6.0403
v -2.0101 1.8773 6.0403
v -2.4420 1.2654 6.0403
v -2.6929 0.5596 6.0403
v -2.7440 -0.1877 6.0403
v -2.5916 -0.9210 6.0403
v -2.2470 -1.5861 6.0403
v -1.7357 -2.1335 6.0403
v -1.0958 -2.5227 6.0403
v -0.3745 -2.7248 6.0403
v 0.3745 -2.7248 6.0403
v 1.0958 -2.5227 6.0403
v 1.7357 -2.1335 6.0403
v 2.2470 -1.5861 6.0403
v 2.5916 -0.9210 6.0403
v 2.7440 -0.1877 6.0403
v 2.6929 0.5596 6.0403
v 2.4420 1.2654 6.0403
v 2.0101 1.8773 6.0403
v 1.4291 2.3500 6.0403
v 0.7420 2.6484 6.0403
v 0.0000 2.7504 6.0403
v 0.0000 2.8028 6.3087
v -0.7562 2.6988 6.3087
v -1.4563 2.3947 6.3087
v -2.0484 1.9130 6.3087
v -2.4885 1.2895 6.3087
v -2.7441 0.5702 6.3087
v -2.7962 -0.1913 6.3087
v -2.6409 -0.9386 6.3087
v -2.2898 -1.6163 6.3087
v -1.7688 -2.1741 6.3087
v -1.1166 -2.5707 6.3087
v -0.3816 -2.7767 6.3087
v 0.3816 -2.7767 6.3087
v 1.1166 -2.5707 6.3087
v 1.7688 -2.1741 6.3087
v 2.2898 -1.6163 6.3087
v 2.6409 -0.9386 6.3087
v 2.7962 -0.1913 6.3087
v 2.7441 0.5702 6.3087
v 2.4885 1.2895 6.3087
v 2.0484 1.9130 6.3087
v 1.4563 2.3947 6.3087
v 0.7562 2.6988 6.3087
v 0.0000 2.8028 6.3087
v 0.0000 2.8340 6.5772
v -0.7646 2.7289 6.5772
v -1.4725 2.4215 6.5772
v -2.0712 1.9344 6.5772
v -2.5163 1.3038 6.5772
v -2.7748 0.5766 6.5772
v -2.8274 -0.1934 6.5772
v -2.6704 -0.9491 6.5772
v -2.3153 -1.6343 6.5772
v -1.7885 -2.1984 6.5772
v -1.1291 -2.5994 6.5772
v -0.3859 -2.8076 6.5772
v 0.3859 -2.8076 6.5772
v 1.1291 -2.5994 6.5772
v 1.7885 -2.1984 6.5772
v 2.3153 -1.6343 6.5772
v 2.6704 -0.9491 6.5772
v 2.8274 -0.1934 6.5772
v 2.7748 0.5766 6.5772
v 2.5163 1.3038 6.5772
v 2.0712 1.9344 6.5772
v 1.4725 2.4215 6.5772
v 0.7646 2.7289 6.5772
v 0.0000 2.8340 6.5772
v 0.0000 2.8837 6.8456
v -0.7780 2.7768 6.8456
v -1.4983 2.4639 6.8456
v -2.1075 1.9683 6.8456
v -2.5604 1.3267 6.8456
v -2.8234 0.5867 6.8456
v -2.8770 -0.1968 6.8456
v -2.7172 -0.9657 6.8456
v -2.3559 -1.6630 6.8456
v -1.8199 -2.2369 6.8456
v -1.1489 -2.6450 6.8456
v -0.3927 -2.8569 6.8456
v 0.3927 -2.8569 6.8456
v 1.1489 -2.6450 6.8456
v 1.8199 -2.2369 6.8456
v 2.3559 -1.6630 6.8456
v 2.7172 -0.9657 6.8456
v 2.8770 -0.1968 6.8456
v 2.8234 0.5867 6.8456
v 2.5604 1.3267 6.8456
v 2.1075 1.9683 6.8456
v 1.4983 2.4639 6.8456
v 0.7780 2.7768 6.8456
v 0.0000 2.8837 6.8456
v 0.0000 2.9511 7.1141
v -0.7962 2.8417 7.1141
v -1.5334 2.5215 7.1141
v -2.1568 2.0143 7.1141
v -2.6203 1.3577 7.1141
v -2.8894 0.6004 7.1141
v -2.9443 -0.2014 7.1141
v -2.7808 -0.9883 7.1141
v -2.4110 -1.7019 7.1141
v -1.8624 -2.2892 7.1141
v -1.1757 -2.7068 7.1141
v -0.4018 -2.9237 7.1141
v 0.4018 -2.9237 7.1141
v 1.1757 -2.7068 7.1141
v 1.8624 -2.2892 7.1141
v 2.4110 -1.7019 7.1141
v 2.7808 -0.9883 7.1141
v 2.9443 -0.2014 7.1141
v 2.8894 0.6004 7.1141
v 2.6203 1.3577 7.1141
v 2.1568 2.0143 7.1141
v 1.5334 2.5215 7.1141
v 0.7962 2.8417 7.1141
v 0.0000 2.9511 7.1141
v 0.0000 3.0299 7.3826
v -0.8175 2.9175 7.3826
v -1.5743 2.5888 7.3826
v -2.2143 2.0681 7.3826
v -2.6902 1.3939 7.3826
v -2.9665 0.6164 7.3826
v -3.0228 -0.2068 7.3826
v -2.8549 -1.0146 7.3826
v -2.4753 -1.7473 7.3826
v -1.9121 -2.3503 7.3826
v -1.2071 -2.7790 7.3826
v -0.4126 -3.0017 7.3826
v 0.4126 -3.0017 7.3826
v 1.2071 -2.7790 7.3826
v 1.9121 -2.3503 7.3826
v 2.4753 -1.7473 7.3826
v 2.8549 -1.0146 7.3826
v 3.0228 -0.2068 7.3826
v 2.9665 0.6164 7.3826
v 2.6902 1.3939 7.3826
v 2.2143 2.0681 7.3826
v 1.5743 2.5888 7.3826
v 0.8175 2.9175 7.3826
v 0.0000 3.0299 7.3826
v 0.0000 3.0646 7.6510
v -0.8268 2.9510 7.6510
v -1.5923 2.6185 7.6510
v -2.2397 2.0918 7.6510
v -2.7210 1.4099 7.6510
v -3.0005 0.6235 7.6510
v -3.0575 -0.2091 7.6510
v -2.8877 -1.0263 7.6510
v -2.5037 -1.7673 7.6510
v -1.9340 -2.3772 7.6510
v -1.2209 -2.8109 7.6510
v -0.4173 -3.0361 7.6510
v 0.4173 -3.0361 7.6510
v 1.2209 -2.8109 7.6510
v 1.9340 -2.3772 7.6510
v 2.5037 -1.7673 7.6510
v 2.8877 -1.0263 7.6510
v 3.0575 -0.2091 7.6510
v 3.0005 0.6235 7.6510
v 2.7210 1.4099 7.6510
v 2.2397 2.0918 7.6510
v 1.5923 2.6185 7.6510
v 0.8268 2.9510 7.6510
v 0.0000 3.0646 7.6510
v 0.0000 3.1163 7.9195
v -0.8408 3.0008 7.9195
v -1.6192 2.6626 7.9195
v -2.2775 2.1270 7.9195
v -2.7669 1.4337 7.9195
v -3.0511 0.6340 7.9195
v -3.1090 -0.2127 7.9195
v -2.9364 -1.0436 7.9195
v -2.5459 -1.7971 7.9195
v -1.9667 -2.4174 7.9195
v -1.2415 -2.8583 7.9195
v -0.4243 -3.0873 7.9195
v 0.4243 -3.0873 7.9195
v 1.2415 -2.8583 7.9195
v 1.9667 -2.4174 7.9195
v 2.5459 -1.7971 7.9195
v 2.9364 -1.0436 7.9195
v 3.1090 -0.2127 7.9195
v 3.0511 0.6340 7.9195
v 2.7669 1.4337 7.9195
v 2.2775 2.1270 7.9195
v 1.6192 2.6626 7.9195
v 0.8408 3.0008 7.9195
v 0.0000 3.1163 7.9195
v 0.0000 3.1847 8.1879
v -0.8592 3.0666 8.1879
v -1.6547 2.7211 8.1879
v -2.3275 2.1737 8.1879
v -2.8276 1.4652 8.1879
v -3.1181 0.6479 8.1879
v -3.1773 -0.2173 8.1879
v -3.0008 -1.0665 8.1879
v -2.6018 -1.8365 8.1879
v -2.0098 -2.4704 8.1879
v -1.2688 -2.9210 8.1879
v -0.4336 -3.1550 8.1879
v 0.4336 -3.1550 8.1879
v 1.2688 -2.9210 8.1879
v 2.0098 -2.4704 8.1879
v 2.6018 -1.8365 8.1879
v 3.0008 -1.0665 8.1879
v 3.1773 -0.2173 8.1879
v 3.1181 0.6479 8.1879
v 2.8276 1.4652 8.1879
v 2.3275 2.1737 8.1879
v 1.6547 2.7211 8.1879
v 0.8592 3.0666 8.1879
v 0.0000 3.1847 8.1879
v 0.0000 3.2689 8.4564
v -0.8819 3.1477 8.4564
v -1.6985 2.7930 8.4564
v -2.3890 2.2312 8.4564
v -2.9024 1.5039 8.4564
v -3.2005 0.6651 8.4564
v -3.2613 -0.2231 8.4564
v -3.0802 -1.0947 8.4564
v -2.6706 -1.8851 8.4564
v -2.0630 -2.5357 8.4564
v -1.3023 -2.9983 8.4564
v -0.4451 -3.2385 8.4564
v 0.4451 -3.2385 8.4564
v 1.3023 -2.9983 8.4564
v 2.0630 -2.5357 8.4564
v 2.6706 -1.8851 8.4564
v 3.0802 -1.0947 8.4564
v 3.2613 -0.2231 8.4564
v 3.2005 0.6651 8.4564
v 2.9024 1.5039 8.4564
v 2.3890 2.2312 8.4564
v 1.6985 2.7930 8.4564
v 0.8819 3.1477 8.4564
v 0.0000 3.2689 8.4564
v 0.0000 3.3291 8.7248
v -0.8982 3.2057 8.7248
v -1.7298 2.8445 8.7248
v -2.4330 2.2723 8.7248
v -2.9559 1.5316 8.7248
v -3.2595 0.6773 8.7248
v -3.3214 -0.2272 8.7248
v -3.1369 -1.1149 8.7248
v -2.7198 -1.9198 8.7248
v -2.1010 -2.5824 8.7248
v -1.3263 -3.0535 8.7248
v -0.4533 -3.2981 8.7248
v 0.4533 -3.2981 8.7248
v 1.3263 -3.0535 8.7248
v 2.1010 -2.5824 8.7248
v 2.7198 -1.9198 8.7248
v 3.1369 -1.1149 8.7248
v 3.3214 -0.2272 8.7248
v 3.2595 0.6773 8.7248
v 2.9559 1.5316 8.7248
v 2.4330 2.2723 8.7248
v 1.7298 2.8445 8.7248
v 0.8982 3.2057 8.7248
v 0.0000 3.3291 8.7248
v 0.0000 3.3822 8.9933
v -0.9125 3.2568 8.9933
v -1.7573 2.8898 8.9933
v -2.4718 2.3085 8.9933
v -3.0030 1.5560 8.9933
v -3.3115 0.6881 8.9933
v -3.3743 -0.2308 8.9933
v -3.1869 -1.1326 8.9933
v -2.7632 -1.9505 8.9933
v -2.1345 -2.6236 8.9933
v -1.3475 -3.1022 8.9933
v -0.4605 -3.3507 8.9933
v 0.4605 -3.3507 8.9933
v 1.3475 -3.1022 8.9933
v 2.1345 -2.6236 8.9933
v 2.7632 -1.9505 8.9933
v 3.1869 -1.1326 8.9933
v 3.3743 -0.2308 8.9933
v 3.3115 0.6881 8.9933
v 3.0030 1.5560 8.9933
v 2.4718 2.3085 8.9933
v 1.7573 2.8898 8.9933
v 0.9125 3.2568 8.9933
v 0.0000 3.3822 8.9933
v 0.0000 3.4509 9.2617
v -0.9311 3.3230 9.2617
v -1.7930 2.9485 9.2617
v -2.5221 2.3554 9.2617
v -3.0640 1.5877 9.2617
v -3.3788 0.7021 9.2617
v -3.4429 -0.2355 9.2617
v -3.2517 -1.1556 9.2617
v -2.8193 -1.9901 9.2617
v -2.1778 -2.6769 9.2617
v -1.3749 -3.1652 9.2617
v -0.4699 -3.4188 9.2617
v 0.4699 -3.4188 9.2617
v 1.3749 -3.1652 9.2617
v 2.1778 -2.6769 9.2617
v 2.8193 -1.9901 9.2617
v 3.2517 -1.1556 9.2617
v 3.4429 -0.2355 9.2617
v 3.3788 0.7021 9.2617
v 3.0640 1.5877 9.2617
v 2.5221 2.3554 9.2617
v 1.7930 2.9485 9.2617
v 0.9311 3.3230 9.2617
v 0.0000 3.4509 9.2617
v 0.0000 3.5346 9.5302
v -0.9536 3.4035 9.5302
v -1.8365 3.0200 9.5302
v -2.5832 2.4125 9.5302
v -3.1383 1.6261 9.5302
v -3.4606 0.7191 9.5302
v -3.5263 -0.2412 9.5302
v -3.3305 -1.1836 9.5302
v -2.8876 -2.0383 9.5302
v -2.2306 -2.7418 9.5302
v -1.4082 -3.2419 9.5302
v -0.4813 -3.5016 9.5302
v 0.4813 -3.5016 9.5302
v 1.4082 -3.2419 9.5302
v 2.2306 -2.7418 9.5302
v 2.8876 -2.0383 9.5302
v 3.3305 -1.1836 9.5302
v 3.5263 -0.2412 9.5302
v 3.4606 0.7191 9.5302
v 3.1383 1.6261 9.5302
v 2.5832 2.4125 9.5302
v 1.8365 3.0200 9.5302
v 0.9536 3.4035 9.5302
v 0.0000 3.5346 9.5302
v 0.0000 3.6275 9.7987
v -0.9787 3.4929 9.7987
v -1.8848 3.0994 9.7987
v -2.6511 2.4759 9.7987
v -3.2208 1.6689 9.7987
v -3.5516 0.7380 9.7987
v -3.6190 -0.2475 9.7987
v -3.4180 -1.2148 9.7987
v -2.9635 -2.0919 9.7987
v -2.2892 -2.8139 9.7987
v -1.4452 -3.3271 9.7987
v -0.4939 -3.5937 9.7987
v 0.4939 -3.5937 9.7987
v 1.4452 -3.3271 9.7987
v 2.2892 -2.8139 9.7987
v 2.9635 -2.0919 9.7987
v 3.4180 -1.2148 9.7987
v 3.6190 -0.2475 9.7987
v 3.5516 0.7380 9.7987
v 3.2208 1.6689 9.7987
v 2.6511 2.4759 9.7987
v 1.8848 3.0994 9.7987
v 0.9787 3.4929 9.7987
v 0.0000 3.6275 9.7987
v 0.0000 3.6814 10.0671
v -0.9932 3.5449 10.0671
v -1.9128 3.1454 10.0671
v -2.6905 2.5127 10.0671
v -3.2686 1.6937 10.0671
v -3.6044 0.7490 10.0671
v -3.6728 -0.2512 10.0671
v -3.4688 -1.2328 10.0671
v -3.0076 -2.1230 10.0671
v -2.3233 -2.8557 10.0671
v -1.4667 -3.3766 10.0671
v -0.5013 -3.6471 10.0671
v 0.5013 -3.6471 10.0671
v 1.4667 -3.3766 10.0671
v 2.3233 -2.8557 10.0671
v 3.0076 -2.1230 10.0671
v 3.4688 -1.2328 10.0671
v 3.6728 -0.2512 10.0671
v 3.6044 0.7490 10.0671
v 3.2686 1.6937 10.0671
v 2.6905 2.5127 10.0671
v 1.9128 3.1454 10.0671
v 0.9932 3.5449 10.0671
v 0.0000 3.6814 10.0671
v 0.0000 3.7499 10.3356
v -1.0117 3.6109 10.3356
v -1.9484 3.2040 10.3356
v -2.7406 2.5595 10.3356
v -3.3295 1.7252 10.3356
v -3.6715 0.7629 10.3356
v -3.7412 -0.2559 10.3356
v -3.5334 -1.2558 10.3356
v -3.0636 -2.1625 10.3356
v -2.3665 -2.9089 10.3356
v -1.4940 -3.4395 10.3356
v -0.5106 -3.7150 10.3356
v 0.5106 -3.7150 10.3356
v 1.4940 -3.4395 10.3356
v 2.3665 -2.9089 10.3356
v 3.0636 -2.1625 10.3356
v 3.5334 -1.2558 10.3356
v 3.7412 -0.2559 10.3356
v 3.6715 0.7629 10.3356
v 3.3295 1.7252 10.3356
v 2.7406 2.5595 10.3356
v 1.9484 3.2040 10.3356
v 1.0117 3.6109 10.3356
v 0.0000 3.7499 10.3356
v 0.0000 3.8324 10.6040
v -1.0340 3.6903 10.6040
v -1.9913 3.2745 10.6040
v -2.8009 2.6158 10.6040
v -3.4028 1.7632 10.6040
v -3.7523 0.7797 10.6040
v -3.8235 -0.2615 10.6040
v -3.6111 -1.2834 10.6040
v -3.1310 -2.2101 10.6040
v -2.4186 -2.9729 10.6040
v -1.5268 -3.5151 10.6040
v -0.5218 -3.7967 10.6040
v 0.5218 -3.7967 10.6040
v 1.5268 -3.5151 10.6040
v 2.4186 -2.9729 10.6040
v 3.1310 -2.2101 10.6040
v 3.6111 -1.2834 10.6040
v 3.8235 -0.2615 10.6040
v 3.7523 0.7797 10.6040
v 3.4028 1.7632 10.6040
v 2.8009 2.6158 10.6040
v 1.9913 3.2745 10.6040
v 1.0340 3.6903 10.6040
v 0.0000 3.8324 10.6040
v 0.0000 3.9282 10.8725
v -1.0598 3.7826 10.8725
v -2.0410 3.3563 10.8725
v -2.8709 2.6812 10.8725
v -3.4878 1.8072 10.8725
v -3.8461 0.7992 10.8725
v -3.9191 -0.2681 10.8725
v -3.7014 -1.3155 10.8725
v -3.2092 -2.2653 10.8725
v -2.4791 -3.0472 10.8725
v -1.5650 -3.6030 10.8725
v -0.5349 -3.8916 10.8725
v 0.5349 -3.8916 10.8725
v 1.5650 -3.6030 10.8725
v 2.4791 -3.0472 10.8725
v 3.2092 -2.2653 10.8725
v 3.7014 -1.3155 10.8725
v 3.9191 -0.2681 10.8725
v 3.8461 0.7992 10.8725
v 3.4878 1.8072 10.8725
v 2.8709 2.6812 10.8725
v 2.0410 3.3563 10.8725
v 1.0598 3.7826 10.8725
v 0.0000 3.9282 10.8725
v 0.0000 4.0138 11.1409
v -1.0829 3.8649 11.1409
v -2.0855 3.4294 11.1409
v -2.9334 2.7396 11.1409
v -3.5638 1.8466 11.1409
v -3.9298 0.8166 11.1409
v -4.0044 -0.2739 11.1409
v -3.7820 -1.3441 11.1409
v -3.2791 -2.3147 11.1409
v -2.5330 -3.1135 11.1409
v -1.5991 -3.6815 11.1409
v -0.5465 -3.9764 11.1409
v 0.5465 -3.9764 11.1409
v 1.5991 -3.6815 11.1409
v 2.5330 -3.1135 11.1409
v 3.2791 -2.3147 11.1409
v 3.7820 -1.3441 11.1409
v 4.0044 -0.2739 11.1409
v 3.9298 0.8166 11.1409
v 3.5638 1.8466 11.1409
v 2.9334 2.7396 11.1409
v 2.0855 3.4294 11.1409
v 1.0829 3.8649 11.1409
v 0.0000 4.0138 11.1409
v 0.0000 4.0817 11.4094
v -1.1012 3.9303 11.4094
v -2.1208 3.4875 11.4094
v -2.9831 2.7860 11.4094
v -3.6241 1.8778 11.4094
v -3.9963 0.8304 11.4094
v -4.0722 -0.2785 11.4094
v -3.8460 -1.3669 11.4094
v -3.3346 -2.3538 11.4094
v -2.5759 -3.1662 11.4094
v -1.6262 -3.7438 11.4094
v -0.5558 -4.0437 11.4094
v 0.5558 -4.0437 11.4094
v 1.6262 -3.7438 11.4094
v 2.5759 -3.1662 11.4094
v 3.3346 -2.3538 11.4094
v 3.8460 -1.3669 11.4094
v 4.0722 -0.2785 11.4094
v 3.9963 0.8304 11.4094
v 3.6241 1.8778 11.4094
v 2.9831 2.7860 11.4094
v 2.1208 3.4875 11.4094
v 1.1012 3.9303 11.4094
v 0.0000 4.0817 11.4094
v 0.0000 4.1627 11.6779
v -1.1231 4.0084 11.6779
v -2.1629 3.5567 11.6779
v -3.0423 2.8413 11.6779
v -3.6960 1.9151 11.6779
v -4.0757 0.8469 11.6779
v -4.1530 -0.2841 11.6779
v -3.9224 -1.3940 11.6779
v -3.4008 -2.4006 11.6779
v -2.6270 -3.2291 11.6779
v -1.6584 -3.8181 11.6779
v -0.5668 -4.1239 11.6779
v 0.5668 -4.1239 11.6779
v 1.6584 -3.8181 11.6779
v 2.6270 -3.2291 11.6779
v 3.4008 -2.4006 11.6779
v 3.9224 -1.3940 11.6779
v 4.1530 -0.2841 11.6779
v 4.0757 0.8469 11.6779
v 3.6960 1.9151 11.6779
v 3.0423 2.8413 11.6779
v 2.1629 3.5567 11.6779
v 1.1231 4.0084 11.6779
v 0.0000 4.1627 11.6779
v 0.0000 4.2562 11.9463
v -1.1483 4.0984 11.9463
v -2.2115 3.6366 11.9463
v -3.1106 2.9051 11.9463
v -3.7790 1.9581 11.9463
v -4.1672 0.8660 11.9463
v -4.2463 -0.2905 11.9463
v -4.0105 -1.4253 11.9463
v -3.4772 -2.4545 11.9463
v -2.6861 -3.3016 11.9463
v -1.6957 -3.9039 11.9463
v -0.5796 -4.2166 11.9463
v 0.5796 -4.2166 11.9463
v 1.6957 -3.9039 11.9463
v 2.6861 -3.3016 11.9463
v 3.4772 -2.4545 11.9463
v 4.0105 -1.4253 11.9463
v 4.2463 -0.2905 11.9463
v 4.1672 0.8660 11.9463
v 3.7790 1.9581 11.9463
v 3.1106 2.9051 11.9463
v 2.2115 3.6366 11.9463
v 1.1483 4.0984 11.9463
v 0.0000 4.2562 11.9463
v 0.0000 4.3616 12.2148
v -1.1767 4.1998 12.2148
v -2.2662 3.7266 12.2148
v -3.1876 2.9770 12.2148
v -3.8726 2.0066 12.2148
v -4.2703 0.8874 12.2148
v -4.3514 -0.2976 12.2148
v -4.1097 -1.4606 12.2148
v -3.5633 -2.5152 12.2148
v -2.7525 -3.3833 12.2148
v -1.7377 -4.0005 12.2148
v -0.5939 -4.3210 12.2148
v 0.5939 -4.3210 12.2148
v 1.7377 -4.0005 12.2148
v 2.7525 -3.3833 12.2148
v 3.5633 -2.5152 12.2148
v 4.1097 -1.4606 12.2148
v 4.3514 -0.2976 12.2148
v 4.2703 0.8874 12.2148
v 3.8726 2.0066 12.2148
v 3.1876 2.9770 12.2148
v 2.2662 3.7266 12.2148
v 1.1767 4.1998 12.2148
v 0.0000 4.3616 12.2148
v 0.0000 4.4464 12.4832
v -1.1996 4.2815 12.4832
v -2.3103 3.7991 12.4832
v -3.2496 3.0349 12.4832
v -3.9479 2.0456 12.4832
v -4.3534 0.9046 12.4832
v -4.4360 -0.3034 12.4832
v -4.1896 -1.4890 12.4832
v -3.6326 -2.5641 12.4832
v -2.8061 -3.4491 12.4832
v -1.7714 -4.0783 12.4832
v -0.6054 -4.4050 12.4832
v 0.6054 -4.4050 12.4832
v 1.7714 -4.0783 12.4832
v 2.8061 -3.4491 12.4832
v 3.6326 -2.5641 12.4832
v 4.1896 -1.4890 12.4832
v 4.4360 -0.3034 12.4832
v 4.3534 0.9046 12.4832
v 3.9479 2.0456 12.4832
v 3.2496 3.0349 12.4832
v 2.3103 3.7991 12.4832
v 1.1996 4.2815 12.4832
v 0.0000 4.4464 12.4832
v 0.0000 4.5256 12.7517
v -1.2210 4.3578 12.7517
v -2.3514 3.8668 12.7517
v -3.3075 3.0890 12.7517
v -4.0182 2.0821 12.7517
v -4.4310 0.9208 12.7517
v -4.5151 -0.3088 12.7517
v -4.2643 -1.5155 12.7517
v -3.6973 -2.6098 12.7517
v -2.8561 -3.5106 12.7517
v -1.8030 -4.1509 12.7517
v -0.6162 -4.4835 12.7517
v 0.6162 -4.4835 12.7517
v 1.8030 -4.1509 12.7517
v 2.8561 -3.5106 12.7517
v 3.6973 -2.6098 12.7517
v 4.2643 -1.5155 12.7517
v 4.5151 -0.3088 12.7517
v 4.4310 0.9208 12.7517
v 4.0182 2.0821 12.7517
v 3.3075 3.0890 12.7517
v 2.3514 3.8668 12.7517
v 1.2210 4.3578 12.7517
v 0.0000 4.5256 12.7517
v 0.0000 4.6166 13.0201
v -1.2455 4.4454 13.0201
v -2.3987 3.9445 13.0201
v -3.3740 3.1511 13.0201
v -4.0990 2.1239 13.0201
v -4.5200 0.9393 13.0201
v -4.6058 -0.3150 13.0201
v -4.3500 -1.5460 13.0201
v -3.7716 -2.6623 13.0201
v -2.9135 -3.5811 13.0201
v -1.8393 -4.2344 13.0201
v -0.6286 -4.5736 13.0201
v 0.6286 -4.5736 13.0201
v 1.8393 -4.2344 13.0201
v 2.9135 -3.5811 13.0201
v 3.7716 -2.6623 13.0201
v 4.3500 -1.5460 13.0201
v 4.6058 -0.3150 13.0201
v 4.5200 0.9393 13.0201
v 4.0990 2.1239 13.0201
v 3.3740 3.1511 13.0201
v 2.3987 3.9445 13.0201
v 1.2455 4.4454 13.0201
v 0.0000 4.6166 13.0201
v 0.0000 4.7187 13.2886
v -1.2731 4.5438 13.2886
v -2.4518 4.0318 13.2886
v -3.4486 3.2208 13.2886
v -4.1897 2.1709 13.2886
v -4.6200 0.9601 13.2886
v -4.7077 -0.3220 13.2886
v -4.4463 -1.5802 13.2886
v -3.8551 -2.7212 13.2886
v -2.9779 -3.6604 13.2886
v -1.8800 -4.3281 13.2886
v -0.6425 -4.6748 13.2886
v 0.6425 -4.6748 13.2886
v 1.8800 -4.3281 13.2886
v 2.9779 -3.6604 13.2886
v 3.8551 -2.7212 13.2886
v 4.4463 -1.5802 13.2886
v 4.7077 -0.3220 13.2886
v 4.6200 0.9601 13.2886
v 4.1897 2.1709 13.2886
v 3.4486 3.2208 13.2886
v 2.4518 4.0318 13.2886
v 1.2731 4.5438 13.2886
v 0.0000 4.7187 13.2886
v 0.0000 4.8315 13.5570
v -1.3035 4.6523 13.5570
v -2.5104 4.1281 13.5570
v -3.5310 3.2977 13.5570
v -4.2898 2.2228 13.5570
v -4.7304 0.9830 13.5570
v -4.8202 -0.3297 13.5570
v -4.5525 -1.6180 13.5570
v -3.9472 -2.7862 13.5570
v -3.0491 -3.7478 13.5570
v -1.9249 -4.4315 13.5570
v -0.6579 -4.7865 13.5570
v 0.6579 -4.7865 13.5570
v 1.9249 -4.4315 13.5570
v 3.0491 -3.7478 13.5570
v 3.9472 -2.7862 13.5570
v 4.5525 -1.6180 13.5570
v 4.8202 -0.3297 13.5570
v 4.7304 0.9830 13.5570
v 4.2898 2.2228 13.5570
v 3.5310 3.2977 13.5570
v 2.5104 4.1281 13.5570
v 1.3035 4.6523 13.5570
v 0.0000 4.8315 13.5570
v 0.0000 4.9213 13.8255
v -1.3278 4.7388 13.8255
v -2.5570 4.2049 13.8255
v -3.5967 3.3591 13.8255
v -4.3696 2.2641 13.8255
v -4.8184 1.0013 13.8255
v -4.9099 -0.3358 13.8255
v -4.6372 -1.6481 13.8255
v -4.0206 -2.8380 13.8255
v -3.1058 -3.8175 13.8255
v -1.9607 -4.5139 13.8255
v -0.6701 -4.8755 13.8255
v 0.6701 -4.8755 13.8255
v 1.9607 -4.5139 13.8255
v 3.1058 -3.8175 13.8255
v 4.0206 -2.8380 13.8255
v 4.6372 -1.6481 13.8255
v 4.9099 -0.3358 13.8255
v 4.8184 1.0013 13.8255
v 4.3696 2.2641 13.8255
v 3.5967 3.3591 13.8255
v 2.5570 4.2049 13.8255
v 1.3278 4.7388 13.8255
v 0.0000 4.9213 13.8255
v 0.0000 5.0096 14.0940
v -1.3516 4.8238 14.0940
v -2.6029 4.2803 14.0940
v -3.6612 3.4193 14.0940
v -4.4479 2.3047 14.0940
v -4.9048 1.0192 14.0940
v -4.9979 -0.3419 14.0940
v -4.7203 -1.6776 14.0940
v -4.0927 -2.8889 14.0940
v -3.1615 -3.8860 14.0940
v -1.9958 -4.5948 14.0940
v -0.6821 -4.9629 14.0940
v 0.6821 -4.9629 14.0940
v 1.9958 -4.5948 14.0940
v 3.1615 -3.8860 14.0940
v 4.0927 -2.8889 14.0940
v 4.7203 -1.6776 14.0940
v 4.9979 -0.3419 14.0940
v 4.9048 1.0192 14.0940
v 4.4479 2.3047 14.0940
v 3.6612 3.4193 14.0940
v 2.6029 4.2803 14.0940
v 1.3516 4.8238 14.0940
v 0.0000 5.0096 14.0940
v 0.0000 5.1084 14.3624
v -1.3782 4.9190 14.3624
v -2.6542 4.3647 14.3624
v -3.7334 3.4867 14.3624
v -4.5357 2.3502 14.3624
v -5.0015 1.0393 14.3624
v -5.0965 -0.3486 14.3624
v -4.8134 -1.7107 14.3624
v -4.1734 -2.9459 14.3624
v -3.2238 -3.9626 14.3624
v -2.0352 -4.6855 14.3624
v -0.6956 -5.0608 14.3624
v 0.6956 -5.0608 14.3624
v 2.0352 -4.6855 14.3624
v 3.2238 -3.9626 14.3624
v 4.1734 -2.9459 14.3624
v 4.8134 -1.7107 14.3624
v 5.0965 -0.3486 14.3624
v 5.0015 1.0393 14.3624
v 4.5357 2.3502 14.3624
v 3.7334 3.4867 14.3624
v 2.6542 4.3647 14.3624
v 1.3782 4.9190 14.3624
v 0.0000 5.1084 14.3624
v 0.0000 5.2172 14.6309
v -1.4076 5.0237 14.6309
v -2.7108 4.4577 14.6309
v -3.8129 3.5610 14.6309
v -4.6323 2.4003 14.6309
v -5.1081 1.0615 14.6309
v -5.2051 -0.3560 14.6309
v -4.9160 -1.7471 14.6309
v -4.2623 -3.0087 14.6309
v -3.2925 -4.0471 14.6309
v -2.0785 -4.7853 14.6309
v -0.7104 -5.1686 14.6309
v 0.7104 -5.1686 14.6309
v 2.0785 -4.7853 14.6309
v 3.2925 -4.0471 14.6309
v 4.2623 -3.0087 14.6309
v 4.9160 -1.7471 14.6309
v 5.2051 -0.3560 14.6309
v 5.1081 1.0615 14.6309
v 4.6323 2.4003 14.6309
v 3.8129 3.5610 14.6309
v 2.7108 4.4577 14.6309
v 1.4076 5.0237 14.6309
v 0.0000 5.2172 14.6309
v 0.0000 5.3356 14.8993
v -1.4395 5.1377 14.8993
v -2.7723 4.5588 14.8993
v -3.8994 3.6418 14.8993
v -4.7374 2.4547 14.8993
v -5.2240 1.0856 14.8993
v -5.3231 -0.3641 14.8993
v -5.0275 -1.7868 14.8993
v -4.3590 -3.0769 14.8993
v -3.3672 -4.1389 14.8993
v -2.1257 -4.8938 14.8993
v -0.7265 -5.2859 14.8993
v 0.7265 -5.2859 14.8993
v 2.1257 -4.8938 14.8993
v 3.3672 -4.1389 14.8993
v 4.3590 -3.0769 14.8993
v 5.0275 -1.7868 14.8993
v 5.3231 -0.3641 14.8993
v 5.2240 1.0856 14.8993
v 4.7374 2.4547 14.8993
v 3.8994 3.6418 14.8993
v 2.7723 4.5588 14.8993
v 1.4395 5.1377 14.8993
v 0.0000 5.3356 14.8993
v 0.0000 5.4355 15.1678
v -1.4665 5.2339 15.1678
v -2.8242 4.6442 15.1678
v -3.9724 3.7100 15.1678
v -4.8261 2.5007 15.1678
v -5.3218 1.1059 15.1678
v -5.4228 -0.3709 15.1678
v -5.1216 -1.8202 15.1678
v -4.4406 -3.1345 15.1678
v -3.4303 -4.2164 15.1678
v -2.1655 -4.9855 15.1678
v -0.7401 -5.3849 15.1678
v 0.7401 -5.3849 15.1678
v 2.1655 -4.9855 15.1678
v 3.4303 -4.2164 15.1678
v 4.4406 -3.1345 15.1678
v 5.1216 -1.8202 15.1678
v 5.4228 -0.3709 15.1678
v 5.3218 1.1059 15.1678
v 4.8261 2.5007 15.1678
v 3.9724 3.7100 15.1678
v 2.8242 4.6442 15.1678
v 1.4665 5.2339 15.1678
v 0.0000 5.4355 15.1678
v 0.0000 5.5309 15.4362
v -1.4922 5.3258 15.4362
v -2.8737 4.7257 15.4362
v -4.0421 3.7751 15.4362
v -4.9108 2.5446 15.4362
v -5.4152 1.1253 15.4362
v -5.5180 -0.3774 15.4362
v -5.2115 -1.8522 15.4362
v -4.5185 -3.1895 15.4362
v -3.4905 -4.2903 15.4362
v -2.2035 -5.0730 15.4362
v -0.7531 -5.4793 15.4362
v 0.7531 -5.4793 15.4362
v 2.2035 -5.0730 15.4362
v 3.4905 -4.2903 15.4362
v 4.5185 -3.1895 15.4362
v 5.2115 -1.8522 15.4362
v 5.5180 -0.3774 15.4362
v 5.4152 1.1253 15.4362
v 4.9108 2.5446 15.4362
v 4.0421 3.7751 15.4362
v 2.8737 4.7257 15.4362
v 1.4922 5.3258 15.4362
v 0.0000 5.5309 15.4362
v 0.0000 5.6357 15.7047
v -1.5205 5.4267 15.7047
v -2.9282 4.8153 15.7047
v -4.1188 3.8467 15.7047
v -5.0039 2.5928 15.7047
v -5.5178 1.1466 15.7047
v -5.6226 -0.3846 15.7047
v -5.3103 -1.8873 15.7047
v -4.6042 -3.2500 15.7047
v -3.5566 -4.3717 15.7047
v -2.2453 -5.1691 15.7047
v -0.7674 -5.5832 15.7047
v 0.7674 -5.5832 15.7047
v 2.2453 -5.1691 15.7047
v 3.5566 -4.3717 15.7047
v 4.6042 -3.2500 15.7047
v 5.3103 -1.8873 15.7047
v 5.6226 -0.3846 15.7047
v 5.5178 1.1466 15.7047
v 5.0039 2.5928 15.7047
v 4.1188 3.8467 15.7047
v 2.9282 4.8153 15.7047
v 1.5205 5.4267 15.7047
v 0.0000 5.6357 15.7047
v 0.0000 5.7497 15.9732
v -1.5512 5.5364 15.9732
v -2.9874 4.9126 15.9732
v -4.2021 3.9244 15.9732
v -5.1050 2.6452 15.9732
v -5.6294 1.1698 15.9732
v -5.7362 -0.3924 15.9732
v -5.4177 -1.9254 15.9732
v -4.6973 -3.3157 15.9732
v -3.6285 -4.4601 15.9732
v -2.2907 -5.2736 15.9732
v -0.7829 -5.6961 15.9732
v 0.7829 -5.6961 15.9732
v 2.2907 -5.2736 15.9732
v 3.6285 -4.4601 15.9732
v 4.6973 -3.3157 15.9732
v 5.4177 -1.9254 15.9732
v 5.7362 -0.3924 15.9732
v 5.6294 1.1698 15.9732
v 5.1050 2.6452 15.9732
v 4.2021 3.9244 15.9732
v 2.9874 4.9126 15.9732
v 1.5512 5.5364 15.9732
v 0.0000 5.7497 15.9732
v 0.0000 5.8945 16.2416
v -1.5903 5.6759 16.2416
v -3.0627 5.0364 16.2416
v -4.3079 4.0233 16.2416
v -5.2336 2.7119 16.2416
v -5.7712 1.1993 16.2416
v -5.8808 -0.4023 16.2416
v -5.5542 -1.9739 16.2416
v -4.8156 -3.3992 16.2416
v -3.7200 -4.5724 16.2416
v -2.3484 -5.4065 16.2416
v -0.8026 -5.8396 16.2416
v 0.8026 -5.8396 16.2416
v 2.3484 -5.4065 16.2416
v 3.7200 -4.5724 16.2416
v 4.8156 -3.3992 16.2416
v 5.5542 -1.9739 16.2416
v 5.8808 -0.4023 16.2416
v 5.7712 1.1993 16.2416
v 5.2336 2.7119 16.2416
v 4.3079 4.0233 16.2416
v 3.0627 5.0364 16.2416
v 1.5903 5.6759 16.2416
v 0.0000 5.8945 16.2416
v 0.0000 5.9864 16.5101
v -1.6151 5.7644 16.5101
v -3.1105 5.1149 16.5101
v -4.3751 4.0861 16.5101
v -5.3153 2.7541 16.5101
v -5.8612 1.2180 16.5101
v -5.9725 -0.4085 16.5101
v -5.6408 -2.0047 16.5101
v -4.8907 -3.4523 16.5101
v -3.7780 -4.6437 16.5101
v -2.3850 -5.4908 16.5101
v -0.8152 -5.9307 16.5101
v 0.8152 -5.9307 16.5101
v 2.3850 -5.4908 16.5101
v 3.7780 -4.6437 16.5101
v 4.8907 -3.4523 16.5101
v 5.6408 -2.0047 16.5101
v 5.9725 -0.4085 16.5101
v 5.8612 1.2180 16.5101
v 5.3153 2.7541 16.5101
v 4.3751 4.0861 16.5101
v 3.1105 5.1149 16.5101
v 1.6151 5.7644 16.5101
v 0.0000 5.9864 16.5101
v 0.0000 6.0874 16.7785
v -1.6423 5.8616 16.7785
v -3.1629 5.2012 16.7785
v -4.4489 4.1549 16.7785
v -5.4049 2.8006 16.7785
v -5.9600 1.2385 16.7785
v -6.0732 -0.4154 16.7785
v -5.7359 -2.0385 16.7785
v -4.9732 -3.5105 16.7785
v -3.8417 -4.7220 16.7785
v -2.4252 -5.5834 16.7785
v -0.8289 -6.0307 16.7785
v 0.8289 -6.0307 16.7785
v 2.4252 -5.5834 16.7785
v 3.8417 -4.7220 16.7785
v 4.9732 -3.5105 16.7785
v 5.7359 -2.0385 16.7785
v 6.0732 -0.4154 16.7785
v 5.9600 1.2385 16.7785
v 5.4049 2.8006 16.7785
v 4.4489 4.1549 16.7785
v 3.1629 5.2012 16.7785
v 1.6423 5.8616 16.7785
v 0.0000 6.0874 16.7785
v 0.0000 6.3072 17.0470
v -1.7016 6.0733 17.0470
v -3.2771 5.3890 17.0470
v -4.6095 4.3050 17.0470
v -5.6000 2.9017 17.0470
v -6.1752 1.2832 17.0470
v -6.2924 -0.4304 17.0470
v -5.9430 -2.1121 17.0470
v -5.1528 -3.6372 17.0470
v -3.9804 -4.8925 17.0470
v -2.5128 -5.7850 17.0470
v -0.8588 -6.2484 17.0470
v 0.8588 -6.2484 17.0470
v 2.5128 -5.7850 17.0470
v 3.9804 -4.8925 17.0470
v 5.1528 -3.6372 17.0470
v 5.9430 -2.1121 17.0470
v 6.2924 -0.4304 17.0470
v 6.1752 1.2832 17.0470
v 5.6000 2.9017 17.0470
v 4.6095 4.3050 17.0470
v 3.2771 5.3890 17.0470
v 1.7016 6.0733 17.0470
v 0.0000 6.3072 17.0470
v 0.0000 6.3869 17.3154
v -1.7232 6.1500 17.3154
v -3.3185 5.4571 17.3154
v -4.6678 4.3594 17.3154
v -5.6708 2.9384 17.3154
v -6.2533 1.2994 17.3154
v -6.3720 -0.4359 17.3154
v -6.0181 -2.1388 17.3154
v -5.2179 -3.6832 17.3154
v -4.0307 -4.9544 17.3154
v -2.5445 -5.8581 17.3154
v -0.8697 -6.3274 17.3154
v 0.8697 -6.3274 17.3154
v 2.5445 -5.8581 17.3154
v 4.0307 -4.9544 17.3154
v 5.2179 -3.6832 17.3154
v 6.0181 -2.1388 17.3154
v 6.3720 -0.4359 17.3154
v 6.2533 1.2994 17.3154
v 5.6708 2.9384 17.3154
v 4.6678 4.3594 17.3154
v 3.3185 5.4571 17.3154
v 1.7232 6.1500 17.3154
v 0.0000 6.3869 17.3154
v 0.0000 6.4754 17.5839
v -1.7470 6.2353 17.5839
v -3.3645 5.5327 17.5839
v -4.7324 4.4198 17.5839
v -5.7494 2.9791 17.5839
v -6.3400 1.3175 17.5839
v -6.4603 -0.4419 17.5839
v -6.1015 -2.1685 17.5839
v -5.2902 -3.7342 17.5839
v -4.0865 -5.0230 17.5839
v -2.5798 -5.9393 17.5839
v -0.8817 -6.4151 17.5839
v 0.8817 -6.4151 17.5839
v 2.5798 -5.9393 17.5839
v 4.0865 -5.0230 17.5839
v 5.2902 -3.7342 17.5839
v 6.1015 -2.1685 17.5839
v 6.4603 -0.4419 17.5839
v 6.3400 1.3175 17.5839
v 5.7494 2.9791 17.5839
v 4.7324 4.4198 17.5839
v 3.3645 5.5327 17.5839
v 1.7470 6.2353 17.5839
v 0.0000 6.4754 17.5839
v 0.0000 6.5724 17.8523
v -1.7732 6.3287 17.8523
v -3.4149 5.6156 17.8523
v -4.8033 4.4860 17.8523
v -5.8355 3.0237 17.8523
v -6.4349 1.3372 17.8523
v -6.5571 -0.4485 17.8523
v -6.1929 -2.2010 17.8523
v -5.3694 -3.7902 17.8523
v -4.1478 -5.0983 17.8523
v -2.6184 -6.0283 17.8523
v -0.8949 -6.5112 17.8523
v 0.8949 -6.5112 17.8523
v 2.6184 -6.0283 17.8523
v 4.1478 -5.0983 17.8523
v 5.3694 -3.7902 17.8523
v 6.1929 -2.2010 17.8523
v 6.5571 -0.4485 17.8523
v 6.4349 1.3372 17.8523
v 5.8355 3.0237 17.8523
v 4.8033 4.4860 17.8523
v 3.4149 5.6156 17.8523
v 1.7732 6.3287 17.8523
v 0.0000 6.5724 17.8523
v 0.0000 6.8359 18.1208
v -1.8443 6.5824 18.1208
v -3.5518 5.8407 18.1208
v -4.9959 4.6658 18.1208
v -6.0695 3.1449 18.1208
v -6.6929 1.3908 18.1208
v -6.8199 -0.4665 18.1208
v -6.4412 -2.2892 18.1208
v -5.5847 -3.9421 18.1208
v -4.3140 -5.3027 18.1208
v -2.7234 -6.2699 18.1208
v -0.9308 -6.7722 18.1208
v 0.9308 -6.7722 18.1208
v 2.7234 -6.2699 18.1208
v 4.3140 -5.3027 18.1208
v 5.5847 -3.9421 18.1208
v 6.4412 -2.2892 18.1208
v 6.8199 -0.4665 18.1208
v 6.6929 1.3908 18.1208
v 6.0695 3.1449 18.1208
v 4.9959 4.6658 18.1208
v 3.5518 5.8407 18.1208
v 1.8443 6.5824 18.1208
v 0.0000 6.8359 18.1208
v 0.0000 6.9128 18.3893
v -1.8650 6.6564 18.3893
v -3.5918 5.9064 18.3893
v -5.0521 4.7183 18.3893
v -6.1377 3.1803 18.3893
v -6.7682 1.4064 18.3893
v -6.8966 -0.4717 18.3893
v -6.5136 -2.3149 18.3893
v -5.6475 -3.9865 18.3893
v -4.3626 -5.3623 18.3893
v -2.7541 -6.3405 18.3893
v -0.9413 -6.8484 18.3893
v 0.9413 -6.8484 18.3893
v 2.7541 -6.3405 18.3893
v 4.3626 -5.3623 18.3893
v 5.6475 -3.9865 18.3893
v 6.5136 -2.3149 18.3893
v 6.8966 -0.4717 18.3893
v 6.7682 1.4064 18.3893
v 6.1377 3.1803 18.3893
v 5.0521 4.7183 18.3893
v 3.5918 5.9064 18.3893
v 1.8650 6.6564 18.3893
v 0.0000 6.9128 18.3893
v 0.0000 6.9979 18.6577
v -1.8880 6.7384 18.6577
v -3.6360 5.9792 18.6577
v -5.1143 4.7765 18.6577
v -6.2134 3.2195 18.6577
v -6.8516 1.4238 18.6577
v -6.9816 -0.4776 18.6577
v -6.5939 -2.3435 18.6577
v -5.7171 -4.0356 18.6577
v -4.4163 -5.4284 18.6577
v -2.7880 -6.4186 18.6577
v -0.9529 -6.9327 18.6577
v 0.9529 -6.9327 18.6577
v 2.7880 -6.4186 18.6577
v 4.4163 -5.4284 18.6577
v 5.7171 -4.0356 18.6577
v 6.5939 -2.3435 18.6577
v 6.9816 -0.4776 18.6577
v 6.8516 1.4238 18.6577
v 6.2134 3.2195 18.6577
v 5.1143 4.7765 18.6577
v 3.6360 5.9792 18.6577
v 1.8880 6.7384 18.6577
v 0.0000 6.9979 18.6577
v 0.0000 7.0911 18.9262
v -1.9132 6.8282 18.9262
v -3.6844 6.0588 18.9262
v -5.1824 4.8401 18.9262
v -6.2961 3.2624 18.9262
v -6.9428 1.4427 18.9262
v -7.0746 -0.4839 18.9262
v -6.6817 -2.3747 18.9262
v -5.7932 -4.0893 18.9262
v -4.4751 -5.5007 18.9262
v -2.8251 -6.5040 18.9262
v -0.9656 -7.0251 18.9262
v 0.9656 -7.0251 18.9262
v 2.8251 -6.5040 18.9262
v 4.4751 -5.5007 18.9262
v 5.7932 -4.0893 18.9262
v 6.6817 -2.3747 18.9262
v 7.0746 -0.4839 18.9262
v 6.9428 1.4427 18.9262
v 6.2961 3.2624 18.9262
v 5.1824 4.8401 18.9262
v 3.6844 6.0588 18.9262
v 1.9132 6.8282 18.9262
v 0.0000 7.0911 18.9262
v 0.0000 7.3982 19.1946
v -1.9960 7.1238 19.1946
v -3.8440 6.3212 19.1946
v -5.4069 5.0497 19.1946
v -6.5687 3.4036 19.1946
v -7.2434 1.5052 19.1946
v -7.3809 -0.5049 19.1946
v -6.9710 -2.4775 19.1946
v -6.0441 -4.2664 19.1946
v -4.6689 -5.7389 19.1946
v -2.9474 -6.7857 19.1946
v -1.0074 -7.3293 19.1946
v 1.0074 -7.3293 19.1946
v 2.9474 -6.7857 19.1946
v 4.6689 -5.7389 19.1946
v 6.0441 -4.2664 19.1946
v 6.9710 -2.4775 19.1946
v 7.3809 -0.5049 19.1946
v 7.2434 1.5052 19.1946
v 6.5687 3.4036 19.1946
v 5.4069 5.0497 19.1946
v 3.8440 6.3212 19.1946
v 1.9960 7.1238 19.1946
v 0.0000 7.3982 19.1946
v 0.0000 7.4723 19.4631
v -2.0160 7.1952 19.4631
v -3.8825 6.3845 19.4631
v -5.4610 5.1002 19.4631
v -6.6346 3.4377 19.4631
v -7.3160 1.5203 19.4631
v -7.4549 -0.5099 19.4631
v -7.0409 -2.5023 19.4631
v -6.1047 -4.3091 19.4631
v -4.7157 -5.7964 19.4631
v -2.9770 -6.8537 19.4631
v -1.0175 -7.4027 19.4631
v 1.0175 -7.4027 19.4631
v 2.9770 -6.8537 19.4631
v 4.7157 -5.7964 19.4631
v 6.1047 -4.3091 19.4631
v 7.0409 -2.5023 19.4631
v 7.4549 -0.5099 19.4631
v 7.3160 1.5203 19.4631
v 6.6346 3.4377 19.4631
v 5.4610 5.1002 19.4631
v 3.8825 6.3845 19.4631
v 2.0160 7.1952 19.4631
v 0.0000 7.4723 19.4631
v 0.0000 7.5542 19.7315
v -2.0381 7.2741 19.7315
v -3.9251 6.4545 19.7315
v -5.5209 5.1562 19.7315
v -6.7073 3.4754 19.7315
v -7.3962 1.5370 19.7315
v -7.5366 -0.5155 19.7315
v -7.1180 -2.5298 19.7315
v -6.1716 -4.3564 19.7315
v -4.7674 -5.8599 19.7315
v -3.0096 -6.9288 19.7315
v -1.0286 -7.4839 19.7315
v 1.0286 -7.4839 19.7315
v 3.0096 -6.9288 19.7315
v 4.7674 -5.8599 19.7315
v 6.1716 -4.3564 19.7315
v 7.1180 -2.5298 19.7315
v 7.5366 -0.5155 19.7315
v 7.3962 1.5370 19.7315
v 6.7073 3.4754 19.7315
v 5.5209 5.1562 19.7315
v 3.9251 6.4545 19.7315
v 2.0381 7.2741 19.7315
v 0.0000 7.5542 19.7315
v 0.0000 7.6437 20.0000
v -2.0622 7.3602 20.0000
v -3.9715 6.5309 20.0000
v -5.5863 5.2172 20.0000
v -6.7867 3.5166 20.0000
v -7.4838 1.5552 20.0000
v -7.6259 -0.5216 20.0000
v -7.2024 -2.5597 20.0000
v -6.2447 -4.4080 20.0000
v -4.8238 -5.9293 20.0000
v -3.0453 -7.0109 20.0000
v -1.0408 -7.5725 20.0000
v 1.0408 -7.5725 20.0000
v 3.0453 -7.0109 20.0000
v 4.8238 -5.9293 20.0000
v 6.2447 -4.4080 20.0000
v 7.2024 -2.5597 20.0000
v 7.6259 -0.5216 20.0000
v 7.4838 1.5552 20.0000
v 6.7867 3.5166 20.0000
v 5.5863 5.2172 20.0000
v 3.9715 6.5309 20.0000
v 2.0622 7.3602 20.0000
v 0.0000 7.6437 20.0000
usemtl bin_31
f 1 25 26
f 1 26 2
f 2 26 27
f 2 27 3
f 3 27 28
f 3 28 4
f 4 28 29
f 4 29 5
f 5 29 30
f 5 30 6
f 6 30 31
f 6 31 7
f 7 31 32
f 7 32 8
f 8 32 33
f 8 33 9
f 9 33 34
f 9 34 10
f 10 34 35
f 10 35 11
f 11 35 36
f 11 36 12
f 12 36 37
f 12 37 13
f 13 37 38
f 13 38 14
f 14 38 39
f 14 39 15
f 15 39 40
f 15 40 16
f 16 40 41
f 16 41 17
f 17 41 42
f 17 42 18
f 18 42 43
f 18 43 19
f 19 43 44
f 19 44 20
f 20 44 45
f 20 45 21
f 21 45 46
f 21 46 22
f 22 46 47
f 22 47 23
f 23 47 48
f 23 48 24
f 24 48 25
f 24 25 1
f 25 49 50
f 25 50 26
f 26 50 51
f 26 51 27
f 27 51 52
f 27 52 28
f 28 52 53
f 28 53 29
f 29 53 54
f 29 54 30
f 30 54 55
f 30 55 31
f 31 55 56
f 31 56 32
f 32 56 57
f 32 57 33
f 33 57 58
f 33 58 34
f 34 58 59
f 34 59 35
f 35 59 60
f 35 60 36
f 36 60 61
f 36 61 37
f 37 61 62
f 37 62 38
f 38 62 63
f 38 63 39
f 39 63 64
f 39 64 40
f 40 64 65
f 40 65 41
f 41 65 66
f 41 66 42
f 42 66 67
f 42 67 43
f 43 67 68
f 43 68 44
f 44 68 69
f 44 69 45
f 45 69 70
f 45 70 46
f 46 70 71
f 46 71 47
f 47 71 72
f 47 72 48
f 48 72 49
f 48 49 25
f 49 73 74
f 49 74 50
f 50 74 75
f 50 75 51
f 51 75 76
f 51 76 52
f 52 76 77
f 52 77 53
f 53 77 78
f 53 78 54
f 54 78 79
f 54 79 55
f 55 79 80
f 55 80 56
f 56 80 81
f 56 81 57
f 57 81 82
f 57 82 58
f 58 82 83
f 58 83 59
f 59 83 84
f 59 84 60
f 60 84 85
f 60 85 61
f 61 85 86
f 61 86 62
f 62 86 87
f 62 87 63
f 63 87 88
f 63 88 64
f 64 88 89
f 64 89 65
f 65 89 90
f 65 90 66
f 66 90 91
f 66 91 67
f 67 91 92
f 67 92 68
f 68 92 93
f 68 93 69
f 69 93 94
f 69 94 70
f 70 94 95
f 70 95 71
f 71 95 96
f 71 96 72
f 72 96 73
f 72 73 49
f 73 97 98
f 73 98 74
f 74 98 99
f 74 99 75
f 75 99 100
f 75 100 76
f 76 100 101
f 76 101 77
f 77 101 102
f 77 102 78
f 78 102 103
f 78 103 79
f 79 103 104
f 79 104 80
f 80 104 105
f 80 105 81
f 81 105 106
f 81 106 82
f 82 106 107
f 82 107 83
f 83 107 108
f 83 108 84
f 84 108 109
f 84 109 85
f 85 109 110
f 85 110 86
f 86 110 111
f 86 111 87
f 87 111 112
f 87 112 88
f 88 112 113
f 88 113 89
f 89 113 114
f 89 114 90
f 90 114 115
f 90 115 91
f 91 115 116
f 91 116 92
f 92 116 117
f 92 117 93
f 93 117 118
f 93 118 94
f 94 118 119
f 94 119 95
f 95 119 120
f 95 120 96
f 96 120 97
f 96 97 73
f 97 121 122
f 97 122 98
f 98 122 123
f 98 123 99
f 99 123 124
f 99 124 100
f 100 124 125
f 100 125 101
f 101 125 126
f 101 126 102
f 102 126 127
f 102 127 103
f 103 127 128
f 103 128 104
f 104 128 129
f 104 129 105
f 105 129 130
f 105 130 106
f 106 130 131
f 106 131 107
f 107 131 132
f 107 132 108
f 108 132 133
f 108 133 109
f 109 133 134
f 109 134 110
f 110 134 135
f 110 135 111
f 111 135 136
f 111 136 112
f 112 136 137
f 112 137 113
f 113 137 138
f 113 138 114
f 114 138 139
f 114 139 115
f 115 139 140
f 115 140 116
f 116 140 141
f 116 141 117
f 117 141 142
f 117 142 118
f 118 142 143
f 118 143 119
f 119 143 144
f 119 144 120
f 120 144 121
f 120 121 97
f 121 145 146
f 121 146 122
f 122 146 147
f 122 147 123
f 123 147 148
f 123 148 124
f 124 148 149
f 124 149 125
f 125 149 150
f 125 150 126
f 126 150 151
f 126 151 127
f 127 151 152
f 127 152 128
f 128 152 153
f 128 153 129
f 129 153 154
f 129 154 130
f 130 154 155
f 130 155 131
f 131 155 156
f 131 156 132
f 132 156 157
f 132 157 133
f 133 157 158
f 133 158 134
f 134 158 159
f 134 159 135
f 135 159 160
f 135 160 136
f 136 160 161
f 136 161 137
f 137 161 162
f 137 162 138
f 138 162 163
f 138 163 139
f 139 163 164
f 139 164 140
f 140 164 165
f 140 165 141
f 141 165 166
f 141 166 142
f 142 166 167
f 142 167 143
f 143 167 168
f 143 168 144
f 144 168 145
f 144 145 121
f 145 169 170
f 145 170 146
f 146 170 171
f 146 171 147
f 147 171 172
f 147 172 148
f 148 172 173
f 148 173 149
f 149 173 174
f 149 174 150
f 150 174 175
f 150 175 151
f 151 175 176
f 151 176 152
f 152 176 177
f 152 177 153
f 153 177 178
f 153 178 154
f 154 178 179
f 154 179 155
f 155 179 180
f 155 180 156
f 156 180 181
f 156 181 157
f 157 181 182
f 157 182 158
f 158 182 183
f 158 183 159
f 159 183 184
f 159 184 160
f 160 184 185
f 160 185 161
f 161 185 186
f 161 186 162
f 162 186 187
f 162 187 163
f 163 187 188
f 163 188 164
f 164 188 189
f 164 189 165
f 165 189 190
f 165 190 166
f 166 190 191
f 166 191 167
f 167 191 192
f 167 192 168
f 168 192 169
f 168 169 145
f 169 193 194
f 169 194 170
f 170 194 195
f 170 195 171
f 171 195 196
f 171 196 172
f 172 196 197
f 172 197 173
f 173 197 198
f 173 198 174
f 174 198 199
f 174 199 175
f 175 199 200
f 175 200 176
f 176 200 201
f 176 201 177
f 177 201 202
f 177 202 178
f 178 202 203
f 178 203 179
f 179 203 204
f 179 204 180
f 180 204 205
f 180 205 181
f 181 205 206
f 181 206 182
f 182 206 207
f 182 207 183
f 183 207 208
f 183 208 184
f 184 208 209
f 184 209 185
f 185 209 210
f 185 210 186
f 186 210 211
f 186 211 187
f 187 211 212
f 187 212 188
f 188 212 213
f 188 213 189
f 189 213 214
f 189 214 190
f 190 214 215
f 190 215 191
f 191 215 216
f 191 216 192
f 192 216 193
f 192 193 169
f 193 217 218
f 193 218 194
f 194 218 219
f 194 219 195
f 195 219 220
f 195 220 196
f 196 220 221
f 196 221 197
f 197 221 222
f 197 222 198
f 198 222 223
f 198 223 199
f 199 223 224
f 199 224 200
f 200 224 225
f 200 225 201
f 201 225 226
f 201 226 202
f 202 226 227
f 202 227 203
f 203 227 228
f 203 228 204
f 204 228 229
f 204 229 205
f 205 229 230
f 205 230 206
f 206 230 231
f 206 231 207
f 207 231 232
f 207 232 208
f 208 232 233
f 208 233 209
f 209 233 234
f 209 234 210
f 210 234 235
f 210 235 211
f 211 235 236
f 211 236 212
f 212 236 237
f 212 237 213
f 213 237 238
f 213 238 214
f 214 238 239
f 214 239 215
f 215 239 240
f 215 240 216
f 216 240 217
f 216 217 193
f 217 241 242
f 217 242 218
f 218 242 243
f 218 243 219
f 219 243 244
f 219 244 220
f 220 244 245
f 220 245 221
f 221 245 246
f 221 246 222
f 222 246 247
f 222 247 223
f 223 247 248
f 223 248 224
f 224 248 249
f 224 249 225
f 225 249 250
f 225 250 226
f 226 250 251
f 226 251 227
f 227 251 252
f 227 252 228
f 228 252 253
f 228 253 229
f 229 253 254
f 229 254 230
f 230 254 255
f 230 255 231
f 231 255 256
f 231 256 232
f 232 256 257
f 232 257 233
f 233 257 258
f 233 258 234
f 234 258 259
f 234 259 235
f 235 259 260
f 235 260 236
f 236 260 261
f 236 261 237
f 237 261 262
f 237 262 238
f 238 262 263
f 238 263 239
f 239 263 264
f 239 264 240
f 240 264 241
f 240 241 217
f 241 265 266
f 241 266 242
f 242 266 267
f 242 267 243
f 243 267 268
f 243 268 244
f 244 268 269
f 244 269 245
f 245 269 270
f 245 270 246
f 246 270 271
f 246 271 247
f 247 271 272
f 247 272 248
f 248 272 273
f 248 273 249
f 249 273 274
f 249 274 250
f 250 274 275
f 250 275 251
f 251 275 276
f 251 276 252
f 252 276 277
f 252 277 253
f 253 277 278
f 253 278 254
f 254 278 279
f 254 279 255
f 255 279 280
f 255 280 256
f 256 280 281
f 256 281 257
f 257 281 282
f 257 282 258
f 258 282 283
f 258 283 259
f 259 283 284
f 259 284 260
f 260 284 285
f 260 285 261
f 261 285 286
f 261 286 262
f 262 286 287
f 262 287 263
f 263 287 288
f 263 288 264
f 264 288 265
f 264 265 241
f 265 289 290
f 265 290 266
f 266 290 291
f 266 291 267
f 267 291 292
f 267 292 268
f 268 292 293
f 268 293 269
f 269 293 294
f 269 294 270
f 270 294 295
f 270 295 271
f 271 295 296
f 271 296 272
f 272 296 297
f 272 297 273
f 273 297 298
f 273 298 274
f 274 298 299
f 274 299 275
f 275 299 300
f 275 300 276
f 276 300 301
f 276 301 277
f 277 301 302
f 277 302 278
f 278 302 303
f 278 303 279
f 279 303 304
f 279 304 280
f 280 304 305
f 280 305 281
f 281 305 306
f 281 306 282
f 282 306 307
f 282 307 283
f 283 307 308
f 283 308 284
f 284 308 309
f 284 309 285
f 285 309 310
f 285 310 286
f 286 310 311
f 286 311 287
f 287 311 312
f 287 312 288
f 288 312 289
f 288 289 265
f 289 313 314
f 289 314 290
f 290 314 315
f 290 315 291
f 291 315 316
f 291 316 292
f 292 316 317
f 292 317 293
f 293 317 318
f 293 318 294
f 294 318 319
f 294 319 295
f 295 319 320
f 295 320 296
f 296 320 321
f 296 321 297
f 297 321 322
f 297 322 298
f 298 322 323
f 298 323 299
f 299 323 324
f 299 324 300
f 300 324 325
f 300 325 301
f 301 325 326
f 301 326 302
f 302 326 327
f 302 327 303
f 303 327 328
f 303 328 304
f 304 328 329
f 304 329 305
f 305 329 330
f 305 330 306
f 306 330 331
f 306 331 307
f 307 331 332
f 307 332 308
f 308 332 333
f 308 333 309
f 309 333 334
f 309 334 310
f 310 334 335
f 310 335 311
f 311 335 336
f 311 336 312
f 312 336 313
f 312 313 289
usemtl bin_30
f 313 337 338
f 313 338 314
f 314 338 339
f 314 339 315
f 315 339 340
f 315 340 316
f 316 340 341
f 316 341 317
f 317 341 342
f 317 342 318
f 318 342 343
f 318 343 319
f 319 343 344
f 319 344 320
f 320 344 345
f 320 345 321
f 321 345 346
f 321 346 322
f 322 346 347
f 322 347 323
f 323 347 348
f 323 348 324
f 324 348 349
f 324 349 325
f 325 349 350
f 325 350 326
f 326 350 351
f 326 351 327
f 327 351 352
f 327 352 328
f 328 352 353
f 328 353 329
f 329 353 354
f 329 354 330
f 330 354 355
f 330 355 331
f 331 355 356
f 331 356 332
f 332 356 357
f 332 357 333
f 333 357 358
f 333 358 334
f 334 358 359
f 334 359 335
f 335 359 360
f 335 360 336
f 336 360 337
f 336 337 313
f 337 361 362
f 337 362 338
f 338 362 363
f 338 363 339
f 339 363 364
f 339 364 340
f 340 364 365
f 340 365 341
f 341 365 366
f 341 366 342
f 342 366 367
f 342 367 343
f 343 367 368
f 343 368 344
f 344 368 369
f 344 369 345
f 345 369 370
f 345 370 346
f 346 370 371
f 346 371 347
f 347 371 372
f 347 372 348
f 348 372 373
f 348 373 349
f 349 373 374
f 349 374 350
f 350 374 375
f 350 375 351
f 351 375 376
f 351 376 352
f 352 376 377
f 352 377 353
f 353 377 378
f 353 378 354
f 354 378 379
f 354 379 355
f 355 379 380
f 355 380 356
f 356 380 381
f 356 381 357
f 357 381 382
f 357 382 358
f 358 382 383
f 358 383 359
f 359 383 384
f 359 384 360
f 360 384 361
f 360 361 337
f 361 385 386
f 361 386 362
f 362 386 387
f 362 387 363
f 363 387 388
f 363 388 364
f 364 388 389
f 364 389 365
f 365 389 390
f 365 390 366
f 366 390 391
f 366 391 367
f 367 391 392
f 367 392 368
f 368 392 393
f 368 393 369
f 369 393 394
f 369 394 370
f 370 394 395
f 370 395 371
f 371 395 396
f 371 396 372
f 372 396 397
f 372 397 373
f 373 397 398
f 373 398 374
f 374 398 399
f 374 399 375
f 375 399 400
f 375 400 376
f 376 400 401
f 376 401 377
f 377 401 402
f 377 402 378
f 378 402 403
f 378 403 379
f 379 403 404
f 379 404 380
f 380 404 405
f 380 405 381
f 381 405 406
f 381 406 382
f 382 406 407
f 382 407 383
f 383 407 408
f 383 408 384
f 384 408 385
f 384 385 361
f 385 409 410
f 385 410 386
f 386 410 411
f 386 411 387
f 387 411 412
f 387 412 388
f 388 412 413
f 388 413 389
f 389 413 414
f 389 414 390
f 390 414 415
f 390 415 391
f 391 415 416
f 391 416 392
f 392 416 417
f 392 417 393
f 393 417 418
f 393 418 394
f 394 418 419
f 394 419 395
f 395 419 420
f 395 420 396
f 396 420 421
f 396 421 397
f 397 421 422
f 397 422 398
f 398 422 423
f 398 423 399
f 399 423 424
f 399 424 400
f 400 424 425
f 400 425 401
f 401 425 426
f 401 426 402
f 402 426 427
f 402 427 403
f 403 427 428
f 403 428 404
f 404 428 429
f 404 429 405
f 405 429 430
f 405 430 406
f 406 430 431
f 406 431 407
f 407 431 432
f 407 432 408
f 408 432 409
f 408 409 385
f 409 433 434
f 409 434 410
f 410 434 435
f 410 435 411
f 411 435 436
f 411 436 412
f 412 436 437
f 412 437 413
f 413 437 438
f 413 438 414
f 414 438 439
f 414 439 415
f 415 439 440
f 415 440 416
f 416 440 441
f 416 441 417
f 417 441 442
f 417 442 418
f 418 442 443
f 418 443 419
f 419 443 444
f 419 444 420
f 420 444 445
f 420 445 421
f 421 445 446
f 421 446 422
f 422 446 447
f 422 447 423
f 423 447 448
f 423 448 424
f 424 448 449
f 424 449 425
f 425 449 450
f 425 450 426
f 426 450 451
f 426 451 427
f 427 451 452
f 427 452 428
f 428 452 453
f 428 453 429
f 429 453 454
f 429 454 430
f 430 454 455
f 430 455 431
f 431 455 456
f 431 456 432
f 432 456 433
f 432 433 409
f 433 457 458
f 433 458 434
f 434 458 459
f 434 459 435
f 435 459 460
f 435 460 436
f 436 460 461
f 436 461 437
f 437 461 462
f 437 462 438
f 438 462 463
f 438 463 439
f 439 463 464
f 439 464 440
f 440 464 465
f 440 465 441
f 441 465 466
f 441 466 442
f 442 466 467
f 442 467 443
f 443 467 468
f 443 468 444
f 444 468 469
f 444 469 445
f 445 469 470
f 445 470 446
f 446 470 471
f 446 471 447
f 447 471 472
f 447 472 448
f 448 472 473
f 448 473 449
f 449 473 474
f 449 474 450
f 450 474 475
f 450 475 451
f 451 475 476
f 451 476 452
f 452 476 477
f 452 477 453
f 453 477 478
f 453 478 454
f 454 478 479
f 454 479 455
f 455 479 480
f 455 480 456
f 456 480 457
f 456 457 433
f 457 481 482
f 457 482 458
f 458 482 483
f 458 483 459
f 459 483 484
f 459 484 460
f 460 484 485
f 460 485 461
f 461 485 486
f 461 486 462
f 462 486 487
f 462 487 463
f 463 487 488
f 463 488 464
f 464 488 489
f 464 489 465
f 465 489 490
f 465 490 466
f 466 490 491
f 466 491 467
f 467 491 492
f 467 492 468
f 468 492 493
f 468 493 469
f 469 493 494
f 469 494 470
f 470 494 495
f 470 495 471
f 471 495 496
f 471 496 472
f 472 496 497
f 472 497 473
f 473 497 498
f 473 498 474
f 474 498 499
f 474 499 475
f 475 499 500
f 475 500 476
f 476 500 501
f 476 501 477
f 477 501 502
f 477 502 478
f 478 502 503
f 478 503 479
f 479 503 504
f 479 504 480
f 480 504 481
f 480 481 457
f 481 505 506
f 481 506 482
f 482 506 507
f 482 507 483
f 483 507 508
f 483 508 484
f 484 508 509
f 484 509 485
f 485 509 510
f 485 510 486
f 486 510 511
f 486 511 487
f 487 511 512
f 487 512 488
f 488 512 513
f 488 513 489
f 489 513 514
f 489 514 490
f 490 514 515
f 490 515 491
f 491 515 516
f 491 516 492
f 492 516 517
f 492 517 493
f 493 517 518
f 493 518 494
f 494 518 519
f 494 519 495
f 495 519 520
f 495 520 496
f 496 520 521
f 496 521 497
f 497 521 522
f 497 522 498
f 498 522 523
f 498 523 499
f 499 523 524
f 499 524 500
f 500 524 525
f 500 525 501
f 501 525 526
f 501 526 502
f 502 526 527
f 502 527 503
f 503 527 528
f 503 528 504
f 504 528 505
f 504 505 481
usemtl bin_29
f 505 529 530
f 505 530 506
f 506 530 531
f 506 531 507
f 507 531 532
f 507 532 508
f 508 532 533
f 508 533 509
f 509 533 534
f 509 534 510
f 510 534 535
f 510 535 511
f 511 535 536
f 511 536 512
f 512 536 537
f 512 537 513
f 513 537 538
f 513 538 514
f 514 538 539
f 514 539 515
f 515 539 540
f 515 540 516
f 516 540 541
f 516 541 517
f 517 541 542
f 517 542 518
f 518 542 543
f 518 543 519
f 519 543 544
f 519 544 520
f 520 544 545
f 520 545 521
f 521 545 546
f 521 546 522
f 522 546 547
f 522 547 523
f 523 547 548
f 523 548 524
f 524 548 549
f 524 549 525
f 525 549 550
f 525 550 526
f 526 550 551
f 526 551 527
f 527 551 552
f 527 552 528
f 528 552 529
f 528 529 505
f 529 553 554
f 529 554 530
f 530 554 555
f 530 555 531
f 531 555 556
f 531 556 532
f 532 556 557
f 532 557 533
f 533 557 558
f 533 558 534
f 534 558 559
f 534 559 535
f 535 559 560
f 535 560 536
f 536 560 561
f 536 561 537
f 537 561 562
f 537 562 538
f 538 562 563
f 538 563 539
f 539 563 564
f 539 564 540
f 540 564 565
f 540 565 541
f 541 565 566
f 541 566 542
f 542 566 567
f 542 567 543
f 543 567 568
f 543 568 544
f 544 568 569
f 544 569 545
f 545 569 570
f 545 570 546
f 546 570 571
f 546 571 547
f 547 571 572
f 547 572 548
f 548 572 573
f 548 573 549
f 549 573 574
f 549 574 550
f 550 574 575
f 550 575 551
f 551 575 576
f 551 576 552
f 552 576 553
f 552 553 529
f 553 577 578
f 553 578 554
f 554 578 579
f 554 579 555
f 555 579 580
f 555 580 556
f 556 580 581
f 556 581 557
f 557 581 582
f 557 582 558
f 558 582 583
f 558 583 559
f 559 583 584
f 559 584 560
f 560 584 585
f 560 585 561
f 561 585 586
f 561 586 562
f 562 586 587
f 562 587 563
f 563 587 588
f 563 588 564
f 564 588 589
f 564 589 565
f 565 589 590
f 565 590 566
f 566 590 591
f 566 591 567
f 567 591 592
f 567 592 568
f 568 592 593
f 568 593 569
f 569 593 594
f 569 594 570
f 570 594 595
f 570 595 571
f 571 595 596
f 571 596 572
f 572 596 597
f 572 597 573
f 573 597 598
f 573 598 574
f 574 598 599
f 574 599 575
f 575 599 600
f 575 600 576
f 576 600 577
f 576 577 553
f 577 601 602
f 577 602 578
f 578 602 603
f 578 603 579
f 579 603 604
f 579 604 580
f 580 604 605
f 580 605 581
f 581 605 606
f 581 606 582
f 582 606 607
f 582 607 583
f 583 607 608
f 583 608 584
f 584 608 609
f 584 609 585
f 585 609 610
f 585 610 586
f 586 610 611
f 586 611 587
f 587 611 612
f 587 612 588
f 588 612 613
f 588 613 589
f 589 613 614
f 589 614 590
f 590 614 615
f 590 615 591
f 591 615 616
f 591 616 592
f 592 616 617
f 592 617 593
f 593 617 618
f 593 618 594
f 594 618 619
f 594 619 595
f 595 619 620
f 595 620 596
f 596 620 621
f 596 621 597
f 597 621 622
f 597 622 598
f 598 622 623
f 598 623 599
f 599 623 624
f 599 624 600
f 600 624 601
f 600 601 577
usemtl bin_28
f 601 625 626
f 601 626 602
f 602 626 627
f 602 627 603
f 603 627 628
f 603 628 604
f 604 628 629
f 604 629 605
f 605 629 630
f 605 630 606
f 606 630 631
f 606 631 607
f 607 631 632
f 607 632 608
f 608 632 633
f 608 633 609
f 609 633 634
f 609 634 610
f 610 634 635
f 610 635 611
f 611 635 636
f 611 636 612
f 612 636 637
f 612 637 613
f 613 637 638
f 613 638 614
f 614 638 639
f 614 639 615
f 615 639 640
f 615 640 616
f 616 640 641
f 616 641 617
f 617 641 642
f 617 642 618
f 618 642 643
f 618 643 619
f 619 643 644
f 619 644 620
f 620 644 645
f 620 645 621
f 621 645 646
f 621 646 622
f 622 646 647
f 622 647 623
f 623 647 648
f 623 648 624
f 624 648 625
f 624 625 601
f 625 649 650
f 625 650 626
f 626 650 651
f 626 651 627
f 627 651 652
f 627 652 628
f 628 652 653
f 628 653 629
f 629 653 654
f 629 654 630
f 630 654 655
f 630 655 631
f 631 655 656
f 631 656 632
f 632 656 657
f 632 657 633
f 633 657 658
f 633 658 634
f 634 658 659
f 634 659 635
f 635 659 660
f 635 660 636
f 636 660 661
f 636 661 637
f 637 661 662
f 637 662 638
f 638 662 663
f 638 663 639
f 639 663 664
f 639 664 640
f 640 664 665
f 640 665 641
f 641 665 666
f 641 666 642
f 642 666 667
f 642 667 643
f 643 667 668
f 643 668 644
f 644 668 669
f 644 669 645
f 645 669 670
f 645 670 646
f 646 670 671
f 646 671 647
f 647 671 672
f 647 672 648
f 648 672 649
f 648 649 625
f 649 673 674
f 649 674 650
f 650 674 675
f 650 675 651
f 651 675 676
f 651 676 652
f 652 676 677
f 652 677 653
f 653 677 678
f 653 678 654
f 654 678 679
f 654 679 655
f 655 679 680
f 655 680 656
f 656 680 681
f 656 681 657
f 657 681 682
f 657 682 658
f 658 682 683
f 658 683 659
f 659 683 684
f 659 684 660
f 660 684 685
f 660 685 661
f 661 685 686
f 661 686 662
f 662 686 687
f 662 687 663
f 663 687 688
f 663 688 664
f 664 688 689
f 664 689 665
f 665 689 690
f 665 690 666
f 666 690 691
f 666 691 667
f 667 691 692
f 667 692 668
f 668 692 693
f 668 693 669
f 669 693 694
f 669 694 670
f 670 694 695
f 670 695 671
f 671 695 696
f 671 696 672
f 672 696 673
f 672 673 649
f 673 697 698
f 673 698 674
f 674 698 699
f 674 699 675
f 675 699 700
f 675 700 676
f 676 700 701
f 676 701 677
f 677 701 702
f 677 702 678
f 678 702 703
f 678 703 679
f 679 703 704
f 679 704 680
f 680 704 705
f 680 705 681
f 681 705 706
f 681 706 682
f 682 706 707
f 682 707 683
f 683 707 708
f 683 708 684
f 684 708 709
f 684 709 685
f 685 709 710
f 685 710 686
f 686 710 711
f 686 711 687
f 687 711 712
f 687 712 688
f 688 712 713
f 688 713 689
f 689 713 714
f 689 714 690
f 690 714 715
f 690 715 691
f 691 715 716
f 691 716 692
f 692 716 717
f 692 717 693
f 693 717 718
f 693 718 694
f 694 718 719
f 694 719 695
f 695 719 720
f 695 720 696
f 696 720 697
f 696 697 673
f 697 721 722
f 697 722 698
f 698 722 723
f 698 723 699
f 699 723 724
f 699 724 700
f 700 724 725
f 700 725 701
f 701 725 726
f 701 726 702
f 702 726 727
f 702 727 703
f 703 727 728
f 703 728 704
f 704 728 729
f 704 729 705
f 705 729 730
f 705 730 706
f 706 730 731
f 706 731 707
f 707 731 732
f 707 732 708
f 708 732 733
f 708 733 709
f 709 733 734
f 709 734 710
f 710 734 735
f 710 735 711
f 711 735 736
f 711 736 712
f 712 736 737
f 712 737 713
f 713 737 738
f 713 738 714
f 714 738 739
f 714 739 715
f 715 739 740
f 715 740 716
f 716 740 741
f 716 741 717
f 717 741 742
f 717 742 718
f 718 742 743
f 718 743 719
f 719 743 744
f 719 744 720
f 720 744 721
f 720 721 697
usemtl bin_27
f 721 745 746
f 721 746 722
f 722 746 747
f 722 747 723
f 723 747 748
f 723 748 724
f 724 748 749
f 724 749 725
f 725 749 750
f 725 750 726
f 726 750 751
f 726 751 727
f 727 751 752
f 727 752 728
f 728 752 753
f 728 753 729
f 729 753 754
f 729 754 730
f 730 754 755
f 730 755 731
f 731 755 756
f 731 756 732
f 732 756 757
f 732 757 733
f 733 757 758
f 733 758 734
f 734 758 759
f 734 759 735
f 735 759 760
f 735 760 736
f 736 760 761
f 736 761 737
f 737 761 762
f 737 762 738
f 738 762 763
f 738 763 739
f 739 763 764
f 739 764 740
f 740 764 765
f 740 765 741
f 741 765 766
f 741 766 742
f 742 766 767
f 742 767 743
f 743 767 768
f 743 768 744
f 744 768 745
f 744 745 721
f 745 769 770
f 745 770 746
f 746 770 771
f 746 771 747
f 747 771 772
f 747 772 748
f 748 772 773
f 748 773 749
f 749 773 774
f 749 774 750
f 750 774 775
f 750 775 751
f 751 775 776
f 751 776 752
f 752 776 777
f 752 777 753
f 753 777 778
f 753 778 754
f 754 778 779
f 754 779 755
f 755 779 780
f 755 780 756
f 756 780 781
f 756 781 757
f 757 781 782
f 757 782 758
f 758 782 783
f 758 783 759
f 759 783 784
f 759 784 760
f 760 784 785
f 760 785 761
f 761 785 786
f 761 786 762
f 762 786 787
f 762 787 763
f 763 787 788
f 763 788 764
f 764 788 789
f 764 789 765
f 765 789 790
f 765 790 766
f 766 790 791
f 766 791 767
f 767 791 792
f 767 792 768
f 768 792 769
f 768 769 745
usemtl bin_26
f 769 793 794
f 769 794 770
f 770 794 795
f 770 795 771
f 771 795 796
f 771 796 772
f 772 796 797
f 772 797 773
f 773 797 798
f 773 798 774
f 774 798 799
f 774 799 775
f 775 799 800
f 775 800 776
f 776 800 801
f 776 801 777
f 777 801 802
f 777 802 778
f 778 802 803
f 778 803 779
f 779 803 804
f 779 804 780
f 780 804 805
f 780 805 781
f 781 805 806
f 781 806 782
f 782 806 807
f 782 807 783
f 783 807 808
f 783 808 784
f 784 808 809
f 784 809 785
f 785 809 810
f 785 810 786
f 786 810 811
f 786 811 787
f 787 811 812
f 787 812 788
f 788 812 813
f 788 813 789
f 789 813 814
f 789 814 790
f 790 814 815
f 790 815 791
f 791 815 816
f 791 816 792
f 792 816 793
f 792 793 769
f 793 817 818
f 793 818 794
f 794 818 819
f 794 819 795
f 795 819 820
f 795 820 796
f 796 820 821
f 796 821 797
f 797 821 822
f 797 822 798
f 798 822 823
f 798 823 799
f 799 823 824
f 799 824 800
f 800 824 825
f 800 825 801
f 801 825 826
f 801 826 802
f 802 826 827
f 802 827 803
f 803 827 828
f 803 828 804
f 804 828 829
f 804 829 805
f 805 829 830
f 805 830 806
f 806 830 831
f 806 831 807
f 807 831 832
f 807 832 808
f 808 832 833
f 808 833 809
f 809 833 834
f 809 834 810
f 810 834 835
f 810 835 811
f 811 835 836
f 811 836 812
f 812 836 837
f 812 837 813
f 813 837 838
f 813 838 814
f 814 838 839
f 814 839 815
f 815 839 840
f 815 840 816
f 816 840 817
f 816 817 793
f 817 841 842
f 817 842 818
f 818 842 843
f 818 843 819
f 819 843 844
f 819 844 820
f 820 844 845
f 820 845 821
f 821 845 846
f 821 846 822
f 822 846 847
f 822 847 823
f 823 847 848
f 823 848 824
f 824 848 849
f 824 849 825
f 825 849 850
f 825 850 826
f 826 850 851
f 826 851 827
f 827 851 852
f 827 852 828
f 828 852 853
f 828 853 829
f 829 853 854
f 829 854 830
f 830 854 855
f 830 855 831
f 831 855 856
f 831 856 832
f 832 856 857
f 832 857 833
f 833 857 858
f 833 858 834
f 834 858 859
f 834 859 835
f 835 859 860
f 835 860 836
f 836 860 861
f 836 861 837
f 837 861 862
f 837 862 838
f 838 862 863
f 838 863 839
f 839 863 864
f 839 864 840
f 840 864 841
f 840 841 817
f 841 865 866
f 841 866 842
f 842 866 867
f 842 867 843
f 843 867 868
f 843 868 844
f 844 868 869
f 844 869 845
f 845 869 870
f 845 870 846
f 846 870 871
f 846 871 847
f 847 871 872
f 847 872 848
f 848 872 873
f 848 873 849
f 849 873 874
f 849 874 850
f 850 874 875
f 850 875 851
f 851 875 876
f 851 876 852
f 852 876 877
f 852 877 853
f 853 877 878
f 853 878 854
f 854 878 879
f 854 879 855
f 855 879 880
f 855 880 856
f 856 880 881
f 856 881 857
f 857 881 882
f 857 882 858
f 858 882 883
f 858 883 859
f 859 883 884
f 859 884 860
f 860 884 885
f 860 885 861
f 861 885 886
f 861 886 862
f 862 886 887
f 862 887 863
f 863 887 888
f 863 888 864
f 864 888 865
f 864 865 841
f 865 889 890
f 865 890 866
f 866 890 891
f 866 891 867
f 867 891 892
f 867 892 868
f 868 892 893
f 868 893 869
f 869 893 894
f 869 894 870
f 870 894 895
f 870 895 871
f 871 895 896
f 871 896 872
f 872 896 897
f 872 897 873
f 873 897 898
f 873 898 874
f 874 898 899
f 874 899 875
f 875 899 900
f 875 900 876
f 876 900 901
f 876 901 877
f 877 901 902
f 877 902 878
f 878 902 903
f 878 903 879
f 879 903 904
f 879 904 880
f 880 904 905
f 880 905 881
f 881 905 906
f 881 906 882
f 882 906 907
f 882 907 883
f 883 907 908
f 883 908 884
f 884 908 909
f 884 909 885
f 885 909 910
f 885 910 886
f 886 910 911
f 886 911 887
f 887 911 912
f 887 912 888
f 888 912 889
f 888 889 865
usemtl bin_25
f 889 913 914
f 889 914 890
f 890 914 915
f 890 915 891
f 891 915 916
f 891 916 892
f 892 916 917
f 892 917 893
f 893 917 918
f 893 918 894
f 894 918 919
f 894 919 895
f 895 919 920
f 895 920 896
f 896 920 921
f 896 921 897
f 897 921 922
f 897 922 898
f 898 922 923
f 898 923 899
f 899 923 924
f 899 924 900
f 900 924 925
f 900 925 901
f 901 925 926
f 901 926 902
f 902 926 927
f 902 927 903
f 903 927 928
f 903 928 904
f 904 928 929
f 904 929 905
f 905 929 930
f 905 930 906
f 906 930 931
f 906 931 907
f 907 931 932
f 907 932 908
f 908 932 933
f 908 933 909
f 909 933 934
f 909 934 910
f 910 934 935
f 910 935 911
f 911 935 936
f 911 936 912
f 912 936 913
f 912 913 889
f 913 937 938
f 913 938 914
f 914 938 939
f 914 939 915
f 915 939 940
f 915 940 916
f 916 940 941
f 916 941 917
f 917 941 942
f 917 942 918
f 918 942 943
f 918 943 919
f 919 943 944
f 919 944 920
f 920 944 945
f 920 945 921
f 921 945 946
f 921 946 922
f 922 946 947
f 922 947 923
f 923 947 948
f 923 948 924
f 924 948 949
f 924 949 925
f 925 949 950
f 925 950 926
f 926 950 951
f 926 951 927
f 927 951 952
f 927 952 928
f 928 952 953
f 928 953 929
f 929 953 954
f 929 954 930
f 930 954 955
f 930 955 931
f 931 955 956
f 931 956 932
f 932 956 957
f 932 957 933
f 933 957 958
f 933 958 934
f 934 958 959
f 934 959 935
f 935 959 960
f 935 960 936
f 936 960 937
f 936 937 913
usemtl bin_24
f 937 961 962
f 937 962 938
f 938 962 963
f 938 963 939
f 939 963 964
f 939 964 940
f 940 964 965
f 940 965 941
f 941 965 966
f 941 966 942
f 942 966 967
f 942 967 943
f 943 967 968
f 943 968 944
f 944 968 969
f 944 969 945
f 945 969 970
f 945 970 946
f 946 970 971
f 946 971 947
f 947 971 972
f 947 972 948
f 948 972 973
f 948 973 949
f 949 973 974
f 949 974 950
f 950 974 975
f 950 975 951
f 951 975 976
f 951 976 952
f 952 976 977
f 952 977 953
f 953 977 978
f 953 978 954
f 954 978 979
f 954 979 955
f 955 979 980
f 955 980 956
f 956 980 981
f 956 981 957
f 957 981 982
f 957 982 958
f 958 982 983
f 958 983 959
f 959 983 984
f 959 984 960
f 960 984 961
f 960 961 937
f 961 985 986
f 961 986 962
f 962 986 987
f 962 987 963
f 963 987 988
f 963 988 964
f 964 988 989
f 964 989 965
f 965 989 990
f 965 990 966
f 966 990 991
f 966 991 967
f 967 991 992
f 967 992 968
f 968 992 993
f 968 993 969
f 969 993 994
f 969 994 970
f 970 994 995
f 970 995 971
f 971 995 996
f 971 996 972
f 972 996 997
f 972 997 973
f 973 997 998
f 973 998 974
f 974 998 999
f 974 999 975
f 975 999 1000
f 975 1000 976
f 976 1000 1001
f 976 1001 977
f 977 1001 1002
f 977 1002 978
f 978 1002 1003
f 978 1003 979
f 979 1003 1004
f 979 1004 980
f 980 1004 1005
f 980 1005 981
f 981 1005 1006
f 981 1006 982
f 982 1006 1007
f 982 1007 983
f 983 1007 1008
f 983 1008 984
f 984 1008 985
f 984 985 961
f 985 1009 1010
f 985 1010 986
f 986 1010 1011
f 986 1011 987
f 987 1011 1012
f 987 1012 988
f 988 1012 1013
f 988 1013 989
f 989 1013 1014
f 989 1014 990
f 990 1014 1015
f 990 1015 991
f 991 1015 1016
f 991 1016 992
f 992 1016 1017
f 992 1017 993
f 993 1017 1018
f 993 1018 994
f 994 1018 1019
f 994 1019 995
f 995 1019 1020
f 995 1020 996
f 996 1020 1021
f 996 1021 997
f 997 1021 1022
f 997 1022 998
f 998 1022 1023
f 998 1023 999
f 999 1023 1024
f 999 1024 1000
f 1000 1024 1025
f 1000 1025 1001
f 1001 1025 1026
f 1001 1026 1002
f 1002 1026 1027
f 1002 1027 1003
f 1003 1027 1028
f 1003 1028 1004
f 1004 1028 1029
f 1004 1029 1005
f 1005 1029 1030
f 1005 1030 1006
f 1006 1030 1031
f 1006 1031 1007
f 1007 1031 1032
f 1007 1032 1008
f 1008 1032 1009
f 1008 1009 985
usemtl bin_23
f 1009 1033 1034
f 1009 1034 1010
f 1010 1034 1035
f 1010 1035 1011
f 1011 1035 1036
f 1011 1036 1012
f 1012 1036 1037
f 1012 1037 1013
f 1013 1037 1038
f 1013 1038 1014
f 1014 1038 1039
f 1014 1039 1015
f 1015 1039 1040
f 1015 1040 1016
f 1016 1040 1041
f 1016 1041 1017
f 1017 1041 1042
f 1017 1042 1018
f 1018 1042 1043
f 1018 1043 1019
f 1019 1043 1044
f 1019 1044 1020
f 1020 1044 1045
f 1020 1045 1021
f 1021 1045 1046
f 1021 1046 1022
f 1022 1046 1047
f 1022 1047 1023
f 1023 1047 1048
f 1023 1048 1024
f 1024 1048 1049
f 1024 1049 1025
f 1025 1049 1050
f 1025 1050 1026
f 1026 1050 1051
f 1026 1051 1027
f 1027 1051 1052
f 1027 1052 1028
f 1028 1052 1053
f 1028 1053 1029
f 1029 1053 1054
f 1029 1054 1030
f 1030 1054 1055
f 1030 1055 1031
f 1031 1055 1056
f 1031 1056 1032
f 1032 1056 1033
f 1032 1033 1009
f 1033 1057 1058
f 1033 1058 1034
f 1034 1058 1059
f 1034 1059 1035
f 1035 1059 1060
f 1035 1060 1036
f 1036 1060 1061
f 1036 1061 1037
f 1037 1061 1062
f 1037 1062 1038
f 1038 1062 1063
f 1038 1063 1039
f 1039 1063 1064
f 1039 1064 1040
f 1040 1064 1065
f 1040 1065 1041
f 1041 1065 1066
f 1041 1066 1042
f 1042 1066 1067
f 1042 1067 1043
f 1043 1067 1068
f 1043 1068 1044
f 1044 1068 1069
f 1044 1069 1045
f 1045 1069 1070
f 1045 1070 1046
f 1046 1070 1071
f 1046 1071 1047
f 1047 1071 1072
f 1047 1072 1048
f 1048 1072 1073
f 1048 1073 1049
f 1049 1073 1074
f 1049 1074 1050
f 1050 1074 1075
f 1050 1075 1051
f 1051 1075 1076
f 1051 1076 1052
f 1052 1076 1077
f 1052 1077 1053
f 1053 1077 1078
f 1053 1078 1054
f 1054 1078 1079
f 1054 1079 1055
f 1055 1079 1080
f 1055 1080 1056
f 1056 1080 1057
f 1056 1057 1033
usemtl bin_22
f 1057 1081 1082
f 1057 1082 1058
f 1058 1082 1083
f 1058 1083 1059
f 1059 1083 1084
f 1059 1084 1060
f 1060 1084 1085
f 1060 1085 1061
f 1061 1085 1086
f 1061 1086 1062
f 1062 1086 1087
f 1062 1087 1063
f 1063 1087 1088
f 1063 1088 1064
f 1064 1088 1089
f 1064 1089 1065
f 1065 1089 1090
f 1065 1090 1066
f 1066 1090 1091
f 1066 1091 1067
f 1067 1091 1092
f 1067 1092 1068
f 1068 1092 1093
f 1068 1093 1069
f 1069 1093 1094
f 1069 1094 1070
f 1070 1094 1095
f 1070 1095 1071
f 1071 1095 1096
f 1071 1096 1072
f 1072 1096 1097
f 1072 1097 1073
f 1073 1097 1098
f 1073 1098 1074
f 1074 1098 1099
f 1074 1099 1075
f 1075 1099 1100
f 1075 1100 1076
f 1076 1100 1101
f 1076 1101 1077
f 1077 1101 1102
f 1077 1102 1078
f 1078 1102 1103
f 1078 1103 1079
f 1079 1103 1104
f 1079 1104 1080
f 1080 1104 1081
f 1080 1081 1057
f 1081 1105 1106
f 1081 1106 1082
f 1082 1106 1107
f 1082 1107 1083
f 1083 1107 1108
f 1083 1108 1084
f 1084 1108 1109
f 1084 1109 1085
f 1085 1109 1110
f 1085 1110 1086
f 1086 1110 1111
f 1086 1111 1087
f 1087 1111 1112
f 1087 1112 1088
f 1088 1112 1113
f 1088 1113 1089
f 1089 1113 1114
f 1089 1114 1090
f 1090 1114 1115
f 1090 1115 1091
f 1091 1115 1116
f 1091 1116 1092
f 1092 1116 1117
f 1092 1117 1093
f 1093 1117 1118
f 1093 1118 1094
f 1094 1118 1119
f 1094 1119 1095
f 1095 1119 1120
f 1095 1120 1096
f 1096 1120 1121
f 1096 1121 1097
f 1097 1121 1122
f 1097 1122 1098
f 1098 1122 1123
f 1098 1123 1099
f 1099 1123 1124
f 1099 1124 1100
f 1100 1124 1125
f 1100 1125 1101
f 1101 1125 1126
f 1101 1126 1102
f 1102 1126 1127
f 1102 1127 1103
f 1103 1127 1128
f 1103 1128 1104
f 1104 1128 1105
f 1104 1105 1081
f 1105 1129 1130
f 1105 1130 1106
f 1106 1130 1131
f 1106 1131 1107
f 1107 1131 1132
f 1107 1132 1108
f 1108 1132 1133
f 1108 1133 1109
f 1109 1133 1134
f 1109 1134 1110
f 1110 1134 1135
f 1110 1135 1111
f 1111 1135 1136
f 1111 1136 1112
f 1112 1136 1137
f 1112 1137 1113
f 1113 1137 1138
f 1113 1138 1114
f 1114 1138 1139
f 1114 1139 1115
f 1115 1139 1140
f 1115 1140 1116
f 1116 1140 1141
f 1116 1141 1117
f 1117 1141 1142
f 1117 1142 1118
f 1118 1142 1143
f 1118 1143 1119
f 1119 1143 1144
f 1119 1144 1120
f 1120 1144 1145
f 1120 1145 1121
f 1121 1145 1146
f 1121 1146 1122
f 1122 1146 1147
f 1122 1147 1123
f 1123 1147 1148
f 1123 1148 1124
f 1124 1148 1149
f 1124 1149 1125
f 1125 1149 1150
f 1125 1150 1126
f 1126 1150 1151
f 1126 1151 1127
f 1127 1151 1152
f 1127 1152 1128
f 1128 1152 1129
f 1128 1129 1105
f 1129 1153 1154
f 1129 1154 1130
f 1130 1154 1155
f 1130 1155 1131
f 1131 1155 1156
f 1131 1156 1132
f 1132 1156 1157
f 1132 1157 1133
f 1133 1157 1158
f 1133 1158 1134
f 1134 1158 1159
f 1134 1159 1135
f 1135 1159 1160
f 1135 1160 1136
f 1136 1160 1161
f 1136 1161 1137
f 1137 1161 1162
f 1137 1162 1138
f 1138 1162 1163
f 1138 1163 1139
f 1139 1163 1164
f 1139 1164 1140
f 1140 1164 1165
f 1140 1165 1141
f 1141 1165 1166
f 1141 1166 1142
f 1142 1166 1167
f 1142 1167 1143
f 1143 1167 1168
f 1143 1168 1144
f 1144 1168 1169
f 1144 1169 1145
f 1145 1169 1170
f 1145 1170 1146
f 1146 1170 1171
f 1146 1171 1147
f 1147 1171 1172
f 1147 1172 1148
f 1148 1172 1173
f 1148 1173 1149
f 1149 1173 1174
f 1149 1174 1150
f 1150 1174 1175
f 1150 1175 1151
f 1151 1175 1176
f 1151 1176 1152
f 1152 1176 1153
f 1152 1153 1129
usemtl bin_21
f 1153 1177 1178
f 1153 1178 1154
f 1154 1178 1179
f 1154 1179 1155
f 1155 1179 1180
f 1155 1180 1156
f 1156 1180 1181
f 1156 1181 1157
f 1157 1181 1182
f 1157 1182 1158
f 1158 1182 1183
f 1158 1183 1159
f 1159 1183 1184
f 1159 1184 1160
f 1160 1184 1185
f 1160 1185 1161
f 1161 1185 1186
f 1161 1186 1162
f 1162 1186 1187
f 1162 1187 1163
f 1163 1187 1188
f 1163 1188 1164
f 1164 1188 1189
f 1164 1189 1165
f 1165 1189 1190
f 1165 1190 1166
f 1166 1190 1191
f 1166 1191 1167
f 1167 1191 1192
f 1167 1192 1168
f 1168 1192 1193
f 1168 1193 1169
f 1169 1193 1194
f 1169 1194 1170
f 1170 1194 1195
f 1170 1195 1171
f 1171 1195 1196
f 1171 1196 1172
f 1172 1196 1197
f 1172 1197 1173
f 1173 1197 1198
f 1173 1198 1174
f 1174 1198 1199
f 1174 1199 1175
f 1175 1199 1200
f 1175 1200 1176
f 1176 1200 1177
f 1176 1177 1153
usemtl bin_20
f 1177 1201 1202
f 1177 1202 1178
f 1178 1202 1203
f 1178 1203 1179
f 1179 1203 1204
f 1179 1204 1180
f 1180 1204 1205
f 1180 1205 1181
f 1181 1205 1206
f 1181 1206 1182
f 1182 1206 1207
f 1182 1207 1183
f 1183 1207 1208
f 1183 1208 1184
f 1184 1208 1209
f 1184 1209 1185
f 1185 1209 1210
f 1185 1210 1186
f 1186 1210 1211
f 1186 1211 1187
f 1187 1211 1212
f 1187 1212 1188
f 1188 1212 1213
f 1188 1213 1189
f 1189 1213 1214
f 1189 1214 1190
f 1190 1214 1215
f 1190 1215 1191
f 1191 1215 1216
f 1191 1216 1192
f 1192 1216 1217
f 1192 1217 1193
f 1193 1217 1218
f 1193 1218 1194
f 1194 1218 1219
f 1194 1219 1195
f 1195 1219 1220
f 1195 1220 1196
f 1196 1220 1221
f 1196 1221 1197
f 1197 1221 1222
f 1197 1222 1198
f 1198 1222 1223
f 1198 1223 1199
f 1199 1223 1224
f 1199 1224 1200
f 1200 1224 1201
f 1200 1201 1177
f 1201 1225 1226
f 1201 1226 1202
f 1202 1226 1227
f 1202 1227 1203
f 1203 1227 1228
f 1203 1228 1204
f 1204 1228 1229
f 1204 1229 1205
f 1205 1229 1230
f 1205 1230 1206
f 1206 1230 1231
f 1206 1231 1207
f 1207 1231 1232
f 1207 1232 1208
f 1208 1232 1233
f 1208 1233 1209
f 1209 1233 1234
f 1209 1234 1210
f 1210 1234 1235
f 1210 1235 1211
f 1211 1235 1236
f 1211 1236 1212
f 1212 1236 1237
f 1212 1237 1213
f 1213 1237 1238
f 1213 1238 1214
f 1214 1238 1239
f 1214 1239 1215
f 1215 1239 1240
f 1215 1240 1216
f 1216 1240 1241
f 1216 1241 1217
f 1217 1241 1242
f 1217 1242 1218
f 1218 1242 1243
f 1218 1243 1219
f 1219 1243 1244
f 1219 1244 1220
f 1220 1244 1245
f 1220 1245 1221
f 1221 1245 1246
f 1221 1246 1222
f 1222 1246 1247
f 1222 1247 1223
f 1223 1247 1248
f 1223 1248 1224
f 1224 1248 1225
f 1224 1225 1201
f 1225 1249 1250
f 1225 1250 1226
f 1226 1250 1251
f 1226 1251 1227
f 1227 1251 1252
f 1227 1252 1228
f 1228 1252 1253
f 1228 1253 1229
f 1229 1253 1254
f 1229 1254 1230
f 1230 1254 1255
f 1230 1255 1231
f 1231 1255 1256
f 1231 1256 1232
f 1232 1256 1257
f 1232 1257 1233
f 1233 1257 1258
f 1233 1258 1234
f 1234 1258 1259
f 1234 1259 1235
f 1235 1259 1260
f 1235 1260 1236
f 1236 1260 1261
f 1236 1261 1237
f 1237 1261 1262
f 1237 1262 1238
f 1238 1262 1263
f 1238 1263 1239
f 1239 1263 1264
f 1239 1264 1240
f 1240 1264 1265
f 1240 1265 1241
f 1241 1265 1266
f 1241 1266 1242
f 1242 1266 1267
f 1242 1267 1243
f 1243 1267 1268
f 1243 1268 1244
f 1244 1268 1269
f 1244 1269 1245
f 1245 1269 1270
f 1245 1270 1246
f 1246 1270 1271
f 1246 1271 1247
f 1247 1271 1272
f 1247 1272 1248
f 1248 1272 1249
f 1248 1249 1225
f 1249 1273 1274
f 1249 1274 1250
f 1250 1274 1275
f 1250 1275 1251
f 1251 1275 1276
f 1251 1276 1252
f 1252 1276 1277
f 1252 1277 1253
f 1253 1277 1278
f 1253 1278 1254
f 1254 1278 1279
f 1254 1279 1255
f 1255 1279 1280
f 1255 1280 1256
f 1256 1280 1281
f 1256 1281 1257
f 1257 1281 1282
f 1257 1282 1258
f 1258 1282 1283
f 1258 1283 1259
f 1259 1283 1284
f 1259 1284 1260
f 1260 1284 1285
f 1260 1285 1261
f 1261 1285 1286
f 1261 1286 1262
f 1262 1286 1287
f 1262 1287 1263
f 1263 1287 1288
f 1263 1288 1264
f 1264 1288 1289
f 1264 1289 1265
f 1265 1289 1290
f 1265 1290 1266
f 1266 1290 1291
f 1266 1291 1267
f 1267 1291 1292
f 1267 1292 1268
f 1268 1292 1293
f 1268 1293 1269
f 1269 1293 1294
f 1269 1294 1270
f 1270 1294 1295
f 1270 1295 1271
f 1271 1295 1296
f 1271 1296 1272
f 1272 1296 1273
f 1272 1273 1249
usemtl bin_19
f 1273 1297 1298
f 1273 1298 1274
f 1274 1298 1299
f 1274 1299 1275
f 1275 1299 1300
f 1275 1300 1276
f 1276 1300 1301
f 1276 1301 1277
f 1277 1301 1302
f 1277 1302 1278
f 1278 1302 1303
f 1278 1303 1279
f 1279 1303 1304
f 1279 1304 1280
f 1280 1304 1305
f 1280 1305 1281
f 1281 1305 1306
f 1281 1306 1282
f 1282 1306 1307
f 1282 1307 1283
f 1283 1307 1308
f 1283 1308 1284
f 1284 1308 1309
f 1284 1309 1285
f 1285 1309 1310
f 1285 1310 1286
f 1286 1310 1311
f 1286 1311 1287
f 1287 1311 1312
f 1287 1312 1288
f 1288 1312 1313
f 1288 1313 1289
f 1289 1313 1314
f 1289 1314 1290
f 1290 1314 1315
f 1290 1315 1291
f 1291 1315 1316
f 1291 1316 1292
f 1292 1316 1317
f 1292 1317 1293
f 1293 1317 1318
f 1293 1318 1294
f 1294 1318 1319
f 1294 1319 1295
f 1295 1319 1320
f 1295 1320 1296
f 1296 1320 1297
f 1296 1297 1273
f 1297 1321 1322
f 1297 1322 1298
f 1298 1322 1323
f 1298 1323 1299
f 1299 1323 1324
f 1299 1324 1300
f 1300 1324 1325
f 1300 1325 1301
f 1301 1325 1326
f 1301 1326 1302
f 1302 1326 1327
f 1302 1327 1303
f 1303 1327 1328
f 1303 1328 1304
f 1304 1328 1329
f 1304 1329 1305
f 1305 1329 1330
f 1305 1330 1306
f 1306 1330 1331
f 1306 1331 1307
f 1307 1331 1332
f 1307 1332 1308
f 1308 1332 1333
f 1308 1333 1309
f 1309 1333 1334
f 1309 1334 1310
f 1310 1334 1335
f 1310 1335 1311
f 1311 1335 1336
f 1311 1336 1312
f 1312 1336 1337
f 1312 1337 1313
f 1313 1337 1338
f 1313 1338 1314
f 1314 1338 1339
f 1314 1339 1315
f 1315 1339 1340
f 1315 1340 1316
f 1316 1340 1341
f 1316 1341 1317
f 1317 1341 1342
f 1317 1342 1318
f 1318 1342 1343
f 1318 1343 1319
f 1319 1343 1344
f 1319 1344 1320
f 1320 1344 1321
f 1320 1321 1297
usemtl bin_18
f 1321 1345 1346
f 1321 1346 1322
f 1322 1346 1347
f 1322 1347 1323
f 1323 1347 1348
f 1323 1348 1324
f 1324 1348 1349
f 1324 1349 1325
f 1325 1349 1350
f 1325 1350 1326
f 1326 1350 1351
f 1326 1351 1327
f 1327 1351 1352
f 1327 1352 1328
f 1328 1352 1353
f 1328 1353 1329
f 1329 1353 1354
f 1329 1354 1330
f 1330 1354 1355
f 1330 1355 1331
f 1331 1355 1356
f 1331 1356 1332
f 1332 1356 1357
f 1332 1357 1333
f 1333 1357 1358
f 1333 1358 1334
f 1334 1358 1359
f 1334 1359 1335
f 1335 1359 1360
f 1335 1360 1336
f 1336 1360 1361
f 1336 1361 1337
f 1337 1361 1362
f 1337 1362 1338
f 1338 1362 1363
f 1338 1363 1339
f 1339 1363 1364
f 1339 1364 1340
f 1340 1364 1365
f 1340 1365 1341
f 1341 1365 1366
f 1341 1366 1342
f 1342 1366 1367
f 1342 1367 1343
f 1343 1367 1368
f 1343 1368 1344
f 1344 1368 1345
f 1344 1345 1321
f 1345 1369 1370
f 1345 1370 1346
f 1346 1370 1371
f 1346 1371 1347
f 1347 1371 1372
f 1347 1372 1348
f 1348 1372 1373
f 1348 1373 1349
f 1349 1373 1374
f 1349 1374 1350
f 1350 1374 1375
f 1350 1375 1351
f 1351 1375 1376
f 1351 1376 1352
f 1352 1376 1377
f 1352 1377 1353
f 1353 1377 1378
f 1353 1378 1354
f 1354 1378 1379
f 1354 1379 1355
f 1355 1379 1380
f 1355 1380 1356
f 1356 1380 1381
f 1356 1381 1357
f 1357 1381 1382
f 1357 1382 1358
f 1358 1382 1383
f 1358 1383 1359
f 1359 1383 1384
f 1359 1384 1360
f 1360 1384 1385
f 1360 1385 1361
f 1361 1385 1386
f 1361 1386 1362
f 1362 1386 1387
f 1362 1387 1363
f 1363 1387 1388
f 1363 1388 1364
f 1364 1388 1389
f 1364 1389 1365
f 1365 1389 1390
f 1365 1390 1366
f 1366 1390 1391
f 1366 1391 1367
f 1367 1391 1392
f 1367 1392 1368
f 1368 1392 1369
f 1368 1369 1345
f 1369 1393 1394
f 1369 1394 1370
f 1370 1394 1395
f 1370 1395 1371
f 1371 1395 1396
f 1371 1396 1372
f 1372 1396 1397
f 1372 1397 1373
f 1373 1397 1398
f 1373 1398 1374
f 1374 1398 1399
f 1374 1399 1375
f 1375 1399 1400
f 1375 1400 1376
f 1376 1400 1401
f 1376 1401 1377
f 1377 1401 1402
f 1377 1402 1378
f 1378 1402 1403
f 1378 1403 1379
f 1379 1403 1404
f 1379 1404 1380
f 1380 1404 1405
f 1380 1405 1381
f 1381 1405 1406
f 1381 1406 1382
f 1382 1406 1407
f 1382 1407 1383
f 1383 1407 1408
f 1383 1408 1384
f 1384 1408 1409
f 1384 1409 1385
f 1385 1409 1410
f 1385 1410 1386
f 1386 1410 1411
f 1386 1411 1387
f 1387 1411 1412
f 1387 1412 1388
f 1388 1412 1413
f 1388 1413 1389
f 1389 1413 1414
f 1389 1414 1390
f 1390 1414 1415
f 1390 1415 1391
f 1391 1415 1416
f 1391 1416 1392
f 1392 1416 1393
f 1392 1393 1369
f 1393 1417 1418
f 1393 1418 1394
f 1394 1418 1419
f 1394 1419 1395
f 1395 1419 1420
f 1395 1420 1396
f 1396 1420 1421
f 1396 1421 1397
f 1397 1421 1422
f 1397 1422 1398
f 1398 1422 1423
f 1398 1423 1399
f 1399 1423 1424
f 1399 1424 1400
f 1400 1424 1425
f 1400 1425 1401
f 1401 1425 1426
f 1401 1426 1402
f 1402 1426 1427
f 1402 1427 1403
f 1403 1427 1428
f 1403 1428 1404
f 1404 1428 1429
f 1404 1429 1405
f 1405 1429 1430
f 1405 1430 1406
f 1406 1430 1431
f 1406 1431 1407
f 1407 1431 1432
f 1407 1432 1408
f 1408 1432 1433
f 1408 1433 1409
f 1409 1433 1434
f 1409 1434 1410
f 1410 1434 1435
f 1410 1435 1411
f 1411 1435 1436
f 1411 1436 1412
f 1412 1436 1437
f 1412 1437 1413
f 1413 1437 1438
f 1413 1438 1414
f 1414 1438 1439
f 1414 1439 1415
f 1415 1439 1440
f 1415 1440 1416
f 1416 1440 1417
f 1416 1417 1393
usemtl bin_17
f 1417 1441 1442
f 1417 1442 1418
f 1418 1442 1443
f 1418 1443 1419
f 1419 1443 1444
f 1419 1444 1420
f 1420 1444 1445
f 1420 1445 1421
f 1421 1445 1446
f 1421 1446 1422
f 1422 1446 1447
f 1422 1447 1423
f 1423 1447 1448
f 1423 1448 1424
f 1424 1448 1449
f 1424 1449 1425
f 1425 1449 1450
f 1425 1450 1426
f 1426 1450 1451
f 1426 1451 1427
f 1427 1451 1452
f 1427 1452 1428
f 1428 1452 1453
f 1428 1453 1429
f 1429 1453 1454
f 1429 1454 1430
f 1430 1454 1455
f 1430 1455 1431
f 1431 1455 1456
f 1431 1456 1432
f 1432 1456 1457
f 1432 1457 1433
f 1433 1457 1458
f 1433 1458 1434
f 1434 1458 1459
f 1434 1459 1435
f 1435 1459 1460
f 1435 1460 1436
f 1436 1460 1461
f 1436 1461 1437
f 1437 1461 1462
f 1437 1462 1438
f 1438 1462 1463
f 1438 1463 1439
f 1439 1463 1464
f 1439 1464 1440
f 1440 1464 1441
f 1440 1441 1417
f 1441 1465 1466
f 1441 1466 1442
f 1442 1466 1467
f 1442 1467 1443
f 1443 1467 1468
f 1443 1468 1444
f 1444 1468 1469
f 1444 1469 1445
f 1445 1469 1470
f 1445 1470 1446
f 1446 1470 1471
f 1446 1471 1447
f 1447 1471 1472
f 1447 1472 1448
f 1448 1472 1473
f 1448 1473 1449
f 1449 1473 1474
f 1449 1474 1450
f 1450 1474 1475
f 1450 1475 1451
f 1451 1475 1476
f 1451 1476 1452
f 1452 1476 1477
f 1452 1477 1453
f 1453 1477 1478
f 1453 1478 1454
f 1454 1478 1479
f 1454 1479 1455
f 1455 1479 1480
f 1455 1480 1456
f 1456 1480 1481
f 1456 1481 1457
f 1457 1481 1482
f 1457 1482 1458
f 1458 1482 1483
f 1458 1483 1459
f 1459 1483 1484
f 1459 1484 1460
f 1460 1484 1485
f 1460 1485 1461
f 1461 1485 1486
f 1461 1486 1462
f 1462 1486 1487
f 1462 1487 1463
f 1463 1487 1488
f 1463 1488 1464
f 1464 1488 1465
f 1464 1465 1441
usemtl bin_16
f 1465 1489 1490
f 1465 1490 1466
f 1466 1490 1491
f 1466 1491 1467
f 1467 1491 1492
f 1467 1492 1468
f 1468 1492 1493
f 1468 1493 1469
f 1469 1493 1494
f 1469 1494 1470
f 1470 1494 1495
f 1470 1495 1471
f 1471 1495 1496
f 1471 1496 1472
f 1472 1496 1497
f 1472 1497 1473
f 1473 1497 1498
f 1473 1498 1474
f 1474 1498 1499
f 1474 1499 1475
f 1475 1499 1500
f 1475 1500 1476
f 1476 1500 1501
f 1476 1501 1477
f 1477 1501 1502
f 1477 1502 1478
f 1478 1502 1503
f 1478 1503 1479
f 1479 1503 1504
f 1479 1504 1480
f 1480 1504 1505
f 1480 1505 1481
f 1481 1505 1506
f 1481 1506 1482
f 1482 1506 1507
f 1482 1507 1483
f 1483 1507 1508
f 1483 1508 1484
f 1484 1508 1509
f 1484 1509 1485
f 1485 1509 1510
f 1485 1510 1486
f 1486 1510 1511
f 1486 1511 1487
f 1487 1511 1512
f 1487 1512 1488
f 1488 1512 1489
f 1488 1489 1465
f 1489 1513 1514
f 1489 1514 1490
f 1490 1514 1515
f 1490 1515 1491
f 1491 1515 1516
f 1491 1516 1492
f 1492 1516 1517
f 1492 1517 1493
f 1493 1517 1518
f 1493 1518 1494
f 1494 1518 1519
f 1494 1519 1495
f 1495 1519 1520
f 1495 1520 1496
f 1496 1520 1521
f 1496 1521 1497
f 1497 1521 1522
f 1497 1522 1498
f 1498 1522 1523
f 1498 1523 1499
f 1499 1523 1524
f 1499 1524 1500
f 1500 1524 1525
f 1500 1525 1501
f 1501 1525 1526
f 1501 1526 1502
f 1502 1526 1527
f 1502 1527 1503
f 1503 1527 1528
f 1503 1528 1504
f 1504 1528 1529
f 1504 1529 1505
f 1505 1529 1530
f 1505 1530 1506
f 1506 1530 1531
f 1506 1531 1507
f 1507 1531 1532
f 1507 1532 1508
f 1508 1532 1533
f 1508 1533 1509
f 1509 1533 1534
f 1509 1534 1510
f 1510 1534 1535
f 1510 1535 1511
f 1511 1535 1536
f 1511 1536 1512
f 1512 1536 1513
f 1512 1513 1489
f 1513 1537 1538
f 1513 1538 1514
f 1514 1538 1539
f 1514 1539 1515
f 1515 1539 1540
f 1515 1540 1516
f 1516 1540 1541
f 1516 1541 1517
f 1517 1541 1542
f 1517 1542 1518
f 1518 1542 1543
f 1518 1543 1519
f 1519 1543 1544
f 1519 1544 1520
f 1520 1544 1545
f 1520 1545 1521
f 1521 1545 1546
f 1521 1546 1522
f 1522 1546 1547
f 1522 1547 1523
f 1523 1547 1548
f 1523 1548 1524
f 1524 1548 1549
f 1524 1549 1525
f 1525 1549 1550
f 1525 1550 1526
f 1526 1550 1551
f 1526 1551 1527
f 1527 1551 1552
f 1527 1552 1528
f 1528 1552 1553
f 1528 1553 1529
f 1529 1553 1554
f 1529 1554 1530
f 1530 1554 1555
f 1530 1555 1531
f 1531 1555 1556
f 1531 1556 1532
f 1532 1556 1557
f 1532 1557 1533
f 1533 1557 1558
f 1533 1558 1534
f 1534 1558 1559
f 1534 1559 1535
f 1535 1559 1560
f 1535 1560 1536
f 1536 1560 1537
f 1536 1537 1513
f 1537 1561 1562
f 1537 1562 1538
f 1538 1562 1563
f 1538 1563 1539
f 1539 1563 1564
f 1539 1564 1540
f 1540 1564 1565
f 1540 1565 1541
f 1541 1565 1566
f 1541 1566 1542
f 1542 1566 1567
f 1542 1567 1543
f 1543 1567 1568
f 1543 1568 1544
f 1544 1568 1569
f 1544 1569 1545
f 1545 1569 1570
f 1545 1570 1546
f 1546 1570 1571
f 1546 1571 1547
f 1547 1571 1572
f 1547 1572 1548
f 1548 1572 1573
f 1548 1573 1549
f 1549 1573 1574
f 1549 1574 1550
f 1550 1574 1575
f 1550 1575 1551
f 1551 1575 1576
f 1551 1576 1552
f 1552 1576 1577
f 1552 1577 1553
f 1553 1577 1578
f 1553 1578 1554
f 1554 1578 1579
f 1554 1579 1555
f 1555 1579 1580
f 1555 1580 1556
f 1556 1580 1581
f 1556 1581 1557
f 1557 1581 1582
f 1557 1582 1558
f 1558 1582 1583
f 1558 1583 1559
f 1559 1583 1584
f 1559 1584 1560
f 1560 1584 1561
f 1560 1561 1537
f 1561 1585 1586
f 1561 1586 1562
f 1562 1586 1587
f 1562 1587 1563
f 1563 1587 1588
f 1563 1588 1564
f 1564 1588 1589
f 1564 1589 1565
f 1565 1589 1590
f 1565 1590 1566
f 1566 1590 1591
f 1566 1591 1567
f 1567 1591 1592
f 1567 1592 1568
f 1568 1592 1593
f 1568 1593 1569
f 1569 1593 1594
f 1569 1594 1570
f 1570 1594 1595
f 1570 1595 1571
f 1571 1595 1596
f 1571 1596 1572
f 1572 1596 1597
f 1572 1597 1573
f 1573 1597 1598
f 1573 1598 1574
f 1574 1598 1599
f 1574 1599 1575
f 1575 1599 1600
f 1575 1600 1576
f 1576 1600 1601
f 1576 1601 1577
f 1577 1601 1602
f 1577 1602 1578
f 1578 1602 1603
f 1578 1603 1579
f 1579 1603 1604
f 1579 1604 1580
f 1580 1604 1605
f 1580 1605 1581
f 1581 1605 1606
f 1581 1606 1582
f 1582 1606 1607
f 1582 1607 1583
f 1583 1607 1608
f 1583 1608 1584
f 1584 1608 1585
f 1584 1585 1561
usemtl bin_15
f 1585 1609 1610
f 1585 1610 1586
f 1586 1610 1611
f 1586 1611 1587
f 1587 1611 1612
f 1587 1612 1588
f 1588 1612 1613
f 1588 1613 1589
f 1589 1613 1614
f 1589 1614 1590
f 1590 1614 1615
f 1590 1615 1591
f 1591 1615 1616
f 1591 1616 1592
f 1592 1616 1617
f 1592 1617 1593
f 1593 1617 1618
f 1593 1618 1594
f 1594 1618 1619
f 1594 1619 1595
f 1595 1619 1620
f 1595 1620 1596
f 1596 1620 1621
f 1596 1621 1597
f 1597 1621 1622
f 1597 1622 1598
f 1598 1622 1623
f 1598 1623 1599
f 1599 1623 1624
f 1599 1624 1600
f 1600 1624 1625
f 1600 1625 1601
f 1601 1625 1626
f 1601 1626 1602
f 1602 1626 1627
f 1602 1627 1603
f 1603 1627 1628
f 1603 1628 1604
f 1604 1628 1629
f 1604 1629 1605
f 1605 1629 1630
f 1605 1630 1606
f 1606 1630 1631
f 1606 1631 1607
f 1607 1631 1632
f 1607 1632 1608
f 1608 1632 1609
f 1608 1609 1585
f 1609 1633 1634
f 1609 1634 1610
f 1610 1634 1635
f 1610 1635 1611
f 1611 1635 1636
f 1611 1636 1612
f 1612 1636 1637
f 1612 1637 1613
f 1613 1637 1638
f 1613 1638 1614
f 1614 1638 1639
f 1614 1639 1615
f 1615 1639 1640
f 1615 1640 1616
f 1616 1640 1641
f 1616 1641 1617
f 1617 1641 1642
f 1617 1642 1618
f 1618 1642 1643
f 1618 1643 1619
f 1619 1643 1644
f 1619 1644 1620
f 1620 1644 1645
f 1620 1645 1621
f 1621 1645 1646
f 1621 1646 1622
f 1622 1646 1647
f 1622 1647 1623
f 1623 1647 1648
f 1623 1648 1624
f 1624 1648 1649
f 1624 1649 1625
f 1625 1649 1650
f 1625 1650 1626
f 1626 1650 1651
f 1626 1651 1627
f 1627 1651 1652
f 1627 1652 1628
f 1628 1652 1653
f 1628 1653 1629
f 1629 1653 1654
f 1629 1654 1630
f 1630 1654 1655
f 1630 1655 1631
f 1631 1655 1656
f 1631 1656 1632
f 1632 1656 1633
f 1632 1633 1609
f 1633 1657 1658
f 1633 1658 1634
f 1634 1658 1659
f 1634 1659 1635
f 1635 1659 1660
f 1635 1660 1636
f 1636 1660 1661
f 1636 1661 1637
f 1637 1661 1662
f 1637 1662 1638
f 1638 1662 1663
f 1638 1663 1639
f 1639 1663 1664
f 1639 1664 1640
f 1640 1664 1665
f 1640 1665 1641
f 1641 1665 1666
f 1641 1666 1642
f 1642 1666 1667
f 1642 1667 1643
f 1643 1667 1668
f 1643 1668 1644
f 1644 1668 1669
f 1644 1669 1645
f 1645 1669 1670
f 1645 1670 1646
f 1646 1670 1671
f 1646 1671 1647
f 1647 1671 1672
f 1647 1672 1648
f 1648 1672 1673
f 1648 1673 1649
f 1649 1673 1674
f 1649 1674 1650
f 1650 1674 1675
f 1650 1675 1651
f 1651 1675 1676
f 1651 1676 1652
f 1652 1676 1677
f 1652 1677 1653
f 1653 1677 1678
f 1653 1678 1654
f 1654 1678 1679
f 1654 1679 1655
f 1655 1679 1680
f 1655 1680 1656
f 1656 1680 1657
f 1656 1657 1633
f 1657 1681 1682
f 1657 1682 1658
f 1658 1682 1683
f 1658 1683 1659
f 1659 1683 1684
f 1659 1684 1660
f 1660 1684 1685
f 1660 1685 1661
f 1661 1685 1686
f 1661 1686 1662
f 1662 1686 1687
f 1662 1687 1663
f 1663 1687 1688
f 1663 1688 1664
f 1664 1688 1689
f 1664 1689 1665
f 1665 1689 1690
f 1665 1690 1666
f 1666 1690 1691
f 1666 1691 1667
f 1667 1691 1692
f 1667 1692 1668
f 1668 1692 1693
f 1668 1693 1669
f 1669 1693 1694
f 1669 1694 1670
f 1670 1694 1695
f 1670 1695 1671
f 1671 1695 1696
f 1671 1696 1672
f 1672 1696 1697
f 1672 1697 1673
f 1673 1697 1698
f 1673 1698 1674
f 1674 1698 1699
f 1674 1699 1675
f 1675 1699 1700
f 1675 1700 1676
f 1676 1700 1701
f 1676 1701 1677
f 1677 1701 1702
f 1677 1702 1678
f 1678 1702 1703
f 1678 1703 1679
f 1679 1703 1704
f 1679 1704 1680
f 1680 1704 1681
f 1680 1681 1657
f 1681 1705 1706
f 1681 1706 1682
f 1682 1706 1707
f 1682 1707 1683
f 1683 1707 1708
f 1683 1708 1684
f 1684 1708 1709
f 1684 1709 1685
f 1685 1709 1710
f 1685 1710 1686
f 1686 1710 1711
f 1686 1711 1687
f 1687 1711 1712
f 1687 1712 1688
f 1688 1712 1713
f 1688 1713 1689
f 1689 1713 1714
f 1689 1714 1690
f 1690 1714 1715
f 1690 1715 1691
f 1691 1715 1716
f 1691 1716 1692
f 1692 1716 1717
f 1692 1717 1693
f 1693 1717 1718
f 1693 1718 1694
f 1694 1718 1719
f 1694 1719 1695
f 1695 1719 1720
f 1695 1720 1696
f 1696 1720 1721
f 1696 1721 1697
f 1697 1721 1722
f 1697 1722 1698
f 1698 1722 1723
f 1698 1723 1699
f 1699 1723 1724
f 1699 1724 1700
f 1700 1724 1725
f 1700 1725 1701
f 1701 1725 1726
f 1701 1726 1702
f 1702 1726 1727
f 1702 1727 1703
f 1703 1727 1728
f 1703 1728 1704
f 1704 1728 1705
f 1704 1705 1681
f 1705 1729 1730
f 1705 1730 1706
f 1706 1730 1731
f 1706 1731 1707
f 1707 1731 1732
f 1707 1732 1708
f 1708 1732 1733
f 1708 1733 1709
f 1709 1733 1734
f 1709 1734 1710
f 1710 1734 1735
f 1710 1735 1711
f 1711 1735 1736
f 1711 1736 1712
f 1712 1736 1737
f 1712 1737 1713
f 1713 1737 1738
f 1713 1738 1714
f 1714 1738 1739
f 1714 1739 1715
f 1715 1739 1740
f 1715 1740 1716
f 1716 1740 1741
f 1716 1741 1717
f 1717 1741 1742
f 1717 1742 1718
f 1718 1742 1743
f 1718 1743 1719
f 1719 1743 1744
f 1719 1744 1720
f 1720 1744 1745
f 1720 1745 1721
f 1721 1745 1746
f 1721 1746 1722
f 1722 1746 1747
f 1722 1747 1723
f 1723 1747 1748
f 1723 1748 1724
f 1724 1748 1749
f 1724 1749 1725
f 1725 1749 1750
f 1725 1750 1726
f 1726 1750 1751
f 1726 1751 1727
f 1727 1751 1752
f 1727 1752 1728
f 1728 1752 1729
f 1728 1729 1705
f 1729 1753 1754
f 1729 1754 1730
f 1730 1754 1755
f 1730 1755 1731
f 1731 1755 1756
f 1731 1756 1732
f 1732 1756 1757
f 1732 1757 1733
f 1733 1757 1758
f 1733 1758 1734
f 1734 1758 1759
f 1734 1759 1735
f 1735 1759 1760
f 1735 1760 1736
f 1736 1760 1761
f 1736 1761 1737
f 1737 1761 1762
f 1737 1762 1738
f 1738 1762 1763
f 1738 1763 1739
f 1739 1763 1764
f 1739 1764 1740
f 1740 1764 1765
f 1740 1765 1741
f 1741 1765 1766
f 1741 1766 1742
f 1742 1766 1767
f 1742 1767 1743
f 1743 1767 1768
f 1743 1768 1744
f 1744 1768 1769
f 1744 1769 1745
f 1745 1769 1770
f 1745 1770 1746
f 1746 1770 1771
f 1746 1771 1747
f 1747 1771 1772
f 1747 1772 1748
f 1748 1772 1773
f 1748 1773 1749
f 1749 1773 1774
f 1749 1774 1750
f 1750 1774 1775
f 1750 1775 1751
f 1751 1775 1776
f 1751 1776 1752
f 1752 1776 1753
f 1752 1753 1729
f 1753 1777 1778
f 1753 1778 1754
f 1754 1778 1779
f 1754 1779 1755
f 1755 1779 1780
f 1755 1780 1756
f 1756 1780 1781
f 1756 1781 1757
f 1757 1781 1782
f 1757 1782 1758
f 1758 1782 1783
f 1758 1783 1759
f 1759 1783 1784
f 1759 1784 1760
f 1760 1784 1785
f 1760 1785 1761
f 1761 1785 1786
f 1761 1786 1762
f 1762 1786 1787
f 1762 1787 1763
f 1763 1787 1788
f 1763 1788 1764
f 1764 1788 1789
f 1764 1789 1765
f 1765 1789 1790
f 1765 1790 1766
f 1766 1790 1791
f 1766 1791 1767
f 1767 1791 1792
f 1767 1792 1768
f 1768 1792 1793
f 1768 1793 1769
f 1769 1793 1794
f 1769 1794 1770
f 1770 1794 1795
f 1770 1795 1771
f 1771 1795 1796
f 1771 1796 1772
f 1772 1796 1797
f 1772 1797 1773
f 1773 1797 1798
f 1773 1798 1774
f 1774 1798 1799
f 1774 1799 1775
f 1775 1799 1800
f 1775 1800 1776
f 1776 1800 1777
f 1776 1777 1753
f 1777 1801 1802
f 1777 1802 1778
f 1778 1802 1803
f 1778 1803 1779
f 1779 1803 1804
f 1779 1804 1780
f 1780 1804 1805
f 1780 1805 1781
f 1781 1805 1806
f 1781 1806 1782
f 1782 1806 1807
f 1782 1807 1783
f 1783 1807 1808
f 1783 1808 1784
f 1784 1808 1809
f 1784 1809 1785
f 1785 1809 1810
f 1785 1810 1786
f 1786 1810 1811
f 1786 1811 1787
f 1787 1811 1812
f 1787 1812 1788
f 1788 1812 1813
f 1788 1813 1789
f 1789 1813 1814
f 1789 1814 1790
f 1790 1814 1815
f 1790 1815 1791
f 1791 1815 1816
f 1791 1816 1792
f 1792 1816 1817
f 1792 1817 1793
f 1793 1817 1818
f 1793 1818 1794
f 1794 1818 1819
f 1794 1819 1795
f 1795 1819 1820
f 1795 1820 1796
f 1796 1820 1821
f 1796 1821 1797
f 1797 1821 1822
f 1797 1822 1798
f 1798 1822 1823
f 1798 1823 1799
f 1799 1823 1824
f 1799 1824 1800
f 1800 1824 1801
f 1800 1801 1777
f 1801 1825 1826
f 1801 1826 1802
f 1802 1826 1827
f 1802 1827 1803
f 1803 1827 1828
f 1803 1828 1804
f 1804 1828 1829
f 1804 1829 1805
f 1805 1829 1830
f 1805 1830 1806
f 1806 1830 1831
f 1806 1831 1807
f 1807 1831 1832
f 1807 1832 1808
f 1808 1832 1833
f 1808 1833 1809
f 1809 1833 1834
f 1809 1834 1810
f 1810 1834 1835
f 1810 1835 1811
f 1811 1835 1836
f 1811 1836 1812
f 1812 1836 1837
f 1812 1837 1813
f 1813 1837 1838
f 1813 1838 1814
f 1814 1838 1839
f 1814 1839 1815
f 1815 1839 1840
f 1815 1840 1816
f 1816 1840 1841
f 1816 1841 1817
f 1817 1841 1842
f 1817 1842 1818
f 1818 1842 1843
f 1818 1843 1819
f 1819 1843 1844
f 1819 1844 1820
f 1820 1844 1845
f 1820 1845 1821
f 1821 1845 1846
f 1821 1846 1822
f 1822 1846 1847
f 1822 1847 1823
f 1823 1847 1848
f 1823 1848 1824
f 1824 1848 1825
f 1824 1825 1801
f 1825 1849 1850
f 1825 1850 1826
f 1826 1850 1851
f 1826 1851 1827
f 1827 1851 1852
f 1827 1852 1828
f 1828 1852 1853
f 1828 1853 1829
f 1829 1853 1854
f 1829 1854 1830
f 1830 1854 1855
f 1830 1855 1831
f 1831 1855 1856
f 1831 1856 1832
f 1832 1856 1857
f 1832 1857 1833
f 1833 1857 1858
f 1833 1858 1834
f 1834 1858 1859
f 1834 1859 1835
f 1835 1859 1860
f 1835 1860 1836
f 1836 1860 1861
f 1836 1861 1837
f 1837 1861 1862
f 1837 1862 1838
f 1838 1862 1863
f 1838 1863 1839
f 1839 1863 1864
f 1839 1864 1840
f 1840 1864 1865
f 1840 1865 1841
f 1841 1865 1866
f 1841 1866 1842
f 1842 1866 1867
f 1842 1867 1843
f 1843 1867 1868
f 1843 1868 1844
f 1844 1868 1869
f 1844 1869 1845
f 1845 1869 1870
f 1845 1870 1846
f 1846 1870 1871
f 1846 1871 1847
f 1847 1871 1872
f 1847 1872 1848
f 1848 1872 1849
f 1848 1849 1825
f 1849 1873 1874
f 1849 1874 1850
f 1850 1874 1875
f 1850 1875 1851
f 1851 1875 1876
f 1851 1876 1852
f 1852 1876 1877
f 1852 1877 1853
f 1853 1877 1878
f 1853 1878 1854
f 1854 1878 1879
f 1854 1879 1855
f 1855 1879 1880
f 1855 1880 1856
f 1856 1880 1881
f 1856 1881 1857
f 1857 1881 1882
f 1857 1882 1858
f 1858 1882 1883
f 1858 1883 1859
f 1859 1883 1884
f 1859 1884 1860
f 1860 1884 1885
f 1860 1885 1861
f 1861 1885 1886
f 1861 1886 1862
f 1862 1886 1887
f 1862 1887 1863
f 1863 1887 1888
f 1863 1888 1864
f 1864 1888 1889
f 1864 1889 1865
f 1865 1889 1890
f 1865 1890 1866
f 1866 1890 1891
f 1866 1891 1867
f 1867 1891 1892
f 1867 1892 1868
f 1868 1892 1893
f 1868 1893 1869
f 1869 1893 1894
f 1869 1894 1870
f 1870 1894 1895
f 1870 1895 1871
f 1871 1895 1896
f 1871 1896 1872
f 1872 1896 1873
f 1872 1873 1849
f 1873 1897 1898
f 1873 1898 1874
f 1874 1898 1899
f 1874 1899 1875
f 1875 1899 1900
f 1875 1900 1876
f 1876 1900 1901
f 1876 1901 1877
f 1877 1901 1902
f 1877 1902 1878
f 1878 1902 1903
f 1878 1903 1879
f 1879 1903 1904
f 1879 1904 1880
f 1880 1904 1905
f 1880 1905 1881
f 1881 1905 1906
f 1881 1906 1882
f 1882 1906 1907
f 1882 1907 1883
f 1883 1907 1908
f 1883 1908 1884
f 1884 1908 1909
f 1884 1909 1885
f 1885 1909 1910
f 1885 1910 1886
f 1886 1910 1911
f 1886 1911 1887
f 1887 1911 1912
f 1887 1912 1888
f 1888 1912 1913
f 1888 1913 1889
f 1889 1913 1914
f 1889 1914 1890
f 1890 1914 1915
f 1890 1915 1891
f 1891 1915 1916
f 1891 1916 1892
f 1892 1916 1917
f 1892 1917 1893
f 1893 1917 1918
f 1893 1918 1894
f 1894 1918 1919
f 1894 1919 1895
f 1895 1919 1920
f 1895 1920 1896
f 1896 1920 1897
f 1896 1897 1873
f 1897 1921 1922
f 1897 1922 1898
f 1898 1922 1923
f 1898 1923 1899
f 1899 1923 1924
f 1899 1924 1900
f 1900 1924 1925
f 1900 1925 1901
f 1901 1925 1926
f 1901 1926 1902
f 1902 1926 1927
f 1902 1927 1903
f 1903 1927 1928
f 1903 1928 1904
f 1904 1928 1929
f 1904 1929 1905
f 1905 1929 1930
f 1905 1930 1906
f 1906 1930 1931
f 1906 1931 1907
f 1907 1931 1932
f 1907 1932 1908
f 1908 1932 1933
f 1908 1933 1909
f 1909 1933 1934
f 1909 1934 1910
f 1910 1934 1935
f 1910 1935 1911
f 1911 1935 1936
f 1911 1936 1912
f 1912 1936 1937
f 1912 1937 1913
f 1913 1937 1938
f 1913 1938 1914
f 1914 1938 1939
f 1914 1939 1915
f 1915 1939 1940
f 1915 1940 1916
f 1916 1940 1941
f 1916 1941 1917
f 1917 1941 1942
f 1917 1942 1918
f 1918 1942 1943
f 1918 1943 1919
f 1919 1943 1944
f 1919 1944 1920
f 1920 1944 1921
f 1920 1921 1897
f 1921 1945 1946
f 1921 1946 1922
f 1922 1946 1947
f 1922 1947 1923
f 1923 1947 1948
f 1923 1948 1924
f 1924 1948 1949
f 1924 1949 1925
f 1925 1949 1950
f 1925 1950 1926
f 1926 1950 1951
f 1926 1951 1927
f 1927 1951 1952
f 1927 1952 1928
f 1928 1952 1953
f 1928 1953 1929
f 1929 1953 1954
f 1929 1954 1930
f 1930 1954 1955
f 1930 1955 1931
f 1931 1955 1956
f 1931 1956 1932
f 1932 1956 1957
f 1932 1957 1933
f 1933 1957 1958
f 1933 1958 1934
f 1934 1958 1959
f 1934 1959 1935
f 1935 1959 1960
f 1935 1960 1936
f 1936 1960 1961
f 1936 1961 1937
f 1937 1961 1962
f 1937 1962 1938
f 1938 1962 1963
f 1938 1963 1939
f 1939 1963 1964
f 1939 1964 1940
f 1940 1964 1965
f 1940 1965 1941
f 1941 1965 1966
f 1941 1966 1942
f 1942 1966 1967
f 1942 1967 1943
f 1943 1967 1968
f 1943 1968 1944
f 1944 1968 1945
f 1944 1945 1921
f 1945 1969 1970
f 1945 1970 1946
f 1946 1970 1971
f 1946 1971 1947
f 1947 1971 1972
f 1947 1972 1948
f 1948 1972 1973
f 1948 1973 1949
f 1949 1973 1974
f 1949 1974 1950
f 1950 1974 1975
f 1950 1975 1951
f 1951 1975 1976
f 1951 1976 1952
f 1952 1976 1977
f 1952 1977 1953
f 1953 1977 1978
f 1953 1978 1954
f 1954 1978 1979
f 1954 1979 1955
f 1955 1979 1980
f 1955 1980 1956
f 1956 1980 1981
f 1956 1981 1957
f 1957 1981 1982
f 1957 1982 1958
f 1958 1982 1983
f 1958 1983 1959
f 1959 1983 1984
f 1959 1984 1960
f 1960 1984 1985
f 1960 1985 1961
f 1961 1985 1986
f 1961 1986 1962
f 1962 1986 1987
f 1962 1987 1963
f 1963 1987 1988
f 1963 1988 1964
f 1964 1988 1989
f 1964 1989 1965
f 1965 1989 1990
f 1965 1990 1966
f 1966 1990 1991
f 1966 1991 1967
f 1967 1991 1992
f 1967 1992 1968
f 1968 1992 1969
f 1968 1969 1945
f 1969 1993 1994
f 1969 1994 1970
f 1970 1994 1995
f 1970 1995 1971
f 1971 1995 1996
f 1971 1996 1972
f 1972 1996 1997
f 1972 1997 1973
f 1973 1997 1998
f 1973 1998 1974
f 1974 1998 1999
f 1974 1999 1975
f 1975 1999 2000
f 1975 2000 1976
f 1976 2000 2001
f 1976 2001 1977
f 1977 2001 2002
f 1977 2002 1978
f 1978 2002 2003
f 1978 2003 1979
f 1979 2003 2004
f 1979 2004 1980
f 1980 2004 2005
f 1980 2005 1981
f 1981 2005 2006
f 1981 2006 1982
f 1982 2006 2007
f 1982 2007 1983
f 1983 2007 2008
f 1983 2008 1984
f 1984 2008 2009
f 1984 2009 1985
f 1985 2009 2010
f 1985 2010 1986
f 1986 2010 2011
f 1986 2011 1987
f 1987 2011 2012
f 1987 2012 1988
f 1988 2012 2013
f 1988 2013 1989
f 1989 2013 2014
f 1989 2014 1990
f 1990 2014 2015
f 1990 2015 1991
f 1991 2015 2016
f 1991 2016 1992
f 1992 2016 1993
f 1992 1993 1969
usemtl bin_16
f 1993 2017 2018
f 1993 2018 1994
f 1994 2018 2019
f 1994 2019 1995
f 1995 2019 2020
f 1995 2020 1996
f 1996 2020 2021
f 1996 2021 1997
f 1997 2021 2022
f 1997 2022 1998
f 1998 2022 2023
f 1998 2023 1999
f 1999 2023 2024
f 1999 2024 2000
f 2000 2024 2025
f 2000 2025 2001
f 2001 2025 2026
f 2001 2026 2002
f 2002 2026 2027
f 2002 2027 2003
f 2003 2027 2028
f 2003 2028 2004
f 2004 2028 2029
f 2004 2029 2005
f 2005 2029 2030
f 2005 2030 2006
f 2006 2030 2031
f 2006 2031 2007
f 2007 2031 2032
f 2007 2032 2008
f 2008 2032 2033
f 2008 2033 2009
f 2009 2033 2034
f 2009 2034 2010
f 2010 2034 2035
f 2010 2035 2011
f 2011 2035 2036
f 2011 2036 2012
f 2012 2036 2037
f 2012 2037 2013
f 2013 2037 2038
f 2013 2038 2014
f 2014 2038 2039
f 2014 2039 2015
f 2015 2039 2040
f 2015 2040 2016
f 2016 2040 2017
f 2016 2017 1993
f 2017 2041 2042
f 2017 2042 2018
f 2018 2042 2043
f 2018 2043 2019
f 2019 2043 2044
f 2019 2044 2020
f 2020 2044 2045
f 2020 2045 2021
f 2021 2045 2046
f 2021 2046 2022
f 2022 2046 2047
f 2022 2047 2023
f 2023 2047 2048
f 2023 2048 2024
f 2024 2048 2049
f 2024 2049 2025
f 2025 2049 2050
f 2025 2050 2026
f 2026 2050 2051
f 2026 2051 2027
f 2027 2051 2052
f 2027 2052 2028
f 2028 2052 2053
f 2028 2053 2029
f 2029 2053 2054
f 2029 2054 2030
f 2030 2054 2055
f 2030 2055 2031
f 2031 2055 2056
f 2031 2056 2032
f 2032 2056 2057
f 2032 2057 2033
f 2033 2057 2058
f 2033 2058 2034
f 2034 2058 2059
f 2034 2059 2035
f 2035 2059 2060
f 2035 2060 2036
f 2036 2060 2061
f 2036 2061 2037
f 2037 2061 2062
f 2037 2062 2038
f 2038 2062 2063
f 2038 2063 2039
f 2039 2063 2064
f 2039 2064 2040
f 2040 2064 2041
f 2040 2041 2017
f 2041 2065 2066
f 2041 2066 2042
f 2042 2066 2067
f 2042 2067 2043
f 2043 2067 2068
f 2043 2068 2044
f 2044 2068 2069
f 2044 2069 2045
f 2045 2069 2070
f 2045 2070 2046
f 2046 2070 2071
f 2046 2071 2047
f 2047 2071 2072
f 2047 2072 2048
f 2048 2072 2073
f 2048 2073 2049
f 2049 2073 2074
f 2049 2074 2050
f 2050 2074 2075
f 2050 2075 2051
f 2051 2075 2076
f 2051 2076 2052
f 2052 2076 2077
f 2052 2077 2053
f 2053 2077 2078
f 2053 2078 2054
f 2054 2078 2079
f 2054 2079 2055
f 2055 2079 2080
f 2055 2080 2056
f 2056 2080 2081
f 2056 2081 2057
f 2057 2081 2082
f 2057 2082 2058
f 2058 2082 2083
f 2058 2083 2059
f 2059 2083 2084
f 2059 2084 2060
f 2060 2084 2085
f 2060 2085 2061
f 2061 2085 2086
f 2061 2086 2062
f 2062 2086 2087
f 2062 2087 2063
f 2063 2087 2088
f 2063 2088 2064
f 2064 2088 2065
f 2064 2065 2041
f 2065 2089 2090
f 2065 2090 2066
f 2066 2090 2091
f 2066 2091 2067
f 2067 2091 2092
f 2067 2092 2068
f 2068 2092 2093
f 2068 2093 2069
f 2069 2093 2094
f 2069 2094 2070
f 2070 2094 2095
f 2070 2095 2071
f 2071 2095 2096
f 2071 2096 2072
f 2072 2096 2097
f 2072 2097 2073
f 2073 2097 2098
f 2073 2098 2074
f 2074 2098 2099
f 2074 2099 2075
f 2075 2099 2100
f 2075 2100 2076
f 2076 2100 2101
f 2076 2101 2077
f 2077 2101 2102
f 2077 2102 2078
f 2078 2102 2103
f 2078 2103 2079
f 2079 2103 2104
f 2079 2104 2080
f 2080 2104 2105
f 2080 2105 2081
f 2081 2105 2106
f 2081 2106 2082
f 2082 2106 2107
f 2082 2107 2083
f 2083 2107 2108
f 2083 2108 2084
f 2084 2108 2109
f 2084 2109 2085
f 2085 2109 2110
f 2085 2110 2086
f 2086 2110 2111
f 2086 2111 2087
f 2087 2111 2112
f 2087 2112 2088
f 2088 2112 2089
f 2088 2089 2065
f 2089 2113 2114
f 2089 2114 2090
f 2090 2114 2115
f 2090 2115 2091
f 2091 2115 2116
f 2091 2116 2092
f 2092 2116 2117
f 2092 2117 2093
f 2093 2117 2118
f 2093 2118 2094
f 2094 2118 2119
f 2094 2119 2095
f 2095 2119 2120
f 2095 2120 2096
f 2096 2120 2121
f 2096 2121 2097
f 2097 2121 2122
f 2097 2122 2098
f 2098 2122 2123
f 2098 2123 2099
f 2099 2123 2124
f 2099 2124 2100
f 2100 2124 2125
f 2100 2125 2101
f 2101 2125 2126
f 2101 2126 2102
f 2102 2126 2127
f 2102 2127 2103
f 2103 2127 2128
f 2103 2128 2104
f 2104 2128 2129
f 2104 2129 2105
f 2105 2129 2130
f 2105 2130 2106
f 2106 2130 2131
f 2106 2131 2107
f 2107 2131 2132
f 2107 2132 2108
f 2108 2132 2133
f 2108 2133 2109
f 2109 2133 2134
f 2109 2134 2110
f 2110 2134 2135
f 2110 2135 2111
f 2111 2135 2136
f 2111 2136 2112
f 2112 2136 2113
f 2112 2113 2089
usemtl bin_17
f 2113 2137 2138
f 2113 2138 2114
f 2114 2138 2139
f 2114 2139 2115
f 2115 2139 2140
f 2115 2140 2116
f 2116 2140 2141
f 2116 2141 2117
f 2117 2141 2142
f 2117 2142 2118
f 2118 2142 2143
f 2118 2143 2119
f 2119 2143 2144
f 2119 2144 2120
f 2120 2144 2145
f 2120 2145 2121
f 2121 2145 2146
f 2121 2146 2122
f 2122 2146 2147
f 2122 2147 2123
f 2123 2147 2148
f 2123 2148 2124
f 2124 2148 2149
f 2124 2149 2125
f 2125 2149 2150
f 2125 2150 2126
f 2126 2150 2151
f 2126 2151 2127
f 2127 2151 2152
f 2127 2152 2128
f 2128 2152 2153
f 2128 2153 2129
f 2129 2153 2154
f 2129 2154 2130
f 2130 2154 2155
f 2130 2155 2131
f 2131 2155 2156
f 2131 2156 2132
f 2132 2156 2157
f 2132 2157 2133
f 2133 2157 2158
f 2133 2158 2134
f 2134 2158 2159
f 2134 2159 2135
f 2135 2159 2160
f 2135 2160 2136
f 2136 2160 2137
f 2136 2137 2113
f 2137 2161 2162
f 2137 2162 2138
f 2138 2162 2163
f 2138 2163 2139
f 2139 2163 2164
f 2139 2164 2140
f 2140 2164 2165
f 2140 2165 2141
f 2141 2165 2166
f 2141 2166 2142
f 2142 2166 2167
f 2142 2167 2143
f 2143 2167 2168
f 2143 2168 2144
f 2144 2168 2169
f 2144 2169 2145
f 2145 2169 2170
f 2145 2170 2146
f 2146 2170 2171
f 2146 2171 2147
f 2147 2171 2172
f 2147 2172 2148
f 2148 2172 2173
f 2148 2173 2149
f 2149 2173 2174
f 2149 2174 2150
f 2150 2174 2175
f 2150 2175 2151
f 2151 2175 2176
f 2151 2176 2152
f 2152 2176 2177
f 2152 2177 2153
f 2153 2177 2178
f 2153 2178 2154
f 2154 2178 2179
f 2154 2179 2155
f 2155 2179 2180
f 2155 2180 2156
f 2156 2180 2181
f 2156 2181 2157
f 2157 2181 2182
f 2157 2182 2158
f 2158 2182 2183
f 2158 2183 2159
f 2159 2183 2184
f 2159 2184 2160
f 2160 2184 2161
f 2160 2161 2137
usemtl bin_18
f 2161 2185 2186
f 2161 2186 2162
f 2162 2186 2187
f 2162 2187 2163
f 2163 2187 2188
f 2163 2188 2164
f 2164 2188 2189
f 2164 2189 2165
f 2165 2189 2190
f 2165 2190 2166
f 2166 2190 2191
f 2166 2191 2167
f 2167 2191 2192
f 2167 2192 2168
f 2168 2192 2193
f 2168 2193 2169
f 2169 2193 2194
f 2169 2194 2170
f 2170 2194 2195
f 2170 2195 2171
f 2171 2195 2196
f 2171 2196 2172
f 2172 2196 2197
f 2172 2197 2173
f 2173 2197 2198
f 2173 2198 2174
f 2174 2198 2199
f 2174 2199 2175
f 2175 2199 2200
f 2175 2200 2176
f 2176 2200 2201
f 2176 2201 2177
f 2177 2201 2202
f 2177 2202 2178
f 2178 2202 2203
f 2178 2203 2179
f 2179 2203 2204
f 2179 2204 2180
f 2180 2204 2205
f 2180 2205 2181
f 2181 2205 2206
f 2181 2206 2182
f 2182 2206 2207
f 2182 2207 2183
f 2183 2207 2208
f 2183 2208 2184
f 2184 2208 2185
f 2184 2185 2161
f 2185 2209 2210
f 2185 2210 2186
f 2186 2210 2211
f 2186 2211 2187
f 2187 2211 2212
f 2187 2212 2188
f 2188 2212 2213
f 2188 2213 2189
f 2189 2213 2214
f 2189 2214 2190
f 2190 2214 2215
f 2190 2215 2191
f 2191 2215 2216
f 2191 2216 2192
f 2192 2216 2217
f 2192 2217 2193
f 2193 2217 2218
f 2193 2218 2194
f 2194 2218 2219
f 2194 2219 2195
f 2195 2219 2220
f 2195 2220 2196
f 2196 2220 2221
f 2196 2221 2197
f 2197 2221 2222
f 2197 2222 2198
f 2198 2222 2223
f 2198 2223 2199
f 2199 2223 2224
f 2199 2224 2200
f 2200 2224 2225
f 2200 2225 2201
f 2201 2225 2226
f 2201 2226 2202
f 2202 2226 2227
f 2202 2227 2203
f 2203 2227 2228
f 2203 2228 2204
f 2204 2228 2229
f 2204 2229 2205
f 2205 2229 2230
f 2205 2230 2206
f 2206 2230 2231
f 2206 2231 2207
f 2207 2231 2232
f 2207 2232 2208
f 2208 2232 2209
f 2208 2209 2185
f 2209 2233 2234
f 2209 2234 2210
f 2210 2234 2235
f 2210 2235 2211
f 2211 2235 2236
f 2211 2236 2212
f 2212 2236 2237
f 2212 2237 2213
f 2213 2237 2238
f 2213 2238 2214
f 2214 2238 2239
f 2214 2239 2215
f 2215 2239 2240
f 2215 2240 2216
f 2216 2240 2241
f 2216 2241 2217
f 2217 2241 2242
f 2217 2242 2218
f 2218 2242 2243
f 2218 2243 2219
f 2219 2243 2244
f 2219 2244 2220
f 2220 2244 2245
f 2220 2245 2221
f 2221 2245 2246
f 2221 2246 2222
f 2222 2246 2247
f 2222 2247 2223
f 2223 2247 2248
f 2223 2248 2224
f 2224 2248 2249
f 2224 2249 2225
f 2225 2249 2250
f 2225 2250 2226
f 2226 2250 2251
f 2226 2251 2227
f 2227 2251 2252
f 2227 2252 2228
f 2228 2252 2253
f 2228 2253 2229
f 2229 2253 2254
f 2229 2254 2230
f 2230 2254 2255
f 2230 2255 2231
f 2231 2255 2256
f 2231 2256 2232
f 2232 2256 2233
f 2232 2233 2209
f 2233 2257 2258
f 2233 2258 2234
f 2234 2258 2259
f 2234 2259 2235
f 2235 2259 2260
f 2235 2260 2236
f 2236 2260 2261
f 2236 2261 2237
f 2237 2261 2262
f 2237 2262 2238
f 2238 2262 2263
f 2238 2263 2239
f 2239 2263 2264
f 2239 2264 2240
f 2240 2264 2265
f 2240 2265 2241
f 2241 2265 2266
f 2241 2266 2242
f 2242 2266 2267
f 2242 2267 2243
f 2243 2267 2268
f 2243 2268 2244
f 2244 2268 2269
f 2244 2269 2245
f 2245 2269 2270
f 2245 2270 2246
f 2246 2270 2271
f 2246 2271 2247
f 2247 2271 2272
f 2247 2272 2248
f 2248 2272 2273
f 2248 2273 2249
f 2249 2273 2274
f 2249 2274 2250
f 2250 2274 2275
f 2250 2275 2251
f 2251 2275 2276
f 2251 2276 2252
f 2252 2276 2277
f 2252 2277 2253
f 2253 2277 2278
f 2253 2278 2254
f 2254 2278 2279
f 2254 2279 2255
f 2255 2279 2280
f 2255 2280 2256
f 2256 2280 2257
f 2256 2257 2233
usemtl bin_19
f 2257 2281 2282
f 2257 2282 2258
f 2258 2282 2283
f 2258 2283 2259
f 2259 2283 2284
f 2259 2284 2260
f 2260 2284 2285
f 2260 2285 2261
f 2261 2285 2286
f 2261 2286 2262
f 2262 2286 2287
f 2262 2287 2263
f 2263 2287 2288
f 2263 2288 2264
f 2264 2288 2289
f 2264 2289 2265
f 2265 2289 2290
f 2265 2290 2266
f 2266 2290 2291
f 2266 2291 2267
f 2267 2291 2292
f 2267 2292 2268
f 2268 2292 2293
f 2268 2293 2269
f 2269 2293 2294
f 2269 2294 2270
f 2270 2294 2295
f 2270 2295 2271
f 2271 2295 2296
f 2271 2296 2272
f 2272 2296 2297
f 2272 2297 2273
f 2273 2297 2298
f 2273 2298 2274
f 2274 2298 2299
f 2274 2299 2275
f 2275 2299 2300
f 2275 2300 2276
f 2276 2300 2301
f 2276 2301 2277
f 2277 2301 2302
f 2277 2302 2278
f 2278 2302 2303
f 2278 2303 2279
f 2279 2303 2304
f 2279 2304 2280
f 2280 2304 2281
f 2280 2281 2257
f 2281 2305 2306
f 2281 2306 2282
f 2282 2306 2307
f 2282 2307 2283
f 2283 2307 2308
f 2283 2308 2284
f 2284 2308 2309
f 2284 2309 2285
f 2285 2309 2310
f 2285 2310 2286
f 2286 2310 2311
f 2286 2311 2287
f 2287 2311 2312
f 2287 2312 2288
f 2288 2312 2313
f 2288 2313 2289
f 2289 2313 2314
f 2289 2314 2290
f 2290 2314 2315
f 2290 2315 2291
f 2291 2315 2316
f 2291 2316 2292
f 2292 2316 2317
f 2292 2317 2293
f 2293 2317 2318
f 2293 2318 2294
f 2294 2318 2319
f 2294 2319 2295
f 2295 2319 2320
f 2295 2320 2296
f 2296 2320 2321
f 2296 2321 2297
f 2297 2321 2322
f 2297 2322 2298
f 2298 2322 2323
f 2298 2323 2299
f 2299 2323 2324
f 2299 2324 2300
f 2300 2324 2325
f 2300 2325 2301
f 2301 2325 2326
f 2301 2326 2302
f 2302 2326 2327
f 2302 2327 2303
f 2303 2327 2328
f 2303 2328 2304
f 2304 2328 2305
f 2304 2305 2281
usemtl bin_20
f 2305 2329 2330
f 2305 2330 2306
f 2306 2330 2331
f 2306 2331 2307
f 2307 2331 2332
f 2307 2332 2308
f 2308 2332 2333
f 2308 2333 2309
f 2309 2333 2334
f 2309 2334 2310
f 2310 2334 2335
f 2310 2335 2311
f 2311 2335 2336
f 2311 2336 2312
f 2312 2336 2337
f 2312 2337 2313
f 2313 2337 2338
f 2313 2338 2314
f 2314 2338 2339
f 2314 2339 2315
f 2315 2339 2340
f 2315 2340 2316
f 2316 2340 2341
f 2316 2341 2317
f 2317 2341 2342
f 2317 2342 2318
f 2318 2342 2343
f 2318 2343 2319
f 2319 2343 2344
f 2319 2344 2320
f 2320 2344 2345
f 2320 2345 2321
f 2321 2345 2346
f 2321 2346 2322
f 2322 2346 2347
f 2322 2347 2323
f 2323 2347 2348
f 2323 2348 2324
f 2324 2348 2349
f 2324 2349 2325
f 2325 2349 2350
f 2325 2350 2326
f 2326 2350 2351
f 2326 2351 2327
f 2327 2351 2352
f 2327 2352 2328
f 2328 2352 2329
f 2328 2329 2305
f 2329 2353 2354
f 2329 2354 2330
f 2330 2354 2355
f 2330 2355 2331
f 2331 2355 2356
f 2331 2356 2332
f 2332 2356 2357
f 2332 2357 2333
f 2333 2357 2358
f 2333 2358 2334
f 2334 2358 2359
f 2334 2359 2335
f 2335 2359 2360
f 2335 2360 2336
f 2336 2360 2361
f 2336 2361 2337
f 2337 2361 2362
f 2337 2362 2338
f 2338 2362 2363
f 2338 2363 2339
f 2339 2363 2364
f 2339 2364 2340
f 2340 2364 2365
f 2340 2365 2341
f 2341 2365 2366
f 2341 2366 2342
f 2342 2366 2367
f 2342 2367 2343
f 2343 2367 2368
f 2343 2368 2344
f 2344 2368 2369
f 2344 2369 2345
f 2345 2369 2370
f 2345 2370 2346
f 2346 2370 2371
f 2346 2371 2347
f 2347 2371 2372
f 2347 2372 2348
f 2348 2372 2373
f 2348 2373 2349
f 2349 2373 2374
f 2349 2374 2350
f 2350 2374 2375
f 2350 2375 2351
f 2351 2375 2376
f 2351 2376 2352
f 2352 2376 2353
f 2352 2353 2329
f 2353 2377 2378
f 2353 2378 2354
f 2354 2378 2379
f 2354 2379 2355
f 2355 2379 2380
f 2355 2380 2356
f 2356 2380 2381
f 2356 2381 2357
f 2357 2381 2382
f 2357 2382 2358
f 2358 2382 2383
f 2358 2383 2359
f 2359 2383 2384
f 2359 2384 2360
f 2360 2384 2385
f 2360 2385 2361
f 2361 2385 2386
f 2361 2386 2362
f 2362 2386 2387
f 2362 2387 2363
f 2363 2387 2388
f 2363 2388 2364
f 2364 2388 2389
f 2364 2389 2365
f 2365 2389 2390
f 2365 2390 2366
f 2366 2390 2391
f 2366 2391 2367
f 2367 2391 2392
f 2367 2392 2368
f 2368 2392 2393
f 2368 2393 2369
f 2369 2393 2394
f 2369 2394 2370
f 2370 2394 2395
f 2370 2395 2371
f 2371 2395 2396
f 2371 2396 2372
f 2372 2396 2397
f 2372 2397 2373
f 2373 2397 2398
f 2373 2398 2374
f 2374 2398 2399
f 2374 2399 2375
f 2375 2399 2400
f 2375 2400 2376
f 2376 2400 2377
f 2376 2377 2353
f 2377 2401 2402
f 2377 2402 2378
f 2378 2402 2403
f 2378 2403 2379
f 2379 2403 2404
f 2379 2404 2380
f 2380 2404 2405
f 2380 2405 2381
f 2381 2405 2406
f 2381 2406 2382
f 2382 2406 2407
f 2382 2407 2383
f 2383 2407 2408
f 2383 2408 2384
f 2384 2408 2409
f 2384 2409 2385
f 2385 2409 2410
f 2385 2410 2386
f 2386 2410 2411
f 2386 2411 2387
f 2387 2411 2412
f 2387 2412 2388
f 2388 2412 2413
f 2388 2413 2389
f 2389 2413 2414
f 2389 2414 2390
f 2390 2414 2415
f 2390 2415 2391
f 2391 2415 2416
f 2391 2416 2392
f 2392 2416 2417
f 2392 2417 2393
f 2393 2417 2418
f 2393 2418 2394
f 2394 2418 2419
f 2394 2419 2395
f 2395 2419 2420
f 2395 2420 2396
f 2396 2420 2421
f 2396 2421 2397
f 2397 2421 2422
f 2397 2422 2398
f 2398 2422 2423
f 2398 2423 2399
f 2399 2423 2424
f 2399 2424 2400
f 2400 2424 2401
f 2400 2401 2377
usemtl bin_21
f 2401 2425 2426
f 2401 2426 2402
f 2402 2426 2427
f 2402 2427 2403
f 2403 2427 2428
f 2403 2428 2404
f 2404 2428 2429
f 2404 2429 2405
f 2405 2429 2430
f 2405 2430 2406
f 2406 2430 2431
f 2406 2431 2407
f 2407 2431 2432
f 2407 2432 2408
f 2408 2432 2433
f 2408 2433 2409
f 2409 2433 2434
f 2409 2434 2410
f 2410 2434 2435
f 2410 2435 2411
f 2411 2435 2436
f 2411 2436 2412
f 2412 2436 2437
f 2412 2437 2413
f 2413 2437 2438
f 2413 2438 2414
f 2414 2438 2439
f 2414 2439 2415
f 2415 2439 2440
f 2415 2440 2416
f 2416 2440 2441
f 2416 2441 2417
f 2417 2441 2442
f 2417 2442 2418
f 2418 2442 2443
f 2418 2443 2419
f 2419 2443 2444
f 2419 2444 2420
f 2420 2444 2445
f 2420 2445 2421
f 2421 2445 2446
f 2421 2446 2422
f 2422 2446 2447
f 2422 2447 2423
f 2423 2447 2448
f 2423 2448 2424
f 2424 2448 2425
f 2424 2425 2401
usemtl bin_22
f 2425 2449 2450
f 2425 2450 2426
f 2426 2450 2451
f 2426 2451 2427
f 2427 2451 2452
f 2427 2452 2428
f 2428 2452 2453
f 2428 2453 2429
f 2429 2453 2454
f 2429 2454 2430
f 2430 2454 2455
f 2430 2455 2431
f 2431 2455 2456
f 2431 2456 2432
f 2432 2456 2457
f 2432 2457 2433
f 2433 2457 2458
f 2433 2458 2434
f 2434 2458 2459
f 2434 2459 2435
f 2435 2459 2460
f 2435 2460 2436
f 2436 2460 2461
f 2436 2461 2437
f 2437 2461 2462
f 2437 2462 2438
f 2438 2462 2463
f 2438 2463 2439
f 2439 2463 2464
f 2439 2464 2440
f 2440 2464 2465
f 2440 2465 2441
f 2441 2465 2466
f 2441 2466 2442
f 2442 2466 2467
f 2442 2467 2443
f 2443 2467 2468
f 2443 2468 2444
f 2444 2468 2469
f 2444 2469 2445
f 2445 2469 2470
f 2445 2470 2446
f 2446 2470 2471
f 2446 2471 2447
f 2447 2471 2472
f 2447 2472 2448
f 2448 2472 2449
f 2448 2449 2425
f 2449 2473 2474
f 2449 2474 2450
f 2450 2474 2475
f 2450 2475 2451
f 2451 2475 2476
f 2451 2476 2452
f 2452 2476 2477
f 2452 2477 2453
f 2453 2477 2478
f 2453 2478 2454
f 2454 2478 2479
f 2454 2479 2455
f 2455 2479 2480
f 2455 2480 2456
f 2456 2480 2481
f 2456 2481 2457
f 2457 2481 2482
f 2457 2482 2458
f 2458 2482 2483
f 2458 2483 2459
f 2459 2483 2484
f 2459 2484 2460
f 2460 2484 2485
f 2460 2485 2461
f 2461 2485 2486
f 2461 2486 2462
f 2462 2486 2487
f 2462 2487 2463
f 2463 2487 2488
f 2463 2488 2464
f 2464 2488 2489
f 2464 2489 2465
f 2465 2489 2490
f 2465 2490 2466
f 2466 2490 2491
f 2466 2491 2467
f 2467 2491 2492
f 2467 2492 2468
f 2468 2492 2493
f 2468 2493 2469
f 2469 2493 2494
f 2469 2494 2470
f 2470 2494 2495
f 2470 2495 2471
f 2471 2495 2496
f 2471 2496 2472
f 2472 2496 2473
f 2472 2473 2449
f 2473 2497 2498
f 2473 2498 2474
f 2474 2498 2499
f 2474 2499 2475
f 2475 2499 2500
f 2475 2500 2476
f 2476 2500 2501
f 2476 2501 2477
f 2477 2501 2502
f 2477 2502 2478
f 2478 2502 2503
f 2478 2503 2479
f 2479 2503 2504
f 2479 2504 2480
f 2480 2504 2505
f 2480 2505 2481
f 2481 2505 2506
f 2481 2506 2482
f 2482 2506 2507
f 2482 2507 2483
f 2483 2507 2508
f 2483 2508 2484
f 2484 2508 2509
f 2484 2509 2485
f 2485 2509 2510
f 2485 2510 2486
f 2486 2510 2511
f 2486 2511 2487
f 2487 2511 2512
f 2487 2512 2488
f 2488 2512 2513
f 2488 2513 2489
f 2489 2513 2514
f 2489 2514 2490
f 2490 2514 2515
f 2490 2515 2491
f 2491 2515 2516
f 2491 2516 2492
f 2492 2516 2517
f 2492 2517 2493
f 2493 2517 2518
f 2493 2518 2494
f 2494 2518 2519
f 2494 2519 2495
f 2495 2519 2520
f 2495 2520 2496
f 2496 2520 2497
f 2496 2497 2473
f 2497 2521 2522
f 2497 2522 2498
f 2498 2522 2523
f 2498 2523 2499
f 2499 2523 2524
f 2499 2524 2500
f 2500 2524 2525
f 2500 2525 2501
f 2501 2525 2526
f 2501 2526 2502
f 2502 2526 2527
f 2502 2527 2503
f 2503 2527 2528
f 2503 2528 2504
f 2504 2528 2529
f 2504 2529 2505
f 2505 2529 2530
f 2505 2530 2506
f 2506 2530 2531
f 2506 2531 2507
f 2507 2531 2532
f 2507 2532 2508
f 2508 2532 2533
f 2508 2533 2509
f 2509 2533 2534
f 2509 2534 2510
f 2510 2534 2535
f 2510 2535 2511
f 2511 2535 2536
f 2511 2536 2512
f 2512 2536 2537
f 2512 2537 2513
f 2513 2537 2538
f 2513 2538 2514
f 2514 2538 2539
f 2514 2539 2515
f 2515 2539 2540
f 2515 2540 2516
f 2516 2540 2541
f 2516 2541 2517
f 2517 2541 2542
f 2517 2542 2518
f 2518 2542 2543
f 2518 2543 2519
f 2519 2543 2544
f 2519 2544 2520
f 2520 2544 2521
f 2520 2521 2497
usemtl bin_23
f 2521 2545 2546
f 2521 2546 2522
f 2522 2546 2547
f 2522 2547 2523
f 2523 2547 2548
f 2523 2548 2524
f 2524 2548 2549
f 2524 2549 2525
f 2525 2549 2550
f 2525 2550 2526
f 2526 2550 2551
f 2526 2551 2527
f 2527 2551 2552
f 2527 2552 2528
f 2528 2552 2553
f 2528 2553 2529
f 2529 2553 2554
f 2529 2554 2530
f 2530 2554 2555
f 2530 2555 2531
f 2531 2555 2556
f 2531 2556 2532
f 2532 2556 2557
f 2532 2557 2533
f 2533 2557 2558
f 2533 2558 2534
f 2534 2558 2559
f 2534 2559 2535
f 2535 2559 2560
f 2535 2560 2536
f 2536 2560 2561
f 2536 2561 2537
f 2537 2561 2562
f 2537 2562 2538
f 2538 2562 2563
f 2538 2563 2539
f 2539 2563 2564
f 2539 2564 2540
f 2540 2564 2565
f 2540 2565 2541
f 2541 2565 2566
f 2541 2566 2542
f 2542 2566 2567
f 2542 2567 2543
f 2543 2567 2568
f 2543 2568 2544
f 2544 2568 2545
f 2544 2545 2521
f 2545 2569 2570
f 2545 2570 2546
f 2546 2570 2571
f 2546 2571 2547
f 2547 2571 2572
f 2547 2572 2548
f 2548 2572 2573
f 2548 2573 2549
f 2549 2573 2574
f 2549 2574 2550
f 2550 2574 2575
f 2550 2575 2551
f 2551 2575 2576
f 2551 2576 2552
f 2552 2576 2577
f 2552 2577 2553
f 2553 2577 2578
f 2553 2578 2554
f 2554 2578 2579
f 2554 2579 2555
f 2555 2579 2580
f 2555 2580 2556
f 2556 2580 2581
f 2556 2581 2557
f 2557 2581 2582
f 2557 2582 2558
f 2558 2582 2583
f 2558 2583 2559
f 2559 2583 2584
f 2559 2584 2560
f 2560 2584 2585
f 2560 2585 2561
f 2561 2585 2586
f 2561 2586 2562
f 2562 2586 2587
f 2562 2587 2563
f 2563 2587 2588
f 2563 2588 2564
f 2564 2588 2589
f 2564 2589 2565
f 2565 2589 2590
f 2565 2590 2566
f 2566 2590 2591
f 2566 2591 2567
f 2567 2591 2592
f 2567 2592 2568
f 2568 2592 2569
f 2568 2569 2545
usemtl bin_24
f 2569 2593 2594
f 2569 2594 2570
f 2570 2594 2595
f 2570 2595 2571
f 2571 2595 2596
f 2571 2596 2572
f 2572 2596 2597
f 2572 2597 2573
f 2573 2597 2598
f 2573 2598 2574
f 2574 2598 2599
f 2574 2599 2575
f 2575 2599 2600
f 2575 2600 2576
f 2576 2600 2601
f 2576 2601 2577
f 2577 2601 2602
f 2577 2602 2578
f 2578 2602 2603
f 2578 2603 2579
f 2579 2603 2604
f 2579 2604 2580
f 2580 2604 2605
f 2580 2605 2581
f 2581 2605 2606
f 2581 2606 2582
f 2582 2606 2607
f 2582 2607 2583
f 2583 2607 2608
f 2583 2608 2584
f 2584 2608 2609
f 2584 2609 2585
f 2585 2609 2610
f 2585 2610 2586
f 2586 2610 2611
f 2586 2611 2587
f 2587 2611 2612
f 2587 2612 2588
f 2588 2612 2613
f 2588 2613 2589
f 2589 2613 2614
f 2589 2614 2590
f 2590 2614 2615
f 2590 2615 2591
f 2591 2615 2616
f 2591 2616 2592
f 2592 2616 2593
f 2592 2593 2569
f 2593 2617 2618
f 2593 2618 2594
f 2594 2618 2619
f 2594 2619 2595
f 2595 2619 2620
f 2595 2620 2596
f 2596 2620 2621
f 2596 2621 2597
f 2597 2621 2622
f 2597 2622 2598
f 2598 2622 2623
f 2598 2623 2599
f 2599 2623 2624
f 2599 2624 2600
f 2600 2624 2625
f 2600 2625 2601
f 2601 2625 2626
f 2601 2626 2602
f 2602 2626 2627
f 2602 2627 2603
f 2603 2627 2628
f 2603 2628 2604
f 2604 2628 2629
f 2604 2629 2605
f 2605 2629 2630
f 2605 2630 2606
f 2606 2630 2631
f 2606 2631 2607
f 2607 2631 2632
f 2607 2632 2608
f 2608 2632 2633
f 2608 2633 2609
f 2609 2633 2634
f 2609 2634 2610
f 2610 2634 2635
f 2610 2635 2611
f 2611 2635 2636
f 2611 2636 2612
f 2612 2636 2637
f 2612 2637 2613
f 2613 2637 2638
f 2613 2638 2614
f 2614 2638 2639
f 2614 2639 2615
f 2615 2639 2640
f 2615 2640 2616
f 2616 2640 2617
f 2616 2617 2593
f 2617 2641 2642
f 2617 2642 2618
f 2618 2642 2643
f 2618 2643 2619
f 2619 2643 2644
f 2619 2644 2620
f 2620 2644 2645
f 2620 2645 2621
f 2621 2645 2646
f 2621 2646 2622
f 2622 2646 2647
f 2622 2647 2623
f 2623 2647 2648
f 2623 2648 2624
f 2624 2648 2649
f 2624 2649 2625
f 2625 2649 2650
f 2625 2650 2626
f 2626 2650 2651
f 2626 2651 2627
f 2627 2651 2652
f 2627 2652 2628
f 2628 2652 2653
f 2628 2653 2629
f 2629 2653 2654
f 2629 2654 2630
f 2630 2654 2655
f 2630 2655 2631
f 2631 2655 2656
f 2631 2656 2632
f 2632 2656 2657
f 2632 2657 2633
f 2633 2657 2658
f 2633 2658 2634
f 2634 2658 2659
f 2634 2659 2635
f 2635 2659 2660
f 2635 2660 2636
f 2636 2660 2661
f 2636 2661 2637
f 2637 2661 2662
f 2637 2662 2638
f 2638 2662 2663
f 2638 2663 2639
f 2639 2663 2664
f 2639 2664 2640
f 2640 2664 2641
f 2640 2641 2617
usemtl bin_25
f 2641 2665 2666
f 2641 2666 2642
f 2642 2666 2667
f 2642 2667 2643
f 2643 2667 2668
f 2643 2668 2644
f 2644 2668 2669
f 2644 2669 2645
f 2645 2669 2670
f 2645 2670 2646
f 2646 2670 2671
f 2646 2671 2647
f 2647 2671 2672
f 2647 2672 2648
f 2648 2672 2673
f 2648 2673 2649
f 2649 2673 2674
f 2649 2674 2650
f 2650 2674 2675
f 2650 2675 2651
f 2651 2675 2676
f 2651 2676 2652
f 2652 2676 2677
f 2652 2677 2653
f 2653 2677 2678
f 2653 2678 2654
f 2654 2678 2679
f 2654 2679 2655
f 2655 2679 2680
f 2655 2680 2656
f 2656 2680 2681
f 2656 2681 2657
f 2657 2681 2682
f 2657 2682 2658
f 2658 2682 2683
f 2658 2683 2659
f 2659 2683 2684
f 2659 2684 2660
f 2660 2684 2685
f 2660 2685 2661
f 2661 2685 2686
f 2661 2686 2662
f 2662 2686 2687
f 2662 2687 2663
f 2663 2687 2688
f 2663 2688 2664
f 2664 2688 2665
f 2664 2665 2641
f 2665 2689 2690
f 2665 2690 2666
f 2666 2690 2691
f 2666 2691 2667
f 2667 2691 2692
f 2667 2692 2668
f 2668 2692 2693
f 2668 2693 2669
f 2669 2693 2694
f 2669 2694 2670
f 2670 2694 2695
f 2670 2695 2671
f 2671 2695 2696
f 2671 2696 2672
f 2672 2696 2697
f 2672 2697 2673
f 2673 2697 2698
f 2673 2698 2674
f 2674 2698 2699
f 2674 2699 2675
f 2675 2699 2700
f 2675 2700 2676
f 2676 2700 2701
f 2676 2701 2677
f 2677 2701 2702
f 2677 2702 2678
f 2678 2702 2703
f 2678 2703 2679
f 2679 2703 2704
f 2679 2704 2680
f 2680 2704 2705
f 2680 2705 2681
f 2681 2705 2706
f 2681 2706 2682
f 2682 2706 2707
f 2682 2707 2683
f 2683 2707 2708
f 2683 2708 2684
f 2684 2708 2709
f 2684 2709 2685
f 2685 2709 2710
f 2685 2710 2686
f 2686 2710 2711
f 2686 2711 2687
f 2687 2711 2712
f 2687 2712 2688
f 2688 2712 2689
f 2688 2689 2665
usemtl bin_26
f 2689 2713 2714
f 2689 2714 2690
f 2690 2714 2715
f 2690 2715 2691
f 2691 2715 2716
f 2691 2716 2692
f 2692 2716 2717
f 2692 2717 2693
f 2693 2717 2718
f 2693 2718 2694
f 2694 2718 2719
f 2694 2719 2695
f 2695 2719 2720
f 2695 2720 2696
f 2696 2720 2721
f 2696 2721 2697
f 2697 2721 2722
f 2697 2722 2698
f 2698 2722 2723
f 2698 2723 2699
f 2699 2723 2724
f 2699 2724 2700
f 2700 2724 2725
f 2700 2725 2701
f 2701 2725 2726
f 2701 2726 2702
f 2702 2726 2727
f 2702 2727 2703
f 2703 2727 2728
f 2703 2728 2704
f 2704 2728 2729
f 2704 2729 2705
f 2705 2729 2730
f 2705 2730 2706
f 2706 2730 2731
f 2706 2731 2707
f 2707 2731 2732
f 2707 2732 2708
f 2708 2732 2733
f 2708 2733 2709
f 2709 2733 2734
f 2709 2734 2710
f 2710 2734 2735
f 2710 2735 2711
f 2711 2735 2736
f 2711 2736 2712
f 2712 2736 2713
f 2712 2713 2689
f 2713 2737 2738
f 2713 2738 2714
f 2714 2738 2739
f 2714 2739 2715
f 2715 2739 2740
f 2715 2740 2716
f 2716 2740 2741
f 2716 2741 2717
f 2717 2741 2742
f 2717 2742 2718
f 2718 2742 2743
f 2718 2743 2719
f 2719 2743 2744
f 2719 2744 2720
f 2720 2744 2745
f 2720 2745 2721
f 2721 2745 2746
f 2721 2746 2722
f 2722 2746 2747
f 2722 2747 2723
f 2723 2747 2748
f 2723 2748 2724
f 2724 2748 2749
f 2724 2749 2725
f 2725 2749 2750
f 2725 2750 2726
f 2726 2750 2751
f 2726 2751 2727
f 2727 2751 2752
f 2727 2752 2728
f 2728 2752 2753
f 2728 2753 2729
f 2729 2753 2754
f 2729 2754 2730
f 2730 2754 2755
f 2730 2755 2731
f 2731 2755 2756
f 2731 2756 2732
f 2732 2756 2757
f 2732 2757 2733
f 2733 2757 2758
f 2733 2758 2734
f 2734 2758 2759
f 2734 2759 2735
f 2735 2759 2760
f 2735 2760 2736
f 2736 2760 2737
f 2736 2737 2713
f 2737 2761 2762
f 2737 2762 2738
f 2738 2762 2763
f 2738 2763 2739
f 2739 2763 2764
f 2739 2764 2740
f 2740 2764 2765
f 2740 2765 2741
f 2741 2765 2766
f 2741 2766 2742
f 2742 2766 2767
f 2742 2767 2743
f 2743 2767 2768
f 2743 2768 2744
f 2744 2768 2769
f 2744 2769 2745
f 2745 2769 2770
f 2745 2770 2746
f 2746 2770 2771
f 2746 2771 2747
f 2747 2771 2772
f 2747 2772 2748
f 2748 2772 2773
f 2748 2773 2749
f 2749 2773 2774
f 2749 2774 2750
f 2750 2774 2775
f 2750 2775 2751
f 2751 2775 2776
f 2751 2776 2752
f 2752 2776 2777
f 2752 2777 2753
f 2753 2777 2778
f 2753 2778 2754
f 2754 2778 2779
f 2754 2779 2755
f 2755 2779 2780
f 2755 2780 2756
f 2756 2780 2781
f 2756 2781 2757
f 2757 2781 2782
f 2757 2782 2758
f 2758 2782 2783
f 2758 2783 2759
f 2759 2783 2784
f 2759 2784 2760
f 2760 2784 2761
f 2760 2761 2737
f 2761 2785 2786
f 2761 2786 2762
f 2762 2786 2787
f 2762 2787 2763
f 2763 2787 2788
f 2763 2788 2764
f 2764 2788 2789
f 2764 2789 2765
f 2765 2789 2790
f 2765 2790 2766
f 2766 2790 2791
f 2766 2791 2767
f 2767 2791 2792
f 2767 2792 2768
f 2768 2792 2793
f 2768 2793 2769
f 2769 2793 2794
f 2769 2794 2770
f 2770 2794 2795
f 2770 2795 2771
f 2771 2795 2796
f 2771 2796 2772
f 2772 2796 2797
f 2772 2797 2773
f 2773 2797 2798
f 2773 2798 2774
f 2774 2798 2799
f 2774 2799 2775
f 2775 2799 2800
f 2775 2800 2776
f 2776 2800 2801
f 2776 2801 2777
f 2777 2801 2802
f 2777 2802 2778
f 2778 2802 2803
f 2778 2803 2779
f 2779 2803 2804
f 2779 2804 2780
f 2780 2804 2805
f 2780 2805 2781
f 2781 2805 2806
f 2781 2806 2782
f 2782 2806 2807
f 2782 2807 2783
f 2783 2807 2808
f 2783 2808 2784
f 2784 2808 2785
f 2784 2785 2761
f 2785 2809 2810
f 2785 2810 2786
f 2786 2810 2811
f 2786 2811 2787
f 2787 2811 2812
f 2787 2812 2788
f 2788 2812 2813
f 2788 2813 2789
f 2789 2813 2814
f 2789 2814 2790
f 2790 2814 2815
f 2790 2815 2791
f 2791 2815 2816
f 2791 2816 2792
f 2792 2816 2817
f 2792 2817 2793
f 2793 2817 2818
f 2793 2818 2794
f 2794 2818 2819
f 2794 2819 2795
f 2795 2819 2820
f 2795 2820 2796
f 2796 2820 2821
f 2796 2821 2797
f 2797 2821 2822
f 2797 2822 2798
f 2798 2822 2823
f 2798 2823 2799
f 2799 2823 2824
f 2799 2824 2800
f 2800 2824 2825
f 2800 2825 2801
f 2801 2825 2826
f 2801 2826 2802
f 2802 2826 2827
f 2802 2827 2803
f 2803 2827 2828
f 2803 2828 2804
f 2804 2828 2829
f 2804 2829 2805
f 2805 2829 2830
f 2805 2830 2806
f 2806 2830 2831
f 2806 2831 2807
f 2807 2831 2832
f 2807 2832 2808
f 2808 2832 2809
f 2808 2809 2785
usemtl bin_27
f 2809 2833 2834
f 2809 2834 2810
f 2810 2834 2835
f 2810 2835 2811
f 2811 2835 2836
f 2811 2836 2812
f 2812 2836 2837
f 2812 2837 2813
f 2813 2837 2838
f 2813 2838 2814
f 2814 2838 2839
f 2814 2839 2815
f 2815 2839 2840
f 2815 2840 2816
f 2816 2840 2841
f 2816 2841 2817
f 2817 2841 2842
f 2817 2842 2818
f 2818 2842 2843
f 2818 2843 2819
f 2819 2843 2844
f 2819 2844 2820
f 2820 2844 2845
f 2820 2845 2821
f 2821 2845 2846
f 2821 2846 2822
f 2822 2846 2847
f 2822 2847 2823
f 2823 2847 2848
f 2823 2848 2824
f 2824 2848 2849
f 2824 2849 2825
f 2825 2849 2850
f 2825 2850 2826
f 2826 2850 2851
f 2826 2851 2827
f 2827 2851 2852
f 2827 2852 2828
f 2828 2852 2853
f 2828 2853 2829
f 2829 2853 2854
f 2829 2854 2830
f 2830 2854 2855
f 2830 2855 2831
f 2831 2855 2856
f 2831 2856 2832
f 2832 2856 2833
f 2832 2833 2809
f 2833 2857 2858
f 2833 2858 2834
f 2834 2858 2859
f 2834 2859 2835
f 2835 2859 2860
f 2835 2860 2836
f 2836 2860 2861
f 2836 2861 2837
f 2837 2861 2862
f 2837 2862 2838
f 2838 2862 2863
f 2838 2863 2839
f 2839 2863 2864
f 2839 2864 2840
f 2840 2864 2865
f 2840 2865 2841
f 2841 2865 2866
f 2841 2866 2842
f 2842 2866 2867
f 2842 2867 2843
f 2843 2867 2868
f 2843 2868 2844
f 2844 2868 2869
f 2844 2869 2845
f 2845 2869 2870
f 2845 2870 2846
f 2846 2870 2871
f 2846 2871 2847
f 2847 2871 2872
f 2847 2872 2848
f 2848 2872 2873
f 2848 2873 2849
f 2849 2873 2874
f 2849 2874 2850
f 2850 2874 2875
f 2850 2875 2851
f 2851 2875 2876
f 2851 2876 2852
f 2852 2876 2877
f 2852 2877 2853
f 2853 2877 2878
f 2853 2878 2854
f 2854 2878 2879
f 2854 2879 2855
f 2855 2879 2880
f 2855 2880 2856
f 2856 2880 2857
f 2856 2857 2833
usemtl bin_28
f 2857 2881 2882
f 2857 2882 2858
f 2858 2882 2883
f 2858 2883 2859
f 2859 2883 2884
f 2859 2884 2860
f 2860 2884 2885
f 2860 2885 2861
f 2861 2885 2886
f 2861 2886 2862
f 2862 2886 2887
f 2862 2887 2863
f 2863 2887 2888
f 2863 2888 2864
f 2864 2888 2889
f 2864 2889 2865
f 2865 2889 2890
f 2865 2890 2866
f 2866 2890 2891
f 2866 2891 2867
f 2867 2891 2892
f 2867 2892 2868
f 2868 2892 2893
f 2868 2893 2869
f 2869 2893 2894
f 2869 2894 2870
f 2870 2894 2895
f 2870 2895 2871
f 2871 2895 2896
f 2871 2896 2872
f 2872 2896 2897
f 2872 2897 2873
f 2873 2897 2898
f 2873 2898 2874
f 2874 2898 2899
f 2874 2899 2875
f 2875 2899 2900
f 2875 2900 2876
f 2876 2900 2901
f 2876 2901 2877
f 2877 2901 2902
f 2877 2902 2878
f 2878 2902 2903
f 2878 2903 2879
f 2879 2903 2904
f 2879 2904 2880
f 2880 2904 2881
f 2880 2881 2857
f 2881 2905 2906
f 2881 2906 2882
f 2882 2906 2907
f 2882 2907 2883
f 2883 2907 2908
f 2883 2908 2884
f 2884 2908 2909
f 2884 2909 2885
f 2885 2909 2910
f 2885 2910 2886
f 2886 2910 2911
f 2886 2911 2887
f 2887 2911 2912
f 2887 2912 2888
f 2888 2912 2913
f 2888 2913 2889
f 2889 2913 2914
f 2889 2914 2890
f 2890 2914 2915
f 2890 2915 2891
f 2891 2915 2916
f 2891 2916 2892
f 2892 2916 2917
f 2892 2917 2893
f 2893 2917 2918
f 2893 2918 2894
f 2894 2918 2919
f 2894 2919 2895
f 2895 2919 2920
f 2895 2920 2896
f 2896 2920 2921
f 2896 2921 2897
f 2897 2921 2922
f 2897 2922 2898
f 2898 2922 2923
f 2898 2923 2899
f 2899 2923 2924
f 2899 2924 2900
f 2900 2924 2925
f 2900 2925 2901
f 2901 2925 2926
f 2901 2926 2902
f 2902 2926 2927
f 2902 2927 2903
f 2903 2927 2928
f 2903 2928 2904
f 2904 2928 2905
f 2904 2905 2881
f 2905 2929 2930
f 2905 2930 2906
f 2906 2930 2931
f 2906 2931 2907
f 2907 2931 2932
f 2907 2932 2908
f 2908 2932 2933
f 2908 2933 2909
f 2909 2933 2934
f 2909 2934 2910
f 2910 2934 2935
f 2910 2935 2911
f 2911 2935 2936
f 2911 2936 2912
f 2912 2936 2937
f 2912 2937 2913
f 2913 2937 2938
f 2913 2938 2914
f 2914 2938 2939
f 2914 2939 2915
f 2915 2939 2940
f 2915 2940 2916
f 2916 2940 2941
f 2916 2941 2917
f 2917 2941 2942
f 2917 2942 2918
f 2918 2942 2943
f 2918 2943 2919
f 2919 2943 2944
f 2919 2944 2920
f 2920 2944 2945
f 2920 2945 2921
f 2921 2945 2946
f 2921 2946 2922
f 2922 2946 2947
f 2922 2947 2923
f 2923 2947 2948
f 2923 2948 2924
f 2924 2948 2949
f 2924 2949 2925
f 2925 2949 2950
f 2925 2950 2926
f 2926 2950 2951
f 2926 2951 2927
f 2927 2951 2952
f 2927 2952 2928
f 2928 2952 2929
f 2928 2929 2905
f 2929 2953 2954
f 2929 2954 2930
f 2930 2954 2955
f 2930 2955 2931
f 2931 2955 2956
f 2931 2956 2932
f 2932 2956 2957
f 2932 2957 2933
f 2933 2957 2958
f 2933 2958 2934
f 2934 2958 2959
f 2934 2959 2935
f 2935 2959 2960
f 2935 2960 2936
f 2936 2960 2961
f 2936 2961 2937
f 2937 2961 2962
f 2937 2962 2938
f 2938 2962 2963
f 2938 2963 2939
f 2939 2963 2964
f 2939 2964 2940
f 2940 2964 2965
f 2940 2965 2941
f 2941 2965 2966
f 2941 2966 2942
f 2942 2966 2967
f 2942 2967 2943
f 2943 2967 2968
f 2943 2968 2944
f 2944 2968 2969
f 2944 2969 2945
f 2945 2969 2970
f 2945 2970 2946
f 2946 2970 2971
f 2946 2971 2947
f 2947 2971 2972
f 2947 2972 2948
f 2948 2972 2973
f 2948 2973 2949
f 2949 2973 2974
f 2949 2974 2950
f 2950 2974 2975
f 2950 2975 2951
f 2951 2975 2976
f 2951 2976 2952
f 2952 2976 2953
f 2952 2953 2929
f 2953 2977 2978
f 2953 2978 2954
f 2954 2978 2979
f 2954 2979 2955
f 2955 2979 2980
f 2955 2980 2956
f 2956 2980 2981
f 2956 2981 2957
f 2957 2981 2982
f 2957 2982 2958
f 2958 2982 2983
f 2958 2983 2959
f 2959 2983 2984
f 2959 2984 2960
f 2960 2984 2985
f 2960 2985 2961
f 2961 2985 2986
f 2961 2986 2962
f 2962 2986 2987
f 2962 2987 2963
f 2963 2987 2988
f 2963 2988 2964
f 2964 2988 2989
f 2964 2989 2965
f 2965 2989 2990
f 2965 2990 2966
f 2966 2990 2991
f 2966 2991 2967
f 2967 2991 2992
f 2967 2992 2968
f 2968 2992 2993
f 2968 2993 2969
f 2969 2993 2994
f 2969 2994 2970
f 2970 2994 2995
f 2970 2995 2971
f 2971 2995 2996
f 2971 2996 2972
f 2972 2996 2997
f 2972 2997 2973
f 2973 2997 2998
f 2973 2998 2974
f 2974 2998 2999
f 2974 2999 2975
f 2975 2999 3000
f 2975 3000 2976
f 2976 3000 2977
f 2976 2977 2953
usemtl bin_29
f 2977 3001 3002
f 2977 3002 2978
f 2978 3002 3003
f 2978 3003 2979
f 2979 3003 3004
f 2979 3004 2980
f 2980 3004 3005
f 2980 3005 2981
f 2981 3005 3006
f 2981 3006 2982
f 2982 3006 3007
f 2982 3007 2983
f 2983 3007 3008
f 2983 3008 2984
f 2984 3008 3009
f 2984 3009 2985
f 2985 3009 3010
f 2985 3010 2986
f 2986 3010 3011
f 2986 3011 2987
f 2987 3011 3012
f 2987 3012 2988
f 2988 3012 3013
f 2988 3013 2989
f 2989 3013 3014
f 2989 3014 2990
f 2990 3014 3015
f 2990 3015 2991
f 2991 3015 3016
f 2991 3016 2992
f 2992 3016 3017
f 2992 3017 2993
f 2993 3017 3018
f 2993 3018 2994
f 2994 3018 3019
f 2994 3019 2995
f 2995 3019 3020
f 2995 3020 2996
f 2996 3020 3021
f 2996 3021 2997
f 2997 3021 3022
f 2997 3022 2998
f 2998 3022 3023
f 2998 3023 2999
f 2999 3023 3024
f 2999 3024 3000
f 3000 3024 3001
f 3000 3001 2977
f 3001 3025 3026
f 3001 3026 3002
f 3002 3026 3027
f 3002 3027 3003
f 3003 3027 3028
f 3003 3028 3004
f 3004 3028 3029
f 3004 3029 3005
f 3005 3029 3030
f 3005 3030 3006
f 3006 3030 3031
f 3006 3031 3007
f 3007 3031 3032
f 3007 3032 3008
f 3008 3032 3033
f 3008 3033 3009
f 3009 3033 3034
f 3009 3034 3010
f 3010 3034 3035
f 3010 3035 3011
f 3011 3035 3036
f 3011 3036 3012
f 3012 3036 3037
f 3012 3037 3013
f 3013 3037 3038
f 3013 3038 3014
f 3014 3038 3039
f 3014 3039 3015
f 3015 3039 3040
f 3015 3040 3016
f 3016 3040 3041
f 3016 3041 3017
f 3017 3041 3042
f 3017 3042 3018
f 3018 3042 3043
f 3018 3043 3019
f 3019 3043 3044
f 3019 3044 3020
f 3020 3044 3045
f 3020 3045 3021
f 3021 3045 3046
f 3021 3046 3022
f 3022 3046 3047
f 3022 3047 3023
f 3023 3047 3048
f 3023 3048 3024
f 3024 3048 3025
f 3024 3025 3001
f 3025 3049 3050
f 3025 3050 3026
f 3026 3050 3051
f 3026 3051 3027
f 3027 3051 3052
f 3027 3052 3028
f 3028 3052 3053
f 3028 3053 3029
f 3029 3053 3054
f 3029 3054 3030
f 3030 3054 3055
f 3030 3055 3031
f 3031 3055 3056
f 3031 3056 3032
f 3032 3056 3057
f 3032 3057 3033
f 3033 3057 3058
f 3033 3058 3034
f 3034 3058 3059
f 3034 3059 3035
f 3035 3059 3060
f 3035 3060 3036
f 3036 3060 3061
f 3036 3061 3037
f 3037 3061 3062
f 3037 3062 3038
f 3038 3062 3063
f 3038 3063 3039
f 3039 3063 3064
f 3039 3064 3040
f 3040 3064 3065
f 3040 3065 3041
f 3041 3065 3066
f 3041 3066 3042
f 3042 3066 3067
f 3042 3067 3043
f 3043 3067 3068
f 3043 3068 3044
f 3044 3068 3069
f 3044 3069 3045
f 3045 3069 3070
f 3045 3070 3046
f 3046 3070 3071
f 3046 3071 3047
f 3047 3071 3072
f 3047 3072 3048
f 3048 3072 3049
f 3048 3049 3025
f 3049 3073 3074
f 3049 3074 3050
f 3050 3074 3075
f 3050 3075 3051
f 3051 3075 3076
f 3051 3076 3052
f 3052 3076 3077
f 3052 3077 3053
f 3053 3077 3078
f 3053 3078 3054
f 3054 3078 3079
f 3054 3079 3055
f 3055 3079 3080
f 3055 3080 3056
f 3056 3080 3081
f 3056 3081 3057
f 3057 3081 3082
f 3057 3082 3058
f 3058 3082 3083
f 3058 3083 3059
f 3059 3083 3084
f 3059 3084 3060
f 3060 3084 3085
f 3060 3085 3061
f 3061 3085 3086
f 3061 3086 3062
f 3062 3086 3087
f 3062 3087 3063
f 3063 3087 3088
f 3063 3088 3064
f 3064 3088 3089
f 3064 3089 3065
f 3065 3089 3090
f 3065 3090 3066
f 3066 3090 3091
f 3066 3091 3067
f 3067 3091 3092
f 3067 3092 3068
f 3068 3092 3093
f 3068 3093 3069
f 3069 3093 3094
f 3069 3094 3070
f 3070 3094 3095
f 3070 3095 3071
f 3071 3095 3096
f 3071 3096 3072
f 3072 3096 3073
f 3072 3073 3049
usemtl bin_30
f 3073 3097 3098
f 3073 3098 3074
f 3074 3098 3099
f 3074 3099 3075
f 3075 3099 3100
f 3075 3100 3076
f 3076 3100 3101
f 3076 3101 3077
f 3077 3101 3102
f 3077 3102 3078
f 3078 3102 3103
f 3078 3103 3079
f 3079 3103 3104
f 3079 3104 3080
f 3080 3104 3105
f 3080 3105 3081
f 3081 3105 3106
f 3081 3106 3082
f 3082 3106 3107
f 3082 3107 3083
f 3083 3107 3108
f 3083 3108 3084
f 3084 3108 3109
f 3084 3109 3085
f 3085 3109 3110
f 3085 3110 3086
f 3086 3110 3111
f 3086 3111 3087
f 3087 3111 3112
f 3087 3112 3088
f 3088 3112 3113
f 3088 3113 3089
f 3089 3113 3114
f 3089 3114 3090
f 3090 3114 3115
f 3090 3115 3091
f 3091 3115 3116
f 3091 3116 3092
f 3092 3116 3117
f 3092 3117 3093
f 3093 3117 3118
f 3093 3118 3094
f 3094 3118 3119
f 3094 3119 3095
f 3095 3119 3120
f 3095 3120 3096
f 3096 3120 3097
f 3096 3097 3073
f 3097 3121 3122
f 3097 3122 3098
f 3098 3122 3123
f 3098 3123 3099
f 3099 3123 3124
f 3099 3124 3100
f 3100 3124 3125
f 3100 3125 3101
f 3101 3125 3126
f 3101 3126 3102
f 3102 3126 3127
f 3102 3127 3103
f 3103 3127 3128
f 3103 3128 3104
f 3104 3128 3129
f 3104 3129 3105
f 3105 3129 3130
f 3105 3130 3106
f 3106 3130 3131
f 3106 3131 3107
f 3107 3131 3132
f 3107 3132 3108
f 3108 3132 3133
f 3108 3133 3109
f 3109 3133 3134
f 3109 3134 3110
f 3110 3134 3135
f 3110 3135 3111
f 3111 3135 3136
f 3111 3136 3112
f 3112 3136 3137
f 3112 3137 3113
f 3113 3137 3138
f 3113 3138 3114
f 3114 3138 3139
f 3114 3139 3115
f 3115 3139 3140
f 3115 3140 3116
f 3116 3140 3141
f 3116 3141 3117
f 3117 3141 3142
f 3117 3142 3118
f 3118 3142 3143
f 3118 3143 3119
f 3119 3143 3144
f 3119 3144 3120
f 3120 3144 3121
f 3120 3121 3097
f 3121 3145 3146
f 3121 3146 3122
f 3122 3146 3147
f 3122 3147 3123
f 3123 3147 3148
f 3123 3148 3124
f 3124 3148 3149
f 3124 3149 3125
f 3125 3149 3150
f 3125 3150 3126
f 3126 3150 3151
f 3126 3151 3127
f 3127 3151 3152
f 3127 3152 3128
f 3128 3152 3153
f 3128 3153 3129
f 3129 3153 3154
f 3129 3154 3130
f 3130 3154 3155
f 3130 3155 3131
f 3131 3155 3156
f 3131 3156 3132
f 3132 3156 3157
f 3132 3157 3133
f 3133 3157 3158
f 3133 3158 3134
f 3134 3158 3159
f 3134 3159 3135
f 3135 3159 3160
f 3135 3160 3136
f 3136 3160 3161
f 3136 3161 3137
f 3137 3161 3162
f 3137 3162 3138
f 3138 3162 3163
f 3138 3163 3139
f 3139 3163 3164
f 3139 3164 3140
f 3140 3164 3165
f 3140 3165 3141
f 3141 3165 3166
f 3141 3166 3142
f 3142 3166 3167
f 3142 3167 3143
f 3143 3167 3168
f 3143 3168 3144
f 3144 3168 3145
f 3144 3145 3121
f 3145 3169 3170
f 3145 3170 3146
f 3146 3170 3171
f 3146 3171 3147
f 3147 3171 3172
f 3147 3172 3148
f 3148 3172 3173
f 3148 3173 3149
f 3149 3173 3174
f 3149 3174 3150
f 3150 3174 3175
f 3150 3175 3151
f 3151 3175 3176
f 3151 3176 3152
f 3152 3176 3177
f 3152 3177 3153
f 3153 3177 3178
f 3153 3178 3154
f 3154 3178 3179
f 3154 3179 3155
f 3155 3179 3180
f 3155 3180 3156
f 3156 3180 3181
f 3156 3181 3157
f 3157 3181 3182
f 3157 3182 3158
f 3158 3182 3183
f 3158 3183 3159
f 3159 3183 3184
f 3159 3184 3160
f 3160 3184 3185
f 3160 3185 3161
f 3161 3185 3186
f 3161 3186 3162
f 3162 3186 3187
f 3162 3187 3163
f 3163 3187 3188
f 3163 3188 3164
f 3164 3188 3189
f 3164 3189 3165
f 3165 3189 3190
f 3165 3190 3166
f 3166 3190 3191
f 3166 3191 3167
f 3167 3191 3192
f 3167 3192 3168
f 3168 3192 3169
f 3168 3169 3145
f 3169 3193 3194
f 3169 3194 3170
f 3170 3194 3195
f 3170 3195 3171
f 3171 3195 3196
f 3171 3196 3172
f 3172 3196 3197
f 3172 3197 3173
f 3173 3197 3198
f 3173 3198 3174
f 3174 3198 3199
f 3174 3199 3175
f 3175 3199 3200
f 3175 3200 3176
f 3176 3200 3201
f 3176 3201 3177
f 3177 3201 3202
f 3177 3202 3178
f 3178 3202 3203
f 3178 3203 3179
f 3179 3203 3204
f 3179 3204 3180
f 3180 3204 3205
f 3180 3205 3181
f 3181 3205 3206
f 3181 3206 3182
f 3182 3206 3207
f 3182 3207 3183
f 3183 3207 3208
f 3183 3208 3184
f 3184 3208 3209
f 3184 3209 3185
f 3185 3209 3210
f 3185 3210 3186
f 3186 3210 3211
f 3186 3211 3187
f 3187 3211 3212
f 3187 3212 3188
f 3188 3212 3213
f 3188 3213 3189
f 3189 3213 3214
f 3189 3214 3190
f 3190 3214 3215
f 3190 3215 3191
f 3191 3215 3216
f 3191 3216 3192
f 3192 3216 3193
f 3192 3193 3169
f 3193 3217 3218
f 3193 3218 3194
f 3194 3218 3219
f 3194 3219 3195
f 3195 3219 3220
f 3195 3220 3196
f 3196 3220 3221
f 3196 3221 3197
f 3197 3221 3222
f 3197 3222 3198
f 3198 3222 3223
f 3198 3223 3199
f 3199 3223 3224
f 3199 3224 3200
f 3200 3224 3225
f 3200 3225 3201
f 3201 3225 3226
f 3201 3226 3202
f 3202 3226 3227
f 3202 3227 3203
f 3203 3227 3228
f 3203 3228 3204
f 3204 3228 3229
f 3204 3229 3205
f 3205 3229 3230
f 3205 3230 3206
f 3206 3230 3231
f 3206 3231 3207
f 3207 3231 3232
f 3207 3232 3208
f 3208 3232 3233
f 3208 3233 3209
f 3209 3233 3234
f 3209 3234 3210
f 3210 3234 3235
f 3210 3235 3211
f 3211 3235 3236
f 3211 3236 3212
f 3212 3236 3237
f 3212 3237 3213
f 3213 3237 3238
f 3213 3238 3214
f 3214 3238 3239
f 3214 3239 3215
f 3215 3239 3240
f 3215 3240 3216
f 3216 3240 3217
f 3216 3217 3193
f 3217 3241 3242
f 3217 3242 3218
f 3218 3242 3243
f 3218 3243 3219
f 3219 3243 3244
f 3219 3244 3220
f 3220 3244 3245
f 3220 3245 3221
f 3221 3245 3246
f 3221 3246 3222
f 3222 3246 3247
f 3222 3247 3223
f 3223 3247 3248
f 3223 3248 3224
f 3224 3248 3249
f 3224 3249 3225
f 3225 3249 3250
f 3225 3250 3226
f 3226 3250 3251
f 3226 3251 3227
f 3227 3251 3252
f 3227 3252 3228
f 3228 3252 3253
f 3228 3253 3229
f 3229 3253 3254
f 3229 3254 3230
f 3230 3254 3255
f 3230 3255 3231
f 3231 3255 3256
f 3231 3256 3232
f 3232 3256 3257
f 3232 3257 3233
f 3233 3257 3258
f 3233 3258 3234
f 3234 3258 3259
f 3234 3259 3235
f 3235 3259 3260
f 3235 3260 3236
f 3236 3260 3261
f 3236 3261 3237
f 3237 3261 3262
f 3237 3262 3238
f 3238 3262 3263
f 3238 3263 3239
f 3239 3263 3264
f 3239 3264 3240
f 3240 3264 3241
f 3240 3241 3217
f 3241 3265 3266
f 3241 3266 3242
f 3242 3266 3267
f 3242 3267 3243
f 3243 3267 3268
f 3243 3268 3244
f 3244 3268 3269
f 3244 3269 3245
f 3245 3269 3270
f 3245 3270 3246
f 3246 3270 3271
f 3246 3271 3247
f 3247 3271 3272
f 3247 3272 3248
f 3248 3272 3273
f 3248 3273 3249
f 3249 3273 3274
f 3249 3274 3250
f 3250 3274 3275
f 3250 3275 3251
f 3251 3275 3276
f 3251 3276 3252
f 3252 3276 3277
f 3252 3277 3253
f 3253 3277 3278
f 3253 3278 3254
f 3254 3278 3279
f 3254 3279 3255
f 3255 3279 3280
f 3255 3280 3256
f 3256 3280 3281
f 3256 3281 3257
f 3257 3281 3282
f 3257 3282 3258
f 3258 3282 3283
f 3258 3283 3259
f 3259 3283 3284
f 3259 3284 3260
f 3260 3284 3285
f 3260 3285 3261
f 3261 3285 3286
f 3261 3286 3262
f 3262 3286 3287
f 3262 3287 3263
f 3263 3287 3288
f 3263 3288 3264
f 3264 3288 3265
f 3264 3265 3241
usemtl bin_31
f 3265 3289 3290
f 3265 3290 3266
f 3266 3290 3291
f 3266 3291 3267
f 3267 3291 3292
f 3267 3292 3268
f 3268 3292 3293
f 3268 3293 3269
f 3269 3293 3294
f 3269 3294 3270
f 3270 3294 3295
f 3270 3295 3271
f 3271 3295 3296
f 3271 3296 3272
f 3272 3296 3297
f 3272 3297 3273
f 3273 3297 3298
f 3273 3298 3274
f 3274 3298 3299
f 3274 3299 3275
f 3275 3299 3300
f 3275 3300 3276
f 3276 3300 3301
f 3276 3301 3277
f 3277 3301 3302
f 3277 3302 3278
f 3278 3302 3303
f 3278 3303 3279
f 3279 3303 3304
f 3279 3304 3280
f 3280 3304 3305
f 3280 3305 3281
f 3281 3305 3306
f 3281 3306 3282
f 3282 3306 3307
f 3282 3307 3283
f 3283 3307 3308
f 3283 3308 3284
f 3284 3308 3309
f 3284 3309 3285
f 3285 3309 3310
f 3285 3310 3286
f 3286 3310 3311
f 3286 3311 3287
f 3287 3311 3312
f 3287 3312 3288
f 3288 3312 3289
f 3288 3289 3265
f 3289 3313 3314
f 3289 3314 3290
f 3290 3314 3315
f 3290 3315 3291
f 3291 3315 3316
f 3291 3316 3292
f 3292 3316 3317
f 3292 3317 3293
f 3293 3317 3318
f 3293 3318 3294
f 3294 3318 3319
f 3294 3319 3295
f 3295 3319 3320
f 3295 3320 3296
f 3296 3320 3321
f 3296 3321 3297
f 3297 3321 3322
f 3297 3322 3298
f 3298 3322 3323
f 3298 3323 3299
f 3299 3323 3324
f 3299 3324 3300
f 3300 3324 3325
f 3300 3325 3301
f 3301 3325 3326
f 3301 3326 3302
f 3302 3326 3327
f 3302 3327 3303
f 3303 3327 3328
f 3303 3328 3304
f 3304 3328 3329
f 3304 3329 3305
f 3305 3329 3330
f 3305 3330 3306
f 3306 3330 3331
f 3306 3331 3307
f 3307 3331 3332
f 3307 3332 3308
f 3308 3332 3333
f 3308 3333 3309
f 3309 3333 3334
f 3309 3334 3310
f 3310 3334 3335
f 3310 3335 3311
f 3311 3335 3336
f 3311 3336 3312
f 3312 3336 3313
f 3312 3313 3289
f 3313 3337 3338
f 3313 3338 3314
f 3314 3338 3339
f 3314 3339 3315
f 3315 3339 3340
f 3315 3340 3316
f 3316 3340 3341
f 3316 3341 3317
f 3317 3341 3342
f 3317 3342 3318
f 3318 3342 3343
f 3318 3343 3319
f 3319 3343 3344
f 3319 3344 3320
f 3320 3344 3345
f 3320 3345 3321
f 3321 3345 3346
f 3321 3346 3322
f 3322 3346 3347
f 3322 3347 3323
f 3323 3347 3348
f 3323 3348 3324
f 3324 3348 3349
f 3324 3349 3325
f 3325 3349 3350
f 3325 3350 3326
f 3326 3350 3351
f 3326 3351 3327
f 3327 3351 3352
f 3327 3352 3328
f 3328 3352 3353
f 3328 3353 3329
f 3329 3353 3354
f 3329 3354 3330
f 3330 3354 3355
f 3330 3355 3331
f 3331 3355 3356
f 3331 3356 3332
f 3332 3356 3357
f 3332 3357 3333
f 3333 3357 3358
f 3333 3358 3334
f 3334 3358 3359
f 3334 3359 3335
f 3335 3359 3360
f 3335 3360 3336
f 3336 3360 3337
f 3336 3337 3313
f 3337 3361 3362
f 3337 3362 3338
f 3338 3362 3363
f 3338 3363 3339
f 3339 3363 3364
f 3339 3364 3340
f 3340 3364 3365
f 3340 3365 3341
f 3341 3365 3366
f 3341 3366 3342
f 3342 3366 3367
f 3342 3367 3343
f 3343 3367 3368
f 3343 3368 3344
f 3344 3368 3369
f 3344 3369 3345
f 3345 3369 3370
f 3345 3370 3346
f 3346 3370 3371
f 3346 3371 3347
f 3347 3371 3372
f 3347 3372 3348
f 3348 3372 3373
f 3348 3373 3349
f 3349 3373 3374
f 3349 3374 3350
f 3350 3374 3375
f 3350 3375 3351
f 3351 3375 3376
f 3351 3376 3352
f 3352 3376 3377
f 3352 3377 3353
f 3353 3377 3378
f 3353 3378 3354
f 3354 3378 3379
f 3354 3379 3355
f 3355 3379 3380
f 3355 3380 3356
f 3356 3380 3381
f 3356 3381 3357
f 3357 3381 3382
f 3357 3382 3358
f 3358 3382 3383
f 3358 3383 3359
f 3359 3383 3384
f 3359 3384 3360
f 3360 3384 3361
f 3360 3361 3337
f 3361 3385 3386
f 3361 3386 3362
f 3362 3386 3387
f 3362 3387 3363
f 3363 3387 3388
f 3363 3388 3364
f 3364 3388 3389
f 3364 3389 3365
f 3365 3389 3390
f 3365 3390 3366
f 3366 3390 3391
f 3366 3391 3367
f 3367 3391 3392
f 3367 3392 3368
f 3368 3392 3393
f 3368 3393 3369
f 3369 3393 3394
f 3369 3394 3370
f 3370 3394 3395
f 3370 3395 3371
f 3371 3395 3396
f 3371 3396 3372
f 3372 3396 3397
f 3372 3397 3373
f 3373 3397 3398
f 3373 3398 3374
f 3374 3398 3399
f 3374 3399 3375
f 3375 3399 3400
f 3375 3400 3376
f 3376 3400 3401
f 3376 3401 3377
f 3377 3401 3402
f 3377 3402 3378
f 3378 3402 3403
f 3378 3403 3379
f 3379 3403 3404
f 3379 3404 3380
f 3380 3404 3405
f 3380 3405 3381
f 3381 3405 3406
f 3381 3406 3382
f 3382 3406 3407
f 3382 3407 3383
f 3383 3407 3408
f 3383 3408 3384
f 3384 3408 3385
f 3384 3385 3361
f 3385 3409 3410
f 3385 3410 3386
f 3386 3410 3411
f 3386 3411 3387
f 3387 3411 3412
f 3387 3412 3388
f 3388 3412 3413
f 3388 3413 3389
f 3389 3413 3414
f 3389 3414 3390
f 3390 3414 3415
f 3390 3415 3391
f 3391 3415 3416
f 3391 3416 3392
f 3392 3416 3417
f 3392 3417 3393
f 3393 3417 3418
f 3393 3418 3394
f 3394 3418 3419
f 3394 3419 3395
f 3395 3419 3420
f 3395 3420 3396
f 3396 3420 3421
f 3396 3421 3397
f 3397 3421 3422
f 3397 3422 3398
f 3398 3422 3423
f 3398 3423 3399
f 3399 3423 3424
f 3399 3424 3400
f 3400 3424 3425
f 3400 3425 3401
f 3401 3425 3426
f 3401 3426 3402
f 3402 3426 3427
f 3402 3427 3403
f 3403 3427 3428
f 3403 3428 3404
f 3404 3428 3429
f 3404 3429 3405
f 3405 3429 3430
f 3405 3430 3406
f 3406 3430 3431
f 3406 3431 3407
f 3407 3431 3432
f 3407 3432 3408
f 3408 3432 3409
f 3408 3409 3385
f 3409 3433 3434
f 3409 3434 3410
f 3410 3434 3435
f 3410 3435 3411
f 3411 3435 3436
f 3411 3436 3412
f 3412 3436 3437
f 3412 3437 3413
f 3413 3437 3438
f 3413 3438 3414
f 3414 3438 3439
f 3414 3439 3415
f 3415 3439 3440
f 3415 3440 3416
f 3416 3440 3441
f 3416 3441 3417
f 3417 3441 3442
f 3417 3442 3418
f 3418 3442 3443
f 3418 3443 3419
f 3419 3443 3444
f 3419 3444 3420
f 3420 3444 3445
f 3420 3445 3421
f 3421 3445 3446
f 3421 3446 3422
f 3422 3446 3447
f 3422 3447 3423
f 3423 3447 3448
f 3423 3448 3424
f 3424 3448 3449
f 3424 3449 3425
f 3425 3449 3450
f 3425 3450 3426
f 3426 3450 3451
f 3426 3451 3427
f 3427 3451 3452
f 3427 3452 3428
f 3428 3452 3453
f 3428 3453 3429
f 3429 3453 3454
f 3429 3454 3430
f 3430 3454 3455
f 3430 3455 3431
f 3431 3455 3456
f 3431 3456 3432
f 3432 3456 3433
f 3432 3433 3409
f 3433 3457 3458
f 3433 3458 3434
f 3434 3458 3459
f 3434 3459 3435
f 3435 3459 3460
f 3435 3460 3436
f 3436 3460 3461
f 3436 3461 3437
f 3437 3461 3462
f 3437 3462 3438
f 3438 3462 3463
f 3438 3463 3439
f 3439 3463 3464
f 3439 3464 3440
f 3440 3464 3465
f 3440 3465 3441
f 3441 3465 3466
f 3441 3466 3442
f 3442 3466 3467
f 3442 3467 3443
f 3443 3467 3468
f 3443 3468 3444
f 3444 3468 3469
f 3444 3469 3445
f 3445 3469 3470
f 3445 3470 3446
f 3446 3470 3471
f 3446 3471 3447
f 3447 3471 3472
f 3447 3472 3448
f 3448 3472 3473
f 3448 3473 3449
f 3449 3473 3474
f 3449 3474 3450
f 3450 3474 3475
f 3450 3475 3451
f 3451 3475 3476
f 3451 3476 3452
f 3452 3476 3477
f 3452 3477 3453
f 3453 3477 3478
f 3453 3478 3454
f 3454 3478 3479
f 3454 3479 3455
f 3455 3479 3480
f 3455 3480 3456
f 3456 3480 3457
f 3456 3457 3433
f 3457 3481 3482
f 3457 3482 3458
f 3458 3482 3483
f 3458 3483 3459
f 3459 3483 3484
f 3459 3484 3460
f 3460 3484 3485
f 3460 3485 3461
f 3461 3485 3486
f 3461 3486 3462
f 3462 3486 3487
f 3462 3487 3463
f 3463 3487 3488
f 3463 3488 3464
f 3464 3488 3489
f 3464 3489 3465
f 3465 3489 3490
f 3465 3490 3466
f 3466 3490 3491
f 3466 3491 3467
f 3467 3491 3492
f 3467 3492 3468
f 3468 3492 3493
f 3468 3493 3469
f 3469 3493 3494
f 3469 3494 3470
f 3470 3494 3495
f 3470 3495 3471
f 3471 3495 3496
f 3471 3496 3472
f 3472 3496 3497
f 3472 3497 3473
f 3473 3497 3498
f 3473 3498 3474
f 3474 3498 3499
f 3474 3499 3475
f 3475 3499 3500
f 3475 3500 3476
f 3476 3500 3501
f 3476 3501 3477
f 3477 3501 3502
f 3477 3502 3478
f 3478 3502 3503
f 3478 3503 3479
f 3479 3503 3504
f 3479 3504 3480
f 3480 3504 3481
f 3480 3481 3457
f 3481 3505 3506
f 3481 3506 3482
f 3482 3506 3507
f 3482 3507 3483
f 3483 3507 3508
f 3483 3508 3484
f 3484 3508 3509
f 3484 3509 3485
f 3485 3509 3510
f 3485 3510 3486
f 3486 3510 3511
f 3486 3511 3487
f 3487 3511 3512
f 3487 3512 3488
f 3488 3512 3513
f 3488 3513 3489
f 3489 3513 3514
f 3489 3514 3490
f 3490 3514 3515
f 3490 3515 3491
f 3491 3515 3516
f 3491 3516 3492
f 3492 3516 3517
f 3492 3517 3493
f 3493 3517 3518
f 3493 3518 3494
f 3494 3518 3519
f 3494 3519 3495
f 3495 3519 3520
f 3495 3520 3496
f 3496 3520 3521
f 3496 3521 3497
f 3497 3521 3522
f 3497 3522 3498
f 3498 3522 3523
f 3498 3523 3499
f 3499 3523 3524
f 3499 3524 3500
f 3500 3524 3525
f 3500 3525 3501
f 3501 3525 3526
f 3501 3526 3502
f 3502 3526 3527
f 3502 3527 3503
f 3503 3527 3528
f 3503 3528 3504
f 3504 3528 3505
f 3504 3505 3481
f 3505 3529 3530
f 3505 3530 3506
f 3506 3530 3531
f 3506 3531 3507
f 3507 3531 3532
f 3507 3532 3508
f 3508 3532 3533
f 3508 3533 3509
f 3509 3533 3534
f 3509 3534 3510
f 3510 3534 3535
f 3510 3535 3511
f 3511 3535 3536
f 3511 3536 3512
f 3512 3536 3537
f 3512 3537 3513
f 3513 3537 3538
f 3513 3538 3514
f 3514 3538 3539
f 3514 3539 3515
f 3515 3539 3540
f 3515 3540 3516
f 3516 3540 3541
f 3516 3541 3517
f 3517 3541 3542
f 3517 3542 3518
f 3518 3542 3543
f 3518 3543 3519
f 3519 3543 3544
f 3519 3544 3520
f 3520 3544 3545
f 3520 3545 3521
f 3521 3545 3546
f 3521 3546 3522
f 3522 3546 3547
f 3522 3547 3523
f 3523 3547 3548
f 3523 3548 3524
f 3524 3548 3549
f 3524 3549 3525
f 3525 3549 3550
f 3525 3550 3526
f 3526 3550 3551
f 3526 3551 3527
f 3527 3551 3552
f 3527 3552 3528
f 3528 3552 3529
f 3528 3529 3505
f 3529 3553 3554
f 3529 3554 3530
f 3530 3554 3555
f 3530 3555 3531
f 3531 3555 3556
f 3531 3556 3532
f 3532 3556 3557
f 3532 3557 3533
f 3533 3557 3558
f 3533 3558 3534
f 3534 3558 3559
f 3534 3559 3535
f 3535 3559 3560
f 3535 3560 3536
f 3536 3560 3561
f 3536 3561 3537
f 3537 3561 3562
f 3537 3562 3538
f 3538 3562 3563
f 3538 3563 3539
f 3539 3563 3564
f 3539 3564 3540
f 3540 3564 3565
f 3540 3565 3541
f 3541 3565 3566
f 3541 3566 3542
f 3542 3566 3567
f 3542 3567 3543
f 3543 3567 3568
f 3543 3568 3544
f 3544 3568 3569
f 3544 3569 3545
f 3545 3569 3570
f 3545 3570 3546
f 3546 3570 3571
f 3546 3571 3547
f 3547 3571 3572
f 3547 3572 3548
f 3548 3572 3573
f 3548 3573 3549
f 3549 3573 3574
f 3549 3574 3550
f 3550 3574 3575
f 3550 3575 3551
f 3551 3575 3576
f 3551 3576 3552
f 3552 3576 3553
f 3552 3553 3529
f 3553 3577 3578
f 3553 3578 3554
f 3554 3578 3579
f 3554 3579 3555
f 3555 3579 3580
f 3555 3580 3556
f 3556 3580 3581
f 3556 3581 3557
f 3557 3581 3582
f 3557 3582 3558
f 3558 3582 3583
f 3558 3583 3559
f 3559 3583 3584
f 3559 3584 3560
f 3560 3584 3585
f 3560 3585 3561
f 3561 3585 3586
f 3561 3586 3562
f 3562 3586 3587
f 3562 3587 3563
f 3563 3587 3588
f 3563 3588 3564
f 3564 3588 3589
f 3564 3589 3565
f 3565 3589 3590
f 3565 3590 3566
f 3566 3590 3591
f 3566 3591 3567
f 3567 3591 3592
f 3567 3592 3568
f 3568 3592 3593
f 3568 3593 3569
f 3569 3593 3594
f 3569 3594 3570
f 3570 3594 3595
f 3570 3595 3571
f 3571 3595 3596
f 3571 3596 3572
f 3572 3596 3597
f 3572 3597 3573
f 3573 3597 3598
f 3573 3598 3574
f 3574 3598 3599
f 3574 3599 3575
f 3575 3599 3600
f 3575 3600 3576
f 3576 3600 3577
f 3576 3577 3553
